Id,transaction_id,honest_split,factor,arm,deal,buyer_initial_quote_log10,terminal_quote_log10,action_count,seller_concession_ratio
125,TCV21_125_verification_gap_A0,telecom_v2_development,verification_gap,0,0,2.929418925714293,3.031408464251624,6,0.1705246913580247
125,TCV21_125_verification_gap_A1,telecom_v2_development,verification_gap,1,0,2.929418925714293,3.041392685158225,6,0.15123456790123457
125,TCV21_125_coverage_strength_A0,telecom_v2_development,coverage_strength,0,0,2.929418925714293,3.041392685158225,6,0.15123456790123457
125,TCV21_125_coverage_strength_A1,telecom_v2_development,coverage_strength,1,0,2.9818186071706636,3.0773679052841563,4,0.0779320987654321
192,TCV21_192_verification_gap_A0,telecom_v2_development,verification_gap,0,0,3.461798557525109,3.5563025007672873,4,0.06687402799377916
192,TCV21_192_verification_gap_A1,telecom_v2_development,verification_gap,1,0,3.461798557525109,3.5563025007672873,4,0.06687402799377916
192,TCV21_192_coverage_strength_A0,telecom_v2_development,coverage_strength,0,0,3.461798557525109,3.5563025007672873,4,0.06687402799377916
192,TCV21_192_coverage_strength_A1,telecom_v2_development,coverage_strength,1,0,3.461798557525109,3.5563025007672873,4,0.06687402799377916
192,TCV21_192_coverage_limitation_A0,telecom_v2_development,coverage_limitation,0,0,3.461798557525109,3.5563025007672873,4,0.06687402799377916
192,TCV21_192_coverage_limitation_A1,telecom_v2_development,coverage_limitation,1,0,3.461798557525109,3.568201724066995,4,0.04095386210471747
197,TCV21_197_verification_gap_A0,telecom_v2_development,verification_gap,0,0,3.824646414718352,3.845098040014257,4,0.1777281804299307
197,TCV21_197_verification_gap_A1,telecom_v2_development,verification_gap,1,0,3.824646414718352,3.8573324964312685,4,0.15423469987078586
197,TCV21_197_coverage_limitation_A0,telecom_v2_development,coverage_limitation,0,0,3.824646414718352,3.845098040014257,4,0.1777281804299307
197,TCV21_197_coverage_limitation_A1,telecom_v2_development,coverage_limitation,1,0,3.824646414718352,3.845098040014257,4,0.1777281804299307
197,TCV21_197_governance_risk_A0,telecom_v2_development,governance_risk,0,0,3.824646414718352,3.845098040014257,4,0.1777281804299307
197,TCV21_197_governance_risk_A1,telecom_v2_development,governance_risk,1,0,3.824646414718352,3.845098040014257,4,0.1777281804299307
221,TCV21_221_verification_gap_A0,telecom_v2_development,verification_gap,0,0,4.5916432806389675,4.707570176097937,4,0.060375481327265695
221,TCV21_221_verification_gap_A1,telecom_v2_development,verification_gap,1,0,4.5916432806389675,4.698970004336019,4,0.07879949149731931
221,TCV21_221_coverage_limitation_A0,telecom_v2_development,coverage_limitation,0,0,4.5916432806389675,4.707570176097937,4,0.060375481327265695
221,TCV21_221_coverage_limitation_A1,telecom_v2_development,coverage_limitation,1,0,4.5916432806389675,4.671033920344041,4,0.13619028317703633
239,TCV21_239_coverage_strength_A0,telecom_v2_development,coverage_strength,0,0,3.4471580313422194,3.531478917042255,6,0.20225246363209762
239,TCV21_239_coverage_strength_A1,telecom_v2_development,coverage_strength,1,0,3.481729196960016,3.57978359661681,4,0.10839981229469732
252,TCV21_252_coverage_strength_A0,telecom_v2_development,coverage_strength,0,0,3.4875625602563782,3.505149978319906,4,0.17843388960205392
252,TCV21_252_coverage_strength_A1,telecom_v2_development,coverage_strength,1,0,3.4875625602563782,3.4913616938342726,4,0.20410783055198972
256,TCV21_256_verification_gap_A0,telecom_v2_development,verification_gap,0,0,3.8793253007848074,4.021189299069938,4,0.09295093296475467
256,TCV21_256_verification_gap_A1,telecom_v2_development,verification_gap,1,0,3.845098040014257,3.9777236052888476,6,0.1793365583966828
256,TCV21_256_coverage_limitation_A0,telecom_v2_development,coverage_limitation,0,0,3.845098040014257,3.9731278535996988,8,0.18797512093987562
256,TCV21_256_coverage_limitation_A1,telecom_v2_development,coverage_limitation,1,0,3.845098040014257,3.9711830408561615,6,0.1916033172080166
256,TCV21_256_integration_burden_A0,telecom_v2_development,integration_burden,0,0,3.845098040014257,3.9777236052888476,6,0.1793365583966828
256,TCV21_256_integration_burden_A1,telecom_v2_development,integration_burden,1,0,3.845098040014257,3.9912260756924947,6,0.15342087076710437
333,TCV21_333_verification_gap_A0,telecom_v2_development,verification_gap,0,0,4.509336958017644,4.60219026013319,4,0.13043856217672883
333,TCV21_333_verification_gap_A1,telecom_v2_development,verification_gap,1,0,4.477121254719663,4.550008091556634,6,0.22888686052071108
378,TCV21_378_verification_gap_A0,telecom_v2_development,verification_gap,0,0,3.6532125137753435,3.8207923810882036,6,0.22248326089510162
378,TCV21_378_verification_gap_A1,telecom_v2_development,verification_gap,1,0,3.6532125137753435,3.8207923810882036,6,0.22248326089510162
378,TCV21_378_integration_burden_A0,telecom_v2_development,integration_burden,0,0,3.6532125137753435,3.8207923810882036,6,0.22248326089510162
378,TCV21_378_integration_burden_A1,telecom_v2_development,integration_burden,1,0,3.6989700043360187,3.845098040014257,6,0.1777281804299307
382,TCV21_382_coverage_strength_A0,telecom_v2_development,coverage_strength,0,0,3.380211241711606,3.4608978427565478,6,0.19386331938633194
382,TCV21_382_coverage_strength_A1,telecom_v2_development,coverage_strength,1,0,3.380211241711606,3.462397997898956,6,0.1910739191073919
411,TCV21_411_verification_gap_A0,telecom_v2_development,verification_gap,0,0,4.3979400086720375,4.58299461892388,6,0.1798706028535927
411,TCV21_411_verification_gap_A1,telecom_v2_development,verification_gap,1,0,4.3979400086720375,4.585460729508501,8,0.175200308496508
411,TCV21_411_coverage_strength_A0,telecom_v2_development,coverage_strength,0,0,4.3979400086720375,4.469542210771687,7,0.1798706028535927
411,TCV21_411_coverage_strength_A1,telecom_v2_development,coverage_strength,1,0,4.469542210771687,4.58299461892388,4,0.1798706028535927
431,TCV21_431_verification_gap_A0,telecom_v2_development,verification_gap,0,0,3.393399695293102,3.4149733479708178,4,0.21615917998191136
431,TCV21_431_verification_gap_A1,telecom_v2_development,verification_gap,1,0,3.380211241711606,3.4149733479708178,6,0.21615917998191136
431,TCV21_431_coverage_strength_A0,telecom_v2_development,coverage_strength,0,0,3.380211241711606,3.406540180433955,6,0.23123304190533614
431,TCV21_431_coverage_strength_A1,telecom_v2_development,coverage_strength,1,0,3.393399695293102,3.4149733479708178,4,0.21615917998191136
506,TCV21_506_verification_gap_A0,telecom_v2_development,verification_gap,0,0,3.03261876085072,3.0492180226701815,4,0.18128654970760233
506,TCV21_506_verification_gap_A1,telecom_v2_development,verification_gap,1,0,3.03261876085072,3.0492180226701815,4,0.18128654970760233
506,TCV21_506_coverage_strength_A0,telecom_v2_development,coverage_strength,0,0,3.0,3.041392685158225,6,0.195906432748538
506,TCV21_506_coverage_strength_A1,telecom_v2_development,coverage_strength,1,0,3.03261876085072,3.0492180226701815,4,0.18128654970760233
532,TCV21_532_verification_gap_A0,telecom_v2_development,verification_gap,0,0,3.361727836017593,3.4702634469650784,6,0.17629009762900977
532,TCV21_532_verification_gap_A1,telecom_v2_development,verification_gap,1,0,3.376211850282673,3.4702634469650784,4,0.17629009762900977
534,TCV21_534_verification_gap_A0,telecom_v2_development,verification_gap,0,0,2.937517892017347,3.113943352306837,4,0.052478134110787174
534,TCV21_534_verification_gap_A1,telecom_v2_development,verification_gap,1,0,2.937517892017347,3.090610707828407,4,0.10204081632653061
554,TCV21_554_verification_gap_A0,telecom_v2_development,verification_gap,0,0,3.446226401778163,3.462397997898956,4,0.1257160084413627
554,TCV21_554_verification_gap_A1,telecom_v2_development,verification_gap,1,0,3.4313637641589874,3.45484486000851,6,0.14078987036478746
554,TCV21_554_coverage_strength_A0,telecom_v2_development,coverage_strength,0,0,3.446226401778163,3.462397997898956,4,0.1257160084413627
554,TCV21_554_coverage_strength_A1,telecom_v2_development,coverage_strength,1,0,3.446226401778163,3.462397997898956,4,0.1257160084413627
568,TCV21_568_coverage_strength_A0,telecom_v2_development,coverage_strength,0,0,3.5293019977879805,3.607025878434786,4,0.021286889211417512
568,TCV21_568_coverage_strength_A1,telecom_v2_development,coverage_strength,1,0,3.5293019977879805,3.607025878434786,4,0.021286889211417512
583,TCV21_583_verification_gap_A0,telecom_v2_development,verification_gap,0,0,3.966376423088923,3.9912260756924947,4,0.15342087076710437
583,TCV21_583_verification_gap_A1,telecom_v2_development,verification_gap,1,0,3.9542425094393248,3.9777236052888476,6,0.1793365583966828
583,TCV21_583_coverage_limitation_A0,telecom_v2_development,coverage_limitation,0,0,3.966376423088923,4.002856926061121,4,0.13044229440221147
583,TCV21_583_coverage_limitation_A1,telecom_v2_development,coverage_limitation,1,0,3.9542425094393248,3.9684829485539352,6,0.19661368348306843
583,TCV21_583_integration_burden_A0,telecom_v2_development,integration_burden,0,1,3.9542425094393248,3.966376423088923,6,0.20050103662750518
583,TCV21_583_integration_burden_A1,telecom_v2_development,integration_burden,1,1,3.9542425094393248,3.966376423088923,6,0.20050103662750518
607,TCV21_607_verification_gap_A0,telecom_v2_development,verification_gap,0,0,3.4313637641589874,3.5440680443502757,6,0.10141206675224647
607,TCV21_607_verification_gap_A1,telecom_v2_development,verification_gap,1,0,3.4371160930480786,3.568201724066995,4,0.05006418485237484
607,TCV21_607_coverage_strength_A0,telecom_v2_development,coverage_strength,0,0,3.4371160930480786,3.5563025007672873,4,0.07573812580231065
607,TCV21_607_coverage_strength_A1,telecom_v2_development,coverage_strength,1,0,3.4371160930480786,3.5563025007672873,4,0.07573812580231065
607,TCV21_607_integration_burden_A0,telecom_v2_development,integration_burden,0,0,3.4371160930480786,3.568201724066995,4,0.05006418485237484
607,TCV21_607_integration_burden_A1,telecom_v2_development,integration_burden,1,0,3.4313637641589874,3.5440680443502757,6,0.10141206675224647
659,TCV21_659_verification_gap_A0,telecom_v2_development,verification_gap,0,0,4.537201832576845,4.6127838567197355,4,0.1721687160538696
659,TCV21_659_verification_gap_A1,telecom_v2_development,verification_gap,1,0,4.537201832576845,4.662757831681574,4,0.07121368142629272
659,TCV21_659_coverage_strength_A0,telecom_v2_development,coverage_strength,0,0,4.537201832576845,4.662757831681574,4,0.07121368142629272
659,TCV21_659_coverage_strength_A1,telecom_v2_development,coverage_strength,1,0,4.537201832576845,4.623249290397901,4,0.15197770912835423
756,TCV21_756_verification_gap_A0,telecom_v2_development,verification_gap,0,0,3.423245873936808,3.4471580313422194,4,0.15586373228821224
756,TCV21_756_verification_gap_A1,telecom_v2_development,verification_gap,1,1,3.3979400086720375,3.4149733479708178,4,0.21615917998191136
756,TCV21_756_coverage_strength_A0,telecom_v2_development,coverage_strength,0,0,3.423245873936808,3.4471580313422194,4,0.15586373228821224
756,TCV21_756_coverage_strength_A1,telecom_v2_development,coverage_strength,1,0,3.423245873936808,3.439332693830263,4,0.170937594211637
762,TCV21_762_verification_gap_A0,telecom_v2_development,verification_gap,0,0,3.9542425094393248,3.9977357765978985,6,0.14063579820317898
762,TCV21_762_verification_gap_A1,telecom_v2_development,verification_gap,1,0,3.9542425094393248,4.021189299069938,6,0.09295093296475467
767,TCV21_767_verification_gap_A0,telecom_v2_development,verification_gap,0,1,3.9777236052888476,3.9995654882259823,5,0.1593032062610452
767,TCV21_767_verification_gap_A1,telecom_v2_development,verification_gap,1,1,3.9777236052888476,3.9995654882259823,9,0.1593032062610452
774,TCV21_774_verification_gap_A0,telecom_v2_development,verification_gap,0,0,3.0211892990699383,3.060697840353612,6,0.1618075801749271
774,TCV21_774_verification_gap_A1,telecom_v2_development,verification_gap,1,0,3.041392685158225,3.0791812460476247,4,0.12536443148688048
774,TCV21_774_governance_risk_A0,telecom_v2_development,governance_risk,0,0,3.0211892990699383,3.060697840353612,6,0.1618075801749271
774,TCV21_774_governance_risk_A1,telecom_v2_development,governance_risk,1,0,3.041392685158225,3.0791812460476247,4,0.12536443148688048
894,TCV21_894_coverage_strength_A0,telecom_v2_development,coverage_strength,0,0,3.4974825373673704,3.6014080605346837,4,0.020598332515939184
894,TCV21_894_coverage_strength_A1,telecom_v2_development,coverage_strength,1,0,3.4974825373673704,3.6014080605346837,4,0.020598332515939184
915,TCV21_915_verification_gap_A0,telecom_v2_development,verification_gap,0,0,3.4307198878632823,3.4913616938342726,4,0.2093853608773272
915,TCV21_915_verification_gap_A1,telecom_v2_development,verification_gap,1,0,3.4307198878632823,3.4913616938342726,4,0.2093853608773272
915,TCV21_915_coverage_strength_A0,telecom_v2_development,coverage_strength,0,0,3.4307198878632823,3.4581844355702627,4,0.267533792399898
915,TCV21_915_coverage_strength_A1,telecom_v2_development,coverage_strength,1,0,3.4307198878632823,3.4913616938342726,4,0.2093853608773272
915,TCV21_915_integration_burden_A0,telecom_v2_development,integration_burden,0,0,3.4149733479708178,3.462397997898956,6,0.2603927569497577
915,TCV21_915_integration_burden_A1,telecom_v2_development,integration_burden,1,0,3.4149733479708178,3.462397997898956,6,0.2603927569497577
917,TCV21_917_coverage_strength_A0,telecom_v2_development,coverage_strength,0,0,3.929418925714293,4.02938377768521,8,0.13800048336421494
917,TCV21_917_coverage_strength_A1,telecom_v2_development,coverage_strength,1,0,3.929418925714293,4.041392685158225,6,0.11383227261741723
978,TCV21_978_coverage_strength_A0,telecom_v2_development,coverage_strength,0,0,3.9030899869919438,3.981501488148247,6,0.19355381637633595
978,TCV21_978_coverage_strength_A1,telecom_v2_development,coverage_strength,1,0,3.9441864612836874,4.021189299069938,4,0.11638475132542288
1039,TCV21_1039_verification_gap_A0,telecom_v2_development,verification_gap,0,0,3.929418925714293,3.9912260756924947,6,0.17529243457039467
1039,TCV21_1039_verification_gap_A1,telecom_v2_development,verification_gap,1,0,3.929418925714293,3.9912260756924947,6,0.17529243457039467
1046,TCV21_1046_coverage_strength_A0,telecom_v2_development,coverage_strength,0,0,3.5561818466529114,3.57978359661681,4,0.08079342041606193
1046,TCV21_1046_coverage_strength_A1,telecom_v2_development,coverage_strength,1,0,3.5561818466529114,3.568201724066995,4,0.10498306724721819
1072,TCV21_1072_verification_gap_A0,telecom_v2_development,verification_gap,0,0,4.564760723032303,4.568201724066995,4,0.20733536141222847
1072,TCV21_1072_verification_gap_A1,telecom_v2_development,verification_gap,1,0,4.564760723032303,4.623249290397901,4,0.1002185183598269
1080,TCV21_1080_verification_gap_A0,telecom_v2_development,verification_gap,0,0,4.5910646070264995,4.600972895686748,6,0.13287260399008996
1080,TCV21_1080_verification_gap_A1,telecom_v2_development,verification_gap,1,1,4.5910646070264995,4.599773939146388,7,0.13526318077106966
1080,TCV21_1080_governance_risk_A0,telecom_v2_development,governance_risk,0,0,4.5910646070264995,4.600972895686748,6,0.13287260399008996
1080,TCV21_1080_governance_risk_A1,telecom_v2_development,governance_risk,1,0,4.5910646070264995,4.6127838567197355,6,0.10896683618029296
1093,TCV21_1093_verification_gap_A0,telecom_v2_development,verification_gap,0,0,3.5293019977879805,3.5563025007672873,4,0.12917271407837447
1093,TCV21_1093_verification_gap_A1,telecom_v2_development,verification_gap,1,0,3.5293019977879805,3.568201724066995,4,0.10498306724721819
1093,TCV21_1093_coverage_strength_A0,telecom_v2_development,coverage_strength,0,0,3.5293019977879805,3.5440680443502757,4,0.15336236090953073
1093,TCV21_1093_coverage_strength_A1,telecom_v2_development,coverage_strength,1,0,3.5293019977879805,3.5563025007672873,4,0.12917271407837447
1130,TCV21_1130_verification_gap_A0,telecom_v2_development,verification_gap,0,0,4.472288270339757,4.556302500767287,4,0.15254237288135594
1130,TCV21_1130_verification_gap_A1,telecom_v2_development,verification_gap,1,0,4.472288270339757,4.531644939077263,4,0.19931732580037664
1130,TCV21_1130_coverage_strength_A0,telecom_v2_development,coverage_strength,0,0,4.472288270339757,4.531644939077263,4,0.19931732580037664
1130,TCV21_1130_coverage_strength_A1,telecom_v2_development,coverage_strength,1,0,4.472288270339757,4.531644939077263,4,0.19931732580037664
1130,TCV21_1130_coverage_limitation_A0,telecom_v2_development,coverage_limitation,0,0,4.472288270339757,4.531644939077263,4,0.19931732580037664
1130,TCV21_1130_coverage_limitation_A1,telecom_v2_development,coverage_limitation,1,0,4.472288270339757,4.556302500767287,4,0.15254237288135594
1130,TCV21_1130_governance_risk_A0,telecom_v2_development,governance_risk,0,0,4.472288270339757,4.556302500767287,4,0.15254237288135594
1130,TCV21_1130_governance_risk_A1,telecom_v2_development,governance_risk,1,0,4.472288270339757,4.556302500767287,4,0.15254237288135594
1136,TCV21_1136_coverage_strength_A0,telecom_v2_development,coverage_strength,0,0,4.612232694614741,4.7160033436347994,4,0.04195147115721208
1136,TCV21_1136_coverage_strength_A1,telecom_v2_development,coverage_strength,1,0,4.612232694614741,4.7160033436347994,4,0.04195147115721208
1136,TCV21_1136_coverage_limitation_A0,telecom_v2_development,coverage_limitation,0,0,4.612232694614741,4.7160033436347994,4,0.04195147115721208
1136,TCV21_1136_coverage_limitation_A1,telecom_v2_development,coverage_limitation,1,0,4.57978359661681,4.700435444483797,6,0.07568583377858025
1136,TCV21_1136_integration_burden_A0,telecom_v2_development,integration_burden,0,0,4.612232694614741,4.7160033436347994,4,0.04195147115721208
1136,TCV21_1136_integration_burden_A1,telecom_v2_development,integration_burden,1,0,4.612232694614741,4.7160033436347994,4,0.04195147115721208
1136,TCV21_1136_governance_risk_A0,telecom_v2_development,governance_risk,0,0,4.612232694614741,4.7160033436347994,4,0.04195147115721208
1136,TCV21_1136_governance_risk_A1,telecom_v2_development,governance_risk,1,0,4.612232694614741,4.7160033436347994,4,0.04195147115721208
1149,TCV21_1149_integration_burden_A0,telecom_v2_development,integration_burden,0,0,3.8394151926838935,3.9822712330395684,4,0.046389192410847324
1149,TCV21_1149_integration_burden_A1,telecom_v2_development,integration_burden,1,0,3.8394151926838935,3.9822712330395684,4,0.046389192410847324
1153,TCV21_1153_verification_gap_A0,telecom_v2_development,verification_gap,0,0,3.4933186082321015,3.568201724066995,4,0.05006418485237484
1153,TCV21_1153_verification_gap_A1,telecom_v2_development,verification_gap,1,0,3.4933186082321015,3.5553363279952666,4,0.07779204107830552
1153,TCV21_1153_coverage_strength_A0,telecom_v2_development,coverage_strength,0,0,3.4933186082321015,3.568201724066995,4,0.05006418485237484
1153,TCV21_1153_coverage_strength_A1,telecom_v2_development,coverage_strength,1,0,3.4933186082321015,3.568201724066995,4,0.05006418485237484
1153,TCV21_1153_integration_burden_A0,telecom_v2_development,integration_burden,0,0,3.4933186082321015,3.5553363279952666,4,0.07779204107830552
1153,TCV21_1153_integration_burden_A1,telecom_v2_development,integration_burden,1,0,3.4933186082321015,3.568201724066995,4,0.05006418485237484
1158,TCV21_1158_verification_gap_A0,telecom_v2_development,verification_gap,0,0,4.561423405743846,4.6127838567197355,4,0.13865546218487396
1158,TCV21_1158_verification_gap_A1,telecom_v2_development,verification_gap,1,0,4.561423405743846,4.6127838567197355,4,0.13865546218487396
1219,TCV21_1219_verification_gap_A0,telecom_v2_development,verification_gap,0,0,3.49789674291322,3.5563025007672873,4,0.11721432074546347
1219,TCV21_1219_verification_gap_A1,telecom_v2_development,verification_gap,1,0,3.462397997898956,3.49789674291322,7,0.20279548798430602
1219,TCV21_1219_integration_burden_A0,telecom_v2_development,integration_burden,0,0,3.49789674291322,3.5563025007672873,4,0.11721432074546347
1219,TCV21_1219_integration_burden_A1,telecom_v2_development,integration_burden,1,0,3.49789674291322,3.5563025007672873,4,0.11721432074546347
1220,TCV21_1220_verification_gap_A0,telecom_v2_development,verification_gap,0,0,3.61857102812013,3.6720978579357175,4,0.12752923705216263
1220,TCV21_1220_verification_gap_A1,telecom_v2_development,verification_gap,1,1,3.591064607026499,3.6127838567197355,4,0.2389084833859291
1220,TCV21_1220_integration_burden_A0,telecom_v2_development,integration_burden,0,0,3.61857102812013,3.662757831681574,4,0.14609244477445701
1220,TCV21_1220_integration_burden_A1,telecom_v2_development,integration_burden,1,1,3.591064607026499,3.6094876898532853,10,0.24466307777984037
1239,TCV21_1239_verification_gap_A0,telecom_v2_development,verification_gap,0,0,3.9459115168192733,3.9877556167385233,4,0.2219910371318822
1239,TCV21_1239_verification_gap_A1,telecom_v2_development,verification_gap,1,0,3.9030899869919438,3.9459115168192733,7,0.2219910371318822
1239,TCV21_1239_integration_burden_A0,telecom_v2_development,integration_burden,0,0,3.929418925714293,3.9877556167385233,6,0.2219910371318822
1239,TCV21_1239_integration_burden_A1,telecom_v2_development,integration_burden,1,0,3.9030899869919438,3.9877556167385233,6,0.2219910371318822
1239,TCV21_1239_governance_risk_A0,telecom_v2_development,governance_risk,0,0,3.9030899869919438,4.0,6,0.1997439180537772
1239,TCV21_1239_governance_risk_A1,telecom_v2_development,governance_risk,1,0,3.9030899869919438,3.9877556167385233,8,0.2219910371318822
1255,TCV21_1255_verification_gap_A0,telecom_v2_development,verification_gap,0,0,4.529892124194544,4.672097857935717,4,0.051022674500777354
1255,TCV21_1255_verification_gap_A1,telecom_v2_development,verification_gap,1,0,4.529892124194544,4.662757831681574,4,0.07121368142629272
1256,TCV21_1256_verification_gap_A0,telecom_v2_development,verification_gap,0,0,4.530583859645118,4.643452676486188,4,0.057371781138866276
1256,TCV21_1256_verification_gap_A1,telecom_v2_development,verification_gap,1,0,4.530583859645118,4.643452676486188,4,0.057371781138866276
1278,TCV21_1278_integration_burden_A0,telecom_v2_development,integration_burden,0,0,3.9542425094393248,4.033423755486949,8,0.1357234314980794
1278,TCV21_1278_integration_burden_A1,telecom_v2_development,integration_burden,1,0,3.9542425094393248,4.041392685158225,6,0.11971830985915492
1278,TCV21_1278_governance_risk_A0,telecom_v2_development,governance_risk,0,0,3.9542425094393248,4.031408464251625,8,0.1397247119078105
1278,TCV21_1278_governance_risk_A1,telecom_v2_development,governance_risk,1,0,3.9542425094393248,3.9841671271469883,9,0.14300576184379002
1289,TCV21_1289_verification_gap_A0,telecom_v2_development,verification_gap,0,0,3.4471580313422194,3.531478917042255,6,0.177552007740687
1289,TCV21_1289_verification_gap_A1,telecom_v2_development,verification_gap,1,0,3.4471580313422194,3.531478917042255,6,0.177552007740687
1289,TCV21_1289_coverage_strength_A0,telecom_v2_development,coverage_strength,0,0,3.4523998459114416,3.5563025007672873,4,0.12917271407837447
1289,TCV21_1289_coverage_strength_A1,telecom_v2_development,coverage_strength,1,0,3.4471580313422194,3.531478917042255,6,0.177552007740687
1300,TCV21_1300_verification_gap_A0,telecom_v2_development,verification_gap,0,0,4.5156486937076314,4.6127838567197355,4,0.03483992467043315
1300,TCV21_1300_verification_gap_A1,telecom_v2_development,verification_gap,1,0,4.5156486937076314,4.6127838567197355,4,0.03483992467043315
1300,TCV21_1300_coverage_limitation_A0,telecom_v2_development,coverage_limitation,0,0,4.5156486937076314,4.6127838567197355,4,0.03483992467043315
1300,TCV21_1300_coverage_limitation_A1,telecom_v2_development,coverage_limitation,1,0,4.5156486937076314,4.6127838567197355,4,0.03483992467043315
1300,TCV21_1300_integration_burden_A0,telecom_v2_development,integration_burden,0,0,4.5156486937076314,4.6127838567197355,4,0.03483992467043315
1300,TCV21_1300_integration_burden_A1,telecom_v2_development,integration_burden,1,0,4.5156486937076314,4.6127838567197355,4,0.03483992467043315
1318,TCV21_1318_verification_gap_A0,telecom_v2_development,verification_gap,0,0,4.556411060818322,4.633468455579586,4,0.0787951497493466
1318,TCV21_1318_verification_gap_A1,telecom_v2_development,verification_gap,1,0,4.556411060818322,4.623249290397901,4,0.1002185183598269
1318,TCV21_1318_coverage_limitation_A0,telecom_v2_development,coverage_limitation,0,0,4.556411060818322,4.623249290397901,4,0.1002185183598269
1318,TCV21_1318_coverage_limitation_A1,telecom_v2_development,coverage_limitation,1,0,4.556411060818322,4.633468455579586,4,0.0787951497493466
1318,TCV21_1318_governance_risk_A0,telecom_v2_development,governance_risk,0,0,4.556411060818322,4.623249290397901,4,0.1002185183598269
1318,TCV21_1318_governance_risk_A1,telecom_v2_development,governance_risk,1,0,4.556411060818322,4.623249290397901,4,0.1002185183598269
1380,TCV21_1380_coverage_limitation_A0,telecom_v2_development,coverage_limitation,0,0,3.462397997898956,3.543819805142658,6,0.10788064269319052
1380,TCV21_1380_coverage_limitation_A1,telecom_v2_development,coverage_limitation,1,0,3.462397997898956,3.543819805142658,6,0.10788064269319052
1380,TCV21_1380_integration_burden_A0,telecom_v2_development,integration_burden,0,0,3.462397997898956,3.543819805142658,6,0.10788064269319052
1380,TCV21_1380_integration_burden_A1,telecom_v2_development,integration_burden,1,0,3.462397997898956,3.5563025007672873,6,0.08186687069625095
1391,TCV21_1391_verification_gap_A0,telecom_v2_development,verification_gap,0,0,3.474798818800631,3.6032526619816467,4,0.05889253871421868
1391,TCV21_1391_verification_gap_A1,telecom_v2_development,verification_gap,1,0,3.474798818800631,3.6032526619816467,4,0.05889253871421868
1401,TCV21_1401_verification_gap_A0,telecom_v2_development,verification_gap,0,0,3.5487578285737045,3.591064607026499,4,0.08493664946034725
1401,TCV21_1401_verification_gap_A1,telecom_v2_development,verification_gap,1,0,3.5487578285737045,3.5689054149828787,4,0.1304551853589864
1417,TCV21_1417_verification_gap_A0,telecom_v2_development,verification_gap,0,0,3.9030899869919438,4.002166061756507,8,0.15425397626861903
1417,TCV21_1417_verification_gap_A1,telecom_v2_development,verification_gap,1,0,3.9030899869919438,4.002166061756507,8,0.15425397626861903
1417,TCV21_1417_integration_burden_A0,telecom_v2_development,integration_burden,0,0,3.9030899869919438,4.021189299069938,6,0.11638475132542288
1417,TCV21_1417_integration_burden_A1,telecom_v2_development,integration_burden,1,0,3.9030899869919438,4.021189299069938,6,0.11638475132542288
1417,TCV21_1417_governance_risk_A0,telecom_v2_development,governance_risk,0,0,3.9030899869919438,4.002166061756507,8,0.15425397626861903
1417,TCV21_1417_governance_risk_A1,telecom_v2_development,governance_risk,1,0,3.9030899869919438,4.002166061756507,8,0.15425397626861903
1506,TCV21_1506_verification_gap_A0,telecom_v2_development,verification_gap,0,0,3.3316297176299323,3.4835872969688944,4,0.08200180886343081
1506,TCV21_1506_verification_gap_A1,telecom_v2_development,verification_gap,1,0,3.322219294733919,3.3316297176299323,5,0.08200180886343081
1506,TCV21_1506_coverage_strength_A0,telecom_v2_development,coverage_strength,0,0,3.3316297176299323,3.4913616938342726,4,0.06542056074766354
1506,TCV21_1506_coverage_strength_A1,telecom_v2_development,coverage_strength,1,0,3.3316297176299323,3.4913616938342726,4,0.06542056074766354
1560,TCV21_1560_verification_gap_A0,telecom_v2_development,verification_gap,0,0,3.9460098847657648,3.9777236052888476,4,0.21926364234056542
1560,TCV21_1560_verification_gap_A1,telecom_v2_development,verification_gap,1,0,3.929418925714293,3.9777236052888476,6,0.21926364234056542
1560,TCV21_1560_governance_risk_A0,telecom_v2_development,governance_risk,0,0,3.9460098847657648,3.9777236052888476,4,0.21926364234056542
1560,TCV21_1560_governance_risk_A1,telecom_v2_development,governance_risk,1,0,3.929418925714293,3.9777236052888476,6,0.21926364234056542
1607,TCV21_1607_verification_gap_A0,telecom_v2_development,verification_gap,0,0,3.9627480533586406,4.060697840353612,4,0.07355192137275438
1607,TCV21_1607_verification_gap_A1,telecom_v2_development,verification_gap,1,0,3.9627480533586406,4.077367905284157,4,0.0372996052525578
1607,TCV21_1607_governance_risk_A0,telecom_v2_development,governance_risk,0,0,3.9627480533586406,4.060697840353612,4,0.07355192137275438
1607,TCV21_1607_governance_risk_A1,telecom_v2_development,governance_risk,1,0,3.9627480533586406,4.077367905284157,4,0.0372996052525578
1622,TCV21_1622_verification_gap_A0,telecom_v2_development,verification_gap,0,0,3.9440876794154343,4.041392685158225,4,0.07430783472187158
1622,TCV21_1622_verification_gap_A1,telecom_v2_development,verification_gap,1,0,3.9440876794154343,3.996424103955091,4,0.16536228225195657
1633,TCV21_1633_verification_gap_A0,telecom_v2_development,verification_gap,0,0,3.462397997898956,3.5171958979499744,6,0.20416061925495887
1633,TCV21_1633_verification_gap_A1,telecom_v2_development,verification_gap,1,0,3.4471580313422194,3.5171958979499744,6,0.20416061925495887
1633,TCV21_1633_coverage_strength_A0,telecom_v2_development,coverage_strength,0,0,3.462397997898956,3.5161385767170743,6,0.20609579100145137
1633,TCV21_1633_coverage_strength_A1,telecom_v2_development,coverage_strength,1,0,3.462397997898956,3.5161385767170743,6,0.20609579100145137
1635,TCV21_1635_verification_gap_A0,telecom_v2_development,verification_gap,0,0,3.2506639194632436,3.278753600952829,4,0.08565928777670838
1635,TCV21_1635_verification_gap_A1,telecom_v2_development,verification_gap,1,0,3.2506639194632436,3.2671717284030137,4,0.109720885466795
1635,TCV21_1635_governance_risk_A0,telecom_v2_development,governance_risk,0,0,3.2506639194632436,3.278753600952829,4,0.08565928777670838
1635,TCV21_1635_governance_risk_A1,telecom_v2_development,governance_risk,1,0,3.2506639194632436,3.278753600952829,4,0.08565928777670838
1648,TCV21_1648_verification_gap_A0,telecom_v2_development,verification_gap,0,0,2.9542425094393248,3.0141003215196207,8,0.29918588873812757
1648,TCV21_1648_verification_gap_A1,telecom_v2_development,verification_gap,1,0,2.9542425094393248,3.0141003215196207,6,0.29918588873812757
1648,TCV21_1648_governance_risk_A0,telecom_v2_development,governance_risk,0,0,2.9542425094393248,3.0211892990699383,6,0.2876526458616011
1648,TCV21_1648_governance_risk_A1,telecom_v2_development,governance_risk,1,0,2.9542425094393248,3.0141003215196207,8,0.29918588873812757
1674,TCV21_1674_verification_gap_A0,telecom_v2_development,verification_gap,0,0,3.440594261839831,3.531478917042255,4,0.12708600770218229
1674,TCV21_1674_verification_gap_A1,telecom_v2_development,verification_gap,1,0,3.440594261839831,3.531478917042255,4,0.12708600770218229
1696,TCV21_1696_coverage_limitation_A0,telecom_v2_development,coverage_limitation,0,0,3.845098040014257,3.9777236052888476,6,0.20053858453252546
1696,TCV21_1696_coverage_limitation_A1,telecom_v2_development,coverage_limitation,1,0,3.8129133566428557,3.9777236052888476,6,0.20053858453252546
1698,TCV21_1698_coverage_strength_A0,telecom_v2_development,coverage_strength,0,0,3.4471580313422194,3.531478917042255,6,0.12708600770218229
1698,TCV21_1698_coverage_strength_A1,telecom_v2_development,coverage_strength,1,0,3.4471580313422194,3.531478917042255,6,0.12708600770218229
1701,TCV21_1701_verification_gap_A0,telecom_v2_development,verification_gap,0,0,3.475816413031318,3.569724949226159,4,0.053047691915327724
1701,TCV21_1701_verification_gap_A1,telecom_v2_development,verification_gap,1,0,3.4471580313422194,3.475816413031318,5,0.053047691915327724
1701,TCV21_1701_coverage_strength_A0,telecom_v2_development,coverage_strength,0,0,3.475816413031318,3.569724949226159,4,0.053047691915327724
1701,TCV21_1701_coverage_strength_A1,telecom_v2_development,coverage_strength,1,0,3.475816413031318,3.569724949226159,4,0.053047691915327724
1718,TCV21_1718_verification_gap_A0,telecom_v2_development,verification_gap,0,0,3.417471693203293,3.4913616938342726,4,0.25012094823415576
1718,TCV21_1718_verification_gap_A1,telecom_v2_development,verification_gap,1,0,3.380211241711606,3.417471693203293,5,0.2813255926463474
1718,TCV21_1718_coverage_limitation_A0,telecom_v2_development,coverage_limitation,0,0,3.417471693203293,3.472902651803664,4,0.2813255926463474
1718,TCV21_1718_coverage_limitation_A1,telecom_v2_development,coverage_limitation,1,0,3.380211241711606,3.472902651803664,6,0.2813255926463474
1751,TCV21_1751_verification_gap_A0,telecom_v2_development,verification_gap,0,0,3.4516329474569907,3.4913616938342726,4,0.1262683201803833
1751,TCV21_1751_verification_gap_A1,telecom_v2_development,verification_gap,1,0,3.4516329474569907,3.462397997898956,4,0.1826381059751973
1751,TCV21_1751_coverage_strength_A0,telecom_v2_development,coverage_strength,0,0,3.4516329474569907,3.531478917042255,4,0.04171364148816235
1751,TCV21_1751_coverage_strength_A1,telecom_v2_development,coverage_strength,1,0,3.4516329474569907,3.4913616938342726,4,0.1262683201803833
1759,TCV21_1759_verification_gap_A0,telecom_v2_development,verification_gap,0,0,3.5089335260500327,3.568201724066995,4,0.0563631726600357
1759,TCV21_1759_verification_gap_A1,telecom_v2_development,verification_gap,1,0,3.5089335260500327,3.568201724066995,4,0.0563631726600357
1759,TCV21_1759_coverage_strength_A0,telecom_v2_development,coverage_strength,0,0,3.5089335260500327,3.568201724066995,4,0.0563631726600357
1759,TCV21_1759_coverage_strength_A1,telecom_v2_development,coverage_strength,1,0,3.5089335260500327,3.568201724066995,4,0.0563631726600357
1761,TCV21_1761_verification_gap_A0,telecom_v2_development,verification_gap,0,0,4.5543437651307155,4.623249290397901,4,0.1002185183598269
1761,TCV21_1761_verification_gap_A1,telecom_v2_development,verification_gap,1,0,4.5543437651307155,4.633468455579586,4,0.0787951497493466
1761,TCV21_1761_coverage_limitation_A0,telecom_v2_development,coverage_limitation,0,0,4.5543437651307155,4.623249290397901,4,0.1002185183598269
1761,TCV21_1761_coverage_limitation_A1,telecom_v2_development,coverage_limitation,1,0,4.5543437651307155,4.623249290397901,4,0.1002185183598269
1769,TCV21_1769_coverage_limitation_A0,telecom_v2_development,coverage_limitation,0,0,3.4771212547196626,3.59802407233419,6,0.10783430886987844
1769,TCV21_1769_coverage_limitation_A1,telecom_v2_development,coverage_limitation,1,0,3.519827993775719,3.59802407233419,4,0.10783430886987844
1772,TCV21_1772_verification_gap_A0,telecom_v2_development,verification_gap,0,0,4.4878733659884515,4.556302500767287,4,0.15254237288135594
1772,TCV21_1772_verification_gap_A1,telecom_v2_development,verification_gap,1,0,4.4878733659884515,4.556302500767287,4,0.15254237288135594
1772,TCV21_1772_coverage_limitation_A0,telecom_v2_development,coverage_limitation,0,0,4.477121254719663,4.5502038850710935,6,0.16435969868173259
1772,TCV21_1772_coverage_limitation_A1,telecom_v2_development,coverage_limitation,1,0,4.4623979978989565,4.550228353055094,8,0.1643126177024482
1783,TCV21_1783_verification_gap_A0,telecom_v2_development,verification_gap,0,0,3.492620722043192,3.582290682718994,4,0.06277587052476705
1783,TCV21_1783_verification_gap_A1,telecom_v2_development,verification_gap,1,0,3.462397997898956,3.582290682718994,8,0.06277587052476705
1783,TCV21_1783_coverage_strength_A0,telecom_v2_development,coverage_strength,0,0,3.462397997898956,3.492620722043192,5,0.06277587052476705
1783,TCV21_1783_coverage_strength_A1,telecom_v2_development,coverage_strength,1,0,3.492620722043192,3.582290682718994,4,0.06277587052476705
1803,TCV21_1803_coverage_limitation_A0,telecom_v2_development,coverage_limitation,0,0,3.0576661039098294,3.1335389083702174,4,0.0773405698778833
1803,TCV21_1803_coverage_limitation_A1,telecom_v2_development,coverage_limitation,1,0,3.0576661039098294,3.130333768495006,4,0.08412483039348712
1813,TCV21_1813_verification_gap_A0,telecom_v2_development,verification_gap,0,0,2.8129133566428557,2.8573324964312685,6,0.11764705882352941
1813,TCV21_1813_verification_gap_A1,telecom_v2_development,verification_gap,1,0,2.8129133566428557,2.8512583487190755,6,0.12990196078431374
1813,TCV21_1813_coverage_strength_A0,telecom_v2_development,coverage_strength,0,0,2.8129133566428557,2.863322860120456,6,0.1053921568627451
1813,TCV21_1813_coverage_strength_A1,telecom_v2_development,coverage_strength,1,0,2.8129133566428557,2.8573324964312685,6,0.11764705882352941
1838,TCV21_1838_verification_gap_A0,telecom_v2_development,verification_gap,0,0,3.88371820196396,4.021189299069938,4,0.09295093296475467
1838,TCV21_1838_verification_gap_A1,telecom_v2_development,verification_gap,1,0,3.88371820196396,4.021189299069938,4,0.09295093296475467
1838,TCV21_1838_governance_risk_A0,telecom_v2_development,governance_risk,0,0,3.88371820196396,4.002856926061121,4,0.13044229440221147
1838,TCV21_1838_governance_risk_A1,telecom_v2_development,governance_risk,1,0,3.845098040014257,3.9777236052888476,6,0.1793365583966828
1864,TCV21_1864_coverage_strength_A0,telecom_v2_development,coverage_strength,0,0,3.446537167073644,3.4913616938342726,4,0.13721124408572224
1864,TCV21_1864_coverage_strength_A1,telecom_v2_development,coverage_strength,1,0,3.446537167073644,3.462397997898956,4,0.1928750347898692
1867,TCV21_1867_verification_gap_A0,telecom_v2_development,verification_gap,0,0,3.482730700079943,3.568201724066995,4,0.0563631726600357
1867,TCV21_1867_verification_gap_A1,telecom_v2_development,verification_gap,1,0,3.4471580313422194,3.5566642621225686,6,0.0811017597551645
1867,TCV21_1867_coverage_strength_A0,telecom_v2_development,coverage_strength,0,0,3.4471580313422194,3.482730700079943,5,0.0811017597551645
1867,TCV21_1867_coverage_strength_A1,telecom_v2_development,coverage_strength,1,0,3.482730700079943,3.568201724066995,4,0.0563631726600357
1882,TCV21_1882_coverage_strength_A0,telecom_v2_development,coverage_strength,0,0,3.3979400086720375,3.5185139398778875,6,0.2257156264664477
1882,TCV21_1882_coverage_strength_A1,telecom_v2_development,coverage_strength,1,0,3.4551495211798278,3.531478917042255,4,0.20225246363209762
1889,TCV21_1889_coverage_limitation_A0,telecom_v2_development,coverage_limitation,0,0,3.6532125137753435,3.753199914199416,5,0.11323857629507812
1889,TCV21_1889_coverage_limitation_A1,telecom_v2_development,coverage_limitation,1,0,3.753199914199416,3.9030899869919438,4,0.06026077763420651
1889,TCV21_1889_governance_risk_A0,telecom_v2_development,governance_risk,0,0,3.6232492903979003,3.877889425371484,6,0.11323857629507812
1889,TCV21_1889_governance_risk_A1,telecom_v2_development,governance_risk,1,0,3.753199914199416,3.8920946026904804,4,0.08375425819335135
1925,TCV21_1925_verification_gap_A0,telecom_v2_development,verification_gap,0,0,3.9542425094393248,3.9777236052888476,5,0.029689500640204865
1925,TCV21_1925_verification_gap_A1,telecom_v2_development,verification_gap,1,0,3.981637424655769,4.083681747274301,4,0.029689500640204865
1925,TCV21_1925_coverage_limitation_A0,telecom_v2_development,coverage_limitation,0,0,3.981637424655769,4.083681747274301,4,0.029689500640204865
1925,TCV21_1925_coverage_limitation_A1,telecom_v2_development,coverage_limitation,1,0,3.981637424655769,4.083681747274301,4,0.029689500640204865
1979,TCV21_1979_coverage_strength_A0,telecom_v2_development,coverage_strength,0,0,3.5075860397630105,3.591064607026499,4,0.05660377358490566
1979,TCV21_1979_coverage_strength_A1,telecom_v2_development,coverage_strength,1,0,3.5075860397630105,3.591064607026499,4,0.05660377358490566
1996,TCV21_1996_coverage_strength_A0,telecom_v2_development,coverage_strength,0,0,3.5287881917748964,3.591064607026499,4,0.04364884747425209
1996,TCV21_1996_coverage_strength_A1,telecom_v2_development,coverage_strength,1,0,3.5287881917748964,3.5854607295085006,4,0.05590975968612065
2004,TCV21_2004_coverage_limitation_A0,telecom_v2_development,coverage_limitation,0,0,3.5304558435846762,3.5563025007672873,4,0.07573812580231065
2004,TCV21_2004_coverage_limitation_A1,telecom_v2_development,coverage_limitation,1,0,3.5304558435846762,3.5440680443502757,4,0.10141206675224647
2013,TCV21_2013_verification_gap_A0,telecom_v2_development,verification_gap,0,0,3.53567380342575,3.5563025007672873,4,0.15532613796339748
2013,TCV21_2013_verification_gap_A1,telecom_v2_development,verification_gap,1,0,3.53567380342575,3.5563025007672873,4,0.15532613796339748
2013,TCV21_2013_coverage_strength_A0,telecom_v2_development,coverage_strength,0,0,3.53567380342575,3.5563025007672873,4,0.15532613796339748
2013,TCV21_2013_coverage_strength_A1,telecom_v2_development,coverage_strength,1,0,3.53567380342575,3.5563025007672873,4,0.15532613796339748
2075,TCV21_2075_verification_gap_A0,telecom_v2_development,verification_gap,0,0,4.56643749219507,4.568201724066995,4,0.22268907563025211
2075,TCV21_2075_verification_gap_A1,telecom_v2_development,verification_gap,1,1,4.531478917042255,4.546542663478131,7,0.2605042016806723
2095,TCV21_2095_verification_gap_A0,telecom_v2_development,verification_gap,0,0,4.558252441851555,4.623249290397901,4,0.08723431998956839
2095,TCV21_2095_verification_gap_A1,telecom_v2_development,verification_gap,1,0,4.556302500767287,4.6020599913279625,6,0.1306993523710175
2095,TCV21_2095_coverage_limitation_A0,telecom_v2_development,coverage_limitation,0,0,4.556302500767287,4.6020599913279625,6,0.1306993523710175
2095,TCV21_2095_coverage_limitation_A1,telecom_v2_development,coverage_limitation,1,0,4.556302500767287,4.5910646070264995,6,0.15243186856174207
2095,TCV21_2095_governance_risk_A0,telecom_v2_development,governance_risk,0,0,4.558252441851555,4.623249290397901,4,0.08723431998956839
2095,TCV21_2095_governance_risk_A1,telecom_v2_development,governance_risk,1,0,4.558252441851555,4.623249290397901,4,0.08723431998956839
2102,TCV21_2102_coverage_strength_A0,telecom_v2_development,coverage_strength,0,0,3.4899584794248346,3.591064607026499,4,0.05660377358490566
2102,TCV21_2102_coverage_strength_A1,telecom_v2_development,coverage_strength,1,0,3.4899584794248346,3.568201724066995,4,0.10498306724721819
2102,TCV21_2102_coverage_limitation_A0,telecom_v2_development,coverage_limitation,0,0,3.4899584794248346,3.57978359661681,4,0.08079342041606193
2102,TCV21_2102_coverage_limitation_A1,telecom_v2_development,coverage_limitation,1,0,3.4471580313422194,3.568201724066995,6,0.10498306724721819
2103,TCV21_2103_coverage_strength_A0,telecom_v2_development,coverage_strength,0,0,3.5221833176186865,3.557025722386383,4,0.1304557511454063
2103,TCV21_2103_coverage_strength_A1,telecom_v2_development,coverage_strength,1,0,3.5221833176186865,3.557025722386383,4,0.1304557511454063
2103,TCV21_2103_coverage_limitation_A0,telecom_v2_development,coverage_limitation,0,0,3.5221833176186865,3.5563025007672873,4,0.13190258017844225
2103,TCV21_2103_coverage_limitation_A1,telecom_v2_development,coverage_limitation,1,0,3.5221833176186865,3.5563025007672873,4,0.13190258017844225
2118,TCV21_2118_verification_gap_A0,telecom_v2_development,verification_gap,0,0,3.9951523768914536,4.060697840353612,4,0.07970550576184379
2118,TCV21_2118_verification_gap_A1,telecom_v2_development,verification_gap,1,0,3.9951523768914536,4.075546961392531,4,0.04769526248399488
2129,TCV21_2129_verification_gap_A0,telecom_v2_development,verification_gap,0,0,3.8076703012304836,3.8573324964312685,4,0.15423469987078586
2129,TCV21_2129_verification_gap_A1,telecom_v2_development,verification_gap,1,0,3.8076703012304836,3.8573324964312685,4,0.15423469987078586
2129,TCV21_2129_integration_burden_A0,telecom_v2_development,integration_burden,0,0,3.7781512503836434,3.8332746392905634,6,0.19981205215552683
2129,TCV21_2129_integration_burden_A1,telecom_v2_development,integration_burden,1,0,3.8076703012304836,3.845098040014257,4,0.1777281804299307
2164,TCV21_2164_integration_burden_A0,telecom_v2_development,integration_burden,0,0,2.929418925714293,2.9542425094393248,5,0.0728862973760933
2164,TCV21_2164_integration_burden_A1,telecom_v2_development,integration_burden,1,0,2.929418925714293,3.104487111312395,6,0.0728862973760933
2241,TCV21_2241_verification_gap_A0,telecom_v2_development,verification_gap,0,0,4.550986177622661,4.6674529528899535,4,0.023109243697478993
2241,TCV21_2241_verification_gap_A1,telecom_v2_development,verification_gap,1,0,4.550986177622661,4.660922368751094,4,0.0376890756302521
2275,TCV21_2275_verification_gap_A0,telecom_v2_development,verification_gap,0,0,2.9542425094393248,3.0253058652647704,6,0.16732128829536527
2275,TCV21_2275_verification_gap_A1,telecom_v2_development,verification_gap,1,0,2.9542425094393248,3.041392685158225,6,0.1358994501178319
2276,TCV21_2276_verification_gap_A0,telecom_v2_development,verification_gap,0,0,3.3979400086720375,3.505014240084107,6,0.09836527621195039
2276,TCV21_2276_verification_gap_A1,telecom_v2_development,verification_gap,1,0,3.3979400086720375,3.505149978319906,6,0.09808342728297632
2276,TCV21_2276_coverage_limitation_A0,telecom_v2_development,coverage_limitation,0,0,3.3979400086720375,3.505014240084107,6,0.09836527621195039
2276,TCV21_2276_coverage_limitation_A1,telecom_v2_development,coverage_limitation,1,0,3.4340896384178907,3.531478917042255,4,0.04171364148816235
2276,TCV21_2276_governance_risk_A0,telecom_v2_development,governance_risk,0,0,3.4340896384178907,3.505014240084107,4,0.09836527621195039
2276,TCV21_2276_governance_risk_A1,telecom_v2_development,governance_risk,1,0,3.3979400086720375,3.505149978319906,6,0.09808342728297632
2293,TCV21_2293_coverage_limitation_A0,telecom_v2_development,coverage_limitation,0,0,4.477121254719663,4.531478917042255,5,0.045599425170882696
2293,TCV21_2293_coverage_limitation_A1,telecom_v2_development,coverage_limitation,1,0,4.477121254719663,4.583833309955709,5,0.045599425170882696
2293,TCV21_2293_governance_risk_A0,telecom_v2_development,governance_risk,0,0,4.583833309955709,4.7160033436347994,4,0.04195147115721208
2293,TCV21_2293_governance_risk_A1,telecom_v2_development,governance_risk,1,0,4.544068044350276,4.57978359661681,5,0.045599425170882696
2302,TCV21_2302_verification_gap_A0,telecom_v2_development,verification_gap,0,0,3.322219294733919,3.3681008517093516,8,0.17787953504755197
2302,TCV21_2302_verification_gap_A1,telecom_v2_development,verification_gap,1,0,3.34908316877959,3.3872118003137306,4,0.14089468122578372
2302,TCV21_2302_coverage_strength_A0,telecom_v2_development,coverage_strength,0,0,3.322219294733919,3.380211241711606,6,0.15463191264529763
2302,TCV21_2302_coverage_strength_A1,telecom_v2_development,coverage_strength,1,0,3.322219294733919,3.34908316877959,7,0.17787953504755197
2302,TCV21_2302_governance_risk_A0,telecom_v2_development,governance_risk,0,0,3.34908316877959,3.386320573894046,4,0.14265586474110603
2302,TCV21_2302_governance_risk_A1,telecom_v2_development,governance_risk,1,0,3.322219294733919,3.34908316877959,7,0.17787953504755197
2312,TCV21_2312_coverage_strength_A0,telecom_v2_development,coverage_strength,0,0,3.4471580313422194,3.531478917042255,6,0.1662579695929377
2312,TCV21_2312_coverage_strength_A1,telecom_v2_development,coverage_strength,1,0,3.4471580313422194,3.519827993775719,6,0.18832761157430114
2312,TCV21_2312_integration_burden_A0,telecom_v2_development,integration_burden,0,0,3.4471580313422194,3.531478917042255,6,0.1662579695929377
2312,TCV21_2312_integration_burden_A1,telecom_v2_development,integration_burden,1,0,3.4572761860613257,3.568201724066995,4,0.09269249632172634
2319,TCV21_2319_verification_gap_A0,telecom_v2_development,verification_gap,0,0,3.462397997898956,3.5098742850047193,6,0.16148263348885433
2319,TCV21_2319_verification_gap_A1,telecom_v2_development,verification_gap,1,0,3.462397997898956,3.5185139398778875,6,0.14463452566096424
2319,TCV21_2319_governance_risk_A0,telecom_v2_development,governance_risk,0,0,3.462397997898956,3.5098742850047193,6,0.16148263348885433
2319,TCV21_2319_governance_risk_A1,telecom_v2_development,governance_risk,1,0,3.4471580313422194,3.5185139398778875,6,0.14463452566096424
2341,TCV21_2341_verification_gap_A0,telecom_v2_development,verification_gap,0,0,3.929418925714293,3.963787827345555,8,0.22578473449465622
2341,TCV21_2341_verification_gap_A1,telecom_v2_development,verification_gap,1,0,3.929418925714293,3.963787827345555,8,0.22578473449465622
2341,TCV21_2341_governance_risk_A0,telecom_v2_development,governance_risk,0,0,3.929418925714293,3.963787827345555,8,0.22578473449465622
2341,TCV21_2341_governance_risk_A1,telecom_v2_development,governance_risk,1,0,3.929418925714293,3.9777236052888476,6,0.20053858453252546
2364,TCV21_2364_verification_gap_A0,telecom_v2_development,verification_gap,0,0,3.36078268987328,3.4379090355394983,4,0.2274520856820744
2364,TCV21_2364_verification_gap_A1,telecom_v2_development,verification_gap,1,0,3.342422680822206,3.36078268987328,5,0.2274520856820744
2386,TCV21_2386_coverage_limitation_A0,telecom_v2_development,coverage_limitation,0,0,2.801403710017355,2.8920946026904804,4,0.04411764705882353
2386,TCV21_2386_coverage_limitation_A1,telecom_v2_development,coverage_limitation,1,0,2.801403710017355,2.8920946026904804,4,0.04411764705882353
2505,TCV21_2505_coverage_strength_A0,telecom_v2_development,coverage_strength,0,0,3.5991185650553628,3.6532125137753435,4,0.16465565249675143
2505,TCV21_2505_coverage_strength_A1,telecom_v2_development,coverage_strength,1,0,3.5991185650553628,3.6334684555795866,4,0.20178206794134027
2505,TCV21_2505_coverage_limitation_A0,telecom_v2_development,coverage_limitation,0,0,3.5991185650553628,3.6334684555795866,4,0.20178206794134027
2505,TCV21_2505_coverage_limitation_A1,telecom_v2_development,coverage_limitation,1,0,3.5440680443502757,3.6334684555795866,6,0.20178206794134027
2622,TCV21_2622_verification_gap_A0,telecom_v2_development,verification_gap,0,0,3.9279346817411795,3.9822712330395684,4,0.046389192410847324
2622,TCV21_2622_verification_gap_A1,telecom_v2_development,verification_gap,1,0,3.9279346817411795,3.9822712330395684,4,0.046389192410847324
2780,TCV21_2780_coverage_strength_A0,telecom_v2_development,coverage_strength,0,0,1.8692317197309762,1.9444826721501687,4,0.06382978723404255
2780,TCV21_2780_coverage_strength_A1,telecom_v2_development,coverage_strength,1,0,1.8692317197309762,1.9444826721501687,4,0.06382978723404255
2780,TCV21_2780_coverage_limitation_A0,telecom_v2_development,coverage_limitation,0,0,1.8692317197309762,1.9444826721501687,4,0.06382978723404255
2780,TCV21_2780_coverage_limitation_A1,telecom_v2_development,coverage_limitation,1,0,1.7781512503836436,1.8692317197309762,5,0.1276595744680851
2780,TCV21_2780_integration_burden_A0,telecom_v2_development,integration_burden,0,0,1.8692317197309762,1.9444826721501687,4,0.06382978723404255
2780,TCV21_2780_integration_burden_A1,telecom_v2_development,integration_burden,1,0,1.845098040014257,1.9138138523837167,6,0.1276595744680851
2782,TCV21_2782_verification_gap_A0,telecom_v2_development,verification_gap,0,0,2.250420002308894,2.342422680822206,4,0.13725490196078433
2782,TCV21_2782_verification_gap_A1,telecom_v2_development,verification_gap,1,0,2.250420002308894,2.342422680822206,4,0.13725490196078433
2782,TCV21_2782_integration_burden_A0,telecom_v2_development,integration_burden,0,0,2.250420002308894,2.322219294733919,4,0.17647058823529413
2782,TCV21_2782_integration_burden_A1,telecom_v2_development,integration_burden,1,0,2.250420002308894,2.322219294733919,4,0.17647058823529413
2783,TCV21_2783_verification_gap_A0,telecom_v2_development,verification_gap,0,0,2.3180633349627615,2.4149733479708178,4,0.057971014492753624
2783,TCV21_2783_verification_gap_A1,telecom_v2_development,verification_gap,1,0,2.3180633349627615,2.4149733479708178,4,0.057971014492753624
2784,TCV21_2784_verification_gap_A0,telecom_v2_development,verification_gap,0,0,2.387389826338729,2.4771212547196626,4,0.1891891891891892
2784,TCV21_2784_verification_gap_A1,telecom_v2_development,verification_gap,1,0,2.3010299956639813,2.4668676203541096,6,0.20810810810810812
2784,TCV21_2784_integration_burden_A0,telecom_v2_development,integration_burden,0,0,2.387389826338729,2.4771212547196626,4,0.1891891891891892
2784,TCV21_2784_integration_burden_A1,telecom_v2_development,integration_burden,1,0,2.3010299956639813,2.4771212547196626,6,0.1891891891891892
2785,TCV21_2785_verification_gap_A0,telecom_v2_development,verification_gap,0,0,1.8512583487190752,1.9344984512435677,4,0.054945054945054944
2785,TCV21_2785_verification_gap_A1,telecom_v2_development,verification_gap,1,0,1.8512583487190752,1.9344984512435677,4,0.054945054945054944
2797,TCV21_2797_verification_gap_A0,telecom_v2_development,verification_gap,0,0,1.3979400086720377,1.5440680443502757,6,0.10256410256410256
2797,TCV21_2797_verification_gap_A1,telecom_v2_development,verification_gap,1,0,1.3979400086720377,1.5440680443502757,6,0.10256410256410256
2802,TCV21_2802_verification_gap_A0,telecom_v2_development,verification_gap,0,0,0.7781512503836436,0.9030899869919435,5,0.08333333333333333
2802,TCV21_2802_verification_gap_A1,telecom_v2_development,verification_gap,1,0,0.8450980400142568,0.9030899869919435,5,0.08333333333333333
2802,TCV21_2802_coverage_strength_A0,telecom_v2_development,coverage_strength,0,0,0.9030899869919435,1.0413926851582251,4,0.08333333333333333
2802,TCV21_2802_coverage_strength_A1,telecom_v2_development,coverage_strength,1,0,0.9030899869919435,1.0413926851582251,4,0.08333333333333333
2808,TCV21_2808_verification_gap_A0,telecom_v2_development,verification_gap,0,0,2.8129133566428557,2.8573324964312685,6,0.1
2808,TCV21_2808_verification_gap_A1,telecom_v2_development,verification_gap,1,0,2.8129133566428557,2.838849090737255,6,0.1375
2808,TCV21_2808_coverage_strength_A0,telecom_v2_development,coverage_strength,0,0,2.8129133566428557,2.8573324964312685,6,0.1
2808,TCV21_2808_coverage_strength_A1,telecom_v2_development,coverage_strength,1,0,2.8129133566428557,2.838849090737255,6,0.1375
2810,TCV21_2810_coverage_limitation_A0,telecom_v2_development,coverage_limitation,0,0,3.505149978319906,3.5440680443502757,6,0.2120666366501576
2810,TCV21_2810_coverage_limitation_A1,telecom_v2_development,coverage_limitation,1,0,3.4913616938342726,3.5440680443502757,6,0.2120666366501576
2812,TCV21_2812_coverage_limitation_A0,telecom_v2_development,coverage_limitation,0,0,2.361727836017593,2.3979400086720375,4,0.09420289855072464
2812,TCV21_2812_coverage_limitation_A1,telecom_v2_development,coverage_limitation,1,0,2.361727836017593,2.3979400086720375,4,0.09420289855072464
2813,TCV21_2813_verification_gap_A0,telecom_v2_development,verification_gap,0,0,3.313234291694724,3.380211241711606,4,0.15463191264529763
2813,TCV21_2813_verification_gap_A1,telecom_v2_development,verification_gap,1,0,3.313234291694724,3.380211241711606,4,0.15463191264529763
2813,TCV21_2813_coverage_strength_A0,telecom_v2_development,coverage_strength,0,0,3.313234291694724,3.380211241711606,4,0.15463191264529763
2813,TCV21_2813_coverage_strength_A1,telecom_v2_development,coverage_strength,1,0,3.313234291694724,3.380211241711606,4,0.15463191264529763
2843,TCV21_2843_verification_gap_A0,telecom_v2_development,verification_gap,0,0,3.569958818096594,3.681241237375587,4,0.10896602932986821
2843,TCV21_2843_verification_gap_A1,telecom_v2_development,verification_gap,1,0,3.5440680443502757,3.662757831681574,6,0.14609244477445701
2843,TCV21_2843_coverage_limitation_A0,telecom_v2_development,coverage_limitation,0,0,3.569958818096594,3.653115993165567,4,0.16484128457397437
2843,TCV21_2843_coverage_limitation_A1,telecom_v2_development,coverage_limitation,1,0,3.5440680443502757,3.662757831681574,6,0.14609244477445701
2854,TCV21_2854_integration_burden_A0,telecom_v2_development,integration_burden,0,0,2.5289167002776547,2.6232492903979003,4,0.038901601830663615
2854,TCV21_2854_integration_burden_A1,telecom_v2_development,integration_burden,1,0,2.5289167002776547,2.6232492903979003,4,0.038901601830663615
2857,TCV21_2857_verification_gap_A0,telecom_v2_development,verification_gap,0,0,3.531478917042255,3.5563025007672873,5,0.027777777777777776
2857,TCV21_2857_verification_gap_A1,telecom_v2_development,verification_gap,1,0,3.5563025007672873,3.5582284218033258,5,0.027777777777777776
2857,TCV21_2857_governance_risk_A0,telecom_v2_development,governance_risk,0,0,3.5563025007672873,3.5582284218033258,5,0.027777777777777776
2857,TCV21_2857_governance_risk_A1,telecom_v2_development,governance_risk,1,0,3.5563025007672873,3.5582284218033258,5,0.027777777777777776
2923,TCV21_2923_verification_gap_A0,telecom_v2_development,verification_gap,0,0,2.842609239610562,2.9731278535996988,4,0.07662082514734773
2923,TCV21_2923_verification_gap_A1,telecom_v2_development,verification_gap,1,0,2.842609239610562,2.9542425094393248,4,0.11591355599214145
2976,TCV21_2976_coverage_limitation_A0,telecom_v2_development,coverage_limitation,0,0,1.7993405494535817,1.9030899869919435,4,0.12087912087912088
2976,TCV21_2976_coverage_limitation_A1,telecom_v2_development,coverage_limitation,1,0,1.7403626894942439,1.8920946026904804,6,0.14285714285714285
3163,TCV21_3163_coverage_limitation_A0,telecom_v2_development,coverage_limitation,0,0,1.7403626894942439,1.8920946026904804,8,0.14285714285714285
3163,TCV21_3163_coverage_limitation_A1,telecom_v2_development,coverage_limitation,1,0,1.7403626894942439,1.9030899869919435,6,0.12087912087912088
3163,TCV21_3163_integration_burden_A0,telecom_v2_development,integration_burden,0,0,1.7403626894942439,1.9030899869919435,6,0.12087912087912088
3163,TCV21_3163_integration_burden_A1,telecom_v2_development,integration_burden,1,0,1.7403626894942439,1.9030899869919435,6,0.12087912087912088
3164,TCV21_3164_integration_burden_A0,telecom_v2_development,integration_burden,0,0,2.303196057420489,2.361727836017593,4,0.09803921568627451
3164,TCV21_3164_integration_burden_A1,telecom_v2_development,integration_burden,1,0,2.303196057420489,2.361727836017593,4,0.09803921568627451
3165,TCV21_3165_coverage_limitation_A0,telecom_v2_development,coverage_limitation,0,0,2.0170333392987803,2.130333768495006,4,0.055944055944055944
3165,TCV21_3165_coverage_limitation_A1,telecom_v2_development,coverage_limitation,1,0,2.0170333392987803,2.130333768495006,4,0.055944055944055944
3169,TCV21_3169_coverage_limitation_A0,telecom_v2_development,coverage_limitation,0,0,2.278753600952829,2.3521825181113627,6,0.18478260869565216
3169,TCV21_3169_coverage_limitation_A1,telecom_v2_development,coverage_limitation,1,0,2.255272505103306,2.3404441148401185,6,0.20652173913043478
3170,TCV21_3170_coverage_limitation_A0,telecom_v2_development,coverage_limitation,0,0,2.404833716619938,2.462397997898956,4,0.09375
3170,TCV21_3170_coverage_limitation_A1,telecom_v2_development,coverage_limitation,1,0,2.404833716619938,2.423245873936808,4,0.171875
3171,TCV21_3171_coverage_limitation_A0,telecom_v2_development,coverage_limitation,0,0,2.255272505103306,2.3010299956639813,6,0.21568627450980393
3171,TCV21_3171_coverage_limitation_A1,telecom_v2_development,coverage_limitation,1,0,2.255272505103306,2.3010299956639813,6,0.21568627450980393
3172,TCV21_3172_coverage_limitation_A0,telecom_v2_development,coverage_limitation,0,0,2.3979400086720375,2.462397997898956,6,0.09375
3172,TCV21_3172_coverage_limitation_A1,telecom_v2_development,coverage_limitation,1,0,2.3979400086720375,2.462397997898956,6,0.09375
3173,TCV21_3173_coverage_limitation_A0,telecom_v2_development,coverage_limitation,0,0,2.303196057420489,2.322219294733919,4,0.17647058823529413
3173,TCV21_3173_coverage_limitation_A1,telecom_v2_development,coverage_limitation,1,0,2.278753600952829,2.322219294733919,6,0.17647058823529413
3173,TCV21_3173_integration_burden_A0,telecom_v2_development,integration_burden,0,0,2.303196057420489,2.322219294733919,4,0.17647058823529413
3173,TCV21_3173_integration_burden_A1,telecom_v2_development,integration_burden,1,0,2.303196057420489,2.342422680822206,4,0.13725490196078433
3174,TCV21_3174_coverage_limitation_A0,telecom_v2_development,coverage_limitation,0,0,2.230448921378274,2.380211241711606,4,0.058823529411764705
3174,TCV21_3174_coverage_limitation_A1,telecom_v2_development,coverage_limitation,1,0,2.1760912590556813,2.361727836017593,6,0.09803921568627451
3174,TCV21_3174_integration_burden_A0,telecom_v2_development,integration_burden,0,0,2.230448921378274,2.380211241711606,4,0.058823529411764705
3174,TCV21_3174_integration_burden_A1,telecom_v2_development,integration_burden,1,0,2.230448921378274,2.380211241711606,4,0.058823529411764705
3175,TCV21_3175_coverage_limitation_A0,telecom_v2_development,coverage_limitation,0,0,2.255272505103306,2.380211241711606,4,0.058823529411764705
3175,TCV21_3175_coverage_limitation_A1,telecom_v2_development,coverage_limitation,1,0,2.1760912590556813,2.342422680822206,6,0.13725490196078433
3175,TCV21_3175_integration_burden_A0,telecom_v2_development,integration_burden,0,0,2.255272505103306,2.380211241711606,4,0.058823529411764705
3175,TCV21_3175_integration_burden_A1,telecom_v2_development,integration_burden,1,0,2.1760912590556813,2.342422680822206,6,0.13725490196078433
3176,TCV21_3176_coverage_limitation_A0,telecom_v2_development,coverage_limitation,0,0,1.8195439355418688,1.9030899869919435,4,0.14893617021276595
3176,TCV21_3176_coverage_limitation_A1,telecom_v2_development,coverage_limitation,1,0,1.7403626894942439,1.8750612633917,6,0.20212765957446807
3176,TCV21_3176_integration_burden_A0,telecom_v2_development,integration_burden,0,0,1.8195439355418688,1.9030899869919435,4,0.14893617021276595
3176,TCV21_3176_integration_burden_A1,telecom_v2_development,integration_burden,1,0,1.7781512503836436,1.8750612633917,6,0.20212765957446807
3177,TCV21_3177_coverage_limitation_A0,telecom_v2_development,coverage_limitation,0,0,2.287801729930226,2.3891660843645326,4,0.0392156862745098
3177,TCV21_3177_coverage_limitation_A1,telecom_v2_development,coverage_limitation,1,0,2.255272505103306,2.3710678622717363,6,0.0784313725490196
3177,TCV21_3177_integration_burden_A0,telecom_v2_development,integration_burden,0,0,2.287801729930226,2.3891660843645326,4,0.0392156862745098
3177,TCV21_3177_integration_burden_A1,telecom_v2_development,integration_burden,1,0,2.255272505103306,2.3710678622717363,6,0.0784313725490196
3178,TCV21_3178_coverage_limitation_A0,telecom_v2_development,coverage_limitation,0,0,1.5314789170422551,1.5563025007672873,4,0.07692307692307693
3178,TCV21_3178_coverage_limitation_A1,telecom_v2_development,coverage_limitation,1,1,1.4771212547196624,1.505149978319906,4,0.1794871794871795
3178,TCV21_3178_integration_burden_A0,telecom_v2_development,integration_burden,0,1,1.4771212547196624,1.505149978319906,4,0.1794871794871795
3178,TCV21_3178_integration_burden_A1,telecom_v2_development,integration_burden,1,1,1.4771212547196624,1.5185139398778875,6,0.15384615384615385
3179,TCV21_3179_coverage_limitation_A0,telecom_v2_development,coverage_limitation,0,0,1.9030899869919435,2.1072099696478683,6,0.1048951048951049
3179,TCV21_3179_coverage_limitation_A1,telecom_v2_development,coverage_limitation,1,0,1.9030899869919435,2.100370545117563,6,0.11888111888111888
3179,TCV21_3179_integration_burden_A0,telecom_v2_development,integration_burden,0,0,1.9030899869919435,2.100370545117563,6,0.11888111888111888
3179,TCV21_3179_integration_burden_A1,telecom_v2_development,integration_burden,1,0,1.9030899869919435,2.100370545117563,6,0.11888111888111888
3180,TCV21_3180_coverage_limitation_A0,telecom_v2_development,coverage_limitation,0,0,1.9777236052888478,2.0718820073061255,6,0.17482517482517482
3180,TCV21_3180_coverage_limitation_A1,telecom_v2_development,coverage_limitation,1,0,1.9777236052888478,2.060697840353612,6,0.1958041958041958
3180,TCV21_3180_integration_burden_A0,telecom_v2_development,integration_burden,0,0,1.9777236052888478,2.060697840353612,6,0.1958041958041958
3180,TCV21_3180_integration_burden_A1,telecom_v2_development,integration_burden,1,0,1.9777236052888478,2.060697840353612,6,0.1958041958041958
3193,TCV21_3193_verification_gap_A0,telecom_v2_development,verification_gap,0,0,1.3979400086720377,1.5314789170422551,6,0.1282051282051282
3193,TCV21_3193_verification_gap_A1,telecom_v2_development,verification_gap,1,0,1.3979400086720377,1.5314789170422551,6,0.1282051282051282
3194,TCV21_3194_coverage_limitation_A0,telecom_v2_development,coverage_limitation,0,0,2.45484486000851,2.531478917042255,4,0.08108108108108109
3194,TCV21_3194_coverage_limitation_A1,telecom_v2_development,coverage_limitation,1,0,2.45484486000851,2.531478917042255,4,0.08108108108108109
3195,TCV21_3195_coverage_limitation_A0,telecom_v2_development,coverage_limitation,0,0,1.4771212547196624,1.5314789170422551,4,0.1282051282051282
3195,TCV21_3195_coverage_limitation_A1,telecom_v2_development,coverage_limitation,1,0,1.4771212547196624,1.5440680443502757,4,0.10256410256410256
3196,TCV21_3196_coverage_limitation_A0,telecom_v2_development,coverage_limitation,0,0,2.3944516808262164,2.531478917042255,4,0.08108108108108109
3196,TCV21_3196_coverage_limitation_A1,telecom_v2_development,coverage_limitation,1,0,2.3944516808262164,2.531478917042255,4,0.08108108108108109
3221,TCV21_3221_coverage_strength_A0,telecom_v2_development,coverage_strength,0,1,0.0,0.0,3,0.0
3221,TCV21_3221_coverage_strength_A1,telecom_v2_development,coverage_strength,1,1,0.0,0.0,3,0.0
3221,TCV21_3221_governance_risk_A0,telecom_v2_development,governance_risk,0,1,0.0,0.0,3,0.0
3221,TCV21_3221_governance_risk_A1,telecom_v2_development,governance_risk,1,1,0.0,0.0,3,0.0
3222,TCV21_3222_coverage_strength_A0,telecom_v2_development,coverage_strength,0,0,2.413299764081252,2.4471580313422194,4,0.08496732026143791
3222,TCV21_3222_coverage_strength_A1,telecom_v2_development,coverage_strength,1,0,2.413299764081252,2.45484486000851,4,0.06862745098039216
3223,TCV21_3223_verification_gap_A0,telecom_v2_development,verification_gap,0,0,2.374748346010104,2.3891660843645326,4,0.19934640522875818
3223,TCV21_3223_verification_gap_A1,telecom_v2_development,verification_gap,1,0,2.374748346010104,2.4471580313422194,4,0.08496732026143791
3223,TCV21_3223_coverage_limitation_A0,telecom_v2_development,coverage_limitation,0,0,2.374748346010104,2.3891660843645326,4,0.19934640522875818
3223,TCV21_3223_coverage_limitation_A1,telecom_v2_development,coverage_limitation,1,0,2.374748346010104,2.3891660843645326,4,0.19934640522875818
3224,TCV21_3224_coverage_strength_A0,telecom_v2_development,coverage_strength,0,0,2.429752280002408,2.531478917042255,4,0.11688311688311688
3224,TCV21_3224_coverage_strength_A1,telecom_v2_development,coverage_strength,1,0,2.429752280002408,2.505149978319906,4,0.16883116883116883
3224,TCV21_3224_governance_risk_A0,telecom_v2_development,governance_risk,0,0,2.429752280002408,2.531478917042255,4,0.11688311688311688
3224,TCV21_3224_governance_risk_A1,telecom_v2_development,governance_risk,1,0,2.3979400086720375,2.505149978319906,6,0.16883116883116883
3319,TCV21_3319_integration_burden_A0,telecom_v2_development,integration_burden,0,0,2.03342375548695,2.060697840353612,4,0.16058394160583941
3319,TCV21_3319_integration_burden_A1,telecom_v2_development,integration_burden,1,0,2.03342375548695,2.060697840353612,4,0.16058394160583941
3320,TCV21_3320_verification_gap_A0,telecom_v2_development,verification_gap,0,0,2.0492180226701815,2.161368002234975,4,0.1317365269461078
3320,TCV21_3320_verification_gap_A1,telecom_v2_development,verification_gap,1,0,1.9777236052888478,2.130333768495006,6,0.19161676646706588
3320,TCV21_3320_coverage_strength_A0,telecom_v2_development,coverage_strength,0,0,2.0,2.110589710299249,6,0.2275449101796407
3320,TCV21_3320_coverage_strength_A1,telecom_v2_development,coverage_strength,1,0,2.0,2.110589710299249,6,0.2275449101796407
3321,TCV21_3321_verification_gap_A0,telecom_v2_development,verification_gap,0,0,2.0644579892269186,2.1760912590556813,4,0.08536585365853659
3321,TCV21_3321_verification_gap_A1,telecom_v2_development,verification_gap,1,0,2.0644579892269186,2.1760912590556813,4,0.08536585365853659
3322,TCV21_3322_verification_gap_A0,telecom_v2_development,verification_gap,0,1,2.0791812460476247,2.113943352306837,4,0.17721518987341772
3322,TCV21_3322_verification_gap_A1,telecom_v2_development,verification_gap,1,0,2.113943352306837,2.146128035678238,6,0.11392405063291139
3322,TCV21_3322_coverage_strength_A0,telecom_v2_development,coverage_strength,0,1,2.0791812460476247,2.113943352306837,4,0.17721518987341772
3322,TCV21_3322_coverage_strength_A1,telecom_v2_development,coverage_strength,1,0,2.1335389083702174,2.161368002234975,4,0.08227848101265822
3354,TCV21_3354_coverage_limitation_A0,telecom_v2_development,coverage_limitation,0,0,1.8573324964312685,1.8692317197309762,4,0.16853932584269662
3354,TCV21_3354_coverage_limitation_A1,telecom_v2_development,coverage_limitation,1,0,1.7781512503836436,1.8260748027008264,7,0.23595505617977527
3355,TCV21_3355_verification_gap_A0,telecom_v2_development,verification_gap,0,0,1.7403626894942439,1.7781512503836436,6,0.22077922077922077
3355,TCV21_3355_verification_gap_A1,telecom_v2_development,verification_gap,1,0,1.7558748556724915,1.792391689498254,4,0.19480519480519481
3356,TCV21_3356_coverage_limitation_A0,telecom_v2_development,coverage_limitation,0,0,1.7403626894942439,1.8129133566428555,6,0.2696629213483146
3356,TCV21_3356_coverage_limitation_A1,telecom_v2_development,coverage_limitation,1,0,1.6532125137753437,1.7708520116421442,7,0.29213483146067415
3379,TCV21_3379_verification_gap_A0,telecom_v2_development,verification_gap,0,0,2.4099331233312946,2.484299839346786,4,0.07854984894259819
3379,TCV21_3379_verification_gap_A1,telecom_v2_development,verification_gap,1,0,2.380211241711606,2.462397997898956,6,0.12386706948640483
3379,TCV21_3379_coverage_limitation_A0,telecom_v2_development,coverage_limitation,0,0,2.4099331233312946,2.4771212547196626,4,0.09365558912386707
3379,TCV21_3379_coverage_limitation_A1,telecom_v2_development,coverage_limitation,1,0,2.4099331233312946,2.484299839346786,4,0.07854984894259819
3439,TCV21_3439_verification_gap_A0,telecom_v2_development,verification_gap,0,0,2.681241237375587,2.7481880270062002,6,0.14634146341463414
3439,TCV21_3439_verification_gap_A1,telecom_v2_development,verification_gap,1,0,2.6720978579357175,2.7481880270062002,6,0.14634146341463414
3439,TCV21_3439_coverage_limitation_A0,telecom_v2_development,coverage_limitation,0,0,2.681241237375587,2.7481880270062002,6,0.14634146341463414
3439,TCV21_3439_coverage_limitation_A1,telecom_v2_development,coverage_limitation,1,0,2.6532125137753435,2.681241237375587,5,0.19054878048780488
3439,TCV21_3439_integration_burden_A0,telecom_v2_development,integration_burden,0,0,2.681241237375587,2.7323937598229686,6,0.17682926829268292
3439,TCV21_3439_integration_burden_A1,telecom_v2_development,integration_burden,1,0,2.681241237375587,2.7323937598229686,6,0.17682926829268292
3440,TCV21_3440_verification_gap_A0,telecom_v2_development,verification_gap,0,0,2.6989700043360187,2.791690649020118,6,0.056402439024390245
3440,TCV21_3440_verification_gap_A1,telecom_v2_development,verification_gap,1,0,2.6989700043360187,2.791690649020118,6,0.056402439024390245
3440,TCV21_3440_coverage_limitation_A0,telecom_v2_development,coverage_limitation,0,0,2.6989700043360187,2.791690649020118,6,0.056402439024390245
3440,TCV21_3440_coverage_limitation_A1,telecom_v2_development,coverage_limitation,1,0,2.6989700043360187,2.791690649020118,6,0.056402439024390245
3440,TCV21_3440_integration_burden_A0,telecom_v2_development,integration_burden,0,0,2.6989700043360187,2.791690649020118,6,0.056402439024390245
3440,TCV21_3440_integration_burden_A1,telecom_v2_development,integration_burden,1,0,2.681241237375587,2.720159303405957,5,0.056402439024390245
3441,TCV21_3441_verification_gap_A0,telecom_v2_development,verification_gap,0,0,2.6580113966571126,2.7664128471123997,4,0.10975609756097561
3441,TCV21_3441_verification_gap_A1,telecom_v2_development,verification_gap,1,0,2.6580113966571126,2.7781512503836434,4,0.08536585365853659
3441,TCV21_3441_coverage_limitation_A0,telecom_v2_development,coverage_limitation,0,0,2.6580113966571126,2.7781512503836434,4,0.08536585365853659
3441,TCV21_3441_coverage_limitation_A1,telecom_v2_development,coverage_limitation,1,0,2.6580113966571126,2.7781512503836434,4,0.08536585365853659
3442,TCV21_3442_verification_gap_A0,telecom_v2_development,verification_gap,0,0,3.0038911662369103,3.0791812460476247,4,0.12280701754385964
3442,TCV21_3442_verification_gap_A1,telecom_v2_development,verification_gap,1,0,3.0038911662369103,3.060697840353612,4,0.15935672514619884
3442,TCV21_3442_integration_burden_A0,telecom_v2_development,integration_burden,0,0,3.0038911662369103,3.0969100130080562,4,0.08625730994152046
3442,TCV21_3442_integration_burden_A1,telecom_v2_development,integration_burden,1,0,3.0038911662369103,3.0791812460476247,4,0.12280701754385964
3443,TCV21_3443_verification_gap_A0,telecom_v2_development,verification_gap,0,0,2.255272505103306,2.342422680822206,6,0.1760299625468165
3443,TCV21_3443_verification_gap_A1,telecom_v2_development,verification_gap,1,0,2.255272505103306,2.3521825181113627,6,0.15730337078651685
3443,TCV21_3443_coverage_limitation_A0,telecom_v2_development,coverage_limitation,0,0,2.255272505103306,2.346352974450639,6,0.16853932584269662
3443,TCV21_3443_coverage_limitation_A1,telecom_v2_development,coverage_limitation,1,0,2.255272505103306,2.3521825181113627,6,0.15730337078651685
3444,TCV21_3444_verification_gap_A0,telecom_v2_development,verification_gap,0,0,2.6522463410033232,2.7634279935629373,4,0.11585365853658537
3444,TCV21_3444_verification_gap_A1,telecom_v2_development,verification_gap,1,0,2.6522463410033232,2.7708520116421442,4,0.10060975609756098
3444,TCV21_3444_coverage_limitation_A0,telecom_v2_development,coverage_limitation,0,0,2.6522463410033232,2.7634279935629373,4,0.11585365853658537
3444,TCV21_3444_coverage_limitation_A1,telecom_v2_development,coverage_limitation,1,0,2.6020599913279625,2.7323937598229686,6,0.17682926829268292
3444,TCV21_3444_integration_burden_A0,telecom_v2_development,integration_burden,0,0,2.6522463410033232,2.7634279935629373,4,0.11585365853658537
3444,TCV21_3444_integration_burden_A1,telecom_v2_development,integration_burden,1,0,2.6522463410033232,2.7634279935629373,4,0.11585365853658537
3445,TCV21_3445_verification_gap_A0,telecom_v2_development,verification_gap,0,0,3.0663259253620376,3.0791812460476247,4,0.12280701754385964
3445,TCV21_3445_verification_gap_A1,telecom_v2_development,verification_gap,1,0,3.0663259253620376,3.0791812460476247,4,0.12280701754385964
3445,TCV21_3445_integration_burden_A0,telecom_v2_development,integration_burden,0,1,3.041392685158225,3.060697840353612,4,0.15935672514619884
3445,TCV21_3445_integration_burden_A1,telecom_v2_development,integration_burden,1,1,3.041392685158225,3.060697840353612,4,0.15935672514619884
3446,TCV21_3446_verification_gap_A0,telecom_v2_development,verification_gap,0,0,2.155336037465062,2.1760912590556813,4,0.21465968586387435
3446,TCV21_3446_verification_gap_A1,telecom_v2_development,verification_gap,1,0,2.155336037465062,2.1760912590556813,4,0.21465968586387435
3446,TCV21_3446_coverage_limitation_A0,telecom_v2_development,coverage_limitation,0,0,2.155336037465062,2.1760912590556813,4,0.21465968586387435
3446,TCV21_3446_coverage_limitation_A1,telecom_v2_development,coverage_limitation,1,0,2.0791812460476247,2.1760912590556813,6,0.21465968586387435
3446,TCV21_3446_integration_burden_A0,telecom_v2_development,integration_burden,0,0,2.155336037465062,2.1760912590556813,4,0.21465968586387435
3446,TCV21_3446_integration_burden_A1,telecom_v2_development,integration_burden,1,0,2.155336037465062,2.1760912590556813,4,0.21465968586387435
3447,TCV21_3447_coverage_limitation_A0,telecom_v2_development,coverage_limitation,0,0,2.380211241711606,2.44870631990508,6,0.08169934640522876
3447,TCV21_3447_coverage_limitation_A1,telecom_v2_development,coverage_limitation,1,0,2.380211241711606,2.44870631990508,6,0.08169934640522876
3530,TCV21_3530_coverage_limitation_A0,telecom_v2_development,coverage_limitation,0,0,2.0791812460476247,2.146128035678238,6,0.10256410256410256
3530,TCV21_3530_coverage_limitation_A1,telecom_v2_development,coverage_limitation,1,0,2.0718820073061255,2.146128035678238,6,0.10256410256410256
3535,TCV21_3535_coverage_strength_A0,telecom_v2_development,coverage_strength,0,0,2.8976270912904414,2.9845273133437926,4,0.05206286836935167
3535,TCV21_3535_coverage_strength_A1,telecom_v2_development,coverage_strength,1,0,2.8976270912904414,2.9845273133437926,4,0.05206286836935167
3536,TCV21_3536_verification_gap_A0,telecom_v2_development,verification_gap,0,0,2.929418925714293,2.9444826721501687,6,0.13555992141453832
3536,TCV21_3536_verification_gap_A1,telecom_v2_development,verification_gap,1,0,2.929418925714293,2.9444826721501687,6,0.13555992141453832
3536,TCV21_3536_coverage_strength_A0,telecom_v2_development,coverage_strength,0,0,2.938519725176492,2.9542425094393248,4,0.11591355599214145
3536,TCV21_3536_coverage_strength_A1,telecom_v2_development,coverage_strength,1,0,2.938519725176492,2.9777236052888476,4,0.06679764243614932
3537,TCV21_3537_verification_gap_A0,telecom_v2_development,verification_gap,0,0,3.147985320683805,3.1760912590556813,4,0.11084765856550088
3537,TCV21_3537_verification_gap_A1,telecom_v2_development,verification_gap,1,0,3.147985320683805,3.161368002234975,4,0.14048606994665086
3537,TCV21_3537_coverage_limitation_A0,telecom_v2_development,coverage_limitation,0,0,3.147985320683805,3.161368002234975,4,0.14048606994665086
3537,TCV21_3537_coverage_limitation_A1,telecom_v2_development,coverage_limitation,1,0,3.147985320683805,3.1760912590556813,4,0.11084765856550088
3538,TCV21_3538_verification_gap_A0,telecom_v2_development,verification_gap,0,0,3.253580289562183,3.2805783703680764,4,0.13035551504102097
3538,TCV21_3538_verification_gap_A1,telecom_v2_development,verification_gap,1,0,3.253580289562183,3.2805783703680764,4,0.13035551504102097
3538,TCV21_3538_coverage_strength_A0,telecom_v2_development,coverage_strength,0,0,3.253580289562183,3.2805783703680764,4,0.13035551504102097
3538,TCV21_3538_coverage_strength_A1,telecom_v2_development,coverage_strength,1,0,3.253580289562183,3.2805783703680764,4,0.13035551504102097
3539,TCV21_3539_verification_gap_A0,telecom_v2_development,verification_gap,0,0,2.962369335670021,3.060697840353612,4,0.03361344537815126
3539,TCV21_3539_verification_gap_A1,telecom_v2_development,verification_gap,1,0,2.9542425094393248,3.0511525224473814,6,0.0546218487394958
3539,TCV21_3539_coverage_limitation_A0,telecom_v2_development,coverage_limitation,0,0,2.9542425094393248,3.0511525224473814,6,0.0546218487394958
3539,TCV21_3539_coverage_limitation_A1,telecom_v2_development,coverage_limitation,1,0,2.9542425094393248,3.0511525224473814,6,0.0546218487394958
3541,TCV21_3541_verification_gap_A0,telecom_v2_development,verification_gap,0,0,3.1408221801093106,3.161368002234975,4,0.167145318782309
3541,TCV21_3541_verification_gap_A1,telecom_v2_development,verification_gap,1,0,3.1408221801093106,3.1522883443830563,4,0.18437679494543366
3541,TCV21_3541_coverage_strength_A0,telecom_v2_development,coverage_strength,0,0,3.1408221801093106,3.2041199826559246,4,0.08098793796668581
3541,TCV21_3541_coverage_strength_A1,telecom_v2_development,coverage_strength,1,0,3.1408221801093106,3.161368002234975,4,0.167145318782309
3542,TCV21_3542_integration_burden_A0,telecom_v2_development,integration_burden,0,0,3.1078880251827985,3.1760912590556813,4,0.11084765856550088
3542,TCV21_3542_integration_burden_A1,telecom_v2_development,integration_burden,1,0,3.1078880251827985,3.161368002234975,4,0.14048606994665086
3548,TCV21_3548_verification_gap_A0,telecom_v2_development,verification_gap,0,0,2.88024177589548,2.9138138523837167,4,0.1350210970464135
3548,TCV21_3548_verification_gap_A1,telecom_v2_development,verification_gap,1,0,2.88024177589548,2.9138138523837167,4,0.1350210970464135
3598,TCV21_3598_coverage_strength_A0,telecom_v2_development,coverage_strength,0,1,0.0,0.0,3,0.0
3598,TCV21_3598_coverage_strength_A1,telecom_v2_development,coverage_strength,1,1,0.0,0.0,3,0.0
3615,TCV21_3615_coverage_strength_A0,telecom_v2_development,coverage_strength,0,0,2.4771212547196626,2.525044807036845,6,0.1475826972010178
3615,TCV21_3615_coverage_strength_A1,telecom_v2_development,coverage_strength,1,0,2.5224442335063197,2.5563025007672873,4,0.08396946564885496
3616,TCV21_3616_coverage_strength_A0,telecom_v2_development,coverage_strength,0,0,2.361727836017593,2.4771212547196626,4,0.05956112852664577
3616,TCV21_3616_coverage_strength_A1,telecom_v2_development,coverage_strength,1,0,2.361727836017593,2.462397997898956,4,0.09090909090909091
3617,TCV21_3617_verification_gap_A0,telecom_v2_development,verification_gap,0,0,2.380211241711606,2.4149733479708178,4,0.19003115264797507
3617,TCV21_3617_verification_gap_A1,telecom_v2_development,verification_gap,1,0,2.380211241711606,2.4471580313422194,4,0.1277258566978193
3617,TCV21_3617_coverage_strength_A0,telecom_v2_development,coverage_strength,0,0,2.380211241711606,2.4471580313422194,4,0.1277258566978193
3617,TCV21_3617_coverage_strength_A1,telecom_v2_development,coverage_strength,1,0,2.380211241711606,2.3979400086720375,4,0.22118380062305296
3618,TCV21_3618_verification_gap_A0,telecom_v2_development,verification_gap,0,0,2.48572142648158,2.5185139398778875,4,0.16030534351145037
3618,TCV21_3618_verification_gap_A1,telecom_v2_development,verification_gap,1,0,2.48572142648158,2.531478917042255,4,0.13486005089058525
3618,TCV21_3618_integration_burden_A0,telecom_v2_development,integration_burden,0,0,2.48572142648158,2.5185139398778875,4,0.16030534351145037
3618,TCV21_3618_integration_burden_A1,telecom_v2_development,integration_burden,1,0,2.48572142648158,2.5185139398778875,4,0.16030534351145037
3659,TCV21_3659_coverage_limitation_A0,telecom_v2_development,coverage_limitation,0,0,2.3979400086720375,2.45484486000851,6,0.15178571428571427
3659,TCV21_3659_coverage_limitation_A1,telecom_v2_development,coverage_limitation,1,0,2.3979400086720375,2.45484486000851,6,0.15178571428571427
3672,TCV21_3672_verification_gap_A0,telecom_v2_development,verification_gap,0,0,0.9030899869919435,1.0413926851582251,4,0.15384615384615385
3672,TCV21_3672_verification_gap_A1,telecom_v2_development,verification_gap,1,0,0.8450980400142568,1.0,6,0.23076923076923078
3673,TCV21_3673_coverage_strength_A0,telecom_v2_development,coverage_strength,0,0,2.1760912590556813,2.346352974450639,6,0.10483870967741936
3673,TCV21_3673_coverage_strength_A1,telecom_v2_development,coverage_strength,1,0,2.1760912590556813,2.346352974450639,6,0.10483870967741936
3676,TCV21_3676_verification_gap_A0,telecom_v2_development,verification_gap,0,0,1.5563025007672873,1.6232492903979006,4,0.045454545454545456
3676,TCV21_3676_verification_gap_A1,telecom_v2_development,verification_gap,1,0,1.5563025007672873,1.6232492903979006,4,0.045454545454545456
3692,TCV21_3692_verification_gap_A0,telecom_v2_development,verification_gap,0,0,1.146128035678238,1.2041199826559248,4,0.058823529411764705
3692,TCV21_3692_verification_gap_A1,telecom_v2_development,verification_gap,1,0,1.146128035678238,1.2041199826559248,4,0.058823529411764705
3723,TCV21_3723_verification_gap_A0,telecom_v2_development,verification_gap,0,0,2.0253058652647704,2.0791812460476247,4,0.2
3723,TCV21_3723_verification_gap_A1,telecom_v2_development,verification_gap,1,0,1.9777236052888478,2.0492180226701815,6,0.25333333333333335
3763,TCV21_3763_verification_gap_A0,telecom_v2_development,verification_gap,0,0,2.0791812460476247,2.2041199826559246,6,0.17098445595854922
3763,TCV21_3763_verification_gap_A1,telecom_v2_development,verification_gap,1,0,2.0791812460476247,2.1818435879447726,6,0.21243523316062177
3767,TCV21_3767_verification_gap_A0,telecom_v2_development,verification_gap,0,0,2.387389826338729,2.4913616938342726,4,0.0935672514619883
3767,TCV21_3767_verification_gap_A1,telecom_v2_development,verification_gap,1,0,2.387389826338729,2.505149978319906,4,0.06432748538011696
3775,TCV21_3775_integration_burden_A0,telecom_v2_development,integration_burden,0,0,2.0755469613925306,2.146128035678238,4,0.07894736842105263
3775,TCV21_3775_integration_burden_A1,telecom_v2_development,integration_burden,1,0,2.0755469613925306,2.146128035678238,4,0.07894736842105263
3781,TCV21_3781_verification_gap_A0,telecom_v2_development,verification_gap,0,1,2.387389826338729,2.387389826338729,3,0.2628398791540785
3781,TCV21_3781_verification_gap_A1,telecom_v2_development,verification_gap,1,1,2.387389826338729,2.387389826338729,4,0.2628398791540785
3784,TCV21_3784_coverage_limitation_A0,telecom_v2_development,coverage_limitation,0,0,2.816241299991783,2.9138138523837167,4,0.1350210970464135
3784,TCV21_3784_coverage_limitation_A1,telecom_v2_development,coverage_limitation,1,0,2.816241299991783,2.9138138523837167,4,0.1350210970464135
3791,TCV21_3791_verification_gap_A0,telecom_v2_development,verification_gap,0,0,2.9542425094393248,3.113943352306837,6,0.07209136331192005
3791,TCV21_3791_verification_gap_A1,telecom_v2_development,verification_gap,1,0,2.9542425094393248,3.110589710299249,6,0.07922912205567452
3806,TCV21_3806_coverage_limitation_A0,telecom_v2_development,coverage_limitation,0,0,2.5998830720736876,2.662757831681574,4,0.12547528517110265
3806,TCV21_3806_coverage_limitation_A1,telecom_v2_development,coverage_limitation,1,0,2.5998830720736876,2.6720978579357175,4,0.10646387832699619
3808,TCV21_3808_verification_gap_A0,telecom_v2_development,verification_gap,0,0,2.2648178230095364,2.3654879848909,4,0.06451612903225806
3808,TCV21_3808_verification_gap_A1,telecom_v2_development,verification_gap,1,0,2.2648178230095364,2.3654879848909,4,0.06451612903225806
3810,TCV21_3810_verification_gap_A0,telecom_v2_development,verification_gap,0,0,1.9030899869919435,2.041392685158225,6,0.20863309352517986
3810,TCV21_3810_verification_gap_A1,telecom_v2_development,verification_gap,1,0,1.8750612633917,2.041392685158225,6,0.20863309352517986
3812,TCV21_3812_coverage_limitation_A0,telecom_v2_development,coverage_limitation,0,0,2.2600713879850747,2.342422680822206,4,0.13043478260869565
3812,TCV21_3812_coverage_limitation_A1,telecom_v2_development,coverage_limitation,1,0,2.1760912590556813,2.3096301674258988,6,0.19367588932806323
3813,TCV21_3813_coverage_strength_A0,telecom_v2_development,coverage_strength,0,0,2.4578818967339924,2.5563025007672873,4,0.08396946564885496
3813,TCV21_3813_coverage_strength_A1,telecom_v2_development,coverage_strength,1,0,2.4578818967339924,2.5563025007672873,4,0.08396946564885496
3815,TCV21_3815_coverage_strength_A0,telecom_v2_development,coverage_strength,0,0,1.4471580313422192,1.4771212547196624,4,0.16666666666666666
3815,TCV21_3815_coverage_strength_A1,telecom_v2_development,coverage_strength,1,0,1.4471580313422192,1.4771212547196624,4,0.16666666666666666
3822,TCV21_3822_integration_burden_A0,telecom_v2_development,integration_burden,0,1,1.9777236052888478,2.0,5,0.2805755395683453
3822,TCV21_3822_integration_burden_A1,telecom_v2_development,integration_burden,1,1,1.9777236052888478,2.0170333392987803,7,0.2517985611510791
3827,TCV21_3827_verification_gap_A0,telecom_v2_development,verification_gap,0,0,2.6989700043360187,2.8813846567705728,6,0.17818574514038876
3827,TCV21_3827_verification_gap_A1,telecom_v2_development,verification_gap,1,0,2.6989700043360187,2.9030899869919438,6,0.13606911447084233
3879,TCV21_3879_coverage_strength_A0,telecom_v2_development,coverage_strength,0,0,2.1398790864012365,2.2041199826559246,4,0.058823529411764705
3879,TCV21_3879_coverage_strength_A1,telecom_v2_development,coverage_strength,1,0,2.1398790864012365,2.2041199826559246,4,0.058823529411764705
3880,TCV21_3880_verification_gap_A0,telecom_v2_development,verification_gap,0,0,2.1760912590556813,2.3138672203691533,6,0.08035714285714286
3880,TCV21_3880_verification_gap_A1,telecom_v2_development,verification_gap,1,0,2.1760912590556813,2.3138672203691533,6,0.08035714285714286
3900,TCV21_3900_integration_burden_A0,telecom_v2_development,integration_burden,0,0,1.5797835966168101,1.6232492903979006,4,0.045454545454545456
3900,TCV21_3900_integration_burden_A1,telecom_v2_development,integration_burden,1,0,1.5563025007672873,1.6020599913279623,6,0.09090909090909091
3903,TCV21_3903_verification_gap_A0,telecom_v2_development,verification_gap,0,0,2.0791812460476247,2.103803720955957,5,0.06598984771573604
3903,TCV21_3903_verification_gap_A1,telecom_v2_development,verification_gap,1,0,2.103803720955957,2.2648178230095364,4,0.06598984771573604
3925,TCV21_3925_integration_burden_A0,telecom_v2_development,integration_burden,0,0,2.1760912590556813,2.292256071356476,6,0.10909090909090909
3925,TCV21_3925_integration_burden_A1,telecom_v2_development,integration_burden,1,0,2.1760912590556813,2.292256071356476,6,0.10909090909090909
3943,TCV21_3943_verification_gap_A0,telecom_v2_development,verification_gap,0,1,0.9542425094393249,1.0,5,0.23076923076923078
3943,TCV21_3943_verification_gap_A1,telecom_v2_development,verification_gap,1,1,0.9542425094393249,1.0,5,0.23076923076923078
3943,TCV21_3943_coverage_limitation_A0,telecom_v2_development,coverage_limitation,0,1,0.9542425094393249,1.0,6,0.23076923076923078
3943,TCV21_3943_coverage_limitation_A1,telecom_v2_development,coverage_limitation,1,1,0.9542425094393249,1.0,5,0.23076923076923078
3944,TCV21_3944_verification_gap_A0,telecom_v2_development,verification_gap,0,0,2.4771212547196626,2.6020599913279625,6,0.23954372623574144
3944,TCV21_3944_verification_gap_A1,telecom_v2_development,verification_gap,1,0,2.4771212547196626,2.6232492903979003,6,0.20152091254752852
3965,TCV21_3965_verification_gap_A0,telecom_v2_development,verification_gap,0,1,1.0,1.0413926851582251,5,0.3125
3965,TCV21_3965_verification_gap_A1,telecom_v2_development,verification_gap,1,1,0.9542425094393249,1.0413926851582251,5,0.3125
3967,TCV21_3967_verification_gap_A0,telecom_v2_development,verification_gap,0,0,1.380211241711606,1.4771212547196624,6,0.16666666666666666
3967,TCV21_3967_verification_gap_A1,telecom_v2_development,verification_gap,1,0,1.380211241711606,1.462397997898956,6,0.19444444444444445
3977,TCV21_3977_verification_gap_A0,telecom_v2_development,verification_gap,0,0,1.0,1.0791812460476249,5,0.058823529411764705
3977,TCV21_3977_verification_gap_A1,telecom_v2_development,verification_gap,1,0,1.0,1.0791812460476249,5,0.058823529411764705
3997,TCV21_3997_verification_gap_A0,telecom_v2_development,verification_gap,0,0,2.845098040014257,2.9030899869919438,6,0.21414538310412573
3997,TCV21_3997_verification_gap_A1,telecom_v2_development,verification_gap,1,0,2.845098040014257,2.9030899869919438,6,0.21414538310412573
4039,TCV21_4039_verification_gap_A0,telecom_v2_development,verification_gap,0,0,3.03382569395331,3.0737183503461227,4,0.08564814814814815
4039,TCV21_4039_verification_gap_A1,telecom_v2_development,verification_gap,1,0,3.03382569395331,3.0737183503461227,4,0.08564814814814815
4039,TCV21_4039_coverage_strength_A0,telecom_v2_development,coverage_strength,0,0,3.03382569395331,3.060697840353612,4,0.11265432098765432
4039,TCV21_4039_coverage_strength_A1,telecom_v2_development,coverage_strength,1,0,3.03382569395331,3.0519239160461065,4,0.13040123456790123
4044,TCV21_4044_coverage_strength_A0,telecom_v2_development,coverage_strength,0,0,1.9777236052888478,2.0718820073061255,6,0.2236842105263158
4044,TCV21_4044_coverage_strength_A1,telecom_v2_development,coverage_strength,1,0,1.9777236052888478,2.060697840353612,6,0.24342105263157895
4047,TCV21_4047_verification_gap_A0,telecom_v2_development,verification_gap,0,0,2.3979400086720375,2.4471580313422194,5,0.05597964376590331
4047,TCV21_4047_verification_gap_A1,telecom_v2_development,verification_gap,1,0,2.3979400086720375,2.462397997898956,5,0.05597964376590331
4047,TCV21_4047_coverage_strength_A0,telecom_v2_development,coverage_strength,0,0,2.3979400086720375,2.462397997898956,5,0.05597964376590331
4047,TCV21_4047_coverage_strength_A1,telecom_v2_development,coverage_strength,1,0,2.462397997898956,2.57978359661681,4,0.03307888040712468
4048,TCV21_4048_verification_gap_A0,telecom_v2_development,verification_gap,0,0,2.975891136401793,2.9822712330395684,4,0.19327731092436976
4048,TCV21_4048_verification_gap_A1,telecom_v2_development,verification_gap,1,1,2.975891136401793,2.975891136401793,3,0.20504201680672268
4048,TCV21_4048_coverage_strength_A0,telecom_v2_development,coverage_strength,0,0,2.975891136401793,3.041392685158225,4,0.07563025210084033
4048,TCV21_4048_coverage_strength_A1,telecom_v2_development,coverage_strength,1,0,2.975891136401793,3.0170333392987803,4,0.12605042016806722
4050,TCV21_4050_coverage_strength_A0,telecom_v2_development,coverage_strength,0,0,1.6532125137753437,1.6989700043360187,6,0.15254237288135594
4050,TCV21_4050_coverage_strength_A1,telecom_v2_development,coverage_strength,1,0,1.6532125137753437,1.6989700043360187,6,0.15254237288135594
4050,TCV21_4050_integration_burden_A0,telecom_v2_development,integration_burden,0,0,1.6532125137753437,1.6989700043360187,6,0.15254237288135594
4050,TCV21_4050_integration_burden_A1,telecom_v2_development,integration_burden,1,0,1.6532125137753437,1.6989700043360187,6,0.15254237288135594
4061,TCV21_4061_verification_gap_A0,telecom_v2_development,verification_gap,0,0,2.383815365980431,2.4771212547196626,4,0.1044776119402985
4061,TCV21_4061_verification_gap_A1,telecom_v2_development,verification_gap,1,0,2.383815365980431,2.4771212547196626,4,0.1044776119402985
4074,TCV21_4074_verification_gap_A0,telecom_v2_development,verification_gap,0,0,1.0,1.0413926851582251,4,0.08333333333333333
4074,TCV21_4074_verification_gap_A1,telecom_v2_development,verification_gap,1,1,0.9030899869919435,0.9542425094393249,5,0.25
4094,TCV21_4094_verification_gap_A0,telecom_v2_development,verification_gap,0,0,0.9030899869919435,0.9542425094393249,5,0.16666666666666666
4094,TCV21_4094_verification_gap_A1,telecom_v2_development,verification_gap,1,0,0.9030899869919435,0.9542425094393249,5,0.16666666666666666
4125,TCV21_4125_verification_gap_A0,telecom_v2_development,verification_gap,0,0,2.0827853703164503,2.1072099696478683,4,0.15789473684210525
4125,TCV21_4125_verification_gap_A1,telecom_v2_development,verification_gap,1,0,2.0718820073061255,2.089905111439398,6,0.19078947368421054
4138,TCV21_4138_verification_gap_A0,telecom_v2_development,verification_gap,0,0,1.5440680443502757,1.6020599913279623,6,0.14893617021276595
4138,TCV21_4138_verification_gap_A1,telecom_v2_development,verification_gap,1,0,1.5440680443502757,1.6020599913279623,6,0.14893617021276595
4138,TCV21_4138_coverage_strength_A0,telecom_v2_development,coverage_strength,0,0,1.5440680443502757,1.6020599913279623,6,0.14893617021276595
4138,TCV21_4138_coverage_strength_A1,telecom_v2_development,coverage_strength,1,0,1.5440680443502757,1.6020599913279623,6,0.14893617021276595
4158,TCV21_4158_verification_gap_A0,telecom_v2_development,verification_gap,0,0,1.7481880270062005,1.8692317197309762,4,0.03896103896103896
4158,TCV21_4158_verification_gap_A1,telecom_v2_development,verification_gap,1,0,1.6532125137753437,1.845098040014257,6,0.09090909090909091
4158,TCV21_4158_coverage_strength_A0,telecom_v2_development,coverage_strength,0,0,1.7481880270062005,1.8692317197309762,4,0.03896103896103896
4158,TCV21_4158_coverage_strength_A1,telecom_v2_development,coverage_strength,1,0,1.7481880270062005,1.8573324964312685,4,0.06493506493506493
4165,TCV21_4165_verification_gap_A0,telecom_v2_development,verification_gap,0,0,2.0492180226701815,2.161368002234975,4,0.046052631578947366
4165,TCV21_4165_verification_gap_A1,telecom_v2_development,verification_gap,1,0,2.0492180226701815,2.161368002234975,4,0.046052631578947366
4169,TCV21_4169_integration_burden_A0,telecom_v2_development,integration_burden,0,0,2.3636119798921444,2.505149978319906,4,0.06432748538011696
4169,TCV21_4169_integration_burden_A1,telecom_v2_development,integration_burden,1,0,2.3636119798921444,2.505149978319906,4,0.06432748538011696
4177,TCV21_4177_coverage_strength_A0,telecom_v2_development,coverage_strength,0,0,2.012837224705172,2.161368002234975,4,0.046052631578947366
4177,TCV21_4177_coverage_strength_A1,telecom_v2_development,coverage_strength,1,0,1.9777236052888478,2.130333768495006,6,0.1118421052631579
4183,TCV21_4183_verification_gap_A0,telecom_v2_development,verification_gap,0,0,2.513217600067939,2.5563025007672873,4,0.08396946564885496
4183,TCV21_4183_verification_gap_A1,telecom_v2_development,verification_gap,1,0,2.513217600067939,2.531478917042255,4,0.13486005089058525
4184,TCV21_4184_verification_gap_A0,telecom_v2_development,verification_gap,0,0,2.143014800254095,2.1903316981702914,4,0.2131979695431472
4184,TCV21_4184_verification_gap_A1,telecom_v2_development,verification_gap,1,0,2.143014800254095,2.1760912590556813,4,0.23857868020304568
4186,TCV21_4186_verification_gap_A0,telecom_v2_development,verification_gap,0,0,2.6148972160331345,2.6720978579357175,4,0.04665314401622718
4186,TCV21_4186_verification_gap_A1,telecom_v2_development,verification_gap,1,0,2.57978359661681,2.658964842664435,8,0.07505070993914807
4188,TCV21_4188_verification_gap_A0,telecom_v2_development,verification_gap,0,0,2.0569048513364727,2.093421685162235,4,0.18421052631578946
4188,TCV21_4188_verification_gap_A1,telecom_v2_development,verification_gap,1,0,2.0569048513364727,2.093421685162235,4,0.18421052631578946
4193,TCV21_4193_verification_gap_A0,telecom_v2_development,verification_gap,0,0,2.929418925714293,2.9684829485539352,6,0.2184873949579832
4193,TCV21_4193_verification_gap_A1,telecom_v2_development,verification_gap,1,0,2.929418925714293,2.965201701025912,6,0.22436974789915967
4208,TCV21_4208_verification_gap_A0,telecom_v2_development,verification_gap,0,0,2.546542663478131,2.57978359661681,4,0.12442396313364056
4208,TCV21_4208_verification_gap_A1,telecom_v2_development,verification_gap,1,0,2.546542663478131,2.6020599913279625,4,0.07834101382488479
4210,TCV21_4210_verification_gap_A0,telecom_v2_development,verification_gap,0,0,2.24551266781415,2.3521825181113627,4,0.11067193675889328
4210,TCV21_4210_verification_gap_A1,telecom_v2_development,verification_gap,1,0,2.24551266781415,2.3521825181113627,4,0.11067193675889328
4210,TCV21_4210_coverage_limitation_A0,telecom_v2_development,coverage_limitation,0,0,2.24551266781415,2.361727836017593,4,0.09090909090909091
4210,TCV21_4210_coverage_limitation_A1,telecom_v2_development,coverage_limitation,1,0,2.24551266781415,2.3521825181113627,4,0.11067193675889328
4212,TCV21_4212_verification_gap_A0,telecom_v2_development,verification_gap,0,0,1.9030899869919435,2.0211892990699383,6,0.2222222222222222
4212,TCV21_4212_verification_gap_A1,telecom_v2_development,verification_gap,1,0,1.9030899869919435,2.0086001717619175,6,0.24444444444444444
4212,TCV21_4212_integration_burden_A0,telecom_v2_development,integration_burden,0,0,1.9030899869919435,2.0211892990699383,6,0.2222222222222222
4212,TCV21_4212_integration_burden_A1,telecom_v2_development,integration_burden,1,0,1.9030899869919435,2.0211892990699383,6,0.2222222222222222
4214,TCV21_4214_integration_burden_A0,telecom_v2_development,integration_burden,0,0,2.1760912590556813,2.2430380486862944,6,0.20454545454545456
4214,TCV21_4214_integration_burden_A1,telecom_v2_development,integration_burden,1,0,2.1760912590556813,2.2430380486862944,6,0.20454545454545456
4215,TCV21_4215_verification_gap_A0,telecom_v2_development,verification_gap,0,0,2.413299764081252,2.439332693830263,4,0.1691842900302115
4215,TCV21_4215_verification_gap_A1,telecom_v2_development,verification_gap,1,0,2.413299764081252,2.45484486000851,4,0.13897280966767372
4217,TCV21_4217_verification_gap_A0,telecom_v2_development,verification_gap,0,0,1.4771212547196624,1.6020599913279623,4,0.09090909090909091
4217,TCV21_4217_verification_gap_A1,telecom_v2_development,verification_gap,1,0,1.4471580313422192,1.5797835966168101,6,0.13636363636363635
4229,TCV21_4229_verification_gap_A0,telecom_v2_development,verification_gap,0,0,2.8870543780509568,2.9542425094393248,4,0.11591355599214145
4229,TCV21_4229_verification_gap_A1,telecom_v2_development,verification_gap,1,0,2.8870543780509568,2.9542425094393248,4,0.11591355599214145
4281,TCV21_4281_verification_gap_A0,telecom_v2_development,verification_gap,0,0,2.173186268412274,2.2174839442139063,4,0.14507772020725387
4281,TCV21_4281_verification_gap_A1,telecom_v2_development,verification_gap,1,0,2.173186268412274,2.2174839442139063,4,0.14507772020725387
4288,TCV21_4288_verification_gap_A0,telecom_v2_development,verification_gap,0,0,1.792391689498254,1.9294189257142926,4,0.1414141414141414
4288,TCV21_4288_verification_gap_A1,telecom_v2_development,verification_gap,1,0,1.7403626894942439,1.8750612633917,6,0.24242424242424243
4302,TCV21_4302_verification_gap_A0,telecom_v2_development,verification_gap,0,0,1.4471580313422192,1.4771212547196624,4,0.16666666666666666
4302,TCV21_4302_verification_gap_A1,telecom_v2_development,verification_gap,1,0,1.414973347970818,1.462397997898956,6,0.19444444444444445
4305,TCV21_4305_verification_gap_A0,telecom_v2_development,verification_gap,0,0,2.113943352306837,2.1702617153949575,4,0.05128205128205128
4305,TCV21_4305_verification_gap_A1,telecom_v2_development,verification_gap,1,0,2.0791812460476247,2.164352855784437,6,0.0641025641025641
4327,TCV21_4327_verification_gap_A0,telecom_v2_development,verification_gap,0,0,2.1760912590556813,2.278753600952829,6,0.13636363636363635
4327,TCV21_4327_verification_gap_A1,telecom_v2_development,verification_gap,1,0,2.1760912590556813,2.278753600952829,6,0.13636363636363635
4346,TCV21_4346_verification_gap_A0,telecom_v2_development,verification_gap,0,0,2.5390760987927767,2.6232492903979003,4,0.038901601830663615
4346,TCV21_4346_verification_gap_A1,telecom_v2_development,verification_gap,1,0,2.5390760987927767,2.6232492903979003,4,0.038901601830663615
4367,TCV21_4367_verification_gap_A0,telecom_v2_development,verification_gap,0,0,0.9030899869919435,0.9542425094393249,5,0.23076923076923078
4367,TCV21_4367_verification_gap_A1,telecom_v2_development,verification_gap,1,0,0.9030899869919435,1.0,6,0.23076923076923078
4369,TCV21_4369_verification_gap_A0,telecom_v2_development,verification_gap,0,0,1.4771212547196624,1.5185139398778875,6,0.25
4369,TCV21_4369_verification_gap_A1,telecom_v2_development,verification_gap,1,0,1.4771212547196624,1.5185139398778875,6,0.25
4379,TCV21_4379_verification_gap_A0,telecom_v2_development,verification_gap,0,1,1.1760912590556813,1.2041199826559248,5,0.058823529411764705
4379,TCV21_4379_verification_gap_A1,telecom_v2_development,verification_gap,1,1,1.1760912590556813,1.2041199826559248,5,0.058823529411764705
4385,TCV21_4385_verification_gap_A0,telecom_v2_development,verification_gap,0,0,2.0644579892269186,2.093421685162235,4,0.18421052631578946
4385,TCV21_4385_verification_gap_A1,telecom_v2_development,verification_gap,1,0,2.0644579892269186,2.093421685162235,4,0.18421052631578946
4399,TCV21_4399_verification_gap_A0,telecom_v2_development,verification_gap,0,0,2.9030899869919438,3.009450895798694,8,0.1411764705882353
4399,TCV21_4399_verification_gap_A1,telecom_v2_development,verification_gap,1,0,2.9030899869919438,2.935003151453655,9,0.1411764705882353
4441,TCV21_4441_coverage_limitation_A0,telecom_v2_development,coverage_limitation,0,0,3.210318519826232,3.311753861055754,4,0.06563354603463993
4441,TCV21_4441_coverage_limitation_A1,telecom_v2_development,coverage_limitation,1,0,3.210318519826232,3.311753861055754,4,0.06563354603463993
4446,TCV21_4446_coverage_limitation_A0,telecom_v2_development,coverage_limitation,0,0,1.9777236052888478,2.0211892990699383,6,0.2222222222222222
4446,TCV21_4446_coverage_limitation_A1,telecom_v2_development,coverage_limitation,1,0,1.9777236052888478,2.0211892990699383,6,0.2222222222222222
4450,TCV21_4450_verification_gap_A0,telecom_v2_development,verification_gap,0,0,2.9542425094393248,2.99563519459755,6,0.16806722689075632
4450,TCV21_4450_verification_gap_A1,telecom_v2_development,verification_gap,1,0,2.929418925714293,3.0,6,0.15966386554621848
4452,TCV21_4452_governance_risk_A0,telecom_v2_development,governance_risk,0,0,1.4771212547196624,1.5314789170422551,5,0.06976744186046512
4452,TCV21_4452_governance_risk_A1,telecom_v2_development,governance_risk,1,0,1.4771212547196624,1.6020599913279623,6,0.06976744186046512
4463,TCV21_4463_coverage_strength_A0,telecom_v2_development,coverage_strength,0,0,2.367355921026019,2.505149978319906,4,0.09090909090909091
4463,TCV21_4463_coverage_strength_A1,telecom_v2_development,coverage_strength,1,0,2.367355921026019,2.4913616938342726,4,0.11931818181818182
4476,TCV21_4476_verification_gap_A0,telecom_v2_development,verification_gap,0,0,0.9030899869919435,0.9542425094393249,5,0.16666666666666666
4476,TCV21_4476_verification_gap_A1,telecom_v2_development,verification_gap,1,0,0.9030899869919435,0.9542425094393249,5,0.16666666666666666
4477,TCV21_4477_coverage_limitation_A0,telecom_v2_development,coverage_limitation,0,0,2.2430380486862944,2.2671717284030137,6,0.1590909090909091
4477,TCV21_4477_coverage_limitation_A1,telecom_v2_development,coverage_limitation,1,0,2.2430380486862944,2.2671717284030137,6,0.1590909090909091
4480,TCV21_4480_verification_gap_A0,telecom_v2_development,verification_gap,0,0,1.462397997898956,1.5797835966168101,4,0.07317073170731707
4480,TCV21_4480_verification_gap_A1,telecom_v2_development,verification_gap,1,0,1.3979400086720377,1.5563025007672873,6,0.12195121951219512
4496,TCV21_4496_verification_gap_A0,telecom_v2_development,verification_gap,0,0,1.0,1.146128035678238,6,0.17647058823529413
4496,TCV21_4496_verification_gap_A1,telecom_v2_development,verification_gap,1,0,1.0,1.146128035678238,6,0.17647058823529413
4527,TCV21_4527_verification_gap_A0,telecom_v2_development,verification_gap,0,0,2.1903316981702914,2.27415784926368,4,0.020833333333333332
4527,TCV21_4527_verification_gap_A1,telecom_v2_development,verification_gap,1,0,2.1903316981702914,2.27415784926368,4,0.020833333333333332
4540,TCV21_4540_verification_gap_A0,telecom_v2_development,verification_gap,0,0,1.591064607026499,1.6127838567197355,4,0.1276595744680851
4540,TCV21_4540_verification_gap_A1,telecom_v2_development,verification_gap,1,0,1.5440680443502757,1.6020599913279623,6,0.14893617021276595
4540,TCV21_4540_governance_risk_A0,telecom_v2_development,governance_risk,0,0,1.591064607026499,1.6127838567197355,4,0.1276595744680851
4540,TCV21_4540_governance_risk_A1,telecom_v2_development,governance_risk,1,0,1.591064607026499,1.6434526764861874,4,0.06382978723404255
4560,TCV21_4560_coverage_limitation_A0,telecom_v2_development,coverage_limitation,0,0,1.7853298350107671,1.845098040014257,4,0.09090909090909091
4560,TCV21_4560_coverage_limitation_A1,telecom_v2_development,coverage_limitation,1,0,1.7403626894942439,1.8260748027008264,6,0.12987012987012986
4567,TCV21_4567_verification_gap_A0,telecom_v2_development,verification_gap,0,0,2.184691430817599,2.225309281725863,4,0.12953367875647667
4567,TCV21_4567_verification_gap_A1,telecom_v2_development,verification_gap,1,0,2.184691430817599,2.225309281725863,4,0.12953367875647667
4571,TCV21_4571_coverage_limitation_A0,telecom_v2_development,coverage_limitation,0,0,2.4313637641589874,2.462397997898956,4,0.13432835820895522
4571,TCV21_4571_coverage_limitation_A1,telecom_v2_development,coverage_limitation,1,0,2.3979400086720375,2.4471580313422194,6,0.16417910447761194
4579,TCV21_4579_coverage_limitation_A0,telecom_v2_development,coverage_limitation,0,0,2.100370545117563,2.1760912590556813,4,0.11764705882352941
4579,TCV21_4579_coverage_limitation_A1,telecom_v2_development,coverage_limitation,1,0,2.0791812460476247,2.146128035678238,6,0.17647058823529413
4585,TCV21_4585_verification_gap_A0,telecom_v2_development,verification_gap,0,0,2.3944516808262164,2.4471580313422194,4,0.1540785498489426
4585,TCV21_4585_verification_gap_A1,telecom_v2_development,verification_gap,1,0,2.3944516808262164,2.439332693830263,4,0.1691842900302115
4586,TCV21_4586_verification_gap_A0,telecom_v2_development,verification_gap,0,0,2.2013971243204513,2.2764618041732443,4,0.04060913705583756
4586,TCV21_4586_verification_gap_A1,telecom_v2_development,verification_gap,1,0,2.2013971243204513,2.2764618041732443,4,0.04060913705583756
4588,TCV21_4588_verification_gap_A0,telecom_v2_development,verification_gap,0,0,2.8129133566428557,2.9618954736678504,4,0.02863202545068929
4588,TCV21_4588_verification_gap_A1,telecom_v2_development,verification_gap,1,0,2.7781512503836434,2.8129133566428557,5,0.02863202545068929
4588,TCV21_4588_coverage_limitation_A0,telecom_v2_development,coverage_limitation,0,0,2.7781512503836434,2.8129133566428557,5,0.02863202545068929
4588,TCV21_4588_coverage_limitation_A1,telecom_v2_development,coverage_limitation,1,0,2.7781512503836434,2.8129133566428557,5,0.02863202545068929
4590,TCV21_4590_verification_gap_A0,telecom_v2_development,verification_gap,0,0,2.0492180226701815,2.1398790864012365,4,0.11538461538461539
4590,TCV21_4590_verification_gap_A1,telecom_v2_development,verification_gap,1,0,2.0492180226701815,2.1398790864012365,4,0.11538461538461539
4595,TCV21_4595_integration_burden_A0,telecom_v2_development,integration_burden,0,1,2.9777236052888476,2.9822712330395684,4,0.19327731092436976
4595,TCV21_4595_integration_burden_A1,telecom_v2_development,integration_burden,1,1,2.9777236052888476,2.9934362304976116,7,0.1722689075630252
4610,TCV21_4610_coverage_limitation_A0,telecom_v2_development,coverage_limitation,0,0,2.4771212547196626,2.531478917042255,6,0.2219679633867277
4610,TCV21_4610_coverage_limitation_A1,telecom_v2_development,coverage_limitation,1,0,2.4771212547196626,2.531478917042255,6,0.2219679633867277
4612,TCV21_4612_coverage_strength_A0,telecom_v2_development,coverage_strength,0,0,2.1760912590556813,2.2430380486862944,6,0.21875
4612,TCV21_4612_coverage_strength_A1,telecom_v2_development,coverage_strength,1,0,2.1760912590556813,2.255272505103306,6,0.19642857142857142
4612,TCV21_4612_coverage_limitation_A0,telecom_v2_development,coverage_limitation,0,0,2.1760912590556813,2.255272505103306,6,0.19642857142857142
4612,TCV21_4612_coverage_limitation_A1,telecom_v2_development,coverage_limitation,1,0,2.1760912590556813,2.255272505103306,6,0.19642857142857142
4614,TCV21_4614_coverage_strength_A0,telecom_v2_development,coverage_strength,0,0,1.9294189257142926,2.03342375548695,6,0.22302158273381295
4614,TCV21_4614_coverage_strength_A1,telecom_v2_development,coverage_strength,1,0,1.99563519459755,2.037426497940624,4,0.2158273381294964
4616,TCV21_4616_coverage_strength_A0,telecom_v2_development,coverage_strength,0,0,2.1492191126553797,2.322219294733919,4,0.0625
4616,TCV21_4616_coverage_strength_A1,telecom_v2_development,coverage_strength,1,0,2.1492191126553797,2.322219294733919,4,0.0625
4617,TCV21_4617_coverage_limitation_A0,telecom_v2_development,coverage_limitation,0,1,2.380211241711606,2.406540180433955,6,0.23880597014925373
4617,TCV21_4617_coverage_limitation_A1,telecom_v2_development,coverage_limitation,1,0,2.380211241711606,2.439332693830263,6,0.1791044776119403
4619,TCV21_4619_verification_gap_A0,telecom_v2_development,verification_gap,0,0,1.4771212547196624,1.5440680443502757,6,0.20454545454545456
4619,TCV21_4619_verification_gap_A1,telecom_v2_development,verification_gap,1,0,1.4771212547196624,1.5314789170422551,6,0.22727272727272727
4619,TCV21_4619_coverage_limitation_A0,telecom_v2_development,coverage_limitation,0,0,1.4771212547196624,1.5314789170422551,6,0.22727272727272727
4619,TCV21_4619_coverage_limitation_A1,telecom_v2_development,coverage_limitation,1,0,1.4771212547196624,1.5314789170422551,6,0.22727272727272727
4626,TCV21_4626_integration_burden_A0,telecom_v2_development,integration_burden,0,0,1.5440680443502757,1.6901960800285136,6,0.1694915254237288
4626,TCV21_4626_integration_burden_A1,telecom_v2_development,integration_burden,1,0,1.591064607026499,1.7323937598229686,4,0.0847457627118644
4631,TCV21_4631_verification_gap_A0,telecom_v2_development,verification_gap,0,0,2.8530895298518657,2.9444826721501687,4,0.07172995780590717
4631,TCV21_4631_verification_gap_A1,telecom_v2_development,verification_gap,1,0,2.8129133566428557,2.907411360774586,8,0.14767932489451477
4683,TCV21_4683_coverage_limitation_A0,telecom_v2_development,coverage_limitation,0,0,2.0791812460476247,2.161368002234975,4,0.07051282051282051
4683,TCV21_4683_coverage_limitation_A1,telecom_v2_development,coverage_limitation,1,0,2.041392685158225,2.130333768495006,6,0.1346153846153846
4684,TCV21_4684_coverage_limitation_A0,telecom_v2_development,coverage_limitation,0,0,2.287801729930226,2.322219294733919,4,0.16996047430830039
4684,TCV21_4684_coverage_limitation_A1,telecom_v2_development,coverage_limitation,1,1,2.255272505103306,2.287801729930226,7,0.233201581027668
4690,TCV21_4690_coverage_strength_A0,telecom_v2_development,coverage_strength,0,0,1.8512583487190752,1.968482948553935,4,0.06060606060606061
4690,TCV21_4690_coverage_strength_A1,telecom_v2_development,coverage_strength,1,0,1.7781512503836436,1.9493900066449128,6,0.10101010101010101
4704,TCV21_4704_governance_risk_A0,telecom_v2_development,governance_risk,0,0,1.5314789170422551,1.5563025007672873,4,0.12195121951219512
4704,TCV21_4704_governance_risk_A1,telecom_v2_development,governance_risk,1,1,1.4771212547196624,1.5314789170422551,6,0.17073170731707318
4707,TCV21_4707_coverage_limitation_A0,telecom_v2_development,coverage_limitation,0,0,2.0,2.146128035678238,6,0.10256410256410256
4707,TCV21_4707_coverage_limitation_A1,telecom_v2_development,coverage_limitation,1,0,2.060697840353612,2.1702617153949575,4,0.05128205128205128
4729,TCV21_4729_verification_gap_A0,telecom_v2_development,verification_gap,0,0,2.2278867046136734,2.2764618041732443,4,0.12903225806451613
4729,TCV21_4729_verification_gap_A1,telecom_v2_development,verification_gap,1,0,2.2278867046136734,2.2430380486862944,4,0.1935483870967742
4747,TCV21_4747_verification_gap_A0,telecom_v2_development,verification_gap,0,1,1.0791812460476249,1.1139433523068367,5,0.1875
4747,TCV21_4747_verification_gap_A1,telecom_v2_development,verification_gap,1,1,1.0791812460476249,1.0791812460476249,3,0.25
4748,TCV21_4748_verification_gap_A0,telecom_v2_development,verification_gap,0,0,2.5888317255942073,2.6532125137753435,4,0.13127413127413126
4748,TCV21_4748_verification_gap_A1,telecom_v2_development,verification_gap,1,0,2.5888317255942073,2.662757831681574,4,0.11196911196911197
4769,TCV21_4769_verification_gap_A0,telecom_v2_development,verification_gap,0,0,1.0,1.1139433523068367,6,0.23529411764705882
4769,TCV21_4769_verification_gap_A1,telecom_v2_development,verification_gap,1,0,1.0,1.1139433523068367,6,0.23529411764705882
4771,TCV21_4771_verification_gap_A0,telecom_v2_development,verification_gap,0,0,1.5185139398778875,1.5797835966168101,4,0.13636363636363635
4771,TCV21_4771_verification_gap_A1,telecom_v2_development,verification_gap,1,0,1.4771212547196624,1.5440680443502757,6,0.20454545454545456
4781,TCV21_4781_verification_gap_A0,telecom_v2_development,verification_gap,0,0,1.0,1.0791812460476249,6,0.2
4781,TCV21_4781_verification_gap_A1,telecom_v2_development,verification_gap,1,0,0.9542425094393249,1.0413926851582251,7,0.2
4787,TCV21_4787_verification_gap_A0,telecom_v2_development,verification_gap,0,0,2.0644579892269186,2.161368002234975,4,0.046052631578947366
4787,TCV21_4787_verification_gap_A1,telecom_v2_development,verification_gap,1,0,2.0644579892269186,2.161368002234975,4,0.046052631578947366
4801,TCV21_4801_verification_gap_A0,telecom_v2_development,verification_gap,0,1,3.161667412437736,3.161667412437736,3,0.1665709362435382
4801,TCV21_4801_verification_gap_A1,telecom_v2_development,verification_gap,1,0,3.161667412437736,3.2041199826559246,4,0.08098793796668581
4843,TCV21_4843_verification_gap_A0,telecom_v2_development,verification_gap,0,0,2.9777236052888476,3.1031192535457137,6,0.09493219129193434
4843,TCV21_4843_verification_gap_A1,telecom_v2_development,verification_gap,1,0,2.9542425094393248,3.1031192535457137,6,0.09493219129193434
4852,TCV21_4852_verification_gap_A0,telecom_v2_development,verification_gap,0,0,2.845098040014257,2.929418925714293,6,0.08207343412526998
4852,TCV21_4852_verification_gap_A1,telecom_v2_development,verification_gap,1,0,2.845098040014257,2.9242792860618816,6,0.09287257019438445
4854,TCV21_4854_verification_gap_A0,telecom_v2_development,verification_gap,0,0,2.0644579892269186,2.0718820073061255,4,0.1510791366906475
4854,TCV21_4854_verification_gap_A1,telecom_v2_development,verification_gap,1,0,2.041392685158225,2.0681858617461617,6,0.15827338129496402
4865,TCV21_4865_verification_gap_A0,telecom_v2_development,verification_gap,0,0,2.4471580313422194,2.4913616938342726,6,0.11931818181818182
4865,TCV21_4865_verification_gap_A1,telecom_v2_development,verification_gap,1,0,2.4471580313422194,2.484299839346786,6,0.13352272727272727
4879,TCV21_4879_verification_gap_A0,telecom_v2_development,verification_gap,0,0,2.2624510897304293,2.380211241711606,4,0.03225806451612903
4879,TCV21_4879_verification_gap_A1,telecom_v2_development,verification_gap,1,0,2.230448921378274,2.342422680822206,6,0.11290322580645161
4882,TCV21_4882_coverage_strength_A0,telecom_v2_development,coverage_strength,0,0,1.4771212547196624,1.5314789170422551,6,0.22727272727272727
4882,TCV21_4882_coverage_strength_A1,telecom_v2_development,coverage_strength,1,0,1.4771212547196624,1.5314789170422551,6,0.22727272727272727
4929,TCV21_4929_verification_gap_A0,telecom_v2_development,verification_gap,0,0,2.100370545117563,2.167317334748176,4,0.057692307692307696
4929,TCV21_4929_verification_gap_A1,telecom_v2_development,verification_gap,1,0,2.100370545117563,2.1760912590556813,4,0.038461538461538464
4929,TCV21_4929_coverage_limitation_A0,telecom_v2_development,coverage_limitation,0,0,2.100370545117563,2.167317334748176,4,0.057692307692307696
4929,TCV21_4929_coverage_limitation_A1,telecom_v2_development,coverage_limitation,1,0,2.0791812460476247,2.167317334748176,6,0.057692307692307696
4942,TCV21_4942_coverage_strength_A0,telecom_v2_development,coverage_strength,0,0,1.5563025007672873,1.6127838567197355,4,0.046511627906976744
4942,TCV21_4942_coverage_strength_A1,telecom_v2_development,coverage_strength,1,0,1.5563025007672873,1.6127838567197355,4,0.046511627906976744
4962,TCV21_4962_verification_gap_A0,telecom_v2_development,verification_gap,0,0,1.6532125137753437,1.6989700043360187,6,0.15254237288135594
4962,TCV21_4962_verification_gap_A1,telecom_v2_development,verification_gap,1,0,1.6532125137753437,1.6989700043360187,6,0.15254237288135594
4962,TCV21_4962_coverage_limitation_A0,telecom_v2_development,coverage_limitation,0,0,1.6812412373755872,1.7403626894942439,4,0.06779661016949153
4962,TCV21_4962_coverage_limitation_A1,telecom_v2_development,coverage_limitation,1,0,1.6532125137753437,1.6989700043360187,6,0.15254237288135594
4969,TCV21_4969_verification_gap_A0,telecom_v2_development,verification_gap,0,0,2.0791812460476247,2.1903316981702914,6,0.19689119170984457
4969,TCV21_4969_verification_gap_A1,telecom_v2_development,verification_gap,1,0,2.0791812460476247,2.2041199826559246,6,0.17098445595854922
4973,TCV21_4973_coverage_limitation_A0,telecom_v2_development,coverage_limitation,0,0,2.380211241711606,2.4471580313422194,6,0.16666666666666666
4973,TCV21_4973_coverage_limitation_A1,telecom_v2_development,coverage_limitation,1,0,2.380211241711606,2.4471580313422194,6,0.16666666666666666
4981,TCV21_4981_coverage_limitation_A0,telecom_v2_development,coverage_limitation,0,0,2.041392685158225,2.161368002234975,4,0.046052631578947366
4981,TCV21_4981_coverage_limitation_A1,telecom_v2_development,coverage_limitation,1,0,2.0,2.1367205671564067,6,0.09868421052631579
4987,TCV21_4987_coverage_limitation_A0,telecom_v2_development,coverage_limitation,0,0,2.380211241711606,2.439332693830263,6,0.195906432748538
4987,TCV21_4987_coverage_limitation_A1,telecom_v2_development,coverage_limitation,1,0,2.380211241711606,2.439332693830263,6,0.195906432748538
4988,TCV21_4988_verification_gap_A0,telecom_v2_development,verification_gap,0,0,2.2405492482826,2.311753861055754,4,0.055299539170506916
4988,TCV21_4988_verification_gap_A1,telecom_v2_development,verification_gap,1,0,2.2405492482826,2.311753861055754,4,0.055299539170506916
4990,TCV21_4990_verification_gap_A0,telecom_v2_development,verification_gap,0,1,2.845098040014257,2.8573324964312685,4,0.2224622030237581
4990,TCV21_4990_verification_gap_A1,telecom_v2_development,verification_gap,1,1,2.845098040014257,2.8573324964312685,4,0.2224622030237581
4990,TCV21_4990_integration_burden_A0,telecom_v2_development,integration_burden,0,1,2.845098040014257,2.8573324964312685,4,0.2224622030237581
4990,TCV21_4990_integration_burden_A1,telecom_v2_development,integration_burden,1,1,2.845098040014257,2.8573324964312685,4,0.2224622030237581
4992,TCV21_4992_verification_gap_A0,telecom_v2_development,verification_gap,0,0,1.845098040014257,1.9344984512435677,6,0.13131313131313133
4992,TCV21_4992_verification_gap_A1,telecom_v2_development,verification_gap,1,0,1.845098040014257,1.9444826721501687,6,0.1111111111111111
4997,TCV21_4997_verification_gap_A0,telecom_v2_development,verification_gap,0,0,3.0064660422492318,3.0718820073061255,4,0.15774446823697358
4997,TCV21_4997_verification_gap_A1,telecom_v2_development,verification_gap,1,0,3.0064660422492318,3.0718820073061255,4,0.15774446823697358
5012,TCV21_5012_verification_gap_A0,telecom_v2_development,verification_gap,0,0,2.4771212547196626,2.531478917042255,4,0.13486005089058525
5012,TCV21_5012_verification_gap_A1,telecom_v2_development,verification_gap,1,0,2.4771212547196626,2.531478917042255,4,0.13486005089058525
5014,TCV21_5014_verification_gap_A0,telecom_v2_development,verification_gap,0,0,2.3096301674258988,2.3710678622717363,4,0.05241935483870968
5014,TCV21_5014_verification_gap_A1,telecom_v2_development,verification_gap,1,0,2.278753600952829,2.3404441148401185,6,0.11693548387096774
5016,TCV21_5016_integration_burden_A0,telecom_v2_development,integration_burden,0,0,1.9777236052888478,2.060697840353612,6,0.17266187050359713
5016,TCV21_5016_integration_burden_A1,telecom_v2_development,integration_burden,1,0,1.9777236052888478,2.060697840353612,6,0.17266187050359713
5018,TCV21_5018_verification_gap_A0,telecom_v2_development,verification_gap,0,0,2.1760912590556813,2.2430380486862944,6,0.1935483870967742
5018,TCV21_5018_verification_gap_A1,telecom_v2_development,verification_gap,1,0,2.1760912590556813,2.255272505103306,6,0.17050691244239632
5018,TCV21_5018_coverage_limitation_A0,telecom_v2_development,coverage_limitation,0,0,2.1760912590556813,2.2430380486862944,6,0.1935483870967742
5018,TCV21_5018_coverage_limitation_A1,telecom_v2_development,coverage_limitation,1,0,2.1760912590556813,2.2430380486862944,6,0.1935483870967742
5028,TCV21_5028_verification_gap_A0,telecom_v2_development,verification_gap,0,0,1.954242509439325,1.9867717342662448,5,0.050359712230215826
5028,TCV21_5028_verification_gap_A1,telecom_v2_development,verification_gap,1,0,1.9294189257142926,1.9867717342662448,5,0.050359712230215826
5028,TCV21_5028_coverage_strength_A0,telecom_v2_development,coverage_strength,0,0,1.9294189257142926,1.9867717342662448,5,0.050359712230215826
5028,TCV21_5028_coverage_strength_A1,telecom_v2_development,coverage_strength,1,0,1.9777236052888478,1.9867717342662448,5,0.050359712230215826
5033,TCV21_5033_verification_gap_A0,telecom_v2_development,verification_gap,0,0,2.845098040014257,2.8920946026904804,6,0.17721518987341772
5033,TCV21_5033_verification_gap_A1,telecom_v2_development,verification_gap,1,0,2.845098040014257,2.8920946026904804,6,0.17721518987341772
5085,TCV21_5085_verification_gap_A0,telecom_v2_development,verification_gap,0,0,1.9777236052888478,2.060697840353612,6,0.23333333333333334
5085,TCV21_5085_verification_gap_A1,telecom_v2_development,verification_gap,1,0,1.9777236052888478,2.060697840353612,6,0.23333333333333334
5086,TCV21_5086_verification_gap_A0,telecom_v2_development,verification_gap,0,0,2.1760912590556813,2.2671717284030137,6,0.14746543778801843
5086,TCV21_5086_verification_gap_A1,telecom_v2_development,verification_gap,1,0,2.1760912590556813,2.2671717284030137,6,0.14746543778801843
5092,TCV21_5092_verification_gap_A0,telecom_v2_development,verification_gap,0,0,2.0644579892269186,2.1072099696478683,4,0.1794871794871795
5092,TCV21_5092_verification_gap_A1,telecom_v2_development,verification_gap,1,0,2.0644579892269186,2.1072099696478683,4,0.1794871794871795
5106,TCV21_5106_verification_gap_A0,telecom_v2_development,verification_gap,0,0,1.414973347970818,1.505149978319906,4,0.1111111111111111
5106,TCV21_5106_verification_gap_A1,telecom_v2_development,verification_gap,1,0,1.380211241711606,1.4771212547196624,6,0.16666666666666666
5106,TCV21_5106_coverage_limitation_A0,telecom_v2_development,coverage_limitation,0,0,1.414973347970818,1.505149978319906,4,0.1111111111111111
5106,TCV21_5106_coverage_limitation_A1,telecom_v2_development,coverage_limitation,1,0,1.380211241711606,1.4771212547196624,6,0.16666666666666666
5109,TCV21_5109_verification_gap_A0,telecom_v2_development,verification_gap,0,0,2.060697840353612,2.0791812460476247,4,0.2
5109,TCV21_5109_verification_gap_A1,telecom_v2_development,verification_gap,1,0,2.0,2.0718820073061255,6,0.21333333333333335
5131,TCV21_5131_verification_gap_A0,telecom_v2_development,verification_gap,0,0,2.0791812460476247,2.173186268412274,6,0.22395833333333334
5131,TCV21_5131_verification_gap_A1,telecom_v2_development,verification_gap,1,0,2.0791812460476247,2.2041199826559246,6,0.16666666666666666
5149,TCV21_5149_verification_gap_A0,telecom_v2_development,verification_gap,0,0,1.1139433523068367,1.146128035678238,4,0.06666666666666667
5149,TCV21_5149_verification_gap_A1,telecom_v2_development,verification_gap,1,1,1.0791812460476249,1.0791812460476249,3,0.2
5150,TCV21_5150_verification_gap_A0,telecom_v2_development,verification_gap,0,0,2.591064607026499,2.6532125137753435,4,0.13127413127413126
5150,TCV21_5150_verification_gap_A1,telecom_v2_development,verification_gap,1,0,2.591064607026499,2.6334684555795866,4,0.16988416988416988
5150,TCV21_5150_coverage_limitation_A0,telecom_v2_development,coverage_limitation,0,0,2.591064607026499,2.6127838567197355,4,0.2084942084942085
5150,TCV21_5150_coverage_limitation_A1,telecom_v2_development,coverage_limitation,1,0,2.591064607026499,2.6127838567197355,4,0.2084942084942085
5171,TCV21_5171_coverage_strength_A0,telecom_v2_development,coverage_strength,0,0,1.0,1.0413926851582251,5,0.2
5171,TCV21_5171_coverage_strength_A1,telecom_v2_development,coverage_strength,1,0,1.0791812460476249,1.1139433523068367,4,0.13333333333333333
5173,TCV21_5173_verification_gap_A0,telecom_v2_development,verification_gap,0,0,1.3010299956639813,1.4471580313422192,6,0.2222222222222222
5173,TCV21_5173_verification_gap_A1,telecom_v2_development,verification_gap,1,0,1.3010299956639813,1.4471580313422192,6,0.2222222222222222
5183,TCV21_5183_verification_gap_A0,telecom_v2_development,verification_gap,0,0,1.0791812460476249,1.1139433523068367,5,0.058823529411764705
5183,TCV21_5183_verification_gap_A1,telecom_v2_development,verification_gap,1,0,1.0791812460476249,1.1139433523068367,5,0.058823529411764705
5189,TCV21_5189_verification_gap_A0,telecom_v2_development,verification_gap,0,0,1.5440680443502757,1.6720978579357175,6,0.2033898305084746
5189,TCV21_5189_verification_gap_A1,telecom_v2_development,verification_gap,1,0,1.5440680443502757,1.6720978579357175,6,0.2033898305084746
5203,TCV21_5203_verification_gap_A0,telecom_v2_development,verification_gap,0,0,3.1231980750319988,3.161368002234975,4,0.14048606994665086
5203,TCV21_5203_verification_gap_A1,telecom_v2_development,verification_gap,1,0,3.1231980750319988,3.161368002234975,4,0.14048606994665086
5203,TCV21_5203_coverage_strength_A0,telecom_v2_development,coverage_strength,0,0,3.1231980750319988,3.161368002234975,4,0.14048606994665086
5203,TCV21_5203_coverage_strength_A1,telecom_v2_development,coverage_strength,1,0,3.1231980750319988,3.161368002234975,4,0.14048606994665086
5240,TCV21_5240_coverage_strength_A0,telecom_v2_development,coverage_strength,0,0,1.9030899869919435,2.060697840353612,6,0.14814814814814814
5240,TCV21_5240_coverage_strength_A1,telecom_v2_development,coverage_strength,1,0,1.954242509439325,2.0492180226701815,6,0.17037037037037037
5240,TCV21_5240_coverage_limitation_A0,telecom_v2_development,coverage_limitation,0,0,1.9030899869919435,2.060697840353612,6,0.14814814814814814
5240,TCV21_5240_coverage_limitation_A1,telecom_v2_development,coverage_limitation,1,0,1.9030899869919435,2.0492180226701815,6,0.17037037037037037
5240,TCV21_5240_integration_burden_A0,telecom_v2_development,integration_burden,0,0,1.9030899869919435,2.060697840353612,6,0.14814814814814814
5240,TCV21_5240_integration_burden_A1,telecom_v2_development,integration_burden,1,0,1.9030899869919435,2.060697840353612,6,0.14814814814814814
5245,TCV21_5245_coverage_strength_A0,telecom_v2_development,coverage_strength,0,0,3.0791812460476247,3.2711443179490782,6,0.14904284412032817
5245,TCV21_5245_coverage_strength_A1,telecom_v2_development,coverage_strength,1,0,3.15896526038341,3.311753861055754,4,0.06563354603463993
5245,TCV21_5245_coverage_limitation_A0,telecom_v2_development,coverage_limitation,0,0,3.15896526038341,3.311753861055754,4,0.06563354603463993
5245,TCV21_5245_coverage_limitation_A1,telecom_v2_development,coverage_limitation,1,0,3.0791812460476247,3.278753600952829,6,0.1340018231540565
5250,TCV21_5250_coverage_strength_A0,telecom_v2_development,coverage_strength,0,0,1.8325089127062364,1.8920946026904804,4,0.14285714285714285
5250,TCV21_5250_coverage_strength_A1,telecom_v2_development,coverage_strength,1,0,1.8325089127062364,1.8750612633917,4,0.17582417582417584
5250,TCV21_5250_coverage_limitation_A0,telecom_v2_development,coverage_limitation,0,0,1.8325089127062364,1.8750612633917,4,0.17582417582417584
5250,TCV21_5250_coverage_limitation_A1,telecom_v2_development,coverage_limitation,1,0,1.7781512503836436,1.8750612633917,6,0.17582417582417584
5253,TCV21_5253_coverage_strength_A0,telecom_v2_development,coverage_strength,0,0,2.4771212547196626,2.531478917042255,6,0.21658986175115208
5253,TCV21_5253_coverage_strength_A1,telecom_v2_development,coverage_strength,1,0,2.494154594018443,2.531478917042255,4,0.21658986175115208
5253,TCV21_5253_coverage_limitation_A0,telecom_v2_development,coverage_limitation,0,0,2.494154594018443,2.5563025007672873,4,0.17050691244239632
5253,TCV21_5253_coverage_limitation_A1,telecom_v2_development,coverage_limitation,1,0,2.494154594018443,2.5563025007672873,4,0.17050691244239632
5254,TCV21_5254_verification_gap_A0,telecom_v2_development,verification_gap,0,0,2.9731278535996988,3.0,4,0.15966386554621848
5254,TCV21_5254_verification_gap_A1,telecom_v2_development,verification_gap,1,0,2.9731278535996988,3.0,4,0.15966386554621848
5256,TCV21_5256_verification_gap_A0,telecom_v2_development,verification_gap,0,0,1.8260748027008264,1.863322860120456,4,0.0759493670886076
5256,TCV21_5256_verification_gap_A1,telecom_v2_development,verification_gap,1,1,1.7781512503836436,1.8129133566428555,4,0.17721518987341772
5264,TCV21_5264_verification_gap_A0,telecom_v2_development,verification_gap,0,0,1.6901960800285136,1.7323937598229686,4,0.03571428571428571
5264,TCV21_5264_verification_gap_A1,telecom_v2_development,verification_gap,1,0,1.6532125137753437,1.6901960800285136,5,0.03571428571428571
5500,TCV21_5500_coverage_limitation_A0,telecom_v2_development,coverage_limitation,0,0,3.9777236052888476,3.99563519459755,8,0.14478230822391155
5500,TCV21_5500_coverage_limitation_A1,telecom_v2_development,coverage_limitation,1,1,3.9777236052888476,3.9925093350677754,5,0.15091568762957844
5515,TCV21_5515_verification_gap_A0,telecom_v2_development,verification_gap,0,0,3.929418925714293,3.9568884546500773,10,0.2177781617138908
5515,TCV21_5515_verification_gap_A1,telecom_v2_development,verification_gap,1,0,3.929418925714293,3.9777236052888476,6,0.1793365583966828
5515,TCV21_5515_coverage_strength_A0,telecom_v2_development,coverage_strength,0,0,3.929418925714293,3.9525018478630236,9,0.2177781617138908
5515,TCV21_5515_coverage_strength_A1,telecom_v2_development,coverage_strength,1,0,3.9525018478630236,3.9777236052888476,4,0.1793365583966828
5515,TCV21_5515_coverage_limitation_A0,telecom_v2_development,coverage_limitation,0,0,3.929418925714293,3.9525018478630236,9,0.2177781617138908
5515,TCV21_5515_coverage_limitation_A1,telecom_v2_development,coverage_limitation,1,0,3.929418925714293,3.949390006644913,7,0.2177781617138908
5535,TCV21_5535_verification_gap_A0,telecom_v2_development,verification_gap,0,0,3.9542425094393248,4.021189299069938,6,0.15411262386208008
5535,TCV21_5535_verification_gap_A1,telecom_v2_development,verification_gap,1,0,3.9030899869919438,4.021189299069938,6,0.15411262386208008
5552,TCV21_5552_coverage_strength_A0,telecom_v2_development,coverage_strength,0,0,4.0024252646779015,4.021189299069938,4,0.15973111395646608
5552,TCV21_5552_coverage_strength_A1,telecom_v2_development,coverage_strength,1,0,4.0024252646779015,4.021189299069938,4,0.15973111395646608
5552,TCV21_5552_integration_burden_A0,telecom_v2_development,integration_burden,0,1,4.0024252646779015,4.0024252646779015,3,0.19526248399487836
5552,TCV21_5552_integration_burden_A1,telecom_v2_development,integration_burden,1,1,3.9777236052888476,4.0,5,0.1997439180537772
5557,TCV21_5557_coverage_limitation_A0,telecom_v2_development,coverage_limitation,0,0,3.958229314188382,4.0,4,0.17817225509533202
5557,TCV21_5557_coverage_limitation_A1,telecom_v2_development,coverage_limitation,1,0,3.958229314188382,3.9777236052888476,4,0.21926364234056542
6146,TCV21_6146_coverage_strength_A0,telecom_v2_development,coverage_strength,0,1,0.0,0.0,3,0.0
6146,TCV21_6146_coverage_strength_A1,telecom_v2_development,coverage_strength,1,1,0.0,0.0,3,0.0
6146,TCV21_6146_coverage_limitation_A0,telecom_v2_development,coverage_limitation,0,1,0.0,0.0,3,0.0
6146,TCV21_6146_coverage_limitation_A1,telecom_v2_development,coverage_limitation,1,1,0.0,0.0,3,0.0
6147,TCV21_6147_verification_gap_A0,telecom_v2_development,verification_gap,0,1,0.0,0.0,3,0.0
6147,TCV21_6147_verification_gap_A1,telecom_v2_development,verification_gap,1,1,0.0,0.0,3,0.0
6147,TCV21_6147_integration_burden_A0,telecom_v2_development,integration_burden,0,1,0.0,0.0,3,0.0
6147,TCV21_6147_integration_burden_A1,telecom_v2_development,integration_burden,1,1,0.0,0.0,3,0.0
6147,TCV21_6147_governance_risk_A0,telecom_v2_development,governance_risk,0,1,0.0,0.0,3,0.0
6147,TCV21_6147_governance_risk_A1,telecom_v2_development,governance_risk,1,1,0.0,0.0,3,0.0
6148,TCV21_6148_verification_gap_A0,telecom_v2_development,verification_gap,0,1,0.0,0.0,3,0.0
6148,TCV21_6148_verification_gap_A1,telecom_v2_development,verification_gap,1,1,0.0,0.0,3,0.0
6148,TCV21_6148_governance_risk_A0,telecom_v2_development,governance_risk,0,1,0.0,0.0,3,0.0
6148,TCV21_6148_governance_risk_A1,telecom_v2_development,governance_risk,1,1,0.0,0.0,3,0.0
6149,TCV21_6149_verification_gap_A0,telecom_v2_development,verification_gap,0,1,0.0,0.0,3,0.0
6149,TCV21_6149_verification_gap_A1,telecom_v2_development,verification_gap,1,1,0.0,0.0,3,0.0
6149,TCV21_6149_governance_risk_A0,telecom_v2_development,governance_risk,0,1,0.0,0.0,3,0.0
6149,TCV21_6149_governance_risk_A1,telecom_v2_development,governance_risk,1,1,0.0,0.0,3,0.0
6150,TCV21_6150_verification_gap_A0,telecom_v2_development,verification_gap,0,1,0.0,0.0,3,0.0
6150,TCV21_6150_verification_gap_A1,telecom_v2_development,verification_gap,1,1,0.0,0.0,3,0.0
6151,TCV21_6151_coverage_strength_A0,telecom_v2_development,coverage_strength,0,1,0.0,0.0,3,0.0
6151,TCV21_6151_coverage_strength_A1,telecom_v2_development,coverage_strength,1,1,0.0,0.0,3,0.0
6151,TCV21_6151_coverage_limitation_A0,telecom_v2_development,coverage_limitation,0,1,0.0,0.0,3,0.0
6151,TCV21_6151_coverage_limitation_A1,telecom_v2_development,coverage_limitation,1,1,0.0,0.0,3,0.0
6152,TCV21_6152_coverage_strength_A0,telecom_v2_development,coverage_strength,0,0,1.3979400086720377,1.5185139398778875,6,0.15384615384615385
6152,TCV21_6152_coverage_strength_A1,telecom_v2_development,coverage_strength,1,0,1.3979400086720377,1.5185139398778875,6,0.15384615384615385
6153,TCV21_6153_coverage_strength_A0,telecom_v2_development,coverage_strength,0,0,1.380211241711606,1.414973347970818,5,0.058823529411764705
6153,TCV21_6153_coverage_strength_A1,telecom_v2_development,coverage_strength,1,0,1.380211241711606,1.414973347970818,5,0.058823529411764705
6154,TCV21_6154_coverage_strength_A0,telecom_v2_development,coverage_strength,0,0,1.5314789170422551,1.6232492903979006,4,0.10638297872340426
6154,TCV21_6154_coverage_strength_A1,telecom_v2_development,coverage_strength,1,0,1.5314789170422551,1.6127838567197355,4,0.1276595744680851
6155,TCV21_6155_coverage_strength_A0,telecom_v2_development,coverage_strength,0,0,1.8512583487190752,1.9294189257142926,4,0.06593406593406594
6155,TCV21_6155_coverage_strength_A1,telecom_v2_development,coverage_strength,1,0,1.8512583487190752,1.9294189257142926,4,0.06593406593406594
6155,TCV21_6155_coverage_limitation_A0,telecom_v2_development,coverage_limitation,0,0,1.8512583487190752,1.9294189257142926,4,0.06593406593406594
6155,TCV21_6155_coverage_limitation_A1,telecom_v2_development,coverage_limitation,1,0,1.8129133566428555,1.8976270912904414,8,0.13186813186813187
6156,TCV21_6156_verification_gap_A0,telecom_v2_development,verification_gap,0,0,1.8388490907372552,1.954242509439325,4,0.0425531914893617
6156,TCV21_6156_verification_gap_A1,telecom_v2_development,verification_gap,1,0,1.8388490907372552,1.954242509439325,4,0.0425531914893617
6157,TCV21_6157_verification_gap_A0,telecom_v2_development,verification_gap,0,0,1.9294189257142926,2.12057393120585,6,0.07692307692307693
6157,TCV21_6157_verification_gap_A1,telecom_v2_development,verification_gap,1,0,1.9294189257142926,1.9590413923210936,5,0.07692307692307693
6157,TCV21_6157_coverage_limitation_A0,telecom_v2_development,coverage_limitation,0,0,1.9294189257142926,1.9590413923210936,5,0.07692307692307693
6157,TCV21_6157_coverage_limitation_A1,telecom_v2_development,coverage_limitation,1,0,1.9294189257142926,1.9590413923210936,5,0.07692307692307693
6170,TCV21_6170_verification_gap_A0,telecom_v2_development,verification_gap,0,1,0.0,0.0,3,0.0
6170,TCV21_6170_verification_gap_A1,telecom_v2_development,verification_gap,1,1,0.0,0.0,3,0.0
6171,TCV21_6171_verification_gap_A0,telecom_v2_development,verification_gap,0,1,0.0,0.0,3,0.0
6171,TCV21_6171_verification_gap_A1,telecom_v2_development,verification_gap,1,1,0.0,0.0,3,0.0
6171,TCV21_6171_coverage_limitation_A0,telecom_v2_development,coverage_limitation,0,1,0.0,0.0,3,0.0
6171,TCV21_6171_coverage_limitation_A1,telecom_v2_development,coverage_limitation,1,1,0.0,0.0,3,0.0
6172,TCV21_6172_coverage_limitation_A0,telecom_v2_development,coverage_limitation,0,1,0.0,0.0,3,0.0
6172,TCV21_6172_coverage_limitation_A1,telecom_v2_development,coverage_limitation,1,1,0.0,0.0,3,0.0
6173,TCV21_6173_verification_gap_A0,telecom_v2_development,verification_gap,0,1,0.0,0.0,3,0.0
6173,TCV21_6173_verification_gap_A1,telecom_v2_development,verification_gap,1,1,0.0,0.0,3,0.0
6173,TCV21_6173_coverage_limitation_A0,telecom_v2_development,coverage_limitation,0,1,0.0,0.0,3,0.0
6173,TCV21_6173_coverage_limitation_A1,telecom_v2_development,coverage_limitation,1,1,0.0,0.0,3,0.0
6174,TCV21_6174_verification_gap_A0,telecom_v2_development,verification_gap,0,1,0.0,0.0,3,0.0
6174,TCV21_6174_verification_gap_A1,telecom_v2_development,verification_gap,1,1,0.0,0.0,3,0.0
6174,TCV21_6174_coverage_limitation_A0,telecom_v2_development,coverage_limitation,0,1,0.0,0.0,3,0.0
6174,TCV21_6174_coverage_limitation_A1,telecom_v2_development,coverage_limitation,1,1,0.0,0.0,3,0.0
6175,TCV21_6175_verification_gap_A0,telecom_v2_development,verification_gap,0,1,0.0,0.0,3,0.0
6175,TCV21_6175_verification_gap_A1,telecom_v2_development,verification_gap,1,1,0.0,0.0,3,0.0
6175,TCV21_6175_coverage_limitation_A0,telecom_v2_development,coverage_limitation,0,1,0.0,0.0,3,0.0
6175,TCV21_6175_coverage_limitation_A1,telecom_v2_development,coverage_limitation,1,1,0.0,0.0,3,0.0
6176,TCV21_6176_verification_gap_A0,telecom_v2_development,verification_gap,0,0,1.5185139398778875,1.5440680443502757,4,0.10256410256410256
6176,TCV21_6176_verification_gap_A1,telecom_v2_development,verification_gap,1,1,1.4771212547196624,1.5185139398778875,6,0.15384615384615385
6176,TCV21_6176_coverage_limitation_A0,telecom_v2_development,coverage_limitation,0,1,1.4771212547196624,1.5185139398778875,6,0.15384615384615385
6176,TCV21_6176_coverage_limitation_A1,telecom_v2_development,coverage_limitation,1,1,1.4771212547196624,1.5185139398778875,6,0.15384615384615385
6177,TCV21_6177_verification_gap_A0,telecom_v2_development,verification_gap,0,0,1.6532125137753437,1.806179973983887,6,0.16883116883116883
6177,TCV21_6177_verification_gap_A1,telecom_v2_development,verification_gap,1,0,1.6532125137753437,1.806179973983887,6,0.16883116883116883
6177,TCV21_6177_coverage_limitation_A0,telecom_v2_development,coverage_limitation,0,0,1.6532125137753437,1.724275869600789,5,0.16883116883116883
6177,TCV21_6177_coverage_limitation_A1,telecom_v2_development,coverage_limitation,1,0,1.6532125137753437,1.806179973983887,6,0.16883116883116883
6178,TCV21_6178_coverage_limitation_A0,telecom_v2_development,coverage_limitation,0,0,1.5563025007672873,1.5797835966168101,4,0.11627906976744186
6178,TCV21_6178_coverage_limitation_A1,telecom_v2_development,coverage_limitation,1,0,1.5563025007672873,1.5797835966168101,4,0.11627906976744186
6179,TCV21_6179_verification_gap_A0,telecom_v2_development,verification_gap,0,0,2.2227164711475833,2.278753600952829,4,0.13636363636363635
6179,TCV21_6179_verification_gap_A1,telecom_v2_development,verification_gap,1,0,2.1760912590556813,2.250420002308894,6,0.19090909090909092
6179,TCV21_6179_coverage_limitation_A0,telecom_v2_development,coverage_limitation,0,0,2.1760912590556813,2.2671717284030137,6,0.1590909090909091
6179,TCV21_6179_coverage_limitation_A1,telecom_v2_development,coverage_limitation,1,0,2.1760912590556813,2.250420002308894,6,0.19090909090909092
6180,TCV21_6180_coverage_strength_A0,telecom_v2_development,coverage_strength,0,0,2.3944516808262164,2.5185139398778875,4,0.0625
6180,TCV21_6180_coverage_strength_A1,telecom_v2_development,coverage_strength,1,0,2.3944516808262164,2.5185139398778875,4,0.0625
6180,TCV21_6180_coverage_limitation_A0,telecom_v2_development,coverage_limitation,0,0,2.3944516808262164,2.5185139398778875,4,0.0625
6180,TCV21_6180_coverage_limitation_A1,telecom_v2_development,coverage_limitation,1,0,2.342422680822206,2.4913616938342726,6,0.11931818181818182
6181,TCV21_6181_coverage_strength_A0,telecom_v2_development,coverage_strength,0,0,1.3424226808222062,1.4471580313422192,6,0.28205128205128205
6181,TCV21_6181_coverage_strength_A1,telecom_v2_development,coverage_strength,1,0,1.3424226808222062,1.4471580313422192,6,0.28205128205128205
6240,TCV21_6240_verification_gap_A0,telecom_v2_development,verification_gap,0,1,0.9542425094393249,1.0,5,0.23076923076923078
6240,TCV21_6240_verification_gap_A1,telecom_v2_development,verification_gap,1,1,0.9542425094393249,1.0,5,0.23076923076923078
6240,TCV21_6240_coverage_strength_A0,telecom_v2_development,coverage_strength,0,1,0.9542425094393249,1.0,5,0.23076923076923078
6240,TCV21_6240_coverage_strength_A1,telecom_v2_development,coverage_strength,1,1,0.9542425094393249,1.0,5,0.23076923076923078
6240,TCV21_6240_governance_risk_A0,telecom_v2_development,governance_risk,0,1,0.9542425094393249,1.0,5,0.23076923076923078
6240,TCV21_6240_governance_risk_A1,telecom_v2_development,governance_risk,1,1,0.9542425094393249,1.0,5,0.23076923076923078
6241,TCV21_6241_verification_gap_A0,telecom_v2_development,verification_gap,0,1,0.0,0.0,3,0.0
6241,TCV21_6241_verification_gap_A1,telecom_v2_development,verification_gap,1,1,0.0,0.0,3,0.0
6241,TCV21_6241_coverage_strength_A0,telecom_v2_development,coverage_strength,0,1,0.0,0.0,3,0.0
6241,TCV21_6241_coverage_strength_A1,telecom_v2_development,coverage_strength,1,1,0.0,0.0,3,0.0
6241,TCV21_6241_governance_risk_A0,telecom_v2_development,governance_risk,0,1,0.0,0.0,3,0.0
6241,TCV21_6241_governance_risk_A1,telecom_v2_development,governance_risk,1,1,0.0,0.0,3,0.0
6242,TCV21_6242_verification_gap_A0,telecom_v2_development,verification_gap,0,1,0.9030899869919435,0.9030899869919435,3,0.3333333333333333
6242,TCV21_6242_verification_gap_A1,telecom_v2_development,verification_gap,1,1,0.9030899869919435,0.9030899869919435,3,0.3333333333333333
6242,TCV21_6242_coverage_strength_A0,telecom_v2_development,coverage_strength,0,1,0.9030899869919435,0.9030899869919435,3,0.3333333333333333
6242,TCV21_6242_coverage_strength_A1,telecom_v2_development,coverage_strength,1,1,0.9030899869919435,0.9030899869919435,3,0.3333333333333333
6242,TCV21_6242_governance_risk_A0,telecom_v2_development,governance_risk,0,1,0.9030899869919435,0.9030899869919435,3,0.3333333333333333
6242,TCV21_6242_governance_risk_A1,telecom_v2_development,governance_risk,1,1,0.9030899869919435,0.9030899869919435,3,0.3333333333333333
6243,TCV21_6243_verification_gap_A0,telecom_v2_development,verification_gap,0,0,0.9030899869919435,0.9542425094393249,5,0.07692307692307693
6243,TCV21_6243_verification_gap_A1,telecom_v2_development,verification_gap,1,0,0.9030899869919435,0.9542425094393249,5,0.07692307692307693
6243,TCV21_6243_coverage_strength_A0,telecom_v2_development,coverage_strength,0,0,0.9030899869919435,0.9542425094393249,5,0.07692307692307693
6243,TCV21_6243_coverage_strength_A1,telecom_v2_development,coverage_strength,1,0,0.9030899869919435,0.9542425094393249,5,0.07692307692307693
6244,TCV21_6244_verification_gap_A0,telecom_v2_development,verification_gap,0,0,1.414973347970818,1.5440680443502757,6,0.14634146341463414
6244,TCV21_6244_verification_gap_A1,telecom_v2_development,verification_gap,1,0,1.414973347970818,1.5440680443502757,6,0.14634146341463414
6244,TCV21_6244_coverage_strength_A0,telecom_v2_development,coverage_strength,0,0,1.414973347970818,1.5563025007672873,6,0.12195121951219512
6244,TCV21_6244_coverage_strength_A1,telecom_v2_development,coverage_strength,1,0,1.414973347970818,1.5440680443502757,6,0.14634146341463414
6244,TCV21_6244_governance_risk_A0,telecom_v2_development,governance_risk,0,0,1.414973347970818,1.5440680443502757,6,0.14634146341463414
6244,TCV21_6244_governance_risk_A1,telecom_v2_development,governance_risk,1,0,1.414973347970818,1.5440680443502757,6,0.14634146341463414
6245,TCV21_6245_verification_gap_A0,telecom_v2_development,verification_gap,0,1,1.380211241711606,1.414973347970818,5,0.23529411764705882
6245,TCV21_6245_verification_gap_A1,telecom_v2_development,verification_gap,1,1,1.380211241711606,1.414973347970818,5,0.23529411764705882
6245,TCV21_6245_coverage_strength_A0,telecom_v2_development,coverage_strength,0,1,1.380211241711606,1.414973347970818,5,0.23529411764705882
6245,TCV21_6245_coverage_strength_A1,telecom_v2_development,coverage_strength,1,1,1.380211241711606,1.414973347970818,5,0.23529411764705882
6245,TCV21_6245_governance_risk_A0,telecom_v2_development,governance_risk,0,1,1.3424226808222062,1.414973347970818,6,0.23529411764705882
6245,TCV21_6245_governance_risk_A1,telecom_v2_development,governance_risk,1,1,1.3424226808222062,1.414973347970818,5,0.23529411764705882
6246,TCV21_6246_verification_gap_A0,telecom_v2_development,verification_gap,0,0,1.4771212547196624,1.6532125137753437,6,0.23728813559322035
6246,TCV21_6246_verification_gap_A1,telecom_v2_development,verification_gap,1,0,1.5440680443502757,1.6532125137753437,6,0.23728813559322035
6246,TCV21_6246_coverage_strength_A0,telecom_v2_development,coverage_strength,0,0,1.5440680443502757,1.6532125137753437,6,0.23728813559322035
6246,TCV21_6246_coverage_strength_A1,telecom_v2_development,coverage_strength,1,0,1.5440680443502757,1.6532125137753437,6,0.23728813559322035
6326,TCV21_6326_coverage_limitation_A0,telecom_v2_development,coverage_limitation,0,0,2.681241237375587,2.7075701760979363,6,0.2225609756097561
6326,TCV21_6326_coverage_limitation_A1,telecom_v2_development,coverage_limitation,1,0,2.7015679850559273,2.7323937598229686,4,0.17682926829268292
6327,TCV21_6327_verification_gap_A0,telecom_v2_development,verification_gap,0,0,2.705007959333336,2.7323937598229686,4,0.17682926829268292
6327,TCV21_6327_verification_gap_A1,telecom_v2_development,verification_gap,1,0,2.681241237375587,2.716003343634799,6,0.2073170731707317
6327,TCV21_6327_coverage_limitation_A0,telecom_v2_development,coverage_limitation,0,0,2.705007959333336,2.7323937598229686,4,0.17682926829268292
6327,TCV21_6327_coverage_limitation_A1,telecom_v2_development,coverage_limitation,1,0,2.705007959333336,2.7323937598229686,4,0.17682926829268292
6328,TCV21_6328_verification_gap_A0,telecom_v2_development,verification_gap,0,1,0.0,0.0,3,0.0
6328,TCV21_6328_verification_gap_A1,telecom_v2_development,verification_gap,1,1,0.0,0.0,3,0.0
6328,TCV21_6328_coverage_limitation_A0,telecom_v2_development,coverage_limitation,0,1,0.0,0.0,3,0.0
6328,TCV21_6328_coverage_limitation_A1,telecom_v2_development,coverage_limitation,1,1,0.0,0.0,3,0.0
6329,TCV21_6329_verification_gap_A0,telecom_v2_development,verification_gap,0,0,2.4771212547196626,2.5563025007672873,6,0.06493506493506493
6329,TCV21_6329_verification_gap_A1,telecom_v2_development,verification_gap,1,0,2.4771212547196626,2.5563025007672873,6,0.06493506493506493
6329,TCV21_6329_coverage_limitation_A0,telecom_v2_development,coverage_limitation,0,0,2.4771212547196626,2.5563025007672873,6,0.06493506493506493
6329,TCV21_6329_coverage_limitation_A1,telecom_v2_development,coverage_limitation,1,0,2.4771212547196626,2.5563025007672873,6,0.06493506493506493
6330,TCV21_6330_verification_gap_A0,telecom_v2_development,verification_gap,0,0,2.4683473304121573,2.568201724066995,4,0.03896103896103896
6330,TCV21_6330_verification_gap_A1,telecom_v2_development,verification_gap,1,0,2.4471580313422194,2.5477747053878224,6,0.08311688311688312
6330,TCV21_6330_coverage_strength_A0,telecom_v2_development,coverage_strength,0,0,2.4471580313422194,2.5563025007672873,6,0.06493506493506493
6330,TCV21_6330_coverage_strength_A1,telecom_v2_development,coverage_strength,1,0,2.4683473304121573,2.568201724066995,4,0.03896103896103896
6330,TCV21_6330_coverage_limitation_A0,telecom_v2_development,coverage_limitation,0,0,2.4471580313422194,2.5477747053878224,6,0.08311688311688312
6330,TCV21_6330_coverage_limitation_A1,telecom_v2_development,coverage_limitation,1,0,2.4471580313422194,2.5477747053878224,6,0.08311688311688312
6830,TCV21_6830_verification_gap_A0,telecom_v2_development,verification_gap,0,0,2.4668676203541096,2.531478917042255,4,0.13486005089058525
6830,TCV21_6830_verification_gap_A1,telecom_v2_development,verification_gap,1,0,2.4668676203541096,2.531478917042255,4,0.13486005089058525
6831,TCV21_6831_verification_gap_A0,telecom_v2_development,verification_gap,0,1,2.9542425094393248,2.9827233876685453,5,0.24509033778476041
6831,TCV21_6831_verification_gap_A1,telecom_v2_development,verification_gap,1,1,2.9542425094393248,2.9827233876685453,5,0.24509033778476041
6831,TCV21_6831_coverage_strength_A0,telecom_v2_development,coverage_strength,0,1,2.9542425094393248,2.9827233876685453,5,0.24509033778476041
6831,TCV21_6831_coverage_strength_A1,telecom_v2_development,coverage_strength,1,0,2.9777236052888476,3.0,6,0.21445404556166536
6831,TCV21_6831_coverage_limitation_A0,telecom_v2_development,coverage_limitation,0,1,2.9542425094393248,2.9827233876685453,5,0.24509033778476041
6831,TCV21_6831_coverage_limitation_A1,telecom_v2_development,coverage_limitation,1,0,2.9542425094393248,3.0,6,0.21445404556166536
6832,TCV21_6832_coverage_strength_A0,telecom_v2_development,coverage_strength,0,0,3.0017337128090005,3.0718820073061255,4,0.08950617283950617
6832,TCV21_6832_coverage_strength_A1,telecom_v2_development,coverage_strength,1,0,3.0017337128090005,3.0718820073061255,4,0.08950617283950617
6832,TCV21_6832_integration_burden_A0,telecom_v2_development,integration_burden,0,0,3.0017337128090005,3.0515383905153275,4,0.13117283950617284
6832,TCV21_6832_integration_burden_A1,telecom_v2_development,integration_burden,1,0,3.0017337128090005,3.0718820073061255,4,0.08950617283950617
6833,TCV21_6833_verification_gap_A0,telecom_v2_development,verification_gap,0,0,2.3944516808262164,2.531478917042255,4,0.13486005089058525
6833,TCV21_6833_verification_gap_A1,telecom_v2_development,verification_gap,1,0,2.3944516808262164,2.505149978319906,4,0.18575063613231552
6833,TCV21_6833_coverage_strength_A0,telecom_v2_development,coverage_strength,0,0,2.3944516808262164,2.505149978319906,4,0.18575063613231552
6833,TCV21_6833_coverage_strength_A1,telecom_v2_development,coverage_strength,1,0,2.3944516808262164,2.505149978319906,4,0.18575063613231552
6834,TCV21_6834_verification_gap_A0,telecom_v2_development,verification_gap,0,0,2.3443922736851106,2.45484486000851,4,0.10658307210031348
6834,TCV21_6834_verification_gap_A1,telecom_v2_development,verification_gap,1,0,2.3010299956639813,2.4149733479708178,6,0.18495297805642633
6834,TCV21_6834_coverage_strength_A0,telecom_v2_development,coverage_strength,0,0,2.3010299956639813,2.4149733479708178,6,0.18495297805642633
6834,TCV21_6834_coverage_strength_A1,telecom_v2_development,coverage_strength,1,0,2.3443922736851106,2.45484486000851,4,0.10658307210031348
6835,TCV21_6835_verification_gap_A0,telecom_v2_development,verification_gap,0,0,2.3201462861110542,2.45484486000851,4,0.11214953271028037
6835,TCV21_6835_verification_gap_A1,telecom_v2_development,verification_gap,1,0,2.3201462861110542,2.45484486000851,4,0.11214953271028037
6835,TCV21_6835_coverage_strength_A0,telecom_v2_development,coverage_strength,0,0,2.3201462861110542,2.45484486000851,4,0.11214953271028037
6835,TCV21_6835_coverage_strength_A1,telecom_v2_development,coverage_strength,1,0,2.3201462861110542,2.45484486000851,4,0.11214953271028037
6835,TCV21_6835_coverage_limitation_A0,telecom_v2_development,coverage_limitation,0,0,2.3201462861110542,2.45484486000851,4,0.11214953271028037
6835,TCV21_6835_coverage_limitation_A1,telecom_v2_development,coverage_limitation,1,0,2.3201462861110542,2.45484486000851,4,0.11214953271028037
6836,TCV21_6836_verification_gap_A0,telecom_v2_development,verification_gap,0,0,2.3242824552976926,2.462397997898956,4,0.1021671826625387
6836,TCV21_6836_verification_gap_A1,telecom_v2_development,verification_gap,1,0,2.3242824552976926,2.3944516808262164,4,0.23219814241486067
6836,TCV21_6836_coverage_strength_A0,telecom_v2_development,coverage_strength,0,0,2.3242824552976926,2.3944516808262164,4,0.23219814241486067
6836,TCV21_6836_coverage_strength_A1,telecom_v2_development,coverage_strength,1,0,2.3242824552976926,2.3944516808262164,4,0.23219814241486067
6837,TCV21_6837_verification_gap_A0,telecom_v2_development,verification_gap,0,0,3.3900514964589874,3.4149733479708178,4,0.08418457203240577
6837,TCV21_6837_verification_gap_A1,telecom_v2_development,verification_gap,1,0,3.3900514964589874,3.3979400086720375,4,0.11940824233885171
6837,TCV21_6837_coverage_limitation_A0,telecom_v2_development,coverage_limitation,0,0,3.3900514964589874,3.4149733479708178,4,0.08418457203240577
6837,TCV21_6837_coverage_limitation_A1,telecom_v2_development,coverage_limitation,1,0,3.3900514964589874,3.4149733479708178,4,0.08418457203240577
6838,TCV21_6838_verification_gap_A0,telecom_v2_development,verification_gap,0,0,2.6989700043360187,2.8494194137968996,6,0.0598404255319149
6838,TCV21_6838_verification_gap_A1,telecom_v2_development,verification_gap,1,0,2.6989700043360187,2.7331972651065692,5,0.0598404255319149
6838,TCV21_6838_coverage_limitation_A0,telecom_v2_development,coverage_limitation,0,0,2.7331972651065692,2.8494194137968996,4,0.0598404255319149
6838,TCV21_6838_coverage_limitation_A1,telecom_v2_development,coverage_limitation,1,0,2.6989700043360187,2.7331972651065692,5,0.0598404255319149
6839,TCV21_6839_coverage_strength_A0,telecom_v2_development,coverage_strength,0,1,2.9777236052888476,2.989004615698537,5,0.26024279210925644
6839,TCV21_6839_coverage_strength_A1,telecom_v2_development,coverage_strength,1,0,2.9934362304976116,3.0211892990699383,4,0.20333839150227617
6839,TCV21_6839_coverage_limitation_A0,telecom_v2_development,coverage_limitation,0,0,2.9542425094393248,3.0,6,0.24127465857359637
6839,TCV21_6839_coverage_limitation_A1,telecom_v2_development,coverage_limitation,1,1,2.9777236052888476,2.9934362304976116,5,0.2526555386949924
6839,TCV21_6839_integration_burden_A0,telecom_v2_development,integration_burden,0,1,2.9777236052888476,2.9934362304976116,6,0.2526555386949924
6839,TCV21_6839_integration_burden_A1,telecom_v2_development,integration_burden,1,0,2.9542425094393248,3.0086001717619175,6,0.22610015174506828
6840,TCV21_6840_coverage_strength_A0,telecom_v2_development,coverage_strength,0,0,2.9542425094393248,3.130333768495006,6,0.08412483039348712
6840,TCV21_6840_coverage_strength_A1,telecom_v2_development,coverage_strength,1,0,3.0060379549973173,3.146128035678238,4,0.050203527815468114
6840,TCV21_6840_coverage_limitation_A0,telecom_v2_development,coverage_limitation,0,0,2.9542425094393248,3.130333768495006,6,0.08412483039348712
6840,TCV21_6840_coverage_limitation_A1,telecom_v2_development,coverage_limitation,1,0,2.9542425094393248,3.123851640967086,8,0.09769335142469471
6841,TCV21_6841_coverage_strength_A0,telecom_v2_development,coverage_strength,0,0,3.0362295440862948,3.0755469613925306,4,0.1326530612244898
6841,TCV21_6841_coverage_strength_A1,telecom_v2_development,coverage_strength,1,0,3.0362295440862948,3.0755469613925306,4,0.1326530612244898
6841,TCV21_6841_coverage_limitation_A0,telecom_v2_development,coverage_limitation,0,0,3.0362295440862948,3.0755469613925306,4,0.1326530612244898
6841,TCV21_6841_coverage_limitation_A1,telecom_v2_development,coverage_limitation,1,0,3.0362295440862948,3.0755469613925306,4,0.1326530612244898
6842,TCV21_6842_verification_gap_A0,telecom_v2_development,verification_gap,0,0,3.024895960107485,3.1522883443830563,4,0.036635006784260515
6842,TCV21_6842_verification_gap_A1,telecom_v2_development,verification_gap,1,0,3.024895960107485,3.144574207609616,4,0.05359565807327001
6842,TCV21_6842_coverage_strength_A0,telecom_v2_development,coverage_strength,0,0,3.024895960107485,3.144574207609616,4,0.05359565807327001
6842,TCV21_6842_coverage_strength_A1,telecom_v2_development,coverage_strength,1,0,3.024895960107485,3.143014800254095,4,0.05698778833107191
6843,TCV21_6843_verification_gap_A0,telecom_v2_development,verification_gap,0,0,3.0461047872460387,3.155336037465062,4,0.029850746268656716
6843,TCV21_6843_verification_gap_A1,telecom_v2_development,verification_gap,1,0,3.041392685158225,3.155336037465062,6,0.029850746268656716
6843,TCV21_6843_coverage_strength_A0,telecom_v2_development,coverage_strength,0,0,3.0461047872460387,3.155336037465062,4,0.029850746268656716
6843,TCV21_6843_coverage_strength_A1,telecom_v2_development,coverage_strength,1,0,3.041392685158225,3.0461047872460387,5,0.029850746268656716
6844,TCV21_6844_verification_gap_A0,telecom_v2_development,verification_gap,0,0,2.5276299008713385,2.5440680443502757,4,0.10941475826972011
6844,TCV21_6844_verification_gap_A1,telecom_v2_development,verification_gap,1,0,2.5276299008713385,2.568201724066995,4,0.058524173027989825
6844,TCV21_6844_coverage_strength_A0,telecom_v2_development,coverage_strength,0,0,2.5276299008713385,2.5622928644564746,4,0.07124681933842239
6844,TCV21_6844_coverage_strength_A1,telecom_v2_development,coverage_strength,1,0,2.5276299008713385,2.5622928644564746,4,0.07124681933842239
6845,TCV21_6845_coverage_strength_A0,telecom_v2_development,coverage_strength,0,0,2.9542425094393248,3.1261314072619846,6,0.0557909604519774
6845,TCV21_6845_coverage_strength_A1,telecom_v2_development,coverage_strength,1,0,2.9542425094393248,2.975431808509263,5,0.0557909604519774
6846,TCV21_6846_verification_gap_A0,telecom_v2_development,verification_gap,0,0,3.0523090996473234,3.0718820073061255,4,0.1047040971168437
6846,TCV21_6846_verification_gap_A1,telecom_v2_development,verification_gap,1,1,3.0523090996473234,3.0523090996473234,4,0.1441578148710167
6846,TCV21_6846_governance_risk_A0,telecom_v2_development,governance_risk,0,0,3.0523090996473234,3.0718820073061255,4,0.1047040971168437
6846,TCV21_6846_governance_risk_A1,telecom_v2_development,governance_risk,1,0,3.0523090996473234,3.0718820073061255,4,0.1047040971168437
6848,TCV21_6848_verification_gap_A0,telecom_v2_development,verification_gap,0,0,2.496929648073215,2.568201724066995,4,0.058524173027989825
6848,TCV21_6848_verification_gap_A1,telecom_v2_development,verification_gap,1,0,2.496929648073215,2.568201724066995,4,0.058524173027989825
6849,TCV21_6849_verification_gap_A0,telecom_v2_development,verification_gap,0,0,2.3010299956639813,2.4183012913197452,6,0.18885448916408668
6849,TCV21_6849_verification_gap_A1,telecom_v2_development,verification_gap,1,0,2.3010299956639813,2.4183012913197452,6,0.18885448916408668
6849,TCV21_6849_coverage_strength_A0,telecom_v2_development,coverage_strength,0,0,2.3010299956639813,2.4183012913197452,6,0.18885448916408668
6849,TCV21_6849_coverage_strength_A1,telecom_v2_development,coverage_strength,1,0,2.3443922736851106,2.4183012913197452,4,0.18885448916408668
6850,TCV21_6850_coverage_strength_A0,telecom_v2_development,coverage_strength,0,0,2.383815365980431,2.4771212547196626,4,0.05956112852664577
6850,TCV21_6850_coverage_strength_A1,telecom_v2_development,coverage_strength,1,0,2.383815365980431,2.4771212547196626,4,0.05956112852664577
6851,TCV21_6851_coverage_strength_A0,telecom_v2_development,coverage_strength,0,0,3.52270499273475,3.591064607026499,4,0.1220171094101756
6851,TCV21_6851_coverage_strength_A1,telecom_v2_development,coverage_strength,1,0,3.52270499273475,3.57978359661681,4,0.14452949122017109
6852,TCV21_6852_verification_gap_A0,telecom_v2_development,verification_gap,0,0,3.011993114659257,3.0718820073061255,4,0.07305577376276512
6852,TCV21_6852_verification_gap_A1,telecom_v2_development,verification_gap,1,0,3.011993114659257,3.0718820073061255,4,0.07305577376276512
6852,TCV21_6852_coverage_strength_A0,telecom_v2_development,coverage_strength,0,0,3.011993114659257,3.060697840353612,4,0.09662215239591516
6852,TCV21_6852_coverage_strength_A1,telecom_v2_development,coverage_strength,1,0,3.011993114659257,3.0718820073061255,4,0.07305577376276512
6853,TCV21_6853_verification_gap_A0,telecom_v2_development,verification_gap,0,0,2.788875115775417,2.806179973983887,4,0.14893617021276595
6853,TCV21_6853_verification_gap_A1,telecom_v2_development,verification_gap,1,0,2.788875115775417,2.806179973983887,4,0.14893617021276595
6853,TCV21_6853_coverage_strength_A0,telecom_v2_development,coverage_strength,0,0,2.788875115775417,2.806179973983887,4,0.14893617021276595
6853,TCV21_6853_coverage_strength_A1,telecom_v2_development,coverage_strength,1,0,2.788875115775417,2.8195439355418688,4,0.12234042553191489
6854,TCV21_6854_verification_gap_A0,telecom_v2_development,verification_gap,0,0,2.783903579272735,2.8920946026904804,4,0.04411764705882353
6854,TCV21_6854_verification_gap_A1,telecom_v2_development,verification_gap,1,0,2.783903579272735,2.8976270912904414,4,0.031862745098039214
6854,TCV21_6854_coverage_strength_A0,telecom_v2_development,coverage_strength,0,0,2.783903579272735,2.8808135922807914,4,0.06862745098039216
6854,TCV21_6854_coverage_strength_A1,telecom_v2_development,coverage_strength,1,0,2.783903579272735,2.8920946026904804,4,0.04411764705882353
6855,TCV21_6855_verification_gap_A0,telecom_v2_development,verification_gap,0,0,2.7781512503836434,2.832508912706236,6,0.15
6855,TCV21_6855_verification_gap_A1,telecom_v2_development,verification_gap,1,0,2.7781512503836434,2.832508912706236,6,0.15
6855,TCV21_6855_coverage_strength_A0,telecom_v2_development,coverage_strength,0,0,2.7781512503836434,2.845098040014257,6,0.125
6855,TCV21_6855_coverage_strength_A1,telecom_v2_development,coverage_strength,1,0,2.8000293592441343,2.8808135922807914,4,0.05
6856,TCV21_6856_verification_gap_A0,telecom_v2_development,verification_gap,0,0,2.9542425094393248,3.113943352306837,6,0.11804613297150611
6856,TCV21_6856_verification_gap_A1,telecom_v2_development,verification_gap,1,0,2.9542425094393248,3.1085650237328344,8,0.12890094979647218
6856,TCV21_6856_coverage_strength_A0,telecom_v2_development,coverage_strength,0,0,2.9542425094393248,3.1085650237328344,6,0.12890094979647218
6856,TCV21_6856_coverage_strength_A1,telecom_v2_development,coverage_strength,1,0,2.9542425094393248,2.9786369483844743,7,0.12890094979647218
6858,TCV21_6858_coverage_strength_A0,telecom_v2_development,coverage_strength,0,0,2.380211241711606,2.4771212547196626,4,0.14285714285714285
6858,TCV21_6858_coverage_strength_A1,telecom_v2_development,coverage_strength,1,0,2.380211241711606,2.4771212547196626,4,0.14285714285714285
6858,TCV21_6858_integration_burden_A0,telecom_v2_development,integration_burden,0,0,2.380211241711606,2.4771212547196626,4,0.14285714285714285
6858,TCV21_6858_integration_burden_A1,telecom_v2_development,integration_burden,1,0,2.342422680822206,2.45484486000851,6,0.18571428571428572
6859,TCV21_6859_verification_gap_A0,telecom_v2_development,verification_gap,0,0,2.806179973983887,2.832508912706236,4,0.14465408805031446
6859,TCV21_6859_verification_gap_A1,telecom_v2_development,verification_gap,1,0,2.806179973983887,2.845098040014257,4,0.11949685534591195
6859,TCV21_6859_coverage_strength_A0,telecom_v2_development,coverage_strength,0,0,2.806179973983887,2.845098040014257,4,0.11949685534591195
6859,TCV21_6859_coverage_strength_A1,telecom_v2_development,coverage_strength,1,0,2.806179973983887,2.845098040014257,4,0.11949685534591195
6859,TCV21_6859_integration_burden_A0,telecom_v2_development,integration_burden,0,0,2.806179973983887,2.845098040014257,4,0.11949685534591195
6859,TCV21_6859_integration_burden_A1,telecom_v2_development,integration_burden,1,0,2.806179973983887,2.845098040014257,4,0.11949685534591195
6860,TCV21_6860_verification_gap_A0,telecom_v2_development,verification_gap,0,0,2.8169038393756605,2.832508912706236,4,0.14465408805031446
6860,TCV21_6860_verification_gap_A1,telecom_v2_development,verification_gap,1,0,2.8169038393756605,2.832508912706236,4,0.14465408805031446
6860,TCV21_6860_integration_burden_A0,telecom_v2_development,integration_burden,0,0,2.8169038393756605,2.832508912706236,4,0.14465408805031446
6860,TCV21_6860_integration_burden_A1,telecom_v2_development,integration_burden,1,0,2.806179973983887,2.832508912706236,6,0.14465408805031446
6861,TCV21_6861_verification_gap_A0,telecom_v2_development,verification_gap,0,0,3.0342272607705505,3.060697840353612,4,0.18785310734463276
6861,TCV21_6861_verification_gap_A1,telecom_v2_development,verification_gap,1,0,3.0342272607705505,3.060697840353612,4,0.18785310734463276
6862,TCV21_6862_verification_gap_A0,telecom_v2_development,verification_gap,0,0,3.0791812460476247,3.1222158782728267,6,0.06094968107725018
6862,TCV21_6862_verification_gap_A1,telecom_v2_development,verification_gap,1,0,3.060697840353612,3.118264726089479,8,0.06945428773919206
6862,TCV21_6862_integration_burden_A0,telecom_v2_development,integration_burden,0,0,3.0791812460476247,3.118264726089479,6,0.06945428773919206
6862,TCV21_6862_integration_burden_A1,telecom_v2_development,integration_burden,1,0,3.060697840353612,3.0827853703164503,7,0.06945428773919206
6863,TCV21_6863_integration_burden_A0,telecom_v2_development,integration_burden,0,0,2.9542425094393248,3.094471128641645,6,0.11906449326718639
6863,TCV21_6863_integration_burden_A1,telecom_v2_development,integration_burden,1,0,3.0073209529227447,3.12057393120585,4,0.06449326718639263
6863,TCV21_6863_governance_risk_A0,telecom_v2_development,governance_risk,0,0,3.0073209529227447,3.094471128641645,4,0.11906449326718639
6863,TCV21_6863_governance_risk_A1,telecom_v2_development,governance_risk,1,0,2.9542425094393248,3.094471128641645,6,0.11906449326718639
6864,TCV21_6864_governance_risk_A0,telecom_v2_development,governance_risk,0,0,2.845098040014257,2.9444826721501687,5,0.046296296296296294
6864,TCV21_6864_governance_risk_A1,telecom_v2_development,governance_risk,1,0,2.929418925714293,2.9444826721501687,5,0.046296296296296294
6865,TCV21_6865_verification_gap_A0,telecom_v2_development,verification_gap,0,1,0.9030899869919435,1.0,4,0.16666666666666666
6865,TCV21_6865_verification_gap_A1,telecom_v2_development,verification_gap,1,1,0.9030899869919435,1.0,5,0.16666666666666666
6865,TCV21_6865_integration_burden_A0,telecom_v2_development,integration_burden,0,0,1.0,1.0413926851582251,4,0.08333333333333333
6865,TCV21_6865_integration_burden_A1,telecom_v2_development,integration_burden,1,1,0.9030899869919435,1.0,5,0.16666666666666666
6866,TCV21_6866_coverage_strength_A0,telecom_v2_development,coverage_strength,0,0,2.292256071356476,2.380211241711606,4,0.07692307692307693
6866,TCV21_6866_coverage_strength_A1,telecom_v2_development,coverage_strength,1,0,2.292256071356476,2.380211241711606,4,0.07692307692307693
6866,TCV21_6866_coverage_limitation_A0,telecom_v2_development,coverage_limitation,0,0,2.292256071356476,2.361727836017593,4,0.11538461538461539
6866,TCV21_6866_coverage_limitation_A1,telecom_v2_development,coverage_limitation,1,0,2.292256071356476,2.380211241711606,4,0.07692307692307693
6866,TCV21_6866_integration_burden_A0,telecom_v2_development,integration_burden,0,0,2.255272505103306,2.3324384599156054,6,0.17307692307692307
6866,TCV21_6866_integration_burden_A1,telecom_v2_development,integration_burden,1,0,2.255272505103306,2.3324384599156054,6,0.17307692307692307
6867,TCV21_6867_coverage_strength_A0,telecom_v2_development,coverage_strength,0,0,3.6335694425540916,3.6434526764861874,6,0.11039223615042458
6867,TCV21_6867_coverage_strength_A1,telecom_v2_development,coverage_strength,1,0,3.636287252098513,3.662757831681574,4,0.06995551961180752
6868,TCV21_6868_coverage_strength_A0,telecom_v2_development,coverage_strength,0,1,2.3010299956639813,2.342422680822206,6,0.15384615384615385
6868,TCV21_6868_coverage_strength_A1,telecom_v2_development,coverage_strength,1,1,2.322219294733919,2.346352974450639,5,0.14615384615384616
6868,TCV21_6868_integration_burden_A0,telecom_v2_development,integration_burden,0,1,2.3010299956639813,2.342422680822206,6,0.15384615384615385
6868,TCV21_6868_integration_burden_A1,telecom_v2_development,integration_burden,1,1,2.322219294733919,2.342422680822206,5,0.15384615384615385
6869,TCV21_6869_verification_gap_A0,telecom_v2_development,verification_gap,0,0,3.584557360525675,3.6675463395115164,4,0.04300411522633745
6869,TCV21_6869_verification_gap_A1,telecom_v2_development,verification_gap,1,0,3.584557360525675,3.6720978579357175,4,0.03292181069958848
6870,TCV21_6870_coverage_strength_A0,telecom_v2_development,coverage_strength,0,0,3.499549625905149,3.5683190850951116,4,0.13040413533834586
6870,TCV21_6870_coverage_strength_A1,telecom_v2_development,coverage_strength,1,0,3.499549625905149,3.568201724066995,4,0.13063909774436092
6871,TCV21_6871_coverage_strength_A0,telecom_v2_development,coverage_strength,0,0,3.5386993795424067,3.6127838567197355,4,0.15637860082304528
6871,TCV21_6871_coverage_strength_A1,telecom_v2_development,coverage_strength,1,0,3.5386993795424067,3.6127838567197355,4,0.15637860082304528
6872,TCV21_6872_coverage_strength_A0,telecom_v2_development,coverage_strength,0,0,2.0718820073061255,2.089905111439398,5,0.024390243902439025
6872,TCV21_6872_coverage_strength_A1,telecom_v2_development,coverage_strength,1,0,2.0718820073061255,2.089905111439398,5,0.024390243902439025
6872,TCV21_6872_coverage_limitation_A0,telecom_v2_development,coverage_limitation,0,0,2.0718820073061255,2.089905111439398,5,0.024390243902439025
6872,TCV21_6872_coverage_limitation_A1,telecom_v2_development,coverage_limitation,1,0,2.0718820073061255,2.089905111439398,5,0.024390243902439025
6872,TCV21_6872_integration_burden_A0,telecom_v2_development,integration_burden,0,0,2.0718820073061255,2.089905111439398,5,0.024390243902439025
6872,TCV21_6872_integration_burden_A1,telecom_v2_development,integration_burden,1,0,2.0718820073061255,2.089905111439398,5,0.024390243902439025
6873,TCV21_6873_verification_gap_A0,telecom_v2_development,verification_gap,0,0,2.7151673578484576,2.7481880270062002,4,0.2553191489361702
6873,TCV21_6873_verification_gap_A1,telecom_v2_development,verification_gap,1,0,2.7151673578484576,2.7481880270062002,4,0.2553191489361702
6873,TCV21_6873_coverage_limitation_A0,telecom_v2_development,coverage_limitation,0,0,2.7151673578484576,2.792391689498254,4,0.17553191489361702
6873,TCV21_6873_coverage_limitation_A1,telecom_v2_development,coverage_limitation,1,0,2.7151673578484576,2.7481880270062002,4,0.2553191489361702
6873,TCV21_6873_integration_burden_A0,telecom_v2_development,integration_burden,0,0,2.7151673578484576,2.7481880270062002,4,0.2553191489361702
6873,TCV21_6873_integration_burden_A1,telecom_v2_development,integration_burden,1,0,2.7151673578484576,2.7481880270062002,4,0.2553191489361702
6874,TCV21_6874_verification_gap_A0,telecom_v2_development,verification_gap,0,0,3.5835388192543522,3.6720978579357175,4,0.04973716134249899
6874,TCV21_6874_verification_gap_A1,telecom_v2_development,verification_gap,1,0,3.5835388192543522,3.6720978579357175,4,0.04973716134249899
6874,TCV21_6874_coverage_strength_A0,telecom_v2_development,coverage_strength,0,0,3.5835388192543522,3.6720978579357175,4,0.04973716134249899
6874,TCV21_6874_coverage_strength_A1,telecom_v2_development,coverage_strength,1,0,3.5835388192543522,3.6720978579357175,4,0.04973716134249899
6874,TCV21_6874_coverage_limitation_A0,telecom_v2_development,coverage_limitation,0,0,3.5835388192543522,3.6720978579357175,4,0.04973716134249899
6874,TCV21_6874_coverage_limitation_A1,telecom_v2_development,coverage_limitation,1,0,3.5835388192543522,3.6720978579357175,4,0.04973716134249899
6875,TCV21_6875_verification_gap_A0,telecom_v2_development,verification_gap,0,0,3.616580530085886,3.6532125137753435,4,0.09017387788111605
6875,TCV21_6875_verification_gap_A1,telecom_v2_development,verification_gap,1,0,3.616580530085886,3.6720978579357175,4,0.04973716134249899
6875,TCV21_6875_coverage_strength_A0,telecom_v2_development,coverage_strength,0,0,3.616580530085886,3.662757831681574,4,0.06995551961180752
6875,TCV21_6875_coverage_strength_A1,telecom_v2_development,coverage_strength,1,0,3.616580530085886,3.662757831681574,4,0.06995551961180752
6876,TCV21_6876_coverage_limitation_A0,telecom_v2_development,coverage_limitation,0,0,3.585573518622731,3.6127838567197355,4,0.14937759336099585
6876,TCV21_6876_coverage_limitation_A1,telecom_v2_development,coverage_limitation,1,0,3.585573518622731,3.662757831681574,4,0.04564315352697095
6877,TCV21_6877_verification_gap_A0,telecom_v2_development,verification_gap,0,0,3.519827993775719,3.6388884247050757,4,0.01981089599279604
6877,TCV21_6877_verification_gap_A1,telecom_v2_development,verification_gap,1,0,3.519827993775719,3.6388884247050757,4,0.01981089599279604
6877,TCV21_6877_coverage_strength_A0,telecom_v2_development,coverage_strength,0,0,3.519827993775719,3.6388884247050757,4,0.01981089599279604
6877,TCV21_6877_coverage_strength_A1,telecom_v2_development,coverage_strength,1,0,3.4771212547196626,3.519827993775719,5,0.01981089599279604
6878,TCV21_6878_verification_gap_A0,telecom_v2_development,verification_gap,0,0,3.475380593143361,3.5563025007672873,4,0.15413533834586465
6878,TCV21_6878_verification_gap_A1,telecom_v2_development,verification_gap,1,0,3.4471580313422194,3.5563025007672873,6,0.15413533834586465
6878,TCV21_6878_coverage_strength_A0,telecom_v2_development,coverage_strength,0,0,3.475380593143361,3.591064607026499,4,0.08364661654135339
6878,TCV21_6878_coverage_strength_A1,telecom_v2_development,coverage_strength,1,0,3.475380593143361,3.531478917042255,4,0.20112781954887218
6879,TCV21_6879_verification_gap_A0,telecom_v2_development,verification_gap,0,0,3.4881274962474587,3.6306312440205,4,0.038271049076992344
6879,TCV21_6879_verification_gap_A1,telecom_v2_development,verification_gap,1,0,3.4881274962474587,3.6306312440205,4,0.038271049076992344
6879,TCV21_6879_coverage_strength_A0,telecom_v2_development,coverage_strength,0,0,3.4881274962474587,3.6306312440205,4,0.038271049076992344
6879,TCV21_6879_coverage_strength_A1,telecom_v2_development,coverage_strength,1,0,3.4881274962474587,3.6306312440205,4,0.038271049076992344
6880,TCV21_6880_coverage_limitation_A0,telecom_v2_development,coverage_limitation,0,0,3.51560894923448,3.5563025007672873,4,0.15413533834586465
6880,TCV21_6880_coverage_limitation_A1,telecom_v2_development,coverage_limitation,1,0,3.51560894923448,3.5440680443502757,4,0.17763157894736842
6881,TCV21_6881_coverage_strength_A0,telecom_v2_development,coverage_strength,0,0,3.5696079675468244,3.57135939275384,4,0.22676348547717842
6881,TCV21_6881_coverage_strength_A1,telecom_v2_development,coverage_strength,1,0,3.5696079675468244,3.57978359661681,4,0.21161825726141079
6881,TCV21_6881_integration_burden_A0,telecom_v2_development,integration_burden,0,0,3.5696079675468244,3.57978359661681,4,0.21161825726141079
6881,TCV21_6881_integration_burden_A1,telecom_v2_development,integration_burden,1,0,3.5696079675468244,3.57978359661681,4,0.21161825726141079
6882,TCV21_6882_verification_gap_A0,telecom_v2_development,verification_gap,0,0,3.5602653978627146,3.6232492903979003,4,0.12863070539419086
6882,TCV21_6882_verification_gap_A1,telecom_v2_development,verification_gap,1,0,3.5563025007672873,3.57978359661681,6,0.21161825726141079
6882,TCV21_6882_coverage_strength_A0,telecom_v2_development,coverage_strength,0,0,3.5563025007672873,3.57978359661681,6,0.21161825726141079
6882,TCV21_6882_coverage_strength_A1,telecom_v2_development,coverage_strength,1,0,3.5440680443502757,3.57978359661681,6,0.21161825726141079
6882,TCV21_6882_coverage_limitation_A0,telecom_v2_development,coverage_limitation,0,0,3.5563025007672873,3.57978359661681,6,0.21161825726141079
6882,TCV21_6882_coverage_limitation_A1,telecom_v2_development,coverage_limitation,1,0,3.5563025007672873,3.57978359661681,6,0.21161825726141079
6884,TCV21_6884_coverage_strength_A0,telecom_v2_development,coverage_strength,0,0,3.571009672309305,3.591064607026499,4,0.1220171094101756
6884,TCV21_6884_coverage_strength_A1,telecom_v2_development,coverage_strength,1,0,3.571009672309305,3.5787537844264348,4,0.14655560558307068
6885,TCV21_6885_coverage_strength_A0,telecom_v2_development,coverage_strength,0,0,3.597804842404293,3.6720978579357175,4,0.04973716134249899
6885,TCV21_6885_coverage_strength_A1,telecom_v2_development,coverage_strength,1,0,3.597804842404293,3.6720978579357175,4,0.04973716134249899
6885,TCV21_6885_coverage_limitation_A0,telecom_v2_development,coverage_limitation,0,0,3.597804842404293,3.6720978579357175,4,0.04973716134249899
6885,TCV21_6885_coverage_limitation_A1,telecom_v2_development,coverage_limitation,1,0,3.597804842404293,3.662757831681574,4,0.06995551961180752
6886,TCV21_6886_coverage_limitation_A0,telecom_v2_development,coverage_limitation,0,0,3.5440680443502757,3.662757831681574,6,0.06995551961180752
6886,TCV21_6886_coverage_limitation_A1,telecom_v2_development,coverage_limitation,1,0,3.505149978319906,3.655138434811382,10,0.08613020622725434
6887,TCV21_6887_coverage_limitation_A0,telecom_v2_development,coverage_limitation,0,0,3.4413808849165113,3.57978359661681,4,0.12077741786210087
6887,TCV21_6887_coverage_limitation_A1,telecom_v2_development,coverage_limitation,1,0,3.3979400086720375,3.5487578285737045,8,0.1813975011568718
6888,TCV21_6888_coverage_strength_A0,telecom_v2_development,coverage_strength,0,0,3.4771212547196626,3.501333178645566,7,0.2107883817427386
6888,TCV21_6888_coverage_strength_A1,telecom_v2_development,coverage_strength,1,0,3.3979400086720375,3.501333178645566,7,0.2107883817427386
6888,TCV21_6888_coverage_limitation_A0,telecom_v2_development,coverage_limitation,0,0,3.4471580313422194,3.501333178645566,7,0.2107883817427386
6888,TCV21_6888_coverage_limitation_A1,telecom_v2_development,coverage_limitation,1,0,3.4471580313422194,3.501333178645566,7,0.2107883817427386
6889,TCV21_6889_verification_gap_A0,telecom_v2_development,verification_gap,0,0,3.380211241711606,3.519827993775719,8,0.22227443609022557
6889,TCV21_6889_verification_gap_A1,telecom_v2_development,verification_gap,1,0,3.380211241711606,3.519827993775719,8,0.22227443609022557
6890,TCV21_6890_coverage_strength_A0,telecom_v2_development,coverage_strength,0,0,3.623042434246382,3.6334684555795866,4,0.1078838174273859
6890,TCV21_6890_coverage_strength_A1,telecom_v2_development,coverage_strength,1,0,3.623042434246382,3.662757831681574,4,0.04564315352697095
6890,TCV21_6890_coverage_limitation_A0,telecom_v2_development,coverage_limitation,0,0,3.623042434246382,3.662757831681574,4,0.04564315352697095
6890,TCV21_6890_coverage_limitation_A1,telecom_v2_development,coverage_limitation,1,0,3.623042434246382,3.6532125137753435,4,0.06639004149377593
6891,TCV21_6891_verification_gap_A0,telecom_v2_development,verification_gap,0,0,3.53198955141255,3.568201724066995,4,0.1670418730301666
6891,TCV21_6891_verification_gap_A1,telecom_v2_development,verification_gap,1,0,3.53198955141255,3.5563025007672873,4,0.18955425484016208
6891,TCV21_6891_integration_burden_A0,telecom_v2_development,integration_burden,0,0,3.53198955141255,3.5563025007672873,4,0.18955425484016208
6891,TCV21_6891_integration_burden_A1,telecom_v2_development,integration_burden,1,0,3.53198955141255,3.5563025007672873,4,0.18955425484016208
6892,TCV21_6892_coverage_strength_A0,telecom_v2_development,coverage_strength,0,1,3.5563025007672873,3.5698418994037615,7,0.14067561314206387
6892,TCV21_6892_coverage_strength_A1,telecom_v2_development,coverage_strength,1,1,3.5698418994037615,3.5698418994037615,3,0.14067561314206387
6893,TCV21_6893_verification_gap_A0,telecom_v2_development,verification_gap,0,0,3.5531545481696254,3.591064607026499,4,0.1220171094101756
6893,TCV21_6893_verification_gap_A1,telecom_v2_development,verification_gap,1,0,3.5531545481696254,3.591064607026499,4,0.1220171094101756
6893,TCV21_6893_coverage_strength_A0,telecom_v2_development,coverage_strength,0,0,3.5531545481696254,3.591064607026499,4,0.1220171094101756
6893,TCV21_6893_coverage_strength_A1,telecom_v2_development,coverage_strength,1,0,3.5531545481696254,3.57978359661681,4,0.14452949122017109
6894,TCV21_6894_verification_gap_A0,telecom_v2_development,verification_gap,0,0,3.587486465410964,3.662757831681574,4,0.053497942386831275
6894,TCV21_6894_verification_gap_A1,telecom_v2_development,verification_gap,1,0,3.587486465410964,3.6720978579357175,4,0.03292181069958848
6894,TCV21_6894_coverage_strength_A0,telecom_v2_development,coverage_strength,0,0,3.587486465410964,3.662757831681574,4,0.053497942386831275
6894,TCV21_6894_coverage_strength_A1,telecom_v2_development,coverage_strength,1,0,3.57978359661681,3.6532125137753435,6,0.07407407407407407
6895,TCV21_6895_verification_gap_A0,telecom_v2_development,verification_gap,0,0,3.5651391519697895,3.57978359661681,4,0.21810699588477367
6895,TCV21_6895_verification_gap_A1,telecom_v2_development,verification_gap,1,0,3.5651391519697895,3.57978359661681,4,0.21810699588477367
6895,TCV21_6895_coverage_strength_A0,telecom_v2_development,coverage_strength,0,0,3.5651391519697895,3.57978359661681,4,0.21810699588477367
6895,TCV21_6895_coverage_strength_A1,telecom_v2_development,coverage_strength,1,0,3.5651391519697895,3.57978359661681,4,0.21810699588477367
6896,TCV21_6896_verification_gap_A0,telecom_v2_development,verification_gap,0,0,3.560026248912892,3.6232492903979003,4,0.13580246913580246
6896,TCV21_6896_verification_gap_A1,telecom_v2_development,verification_gap,1,1,3.531478917042255,3.550228353055094,5,0.26954732510288065
6897,TCV21_6897_verification_gap_A0,telecom_v2_development,verification_gap,0,0,3.560026248912892,3.6532125137753435,4,0.07407407407407407
6897,TCV21_6897_verification_gap_A1,telecom_v2_development,verification_gap,1,0,3.531478917042255,3.6334684555795866,8,0.11522633744855967
6898,TCV21_6898_verification_gap_A0,telecom_v2_development,verification_gap,0,0,3.5043349118024643,3.6127838567197355,4,0.14937759336099585
6898,TCV21_6898_verification_gap_A1,telecom_v2_development,verification_gap,1,0,3.5043349118024643,3.6232492903979003,4,0.12863070539419086
6898,TCV21_6898_integration_burden_A0,telecom_v2_development,integration_burden,0,0,3.5043349118024643,3.6127838567197355,4,0.14937759336099585
6898,TCV21_6898_integration_burden_A1,telecom_v2_development,integration_burden,1,0,3.4771212547196626,3.600537294364469,6,0.17302904564315352
6899,TCV21_6899_integration_burden_A0,telecom_v2_development,integration_burden,0,0,3.5268559871258747,3.5563025007672873,4,0.18955425484016208
6899,TCV21_6899_integration_burden_A1,telecom_v2_development,integration_burden,1,0,3.5268559871258747,3.5563025007672873,4,0.18955425484016208
6900,TCV21_6900_verification_gap_A0,telecom_v2_development,verification_gap,0,0,3.5773768919170146,3.6127838567197355,4,0.14937759336099585
6900,TCV21_6900_verification_gap_A1,telecom_v2_development,verification_gap,1,1,3.5563025007672873,3.568201724066995,5,0.23236514522821577
6901,TCV21_6901_governance_risk_A0,telecom_v2_development,governance_risk,0,0,3.5384480517102173,3.662757831681574,4,0.04564315352697095
6901,TCV21_6901_governance_risk_A1,telecom_v2_development,governance_risk,1,0,3.5384480517102173,3.662757831681574,4,0.04564315352697095
6902,TCV21_6902_verification_gap_A0,telecom_v2_development,verification_gap,0,0,3.462397997898956,3.515476441382376,6,0.2300281954887218
6902,TCV21_6902_verification_gap_A1,telecom_v2_development,verification_gap,1,0,3.4471580313422194,3.5185139398778875,6,0.22462406015037595
6902,TCV21_6902_coverage_strength_A0,telecom_v2_development,coverage_strength,0,0,3.462397997898956,3.568201724066995,6,0.13063909774436092
6902,TCV21_6902_coverage_strength_A1,telecom_v2_development,coverage_strength,1,0,3.462397997898956,3.5185139398778875,6,0.22462406015037595
6904,TCV21_6904_verification_gap_A0,telecom_v2_development,verification_gap,0,0,3.4471580313422194,3.5385737338068557,6,0.2219720846465556
6904,TCV21_6904_verification_gap_A1,telecom_v2_development,verification_gap,1,0,3.4471580313422194,3.5385737338068557,6,0.2219720846465556
6905,TCV21_6905_coverage_limitation_A0,telecom_v2_development,coverage_limitation,0,0,3.567966906823154,3.662757831681574,4,0.04564315352697095
6905,TCV21_6905_coverage_limitation_A1,telecom_v2_development,coverage_limitation,1,0,3.567966906823154,3.662757831681574,4,0.04564315352697095
6906,TCV21_6906_coverage_limitation_A0,telecom_v2_development,coverage_limitation,0,0,3.513617073787875,3.5563025007672873,4,0.16705229060620083
6906,TCV21_6906_coverage_limitation_A1,telecom_v2_development,coverage_limitation,1,0,3.513617073787875,3.57978359661681,4,0.12077741786210087
6907,TCV21_6907_coverage_strength_A0,telecom_v2_development,coverage_strength,0,0,3.4771212547196626,3.6334684555795866,8,0.11522633744855967
6907,TCV21_6907_coverage_strength_A1,telecom_v2_development,coverage_strength,1,0,3.4771212547196626,3.6283889300503116,8,0.12551440329218108
6907,TCV21_6907_coverage_limitation_A0,telecom_v2_development,coverage_limitation,0,0,3.4771212547196626,3.6283889300503116,8,0.12551440329218108
6907,TCV21_6907_coverage_limitation_A1,telecom_v2_development,coverage_limitation,1,0,3.4771212547196626,3.6334684555795866,8,0.11522633744855967
6908,TCV21_6908_coverage_strength_A0,telecom_v2_development,coverage_strength,0,0,3.4533183400470375,3.591064607026499,4,0.08364661654135339
6908,TCV21_6908_coverage_strength_A1,telecom_v2_development,coverage_strength,1,0,3.4533183400470375,3.591064607026499,4,0.08364661654135339
6908,TCV21_6908_coverage_limitation_A0,telecom_v2_development,coverage_limitation,0,0,3.4533183400470375,3.5563025007672873,4,0.15413533834586465
6908,TCV21_6908_coverage_limitation_A1,telecom_v2_development,coverage_limitation,1,0,3.4533183400470375,3.5563025007672873,4,0.15413533834586465
6909,TCV21_6909_coverage_strength_A0,telecom_v2_development,coverage_strength,0,0,3.5246557123577773,3.662757831681574,4,0.06995551961180752
6909,TCV21_6909_coverage_strength_A1,telecom_v2_development,coverage_strength,1,0,3.5246557123577773,3.662757831681574,4,0.06995551961180752
6909,TCV21_6909_coverage_limitation_A0,telecom_v2_development,coverage_limitation,0,0,3.5246557123577773,3.662757831681574,4,0.06995551961180752
6909,TCV21_6909_coverage_limitation_A1,telecom_v2_development,coverage_limitation,1,0,3.4913616938342726,3.6434526764861874,6,0.11039223615042458
6910,TCV21_6910_coverage_strength_A0,telecom_v2_development,coverage_strength,0,0,3.4924810101288766,3.6720978579357175,4,0.04973716134249899
6910,TCV21_6910_coverage_strength_A1,telecom_v2_development,coverage_strength,1,0,3.4924810101288766,3.654465333520146,4,0.08754549130610595
6910,TCV21_6910_coverage_limitation_A0,telecom_v2_development,coverage_limitation,0,0,3.4924810101288766,3.6720978579357175,4,0.04973716134249899
6910,TCV21_6910_coverage_limitation_A1,telecom_v2_development,coverage_limitation,1,0,3.3979400086720375,3.4924810101288766,7,0.08754549130610595
6911,TCV21_6911_coverage_strength_A0,telecom_v2_development,coverage_strength,0,0,3.521007252408604,3.5563025007672873,4,0.16705229060620083
6911,TCV21_6911_coverage_strength_A1,telecom_v2_development,coverage_strength,1,0,3.521007252408604,3.5563025007672873,4,0.16705229060620083
6911,TCV21_6911_coverage_limitation_A0,telecom_v2_development,coverage_limitation,0,0,3.521007252408604,3.5563025007672873,4,0.16705229060620083
6911,TCV21_6911_coverage_limitation_A1,telecom_v2_development,coverage_limitation,1,0,3.521007252408604,3.5563025007672873,4,0.16705229060620083
6912,TCV21_6912_verification_gap_A0,telecom_v2_development,verification_gap,0,0,3.009450895798694,3.060697840353612,4,0.1274658573596358
6912,TCV21_6912_verification_gap_A1,telecom_v2_development,verification_gap,1,0,3.009450895798694,3.0718820073061255,4,0.1047040971168437
6912,TCV21_6912_coverage_limitation_A0,telecom_v2_development,coverage_limitation,0,0,3.009450895798694,3.0718820073061255,4,0.1047040971168437
6912,TCV21_6912_coverage_limitation_A1,telecom_v2_development,coverage_limitation,1,0,3.009450895798694,3.060697840353612,4,0.1274658573596358
6913,TCV21_6913_coverage_strength_A0,telecom_v2_development,coverage_strength,0,0,2.3096301674258988,2.361727836017593,4,0.11538461538461539
6913,TCV21_6913_coverage_strength_A1,telecom_v2_development,coverage_strength,1,0,2.278753600952829,2.3324384599156054,6,0.17307692307692307
6914,TCV21_6914_verification_gap_A0,telecom_v2_development,verification_gap,0,0,3.49734438101758,3.57978359661681,4,0.12077741786210087
6914,TCV21_6914_verification_gap_A1,telecom_v2_development,verification_gap,1,0,3.49734438101758,3.57978359661681,4,0.12077741786210087
6914,TCV21_6914_coverage_limitation_A0,telecom_v2_development,coverage_limitation,0,0,3.49734438101758,3.557266528869904,4,0.16520129569643682
6914,TCV21_6914_coverage_limitation_A1,telecom_v2_development,coverage_limitation,1,0,3.462397997898956,3.49734438101758,5,0.16520129569643682
6915,TCV21_6915_verification_gap_A0,telecom_v2_development,verification_gap,0,0,1.5440680443502757,1.6532125137753437,6,0.25
6915,TCV21_6915_verification_gap_A1,telecom_v2_development,verification_gap,1,0,1.5440680443502757,1.6532125137753437,6,0.25
6917,TCV21_6917_coverage_limitation_A0,telecom_v2_development,coverage_limitation,0,0,1.6989700043360187,1.724275869600789,6,0.14516129032258066
6917,TCV21_6917_coverage_limitation_A1,telecom_v2_development,coverage_limitation,1,1,1.6812412373755872,1.6812412373755872,3,0.22580645161290322
6919,TCV21_6919_coverage_limitation_A0,telecom_v2_development,coverage_limitation,0,0,1.6020599913279623,1.7160033436347992,6,0.16129032258064516
6919,TCV21_6919_coverage_limitation_A1,telecom_v2_development,coverage_limitation,1,0,1.6020599913279623,1.7160033436347992,6,0.16129032258064516
6920,TCV21_6920_verification_gap_A0,telecom_v2_development,verification_gap,0,0,1.591064607026499,1.6812412373755872,4,0.09433962264150944
6920,TCV21_6920_verification_gap_A1,telecom_v2_development,verification_gap,1,0,1.591064607026499,1.6812412373755872,4,0.09433962264150944
6920,TCV21_6920_coverage_strength_A0,telecom_v2_development,coverage_strength,0,0,1.591064607026499,1.6720978579357175,4,0.11320754716981132
6920,TCV21_6920_coverage_strength_A1,telecom_v2_development,coverage_strength,1,0,1.591064607026499,1.6720978579357175,4,0.11320754716981132
6920,TCV21_6920_coverage_limitation_A0,telecom_v2_development,coverage_limitation,0,0,1.591064607026499,1.6720978579357175,4,0.11320754716981132
6920,TCV21_6920_coverage_limitation_A1,telecom_v2_development,coverage_limitation,1,0,1.591064607026499,1.6989700043360187,4,0.05660377358490566
6921,TCV21_6921_verification_gap_A0,telecom_v2_development,verification_gap,0,0,1.6020599913279623,1.7323937598229686,4,0.03571428571428571
6921,TCV21_6921_verification_gap_A1,telecom_v2_development,verification_gap,1,0,1.5440680443502757,1.6020599913279623,5,0.03571428571428571
6921,TCV21_6921_coverage_strength_A0,telecom_v2_development,coverage_strength,0,0,1.6020599913279623,1.7323937598229686,4,0.03571428571428571
6921,TCV21_6921_coverage_strength_A1,telecom_v2_development,coverage_strength,1,0,1.6020599913279623,1.7323937598229686,4,0.03571428571428571
6921,TCV21_6921_coverage_limitation_A0,telecom_v2_development,coverage_limitation,0,0,1.6020599913279623,1.7323937598229686,4,0.03571428571428571
6921,TCV21_6921_coverage_limitation_A1,telecom_v2_development,coverage_limitation,1,0,1.5440680443502757,1.6020599913279623,5,0.03571428571428571
6922,TCV21_6922_verification_gap_A0,telecom_v2_development,verification_gap,0,0,1.6020599913279623,1.6334684555795864,6,0.2037037037037037
6922,TCV21_6922_verification_gap_A1,telecom_v2_development,verification_gap,1,0,1.6020599913279623,1.6334684555795864,6,0.2037037037037037
6923,TCV21_6923_verification_gap_A0,telecom_v2_development,verification_gap,0,0,1.6020599913279623,1.7993405494535817,4,0.015625
6923,TCV21_6923_verification_gap_A1,telecom_v2_development,verification_gap,1,0,1.4771212547196624,1.6020599913279623,5,0.015625
6924,TCV21_6924_verification_gap_A0,telecom_v2_development,verification_gap,0,0,1.4771212547196624,1.6720978579357175,6,0.09615384615384616
6924,TCV21_6924_verification_gap_A1,telecom_v2_development,verification_gap,1,0,1.5797835966168101,1.6901960800285136,4,0.057692307692307696
6925,TCV21_6925_verification_gap_A0,telecom_v2_development,verification_gap,0,0,1.591064607026499,1.7160033436347992,4,0.07142857142857142
6925,TCV21_6925_verification_gap_A1,telecom_v2_development,verification_gap,1,0,1.591064607026499,1.7160033436347992,4,0.07142857142857142
6926,TCV21_6926_verification_gap_A0,telecom_v2_development,verification_gap,0,0,1.6532125137753437,1.6720978579357175,5,0.015873015873015872
6926,TCV21_6926_verification_gap_A1,telecom_v2_development,verification_gap,1,0,1.6532125137753437,1.6720978579357175,5,0.015873015873015872
6927,TCV21_6927_verification_gap_A0,telecom_v2_development,verification_gap,0,0,1.6532125137753437,1.7323937598229686,6,0.1
6927,TCV21_6927_verification_gap_A1,telecom_v2_development,verification_gap,1,0,1.6532125137753437,1.7323937598229686,6,0.1
6928,TCV21_6928_verification_gap_A0,telecom_v2_development,verification_gap,0,0,1.5797835966168101,1.6532125137753437,4,0.1346153846153846
6928,TCV21_6928_verification_gap_A1,telecom_v2_development,verification_gap,1,0,1.5797835966168101,1.6532125137753437,4,0.1346153846153846
6928,TCV21_6928_integration_burden_A0,telecom_v2_development,integration_burden,0,0,1.5797835966168101,1.6532125137753437,4,0.1346153846153846
6928,TCV21_6928_integration_burden_A1,telecom_v2_development,integration_burden,1,0,1.5797835966168101,1.6532125137753437,4,0.1346153846153846
6929,TCV21_6929_verification_gap_A0,telecom_v2_development,verification_gap,0,0,1.4771212547196624,1.6720978579357175,6,0.21666666666666667
6929,TCV21_6929_verification_gap_A1,telecom_v2_development,verification_gap,1,0,1.4771212547196624,1.6720978579357175,6,0.21666666666666667
6930,TCV21_6930_coverage_strength_A0,telecom_v2_development,coverage_strength,0,0,1.6020599913279623,1.6434526764861874,6,0.16981132075471697
6930,TCV21_6930_coverage_strength_A1,telecom_v2_development,coverage_strength,1,0,1.6020599913279623,1.6434526764861874,6,0.16981132075471697
6930,TCV21_6930_coverage_limitation_A0,telecom_v2_development,coverage_limitation,0,0,1.6020599913279623,1.6434526764861874,6,0.16981132075471697
6930,TCV21_6930_coverage_limitation_A1,telecom_v2_development,coverage_limitation,1,0,1.6020599913279623,1.6434526764861874,6,0.16981132075471697
6931,TCV21_6931_verification_gap_A0,telecom_v2_development,verification_gap,0,0,1.591064607026499,1.6989700043360187,4,0.05660377358490566
6931,TCV21_6931_verification_gap_A1,telecom_v2_development,verification_gap,1,0,1.5440680443502757,1.591064607026499,5,0.05660377358490566
6931,TCV21_6931_coverage_strength_A0,telecom_v2_development,coverage_strength,0,0,1.5440680443502757,1.591064607026499,5,0.05660377358490566
6931,TCV21_6931_coverage_strength_A1,telecom_v2_development,coverage_strength,1,0,1.591064607026499,1.6989700043360187,4,0.05660377358490566
6932,TCV21_6932_verification_gap_A0,telecom_v2_development,verification_gap,0,0,1.591064607026499,1.6812412373755872,4,0.058823529411764705
6932,TCV21_6932_verification_gap_A1,telecom_v2_development,verification_gap,1,0,1.591064607026499,1.6812412373755872,4,0.058823529411764705
6933,TCV21_6933_verification_gap_A0,telecom_v2_development,verification_gap,0,0,1.4771212547196624,1.6020599913279623,6,0.23076923076923078
6933,TCV21_6933_verification_gap_A1,telecom_v2_development,verification_gap,1,0,1.4771212547196624,1.6020599913279623,6,0.23076923076923078
6933,TCV21_6933_coverage_strength_A0,telecom_v2_development,coverage_strength,0,0,1.4771212547196624,1.6020599913279623,6,0.23076923076923078
6933,TCV21_6933_coverage_strength_A1,telecom_v2_development,coverage_strength,1,0,1.5563025007672873,1.6812412373755872,4,0.07692307692307693
6933,TCV21_6933_coverage_limitation_A0,telecom_v2_development,coverage_limitation,0,0,1.4771212547196624,1.6232492903979006,6,0.19230769230769232
6933,TCV21_6933_coverage_limitation_A1,telecom_v2_development,coverage_limitation,1,0,1.4771212547196624,1.6232492903979006,6,0.19230769230769232
6934,TCV21_6934_verification_gap_A0,telecom_v2_development,verification_gap,0,0,1.591064607026499,1.6532125137753437,4,0.11764705882352941
6934,TCV21_6934_verification_gap_A1,telecom_v2_development,verification_gap,1,0,1.591064607026499,1.6434526764861874,4,0.13725490196078433
6935,TCV21_6935_coverage_strength_A0,telecom_v2_development,coverage_strength,0,0,1.7075701760979363,1.7634279935629373,4,0.09375
6935,TCV21_6935_coverage_strength_A1,telecom_v2_development,coverage_strength,1,0,1.7075701760979363,1.7403626894942439,4,0.140625
6935,TCV21_6935_coverage_limitation_A0,telecom_v2_development,coverage_limitation,0,0,1.6812412373755872,1.724275869600789,6,0.171875
6935,TCV21_6935_coverage_limitation_A1,telecom_v2_development,coverage_limitation,1,0,1.7075701760979363,1.7481880270062005,4,0.125
6936,TCV21_6936_verification_gap_A0,telecom_v2_development,verification_gap,0,0,1.6020599913279623,1.662757831681574,4,0.11538461538461539
6936,TCV21_6936_verification_gap_A1,telecom_v2_development,verification_gap,1,0,1.5797835966168101,1.6232492903979006,6,0.19230769230769232
6936,TCV21_6936_coverage_strength_A0,telecom_v2_development,coverage_strength,0,0,1.5797835966168101,1.6232492903979006,6,0.19230769230769232
6936,TCV21_6936_coverage_strength_A1,telecom_v2_development,coverage_strength,1,0,1.5797835966168101,1.6232492903979006,6,0.19230769230769232
6937,TCV21_6937_verification_gap_A0,telecom_v2_development,verification_gap,0,0,1.6020599913279623,1.6434526764861874,6,0.15384615384615385
6937,TCV21_6937_verification_gap_A1,telecom_v2_development,verification_gap,1,0,1.6020599913279623,1.6434526764861874,6,0.15384615384615385
6938,TCV21_6938_verification_gap_A0,telecom_v2_development,verification_gap,0,0,1.6020599913279623,1.6532125137753437,6,0.16666666666666666
6938,TCV21_6938_verification_gap_A1,telecom_v2_development,verification_gap,1,0,1.6020599913279623,1.6532125137753437,6,0.16666666666666666
6939,TCV21_6939_verification_gap_A0,telecom_v2_development,verification_gap,0,0,1.5563025007672873,1.6812412373755872,4,0.07692307692307693
6939,TCV21_6939_verification_gap_A1,telecom_v2_development,verification_gap,1,0,1.4771212547196624,1.662757831681574,6,0.11538461538461539
6940,TCV21_6940_verification_gap_A0,telecom_v2_development,verification_gap,0,0,1.6532125137753437,1.7708520116421442,6,0.078125
6940,TCV21_6940_verification_gap_A1,telecom_v2_development,verification_gap,1,0,1.6532125137753437,1.6901960800285136,5,0.078125
6940,TCV21_6940_integration_burden_A0,telecom_v2_development,integration_burden,0,0,1.6901960800285136,1.7853298350107671,4,0.046875
6940,TCV21_6940_integration_burden_A1,telecom_v2_development,integration_burden,1,0,1.6901960800285136,1.7708520116421442,4,0.078125
6941,TCV21_6941_verification_gap_A0,telecom_v2_development,verification_gap,0,0,1.6434526764861874,1.6989700043360187,4,0.1935483870967742
6941,TCV21_6941_verification_gap_A1,telecom_v2_development,verification_gap,1,0,1.6020599913279623,1.6989700043360187,6,0.1935483870967742
6942,TCV21_6942_verification_gap_A0,telecom_v2_development,verification_gap,0,0,1.6020599913279623,1.6434526764861874,6,0.15384615384615385
6942,TCV21_6942_verification_gap_A1,telecom_v2_development,verification_gap,1,0,1.6020599913279623,1.6434526764861874,6,0.15384615384615385
6942,TCV21_6942_integration_burden_A0,telecom_v2_development,integration_burden,0,0,1.6020599913279623,1.6532125137753437,6,0.1346153846153846
6942,TCV21_6942_integration_burden_A1,telecom_v2_development,integration_burden,1,0,1.6020599913279623,1.6434526764861874,6,0.15384615384615385
6943,TCV21_6943_verification_gap_A0,telecom_v2_development,verification_gap,0,0,1.6532125137753437,1.7323937598229686,6,0.12903225806451613
6943,TCV21_6943_verification_gap_A1,telecom_v2_development,verification_gap,1,0,1.6532125137753437,1.7323937598229686,6,0.12903225806451613
6943,TCV21_6943_coverage_strength_A0,telecom_v2_development,coverage_strength,0,0,1.6532125137753437,1.7323937598229686,6,0.12903225806451613
6943,TCV21_6943_coverage_strength_A1,telecom_v2_development,coverage_strength,1,0,1.6901960800285136,1.7481880270062005,4,0.0967741935483871
6943,TCV21_6943_coverage_limitation_A0,telecom_v2_development,coverage_limitation,0,0,1.6901960800285136,1.7481880270062005,4,0.0967741935483871
6943,TCV21_6943_coverage_limitation_A1,telecom_v2_development,coverage_limitation,1,0,1.6532125137753437,1.7403626894942439,6,0.11290322580645161
6944,TCV21_6944_verification_gap_A0,telecom_v2_development,verification_gap,0,0,1.6020599913279623,1.662757831681574,6,0.14814814814814814
6944,TCV21_6944_verification_gap_A1,telecom_v2_development,verification_gap,1,0,1.6020599913279623,1.662757831681574,6,0.14814814814814814
6945,TCV21_6945_verification_gap_A0,telecom_v2_development,verification_gap,0,0,1.6434526764861874,1.6812412373755872,4,0.1111111111111111
6945,TCV21_6945_verification_gap_A1,telecom_v2_development,verification_gap,1,0,1.6020599913279623,1.6532125137753437,6,0.16666666666666666
6945,TCV21_6945_coverage_limitation_A0,telecom_v2_development,coverage_limitation,0,0,1.6434526764861874,1.6812412373755872,4,0.1111111111111111
6945,TCV21_6945_coverage_limitation_A1,telecom_v2_development,coverage_limitation,1,0,1.6020599913279623,1.6532125137753437,6,0.16666666666666666
6946,TCV21_6946_coverage_strength_A0,telecom_v2_development,coverage_strength,0,0,1.6434526764861874,1.6720978579357175,4,0.0784313725490196
6946,TCV21_6946_coverage_strength_A1,telecom_v2_development,coverage_strength,1,0,1.6434526764861874,1.6720978579357175,4,0.0784313725490196
6948,TCV21_6948_verification_gap_A0,telecom_v2_development,verification_gap,0,0,1.591064607026499,1.6720978579357175,4,0.0784313725490196
6948,TCV21_6948_verification_gap_A1,telecom_v2_development,verification_gap,1,0,1.591064607026499,1.6532125137753437,4,0.11764705882352941
6948,TCV21_6948_coverage_strength_A0,telecom_v2_development,coverage_strength,0,0,1.591064607026499,1.6720978579357175,4,0.0784313725490196
6948,TCV21_6948_coverage_strength_A1,telecom_v2_development,coverage_strength,1,0,1.591064607026499,1.6720978579357175,4,0.0784313725490196
6949,TCV21_6949_coverage_strength_A0,telecom_v2_development,coverage_strength,0,0,1.4771212547196624,1.6232492903979006,6,0.17647058823529413
6949,TCV21_6949_coverage_strength_A1,telecom_v2_development,coverage_strength,1,0,1.4771212547196624,1.6020599913279623,6,0.21568627450980393
6949,TCV21_6949_governance_risk_A0,telecom_v2_development,governance_risk,0,0,1.5440680443502757,1.6532125137753437,4,0.11764705882352941
6949,TCV21_6949_governance_risk_A1,telecom_v2_development,governance_risk,1,0,1.4771212547196624,1.6232492903979006,6,0.17647058823529413
6950,TCV21_6950_verification_gap_A0,telecom_v2_development,verification_gap,0,0,1.4771212547196624,1.5440680443502757,5,0.038461538461538464
6950,TCV21_6950_verification_gap_A1,telecom_v2_development,verification_gap,1,0,1.4771212547196624,1.5440680443502757,5,0.038461538461538464
