Id,honest_split,factor,outcome,effect
125,telecom_v2_development,coverage_strength,deal,0.0
125,telecom_v2_development,coverage_strength,buyer_initial_quote_log10,0.05239968145637075
125,telecom_v2_development,coverage_strength,terminal_quote_log10,0.03597522012593135
125,telecom_v2_development,coverage_strength,action_count,-2.0
125,telecom_v2_development,coverage_strength,seller_concession_ratio,-0.07330246913580248
125,telecom_v2_development,verification_gap,deal,0.0
125,telecom_v2_development,verification_gap,buyer_initial_quote_log10,0.0
125,telecom_v2_development,verification_gap,terminal_quote_log10,0.009984220906600783
125,telecom_v2_development,verification_gap,action_count,0.0
125,telecom_v2_development,verification_gap,seller_concession_ratio,-0.019290123456790126
192,telecom_v2_development,coverage_limitation,deal,0.0
192,telecom_v2_development,coverage_limitation,buyer_initial_quote_log10,0.0
192,telecom_v2_development,coverage_limitation,terminal_quote_log10,0.011899223299707717
192,telecom_v2_development,coverage_limitation,action_count,0.0
192,telecom_v2_development,coverage_limitation,seller_concession_ratio,-0.025920165889061687
192,telecom_v2_development,coverage_strength,deal,0.0
192,telecom_v2_development,coverage_strength,buyer_initial_quote_log10,0.0
192,telecom_v2_development,coverage_strength,terminal_quote_log10,0.0
192,telecom_v2_development,coverage_strength,action_count,0.0
192,telecom_v2_development,coverage_strength,seller_concession_ratio,0.0
192,telecom_v2_development,verification_gap,deal,0.0
192,telecom_v2_development,verification_gap,buyer_initial_quote_log10,0.0
192,telecom_v2_development,verification_gap,terminal_quote_log10,0.0
192,telecom_v2_development,verification_gap,action_count,0.0
192,telecom_v2_development,verification_gap,seller_concession_ratio,0.0
197,telecom_v2_development,coverage_limitation,deal,0.0
197,telecom_v2_development,coverage_limitation,buyer_initial_quote_log10,0.0
197,telecom_v2_development,coverage_limitation,terminal_quote_log10,0.0
197,telecom_v2_development,coverage_limitation,action_count,0.0
197,telecom_v2_development,coverage_limitation,seller_concession_ratio,0.0
197,telecom_v2_development,governance_risk,deal,0.0
197,telecom_v2_development,governance_risk,buyer_initial_quote_log10,0.0
197,telecom_v2_development,governance_risk,terminal_quote_log10,0.0
197,telecom_v2_development,governance_risk,action_count,0.0
197,telecom_v2_development,governance_risk,seller_concession_ratio,0.0
197,telecom_v2_development,verification_gap,deal,0.0
197,telecom_v2_development,verification_gap,buyer_initial_quote_log10,0.0
197,telecom_v2_development,verification_gap,terminal_quote_log10,0.012234456417011597
197,telecom_v2_development,verification_gap,action_count,0.0
197,telecom_v2_development,verification_gap,seller_concession_ratio,-0.023493480559144825
221,telecom_v2_development,coverage_limitation,deal,0.0
221,telecom_v2_development,coverage_limitation,buyer_initial_quote_log10,0.0
221,telecom_v2_development,coverage_limitation,terminal_quote_log10,-0.0365362557538953
221,telecom_v2_development,coverage_limitation,action_count,0.0
221,telecom_v2_development,coverage_limitation,seller_concession_ratio,0.07581480184977063
221,telecom_v2_development,verification_gap,deal,0.0
221,telecom_v2_development,verification_gap,buyer_initial_quote_log10,0.0
221,telecom_v2_development,verification_gap,terminal_quote_log10,-0.008600171761917963
221,telecom_v2_development,verification_gap,action_count,0.0
221,telecom_v2_development,verification_gap,seller_concession_ratio,0.018424010170053615
239,telecom_v2_development,coverage_strength,deal,0.0
239,telecom_v2_development,coverage_strength,buyer_initial_quote_log10,0.034571165617796495
239,telecom_v2_development,coverage_strength,terminal_quote_log10,0.0483046795745552
239,telecom_v2_development,coverage_strength,action_count,-2.0
239,telecom_v2_development,coverage_strength,seller_concession_ratio,-0.0938526513374003
252,telecom_v2_development,coverage_strength,deal,0.0
252,telecom_v2_development,coverage_strength,buyer_initial_quote_log10,0.0
252,telecom_v2_development,coverage_strength,terminal_quote_log10,-0.013788284485633184
252,telecom_v2_development,coverage_strength,action_count,0.0
252,telecom_v2_development,coverage_strength,seller_concession_ratio,0.025673940949935803
256,telecom_v2_development,coverage_limitation,deal,0.0
256,telecom_v2_development,coverage_limitation,buyer_initial_quote_log10,0.0
256,telecom_v2_development,coverage_limitation,terminal_quote_log10,-0.0019448127435373053
256,telecom_v2_development,coverage_limitation,action_count,-2.0
256,telecom_v2_development,coverage_limitation,seller_concession_ratio,0.003628196268140982
256,telecom_v2_development,integration_burden,deal,0.0
256,telecom_v2_development,integration_burden,buyer_initial_quote_log10,0.0
256,telecom_v2_development,integration_burden,terminal_quote_log10,0.013502470403647049
256,telecom_v2_development,integration_burden,action_count,0.0
256,telecom_v2_development,integration_burden,seller_concession_ratio,-0.025915687629578438
256,telecom_v2_development,verification_gap,deal,0.0
256,telecom_v2_development,verification_gap,buyer_initial_quote_log10,-0.034227260770550494
256,telecom_v2_development,verification_gap,terminal_quote_log10,-0.043465693781090664
256,telecom_v2_development,verification_gap,action_count,2.0
256,telecom_v2_development,verification_gap,seller_concession_ratio,0.08638562543192814
333,telecom_v2_development,verification_gap,deal,0.0
333,telecom_v2_development,verification_gap,buyer_initial_quote_log10,-0.03221570329798151
333,telecom_v2_development,verification_gap,terminal_quote_log10,-0.052182168576555554
333,telecom_v2_development,verification_gap,action_count,2.0
333,telecom_v2_development,verification_gap,seller_concession_ratio,0.09844829834398225
378,telecom_v2_development,integration_burden,deal,0.0
378,telecom_v2_development,integration_burden,buyer_initial_quote_log10,0.04575749056067524
378,telecom_v2_development,integration_burden,terminal_quote_log10,0.024305658926053297
378,telecom_v2_development,integration_burden,action_count,0.0
378,telecom_v2_development,integration_burden,seller_concession_ratio,-0.04475508046517093
378,telecom_v2_development,verification_gap,deal,0.0
378,telecom_v2_development,verification_gap,buyer_initial_quote_log10,0.0
378,telecom_v2_development,verification_gap,terminal_quote_log10,0.0
378,telecom_v2_development,verification_gap,action_count,0.0
378,telecom_v2_development,verification_gap,seller_concession_ratio,0.0
382,telecom_v2_development,coverage_strength,deal,0.0
382,telecom_v2_development,coverage_strength,buyer_initial_quote_log10,0.0
382,telecom_v2_development,coverage_strength,terminal_quote_log10,0.0015001551424083104
382,telecom_v2_development,coverage_strength,action_count,0.0
382,telecom_v2_development,coverage_strength,seller_concession_ratio,-0.002789400278940035
411,telecom_v2_development,coverage_strength,deal,0.0
411,telecom_v2_development,coverage_strength,buyer_initial_quote_log10,0.0716022020996494
411,telecom_v2_development,coverage_strength,terminal_quote_log10,0.11345240815219348
411,telecom_v2_development,coverage_strength,action_count,-3.0
411,telecom_v2_development,coverage_strength,seller_concession_ratio,0.0
411,telecom_v2_development,verification_gap,deal,0.0
411,telecom_v2_development,verification_gap,buyer_initial_quote_log10,0.0
411,telecom_v2_development,verification_gap,terminal_quote_log10,0.002466110584620651
411,telecom_v2_development,verification_gap,action_count,2.0
411,telecom_v2_development,verification_gap,seller_concession_ratio,-0.004670294357084687
431,telecom_v2_development,coverage_strength,deal,0.0
431,telecom_v2_development,coverage_strength,buyer_initial_quote_log10,0.013188453581495896
431,telecom_v2_development,coverage_strength,terminal_quote_log10,0.00843316753686274
431,telecom_v2_development,coverage_strength,action_count,-2.0
431,telecom_v2_development,coverage_strength,seller_concession_ratio,-0.015073861923424775
431,telecom_v2_development,verification_gap,deal,0.0
431,telecom_v2_development,verification_gap,buyer_initial_quote_log10,-0.013188453581495896
431,telecom_v2_development,verification_gap,terminal_quote_log10,0.0
431,telecom_v2_development,verification_gap,action_count,2.0
431,telecom_v2_development,verification_gap,seller_concession_ratio,0.0
506,telecom_v2_development,coverage_strength,deal,0.0
506,telecom_v2_development,coverage_strength,buyer_initial_quote_log10,0.03261876085072002
506,telecom_v2_development,coverage_strength,terminal_quote_log10,0.007825337511956576
506,telecom_v2_development,coverage_strength,action_count,-2.0
506,telecom_v2_development,coverage_strength,seller_concession_ratio,-0.014619883040935672
506,telecom_v2_development,verification_gap,deal,0.0
506,telecom_v2_development,verification_gap,buyer_initial_quote_log10,0.0
506,telecom_v2_development,verification_gap,terminal_quote_log10,0.0
506,telecom_v2_development,verification_gap,action_count,0.0
506,telecom_v2_development,verification_gap,seller_concession_ratio,0.0
532,telecom_v2_development,verification_gap,deal,0.0
532,telecom_v2_development,verification_gap,buyer_initial_quote_log10,0.014484014265079725
532,telecom_v2_development,verification_gap,terminal_quote_log10,0.0
532,telecom_v2_development,verification_gap,action_count,-2.0
532,telecom_v2_development,verification_gap,seller_concession_ratio,0.0
534,telecom_v2_development,verification_gap,deal,0.0
534,telecom_v2_development,verification_gap,buyer_initial_quote_log10,0.0
534,telecom_v2_development,verification_gap,terminal_quote_log10,-0.023332644478430087
534,telecom_v2_development,verification_gap,action_count,0.0
534,telecom_v2_development,verification_gap,seller_concession_ratio,0.04956268221574344
554,telecom_v2_development,coverage_strength,deal,0.0
554,telecom_v2_development,coverage_strength,buyer_initial_quote_log10,0.0
554,telecom_v2_development,coverage_strength,terminal_quote_log10,0.0
554,telecom_v2_development,coverage_strength,action_count,0.0
554,telecom_v2_development,coverage_strength,seller_concession_ratio,0.0
554,telecom_v2_development,verification_gap,deal,0.0
554,telecom_v2_development,verification_gap,buyer_initial_quote_log10,-0.014862637619175612
554,telecom_v2_development,verification_gap,terminal_quote_log10,-0.007553137890445871
554,telecom_v2_development,verification_gap,action_count,2.0
554,telecom_v2_development,verification_gap,seller_concession_ratio,0.015073861923424775
568,telecom_v2_development,coverage_strength,deal,0.0
568,telecom_v2_development,coverage_strength,buyer_initial_quote_log10,0.0
568,telecom_v2_development,coverage_strength,terminal_quote_log10,0.0
568,telecom_v2_development,coverage_strength,action_count,0.0
568,telecom_v2_development,coverage_strength,seller_concession_ratio,0.0
583,telecom_v2_development,coverage_limitation,deal,0.0
583,telecom_v2_development,coverage_limitation,buyer_initial_quote_log10,-0.01213391364959815
583,telecom_v2_development,coverage_limitation,terminal_quote_log10,-0.034373977507185405
583,telecom_v2_development,coverage_limitation,action_count,2.0
583,telecom_v2_development,coverage_limitation,seller_concession_ratio,0.06617138908085696
583,telecom_v2_development,integration_burden,deal,0.0
583,telecom_v2_development,integration_burden,buyer_initial_quote_log10,0.0
583,telecom_v2_development,integration_burden,terminal_quote_log10,0.0
583,telecom_v2_development,integration_burden,action_count,0.0
583,telecom_v2_development,integration_burden,seller_concession_ratio,0.0
583,telecom_v2_development,verification_gap,deal,0.0
583,telecom_v2_development,verification_gap,buyer_initial_quote_log10,-0.01213391364959815
583,telecom_v2_development,verification_gap,terminal_quote_log10,-0.013502470403647049
583,telecom_v2_development,verification_gap,action_count,2.0
583,telecom_v2_development,verification_gap,seller_concession_ratio,0.025915687629578438
607,telecom_v2_development,coverage_strength,deal,0.0
607,telecom_v2_development,coverage_strength,buyer_initial_quote_log10,0.0
607,telecom_v2_development,coverage_strength,terminal_quote_log10,0.0
607,telecom_v2_development,coverage_strength,action_count,0.0
607,telecom_v2_development,coverage_strength,seller_concession_ratio,0.0
607,telecom_v2_development,integration_burden,deal,0.0
607,telecom_v2_development,integration_burden,buyer_initial_quote_log10,-0.005752328889091274
607,telecom_v2_development,integration_burden,terminal_quote_log10,-0.024133679716719314
607,telecom_v2_development,integration_burden,action_count,2.0
607,telecom_v2_development,integration_burden,seller_concession_ratio,0.05134788189987163
607,telecom_v2_development,verification_gap,deal,0.0
607,telecom_v2_development,verification_gap,buyer_initial_quote_log10,0.005752328889091274
607,telecom_v2_development,verification_gap,terminal_quote_log10,0.024133679716719314
607,telecom_v2_development,verification_gap,action_count,-2.0
607,telecom_v2_development,verification_gap,seller_concession_ratio,-0.05134788189987163
659,telecom_v2_development,coverage_strength,deal,0.0
659,telecom_v2_development,coverage_strength,buyer_initial_quote_log10,0.0
659,telecom_v2_development,coverage_strength,terminal_quote_log10,-0.03950854128367354
659,telecom_v2_development,coverage_strength,action_count,0.0
659,telecom_v2_development,coverage_strength,seller_concession_ratio,0.08076402770206151
659,telecom_v2_development,verification_gap,deal,0.0
659,telecom_v2_development,verification_gap,buyer_initial_quote_log10,0.0
659,telecom_v2_development,verification_gap,terminal_quote_log10,0.04997397496183886
659,telecom_v2_development,verification_gap,action_count,0.0
659,telecom_v2_development,verification_gap,seller_concession_ratio,-0.10095503462757688
756,telecom_v2_development,coverage_strength,deal,0.0
756,telecom_v2_development,coverage_strength,buyer_initial_quote_log10,0.0
756,telecom_v2_development,coverage_strength,terminal_quote_log10,-0.007825337511956576
756,telecom_v2_development,coverage_strength,action_count,0.0
756,telecom_v2_development,coverage_strength,seller_concession_ratio,0.015073861923424775
756,telecom_v2_development,verification_gap,deal,1.0
756,telecom_v2_development,verification_gap,buyer_initial_quote_log10,-0.02530586526477041
756,telecom_v2_development,verification_gap,terminal_quote_log10,-0.03218468337140168
756,telecom_v2_development,verification_gap,action_count,0.0
756,telecom_v2_development,verification_gap,seller_concession_ratio,0.06029544769369913
762,telecom_v2_development,verification_gap,deal,0.0
762,telecom_v2_development,verification_gap,buyer_initial_quote_log10,0.0
762,telecom_v2_development,verification_gap,terminal_quote_log10,0.0234535224720398
762,telecom_v2_development,verification_gap,action_count,0.0
762,telecom_v2_development,verification_gap,seller_concession_ratio,-0.047684865238424315
767,telecom_v2_development,verification_gap,deal,0.0
767,telecom_v2_development,verification_gap,buyer_initial_quote_log10,0.0
767,telecom_v2_development,verification_gap,terminal_quote_log10,0.0
767,telecom_v2_development,verification_gap,action_count,4.0
767,telecom_v2_development,verification_gap,seller_concession_ratio,0.0
774,telecom_v2_development,governance_risk,deal,0.0
774,telecom_v2_development,governance_risk,buyer_initial_quote_log10,0.020203386088286646
774,telecom_v2_development,governance_risk,terminal_quote_log10,0.018483405694012855
774,telecom_v2_development,governance_risk,action_count,-2.0
774,telecom_v2_development,governance_risk,seller_concession_ratio,-0.03644314868804663
774,telecom_v2_development,verification_gap,deal,0.0
774,telecom_v2_development,verification_gap,buyer_initial_quote_log10,0.020203386088286646
774,telecom_v2_development,verification_gap,terminal_quote_log10,0.018483405694012855
774,telecom_v2_development,verification_gap,action_count,-2.0
774,telecom_v2_development,verification_gap,seller_concession_ratio,-0.03644314868804663
894,telecom_v2_development,coverage_strength,deal,0.0
894,telecom_v2_development,coverage_strength,buyer_initial_quote_log10,0.0
894,telecom_v2_development,coverage_strength,terminal_quote_log10,0.0
894,telecom_v2_development,coverage_strength,action_count,0.0
894,telecom_v2_development,coverage_strength,seller_concession_ratio,0.0
915,telecom_v2_development,coverage_strength,deal,0.0
915,telecom_v2_development,coverage_strength,buyer_initial_quote_log10,0.0
915,telecom_v2_development,coverage_strength,terminal_quote_log10,0.03317725826400997
915,telecom_v2_development,coverage_strength,action_count,0.0
915,telecom_v2_development,coverage_strength,seller_concession_ratio,-0.05814843152257079
915,telecom_v2_development,integration_burden,deal,0.0
915,telecom_v2_development,integration_burden,buyer_initial_quote_log10,0.0
915,telecom_v2_development,integration_burden,terminal_quote_log10,0.0
915,telecom_v2_development,integration_burden,action_count,0.0
915,telecom_v2_development,integration_burden,seller_concession_ratio,0.0
915,telecom_v2_development,verification_gap,deal,0.0
915,telecom_v2_development,verification_gap,buyer_initial_quote_log10,0.0
915,telecom_v2_development,verification_gap,terminal_quote_log10,0.0
915,telecom_v2_development,verification_gap,action_count,0.0
915,telecom_v2_development,verification_gap,seller_concession_ratio,0.0
917,telecom_v2_development,coverage_strength,deal,0.0
917,telecom_v2_development,coverage_strength,buyer_initial_quote_log10,0.0
917,telecom_v2_development,coverage_strength,terminal_quote_log10,0.01200890747301564
917,telecom_v2_development,coverage_strength,action_count,-2.0
917,telecom_v2_development,coverage_strength,seller_concession_ratio,-0.024168210746797716
978,telecom_v2_development,coverage_strength,deal,0.0
978,telecom_v2_development,coverage_strength,buyer_initial_quote_log10,0.04109647429174368
978,telecom_v2_development,coverage_strength,terminal_quote_log10,0.03968781092169138
978,telecom_v2_development,coverage_strength,action_count,-2.0
978,telecom_v2_development,coverage_strength,seller_concession_ratio,-0.07716906505091307
1039,telecom_v2_development,verification_gap,deal,0.0
1039,telecom_v2_development,verification_gap,buyer_initial_quote_log10,0.0
1039,telecom_v2_development,verification_gap,terminal_quote_log10,0.0
1039,telecom_v2_development,verification_gap,action_count,0.0
1039,telecom_v2_development,verification_gap,seller_concession_ratio,0.0
1046,telecom_v2_development,coverage_strength,deal,0.0
1046,telecom_v2_development,coverage_strength,buyer_initial_quote_log10,0.0
1046,telecom_v2_development,coverage_strength,terminal_quote_log10,-0.011581872549815131
1046,telecom_v2_development,coverage_strength,action_count,0.0
1046,telecom_v2_development,coverage_strength,seller_concession_ratio,0.024189646831156264
1072,telecom_v2_development,verification_gap,deal,0.0
1072,telecom_v2_development,verification_gap,buyer_initial_quote_log10,0.0
1072,telecom_v2_development,verification_gap,terminal_quote_log10,0.055047566330905795
1072,telecom_v2_development,verification_gap,action_count,0.0
1072,telecom_v2_development,verification_gap,seller_concession_ratio,-0.10711684305240157
1080,telecom_v2_development,governance_risk,deal,0.0
1080,telecom_v2_development,governance_risk,buyer_initial_quote_log10,0.0
1080,telecom_v2_development,governance_risk,terminal_quote_log10,0.011810961032987066
1080,telecom_v2_development,governance_risk,action_count,0.0
1080,telecom_v2_development,governance_risk,seller_concession_ratio,-0.023905767809797
1080,telecom_v2_development,verification_gap,deal,1.0
1080,telecom_v2_development,verification_gap,buyer_initial_quote_log10,0.0
1080,telecom_v2_development,verification_gap,terminal_quote_log10,-0.0011989565403602853
1080,telecom_v2_development,verification_gap,action_count,1.0
1080,telecom_v2_development,verification_gap,seller_concession_ratio,0.002390576780979703
1093,telecom_v2_development,coverage_strength,deal,0.0
1093,telecom_v2_development,coverage_strength,buyer_initial_quote_log10,0.0
1093,telecom_v2_development,coverage_strength,terminal_quote_log10,0.012234456417011597
1093,telecom_v2_development,coverage_strength,action_count,0.0
1093,telecom_v2_development,coverage_strength,seller_concession_ratio,-0.024189646831156264
1093,telecom_v2_development,verification_gap,deal,0.0
1093,telecom_v2_development,verification_gap,buyer_initial_quote_log10,0.0
1093,telecom_v2_development,verification_gap,terminal_quote_log10,0.011899223299707717
1093,telecom_v2_development,verification_gap,action_count,0.0
1093,telecom_v2_development,verification_gap,seller_concession_ratio,-0.024189646831156278
1130,telecom_v2_development,coverage_limitation,deal,0.0
1130,telecom_v2_development,coverage_limitation,buyer_initial_quote_log10,0.0
1130,telecom_v2_development,coverage_limitation,terminal_quote_log10,0.024657561690023755
1130,telecom_v2_development,coverage_limitation,action_count,0.0
1130,telecom_v2_development,coverage_limitation,seller_concession_ratio,-0.0467749529190207
1130,telecom_v2_development,coverage_strength,deal,0.0
1130,telecom_v2_development,coverage_strength,buyer_initial_quote_log10,0.0
1130,telecom_v2_development,coverage_strength,terminal_quote_log10,0.0
1130,telecom_v2_development,coverage_strength,action_count,0.0
1130,telecom_v2_development,coverage_strength,seller_concession_ratio,0.0
1130,telecom_v2_development,governance_risk,deal,0.0
1130,telecom_v2_development,governance_risk,buyer_initial_quote_log10,0.0
1130,telecom_v2_development,governance_risk,terminal_quote_log10,0.0
1130,telecom_v2_development,governance_risk,action_count,0.0
1130,telecom_v2_development,governance_risk,seller_concession_ratio,0.0
1130,telecom_v2_development,verification_gap,deal,0.0
1130,telecom_v2_development,verification_gap,buyer_initial_quote_log10,0.0
1130,telecom_v2_development,verification_gap,terminal_quote_log10,-0.024657561690023755
1130,telecom_v2_development,verification_gap,action_count,0.0
1130,telecom_v2_development,verification_gap,seller_concession_ratio,0.0467749529190207
1136,telecom_v2_development,coverage_limitation,deal,0.0
1136,telecom_v2_development,coverage_limitation,buyer_initial_quote_log10,-0.032449097997931275
1136,telecom_v2_development,coverage_limitation,terminal_quote_log10,-0.015567899151002429
1136,telecom_v2_development,coverage_limitation,action_count,2.0
1136,telecom_v2_development,coverage_limitation,seller_concession_ratio,0.03373436262136817
1136,telecom_v2_development,coverage_strength,deal,0.0
1136,telecom_v2_development,coverage_strength,buyer_initial_quote_log10,0.0
1136,telecom_v2_development,coverage_strength,terminal_quote_log10,0.0
1136,telecom_v2_development,coverage_strength,action_count,0.0
1136,telecom_v2_development,coverage_strength,seller_concession_ratio,0.0
1136,telecom_v2_development,governance_risk,deal,0.0
1136,telecom_v2_development,governance_risk,buyer_initial_quote_log10,0.0
1136,telecom_v2_development,governance_risk,terminal_quote_log10,0.0
1136,telecom_v2_development,governance_risk,action_count,0.0
1136,telecom_v2_development,governance_risk,seller_concession_ratio,0.0
1136,telecom_v2_development,integration_burden,deal,0.0
1136,telecom_v2_development,integration_burden,buyer_initial_quote_log10,0.0
1136,telecom_v2_development,integration_burden,terminal_quote_log10,0.0
1136,telecom_v2_development,integration_burden,action_count,0.0
1136,telecom_v2_development,integration_burden,seller_concession_ratio,0.0
1149,telecom_v2_development,integration_burden,deal,0.0
1149,telecom_v2_development,integration_burden,buyer_initial_quote_log10,0.0
1149,telecom_v2_development,integration_burden,terminal_quote_log10,0.0
1149,telecom_v2_development,integration_burden,action_count,0.0
1149,telecom_v2_development,integration_burden,seller_concession_ratio,0.0
1153,telecom_v2_development,coverage_strength,deal,0.0
1153,telecom_v2_development,coverage_strength,buyer_initial_quote_log10,0.0
1153,telecom_v2_development,coverage_strength,terminal_quote_log10,0.0
1153,telecom_v2_development,coverage_strength,action_count,0.0
1153,telecom_v2_development,coverage_strength,seller_concession_ratio,0.0
1153,telecom_v2_development,integration_burden,deal,0.0
1153,telecom_v2_development,integration_burden,buyer_initial_quote_log10,0.0
1153,telecom_v2_development,integration_burden,terminal_quote_log10,0.01286539607172843
1153,telecom_v2_development,integration_burden,action_count,0.0
1153,telecom_v2_development,integration_burden,seller_concession_ratio,-0.02772785622593068
1153,telecom_v2_development,verification_gap,deal,0.0
1153,telecom_v2_development,verification_gap,buyer_initial_quote_log10,0.0
1153,telecom_v2_development,verification_gap,terminal_quote_log10,-0.01286539607172843
1153,telecom_v2_development,verification_gap,action_count,0.0
1153,telecom_v2_development,verification_gap,seller_concession_ratio,0.02772785622593068
1158,telecom_v2_development,verification_gap,deal,0.0
1158,telecom_v2_development,verification_gap,buyer_initial_quote_log10,0.0
1158,telecom_v2_development,verification_gap,terminal_quote_log10,0.0
1158,telecom_v2_development,verification_gap,action_count,0.0
1158,telecom_v2_development,verification_gap,seller_concession_ratio,0.0
1219,telecom_v2_development,integration_burden,deal,0.0
1219,telecom_v2_development,integration_burden,buyer_initial_quote_log10,0.0
1219,telecom_v2_development,integration_burden,terminal_quote_log10,0.0
1219,telecom_v2_development,integration_burden,action_count,0.0
1219,telecom_v2_development,integration_burden,seller_concession_ratio,0.0
1219,telecom_v2_development,verification_gap,deal,0.0
1219,telecom_v2_development,verification_gap,buyer_initial_quote_log10,-0.03549874501426409
1219,telecom_v2_development,verification_gap,terminal_quote_log10,-0.0584057578540671
1219,telecom_v2_development,verification_gap,action_count,3.0
1219,telecom_v2_development,verification_gap,seller_concession_ratio,0.08558116723884256
1220,telecom_v2_development,integration_burden,deal,1.0
1220,telecom_v2_development,integration_burden,buyer_initial_quote_log10,-0.027506421093630884
1220,telecom_v2_development,integration_burden,terminal_quote_log10,-0.0532701418282886
1220,telecom_v2_development,integration_burden,action_count,6.0
1220,telecom_v2_development,integration_burden,seller_concession_ratio,0.09857063300538335
1220,telecom_v2_development,verification_gap,deal,1.0
1220,telecom_v2_development,verification_gap,buyer_initial_quote_log10,-0.027506421093630884
1220,telecom_v2_development,verification_gap,terminal_quote_log10,-0.05931400121598207
1220,telecom_v2_development,verification_gap,action_count,0.0
1220,telecom_v2_development,verification_gap,seller_concession_ratio,0.11137924633376647
1239,telecom_v2_development,governance_risk,deal,0.0
1239,telecom_v2_development,governance_risk,buyer_initial_quote_log10,0.0
1239,telecom_v2_development,governance_risk,terminal_quote_log10,-0.012244383261476699
1239,telecom_v2_development,governance_risk,action_count,2.0
1239,telecom_v2_development,governance_risk,seller_concession_ratio,0.022247119078105004
1239,telecom_v2_development,integration_burden,deal,0.0
1239,telecom_v2_development,integration_burden,buyer_initial_quote_log10,-0.026328938722349093
1239,telecom_v2_development,integration_burden,terminal_quote_log10,0.0
1239,telecom_v2_development,integration_burden,action_count,0.0
1239,telecom_v2_development,integration_burden,seller_concession_ratio,0.0
1239,telecom_v2_development,verification_gap,deal,0.0
1239,telecom_v2_development,verification_gap,buyer_initial_quote_log10,-0.04282152982732956
1239,telecom_v2_development,verification_gap,terminal_quote_log10,-0.04184409991924998
1239,telecom_v2_development,verification_gap,action_count,3.0
1239,telecom_v2_development,verification_gap,seller_concession_ratio,0.0
1255,telecom_v2_development,verification_gap,deal,0.0
1255,telecom_v2_development,verification_gap,buyer_initial_quote_log10,0.0
1255,telecom_v2_development,verification_gap,terminal_quote_log10,-0.009340026254142764
1255,telecom_v2_development,verification_gap,action_count,0.0
1255,telecom_v2_development,verification_gap,seller_concession_ratio,0.02019100692551537
1256,telecom_v2_development,verification_gap,deal,0.0
1256,telecom_v2_development,verification_gap,buyer_initial_quote_log10,0.0
1256,telecom_v2_development,verification_gap,terminal_quote_log10,0.0
1256,telecom_v2_development,verification_gap,action_count,0.0
1256,telecom_v2_development,verification_gap,seller_concession_ratio,0.0
1278,telecom_v2_development,governance_risk,deal,0.0
1278,telecom_v2_development,governance_risk,buyer_initial_quote_log10,0.0
1278,telecom_v2_development,governance_risk,terminal_quote_log10,-0.047241337104636294
1278,telecom_v2_development,governance_risk,action_count,1.0
1278,telecom_v2_development,governance_risk,seller_concession_ratio,0.003281049935979524
1278,telecom_v2_development,integration_burden,deal,0.0
1278,telecom_v2_development,integration_burden,buyer_initial_quote_log10,0.0
1278,telecom_v2_development,integration_burden,terminal_quote_log10,0.007968929671275937
1278,telecom_v2_development,integration_burden,action_count,-2.0
1278,telecom_v2_development,integration_burden,seller_concession_ratio,-0.016005121638924466
1289,telecom_v2_development,coverage_strength,deal,0.0
1289,telecom_v2_development,coverage_strength,buyer_initial_quote_log10,-0.005241814569222125
1289,telecom_v2_development,coverage_strength,terminal_quote_log10,-0.02482358372503235
1289,telecom_v2_development,coverage_strength,action_count,2.0
1289,telecom_v2_development,coverage_strength,seller_concession_ratio,0.04837929366231253
1289,telecom_v2_development,verification_gap,deal,0.0
1289,telecom_v2_development,verification_gap,buyer_initial_quote_log10,0.0
1289,telecom_v2_development,verification_gap,terminal_quote_log10,0.0
1289,telecom_v2_development,verification_gap,action_count,0.0
1289,telecom_v2_development,verification_gap,seller_concession_ratio,0.0
1300,telecom_v2_development,coverage_limitation,deal,0.0
1300,telecom_v2_development,coverage_limitation,buyer_initial_quote_log10,0.0
1300,telecom_v2_development,coverage_limitation,terminal_quote_log10,0.0
1300,telecom_v2_development,coverage_limitation,action_count,0.0
1300,telecom_v2_development,coverage_limitation,seller_concession_ratio,0.0
1300,telecom_v2_development,integration_burden,deal,0.0
1300,telecom_v2_development,integration_burden,buyer_initial_quote_log10,0.0
1300,telecom_v2_development,integration_burden,terminal_quote_log10,0.0
1300,telecom_v2_development,integration_burden,action_count,0.0
1300,telecom_v2_development,integration_burden,seller_concession_ratio,0.0
1300,telecom_v2_development,verification_gap,deal,0.0
1300,telecom_v2_development,verification_gap,buyer_initial_quote_log10,0.0
1300,telecom_v2_development,verification_gap,terminal_quote_log10,0.0
1300,telecom_v2_development,verification_gap,action_count,0.0
1300,telecom_v2_development,verification_gap,seller_concession_ratio,0.0
1318,telecom_v2_development,coverage_limitation,deal,0.0
1318,telecom_v2_development,coverage_limitation,buyer_initial_quote_log10,0.0
1318,telecom_v2_development,coverage_limitation,terminal_quote_log10,0.010219165181685419
1318,telecom_v2_development,coverage_limitation,action_count,0.0
1318,telecom_v2_development,coverage_limitation,seller_concession_ratio,-0.021423368610480303
1318,telecom_v2_development,governance_risk,deal,0.0
1318,telecom_v2_development,governance_risk,buyer_initial_quote_log10,0.0
1318,telecom_v2_development,governance_risk,terminal_quote_log10,0.0
1318,telecom_v2_development,governance_risk,action_count,0.0
1318,telecom_v2_development,governance_risk,seller_concession_ratio,0.0
1318,telecom_v2_development,verification_gap,deal,0.0
1318,telecom_v2_development,verification_gap,buyer_initial_quote_log10,0.0
1318,telecom_v2_development,verification_gap,terminal_quote_log10,-0.010219165181685419
1318,telecom_v2_development,verification_gap,action_count,0.0
1318,telecom_v2_development,verification_gap,seller_concession_ratio,0.021423368610480303
1380,telecom_v2_development,coverage_limitation,deal,0.0
1380,telecom_v2_development,coverage_limitation,buyer_initial_quote_log10,0.0
1380,telecom_v2_development,coverage_limitation,terminal_quote_log10,0.0
1380,telecom_v2_development,coverage_limitation,action_count,0.0
1380,telecom_v2_development,coverage_limitation,seller_concession_ratio,0.0
1380,telecom_v2_development,integration_burden,deal,0.0
1380,telecom_v2_development,integration_burden,buyer_initial_quote_log10,0.0
1380,telecom_v2_development,integration_burden,terminal_quote_log10,0.012482695624629336
1380,telecom_v2_development,integration_burden,action_count,0.0
1380,telecom_v2_development,integration_burden,seller_concession_ratio,-0.026013771996939564
1391,telecom_v2_development,verification_gap,deal,0.0
1391,telecom_v2_development,verification_gap,buyer_initial_quote_log10,0.0
1391,telecom_v2_development,verification_gap,terminal_quote_log10,0.0
1391,telecom_v2_development,verification_gap,action_count,0.0
1391,telecom_v2_development,verification_gap,seller_concession_ratio,0.0
1401,telecom_v2_development,verification_gap,deal,0.0
1401,telecom_v2_development,verification_gap,buyer_initial_quote_log10,0.0
1401,telecom_v2_development,verification_gap,terminal_quote_log10,-0.02215919204362038
1401,telecom_v2_development,verification_gap,action_count,0.0
1401,telecom_v2_development,verification_gap,seller_concession_ratio,0.04551853589863915
1417,telecom_v2_development,governance_risk,deal,0.0
1417,telecom_v2_development,governance_risk,buyer_initial_quote_log10,0.0
1417,telecom_v2_development,governance_risk,terminal_quote_log10,0.0
1417,telecom_v2_development,governance_risk,action_count,0.0
1417,telecom_v2_development,governance_risk,seller_concession_ratio,0.0
1417,telecom_v2_development,integration_burden,deal,0.0
1417,telecom_v2_development,integration_burden,buyer_initial_quote_log10,0.0
1417,telecom_v2_development,integration_burden,terminal_quote_log10,0.0
1417,telecom_v2_development,integration_burden,action_count,0.0
1417,telecom_v2_development,integration_burden,seller_concession_ratio,0.0
1417,telecom_v2_development,verification_gap,deal,0.0
1417,telecom_v2_development,verification_gap,buyer_initial_quote_log10,0.0
1417,telecom_v2_development,verification_gap,terminal_quote_log10,0.0
1417,telecom_v2_development,verification_gap,action_count,0.0
1417,telecom_v2_development,verification_gap,seller_concession_ratio,0.0
1506,telecom_v2_development,coverage_strength,deal,0.0
1506,telecom_v2_development,coverage_strength,buyer_initial_quote_log10,0.0
1506,telecom_v2_development,coverage_strength,terminal_quote_log10,0.0
1506,telecom_v2_development,coverage_strength,action_count,0.0
1506,telecom_v2_development,coverage_strength,seller_concession_ratio,0.0
1506,telecom_v2_development,verification_gap,deal,0.0
1506,telecom_v2_development,verification_gap,buyer_initial_quote_log10,-0.009410422896013237
1506,telecom_v2_development,verification_gap,terminal_quote_log10,-0.15195757933896203
1506,telecom_v2_development,verification_gap,action_count,1.0
1506,telecom_v2_development,verification_gap,seller_concession_ratio,0.0
1560,telecom_v2_development,governance_risk,deal,0.0
1560,telecom_v2_development,governance_risk,buyer_initial_quote_log10,-0.0165909590514719
1560,telecom_v2_development,governance_risk,terminal_quote_log10,0.0
1560,telecom_v2_development,governance_risk,action_count,2.0
1560,telecom_v2_development,governance_risk,seller_concession_ratio,0.0
1560,telecom_v2_development,verification_gap,deal,0.0
1560,telecom_v2_development,verification_gap,buyer_initial_quote_log10,-0.0165909590514719
1560,telecom_v2_development,verification_gap,terminal_quote_log10,0.0
1560,telecom_v2_development,verification_gap,action_count,2.0
1560,telecom_v2_development,verification_gap,seller_concession_ratio,0.0
1607,telecom_v2_development,governance_risk,deal,0.0
1607,telecom_v2_development,governance_risk,buyer_initial_quote_log10,0.0
1607,telecom_v2_development,governance_risk,terminal_quote_log10,0.016670064930544903
1607,telecom_v2_development,governance_risk,action_count,0.0
1607,telecom_v2_development,governance_risk,seller_concession_ratio,-0.036252316120196575
1607,telecom_v2_development,verification_gap,deal,0.0
1607,telecom_v2_development,verification_gap,buyer_initial_quote_log10,0.0
1607,telecom_v2_development,verification_gap,terminal_quote_log10,0.016670064930544903
1607,telecom_v2_development,verification_gap,action_count,0.0
1607,telecom_v2_development,verification_gap,seller_concession_ratio,-0.036252316120196575
1622,telecom_v2_development,verification_gap,deal,0.0
1622,telecom_v2_development,verification_gap,buyer_initial_quote_log10,0.0
1622,telecom_v2_development,verification_gap,terminal_quote_log10,-0.044968581203134406
1622,telecom_v2_development,verification_gap,action_count,0.0
1622,telecom_v2_development,verification_gap,seller_concession_ratio,0.09105444753008499
1633,telecom_v2_development,coverage_strength,deal,0.0
1633,telecom_v2_development,coverage_strength,buyer_initial_quote_log10,0.0
1633,telecom_v2_development,coverage_strength,terminal_quote_log10,0.0
1633,telecom_v2_development,coverage_strength,action_count,0.0
1633,telecom_v2_development,coverage_strength,seller_concession_ratio,0.0
1633,telecom_v2_development,verification_gap,deal,0.0
1633,telecom_v2_development,verification_gap,buyer_initial_quote_log10,-0.01523996655673665
1633,telecom_v2_development,verification_gap,terminal_quote_log10,0.0
1633,telecom_v2_development,verification_gap,action_count,0.0
1633,telecom_v2_development,verification_gap,seller_concession_ratio,0.0
1635,telecom_v2_development,governance_risk,deal,0.0
1635,telecom_v2_development,governance_risk,buyer_initial_quote_log10,0.0
1635,telecom_v2_development,governance_risk,terminal_quote_log10,0.0
1635,telecom_v2_development,governance_risk,action_count,0.0
1635,telecom_v2_development,governance_risk,seller_concession_ratio,0.0
1635,telecom_v2_development,verification_gap,deal,0.0
1635,telecom_v2_development,verification_gap,buyer_initial_quote_log10,0.0
1635,telecom_v2_development,verification_gap,terminal_quote_log10,-0.011581872549815131
1635,telecom_v2_development,verification_gap,action_count,0.0
1635,telecom_v2_development,verification_gap,seller_concession_ratio,0.024061597690086617
1648,telecom_v2_development,governance_risk,deal,0.0
1648,telecom_v2_development,governance_risk,buyer_initial_quote_log10,0.0
1648,telecom_v2_development,governance_risk,terminal_quote_log10,-0.007088977550317566
1648,telecom_v2_development,governance_risk,action_count,2.0
1648,telecom_v2_development,governance_risk,seller_concession_ratio,0.011533242876526462
1648,telecom_v2_development,verification_gap,deal,0.0
1648,telecom_v2_development,verification_gap,buyer_initial_quote_log10,0.0
1648,telecom_v2_development,verification_gap,terminal_quote_log10,0.0
1648,telecom_v2_development,verification_gap,action_count,-2.0
1648,telecom_v2_development,verification_gap,seller_concession_ratio,0.0
1674,telecom_v2_development,verification_gap,deal,0.0
1674,telecom_v2_development,verification_gap,buyer_initial_quote_log10,0.0
1674,telecom_v2_development,verification_gap,terminal_quote_log10,0.0
1674,telecom_v2_development,verification_gap,action_count,0.0
1674,telecom_v2_development,verification_gap,seller_concession_ratio,0.0
1696,telecom_v2_development,coverage_limitation,deal,0.0
1696,telecom_v2_development,coverage_limitation,buyer_initial_quote_log10,-0.032184683371401235
1696,telecom_v2_development,coverage_limitation,terminal_quote_log10,0.0
1696,telecom_v2_development,coverage_limitation,action_count,0.0
1696,telecom_v2_development,coverage_limitation,seller_concession_ratio,0.0
1698,telecom_v2_development,coverage_strength,deal,0.0
1698,telecom_v2_development,coverage_strength,buyer_initial_quote_log10,0.0
1698,telecom_v2_development,coverage_strength,terminal_quote_log10,0.0
1698,telecom_v2_development,coverage_strength,action_count,0.0
1698,telecom_v2_development,coverage_strength,seller_concession_ratio,0.0
1701,telecom_v2_development,coverage_strength,deal,0.0
1701,telecom_v2_development,coverage_strength,buyer_initial_quote_log10,0.0
1701,telecom_v2_development,coverage_strength,terminal_quote_log10,0.0
1701,telecom_v2_development,coverage_strength,action_count,0.0
1701,telecom_v2_development,coverage_strength,seller_concession_ratio,0.0
1701,telecom_v2_development,verification_gap,deal,0.0
1701,telecom_v2_development,verification_gap,buyer_initial_quote_log10,-0.028658381689098622
1701,telecom_v2_development,verification_gap,terminal_quote_log10,-0.09390853619484085
1701,telecom_v2_development,verification_gap,action_count,1.0
1701,telecom_v2_development,verification_gap,seller_concession_ratio,0.0
1718,telecom_v2_development,coverage_limitation,deal,0.0
1718,telecom_v2_development,coverage_limitation,buyer_initial_quote_log10,-0.037260451491687
1718,telecom_v2_development,coverage_limitation,terminal_quote_log10,0.0
1718,telecom_v2_development,coverage_limitation,action_count,2.0
1718,telecom_v2_development,coverage_limitation,seller_concession_ratio,0.0
1718,telecom_v2_development,verification_gap,deal,0.0
1718,telecom_v2_development,verification_gap,buyer_initial_quote_log10,-0.037260451491687
1718,telecom_v2_development,verification_gap,terminal_quote_log10,-0.07389000063097972
1718,telecom_v2_development,verification_gap,action_count,1.0
1718,telecom_v2_development,verification_gap,seller_concession_ratio,0.031204644412191618
1751,telecom_v2_development,coverage_strength,deal,0.0
1751,telecom_v2_development,coverage_strength,buyer_initial_quote_log10,0.0
1751,telecom_v2_development,coverage_strength,terminal_quote_log10,-0.04011722320798228
1751,telecom_v2_development,coverage_strength,action_count,0.0
1751,telecom_v2_development,coverage_strength,seller_concession_ratio,0.08455467869222097
1751,telecom_v2_development,verification_gap,deal,0.0
1751,telecom_v2_development,verification_gap,buyer_initial_quote_log10,0.0
1751,telecom_v2_development,verification_gap,terminal_quote_log10,-0.028963695935316558
1751,telecom_v2_development,verification_gap,action_count,0.0
1751,telecom_v2_development,verification_gap,seller_concession_ratio,0.056369785794814
1759,telecom_v2_development,coverage_strength,deal,0.0
1759,telecom_v2_development,coverage_strength,buyer_initial_quote_log10,0.0
1759,telecom_v2_development,coverage_strength,terminal_quote_log10,0.0
1759,telecom_v2_development,coverage_strength,action_count,0.0
1759,telecom_v2_development,coverage_strength,seller_concession_ratio,0.0
1759,telecom_v2_development,verification_gap,deal,0.0
1759,telecom_v2_development,verification_gap,buyer_initial_quote_log10,0.0
1759,telecom_v2_development,verification_gap,terminal_quote_log10,0.0
1759,telecom_v2_development,verification_gap,action_count,0.0
1759,telecom_v2_development,verification_gap,seller_concession_ratio,0.0
1761,telecom_v2_development,coverage_limitation,deal,0.0
1761,telecom_v2_development,coverage_limitation,buyer_initial_quote_log10,0.0
1761,telecom_v2_development,coverage_limitation,terminal_quote_log10,0.0
1761,telecom_v2_development,coverage_limitation,action_count,0.0
1761,telecom_v2_development,coverage_limitation,seller_concession_ratio,0.0
1761,telecom_v2_development,verification_gap,deal,0.0
1761,telecom_v2_development,verification_gap,buyer_initial_quote_log10,0.0
1761,telecom_v2_development,verification_gap,terminal_quote_log10,0.010219165181685419
1761,telecom_v2_development,verification_gap,action_count,0.0
1761,telecom_v2_development,verification_gap,seller_concession_ratio,-0.021423368610480303
1769,telecom_v2_development,coverage_limitation,deal,0.0
1769,telecom_v2_development,coverage_limitation,buyer_initial_quote_log10,0.042706739056056264
1769,telecom_v2_development,coverage_limitation,terminal_quote_log10,0.0
1769,telecom_v2_development,coverage_limitation,action_count,-2.0
1769,telecom_v2_development,coverage_limitation,seller_concession_ratio,0.0
1772,telecom_v2_development,coverage_limitation,deal,0.0
1772,telecom_v2_development,coverage_limitation,buyer_initial_quote_log10,-0.014723256820706077
1772,telecom_v2_development,coverage_limitation,terminal_quote_log10,2.4467984000686727e-05
1772,telecom_v2_development,coverage_limitation,action_count,2.0
1772,telecom_v2_development,coverage_limitation,seller_concession_ratio,-4.708097928438071e-05
1772,telecom_v2_development,verification_gap,deal,0.0
1772,telecom_v2_development,verification_gap,buyer_initial_quote_log10,0.0
1772,telecom_v2_development,verification_gap,terminal_quote_log10,0.0
1772,telecom_v2_development,verification_gap,action_count,0.0
1772,telecom_v2_development,verification_gap,seller_concession_ratio,0.0
1783,telecom_v2_development,coverage_strength,deal,0.0
1783,telecom_v2_development,coverage_strength,buyer_initial_quote_log10,0.03022272414423588
1783,telecom_v2_development,coverage_strength,terminal_quote_log10,0.08966996067580224
1783,telecom_v2_development,coverage_strength,action_count,-1.0
1783,telecom_v2_development,coverage_strength,seller_concession_ratio,0.0
1783,telecom_v2_development,verification_gap,deal,0.0
1783,telecom_v2_development,verification_gap,buyer_initial_quote_log10,-0.03022272414423588
1783,telecom_v2_development,verification_gap,terminal_quote_log10,0.0
1783,telecom_v2_development,verification_gap,action_count,4.0
1783,telecom_v2_development,verification_gap,seller_concession_ratio,0.0
1803,telecom_v2_development,coverage_limitation,deal,0.0
1803,telecom_v2_development,coverage_limitation,buyer_initial_quote_log10,0.0
1803,telecom_v2_development,coverage_limitation,terminal_quote_log10,-0.003205139875211316
1803,telecom_v2_development,coverage_limitation,action_count,0.0
1803,telecom_v2_development,coverage_limitation,seller_concession_ratio,0.00678426051560381
1813,telecom_v2_development,coverage_strength,deal,0.0
1813,telecom_v2_development,coverage_strength,buyer_initial_quote_log10,0.0
1813,telecom_v2_development,coverage_strength,terminal_quote_log10,-0.005990363689187372
1813,telecom_v2_development,coverage_strength,action_count,0.0
1813,telecom_v2_development,coverage_strength,seller_concession_ratio,0.012254901960784312
1813,telecom_v2_development,verification_gap,deal,0.0
1813,telecom_v2_development,verification_gap,buyer_initial_quote_log10,0.0
1813,telecom_v2_development,verification_gap,terminal_quote_log10,-0.0060741477121930565
1813,telecom_v2_development,verification_gap,action_count,0.0
1813,telecom_v2_development,verification_gap,seller_concession_ratio,0.012254901960784326
1838,telecom_v2_development,governance_risk,deal,0.0
1838,telecom_v2_development,governance_risk,buyer_initial_quote_log10,-0.03862016194970286
1838,telecom_v2_development,governance_risk,terminal_quote_log10,-0.025133320772273038
1838,telecom_v2_development,governance_risk,action_count,2.0
1838,telecom_v2_development,governance_risk,seller_concession_ratio,0.04889426399447133
1838,telecom_v2_development,verification_gap,deal,0.0
1838,telecom_v2_development,verification_gap,buyer_initial_quote_log10,0.0
1838,telecom_v2_development,verification_gap,terminal_quote_log10,0.0
1838,telecom_v2_development,verification_gap,action_count,0.0
1838,telecom_v2_development,verification_gap,seller_concession_ratio,0.0
1864,telecom_v2_development,coverage_strength,deal,0.0
1864,telecom_v2_development,coverage_strength,buyer_initial_quote_log10,0.0
1864,telecom_v2_development,coverage_strength,terminal_quote_log10,-0.028963695935316558
1864,telecom_v2_development,coverage_strength,action_count,0.0
1864,telecom_v2_development,coverage_strength,seller_concession_ratio,0.055663790704146954
1867,telecom_v2_development,coverage_strength,deal,0.0
1867,telecom_v2_development,coverage_strength,buyer_initial_quote_log10,0.03557266873772358
1867,telecom_v2_development,coverage_strength,terminal_quote_log10,0.08547102398705198
1867,telecom_v2_development,coverage_strength,action_count,-1.0
1867,telecom_v2_development,coverage_strength,seller_concession_ratio,-0.024738587095128793
1867,telecom_v2_development,verification_gap,deal,0.0
1867,telecom_v2_development,verification_gap,buyer_initial_quote_log10,-0.03557266873772358
1867,telecom_v2_development,verification_gap,terminal_quote_log10,-0.011537461944426397
1867,telecom_v2_development,verification_gap,action_count,2.0
1867,telecom_v2_development,verification_gap,seller_concession_ratio,0.024738587095128793
1882,telecom_v2_development,coverage_strength,deal,0.0
1882,telecom_v2_development,coverage_strength,buyer_initial_quote_log10,0.05720951250779027
1882,telecom_v2_development,coverage_strength,terminal_quote_log10,0.012964977164367397
1882,telecom_v2_development,coverage_strength,action_count,-2.0
1882,telecom_v2_development,coverage_strength,seller_concession_ratio,-0.02346316283435007
1889,telecom_v2_development,coverage_limitation,deal,0.0
1889,telecom_v2_development,coverage_limitation,buyer_initial_quote_log10,0.09998740042407261
1889,telecom_v2_development,coverage_limitation,terminal_quote_log10,0.14989007279252764
1889,telecom_v2_development,coverage_limitation,action_count,-1.0
1889,telecom_v2_development,coverage_limitation,seller_concession_ratio,-0.052977798660871614
1889,telecom_v2_development,governance_risk,deal,0.0
1889,telecom_v2_development,governance_risk,buyer_initial_quote_log10,0.12995062380151579
1889,telecom_v2_development,governance_risk,terminal_quote_log10,0.014205177318996398
1889,telecom_v2_development,governance_risk,action_count,-2.0
1889,telecom_v2_development,governance_risk,seller_concession_ratio,-0.029484318101726775
1925,telecom_v2_development,coverage_limitation,deal,0.0
1925,telecom_v2_development,coverage_limitation,buyer_initial_quote_log10,0.0
1925,telecom_v2_development,coverage_limitation,terminal_quote_log10,0.0
1925,telecom_v2_development,coverage_limitation,action_count,0.0
1925,telecom_v2_development,coverage_limitation,seller_concession_ratio,0.0
1925,telecom_v2_development,verification_gap,deal,0.0
1925,telecom_v2_development,verification_gap,buyer_initial_quote_log10,0.027394915216444105
1925,telecom_v2_development,verification_gap,terminal_quote_log10,0.10595814198545384
1925,telecom_v2_development,verification_gap,action_count,-1.0
1925,telecom_v2_development,verification_gap,seller_concession_ratio,0.0
1979,telecom_v2_development,coverage_strength,deal,0.0
1979,telecom_v2_development,coverage_strength,buyer_initial_quote_log10,0.0
1979,telecom_v2_development,coverage_strength,terminal_quote_log10,0.0
1979,telecom_v2_development,coverage_strength,action_count,0.0
1979,telecom_v2_development,coverage_strength,seller_concession_ratio,0.0
1996,telecom_v2_development,coverage_strength,deal,0.0
1996,telecom_v2_development,coverage_strength,buyer_initial_quote_log10,0.0
1996,telecom_v2_development,coverage_strength,terminal_quote_log10,-0.005603877517998512
1996,telecom_v2_development,coverage_strength,action_count,0.0
1996,telecom_v2_development,coverage_strength,seller_concession_ratio,0.012260912211868563
2004,telecom_v2_development,coverage_limitation,deal,0.0
2004,telecom_v2_development,coverage_limitation,buyer_initial_quote_log10,0.0
2004,telecom_v2_development,coverage_limitation,terminal_quote_log10,-0.012234456417011597
2004,telecom_v2_development,coverage_limitation,action_count,0.0
2004,telecom_v2_development,coverage_limitation,seller_concession_ratio,0.025673940949935817
2013,telecom_v2_development,coverage_strength,deal,0.0
2013,telecom_v2_development,coverage_strength,buyer_initial_quote_log10,0.0
2013,telecom_v2_development,coverage_strength,terminal_quote_log10,0.0
2013,telecom_v2_development,coverage_strength,action_count,0.0
2013,telecom_v2_development,coverage_strength,seller_concession_ratio,0.0
2013,telecom_v2_development,verification_gap,deal,0.0
2013,telecom_v2_development,verification_gap,buyer_initial_quote_log10,0.0
2013,telecom_v2_development,verification_gap,terminal_quote_log10,0.0
2013,telecom_v2_development,verification_gap,action_count,0.0
2013,telecom_v2_development,verification_gap,seller_concession_ratio,0.0
2075,telecom_v2_development,verification_gap,deal,1.0
2075,telecom_v2_development,verification_gap,buyer_initial_quote_log10,-0.03495857515281475
2075,telecom_v2_development,verification_gap,terminal_quote_log10,-0.021659060588864243
2075,telecom_v2_development,verification_gap,action_count,3.0
2075,telecom_v2_development,verification_gap,seller_concession_ratio,0.03781512605042017
2095,telecom_v2_development,coverage_limitation,deal,0.0
2095,telecom_v2_development,coverage_limitation,buyer_initial_quote_log10,0.0
2095,telecom_v2_development,coverage_limitation,terminal_quote_log10,-0.010995384301462963
2095,telecom_v2_development,coverage_limitation,action_count,0.0
2095,telecom_v2_development,coverage_limitation,seller_concession_ratio,0.021732516190724555
2095,telecom_v2_development,governance_risk,deal,0.0
2095,telecom_v2_development,governance_risk,buyer_initial_quote_log10,0.0
2095,telecom_v2_development,governance_risk,terminal_quote_log10,0.0
2095,telecom_v2_development,governance_risk,action_count,0.0
2095,telecom_v2_development,governance_risk,seller_concession_ratio,0.0
2095,telecom_v2_development,verification_gap,deal,0.0
2095,telecom_v2_development,verification_gap,buyer_initial_quote_log10,-0.0019499410842680476
2095,telecom_v2_development,verification_gap,terminal_quote_log10,-0.021189299069938272
2095,telecom_v2_development,verification_gap,action_count,2.0
2095,telecom_v2_development,verification_gap,seller_concession_ratio,0.04346503238144912
2102,telecom_v2_development,coverage_limitation,deal,0.0
2102,telecom_v2_development,coverage_limitation,buyer_initial_quote_log10,-0.04280044808261518
2102,telecom_v2_development,coverage_limitation,terminal_quote_log10,-0.011581872549815131
2102,telecom_v2_development,coverage_limitation,action_count,2.0
2102,telecom_v2_development,coverage_limitation,seller_concession_ratio,0.024189646831156264
2102,telecom_v2_development,coverage_strength,deal,0.0
2102,telecom_v2_development,coverage_strength,buyer_initial_quote_log10,0.0
2102,telecom_v2_development,coverage_strength,terminal_quote_log10,-0.022862882959504116
2102,telecom_v2_development,coverage_strength,action_count,0.0
2102,telecom_v2_development,coverage_strength,seller_concession_ratio,0.04837929366231253
2103,telecom_v2_development,coverage_limitation,deal,0.0
2103,telecom_v2_development,coverage_limitation,buyer_initial_quote_log10,0.0
2103,telecom_v2_development,coverage_limitation,terminal_quote_log10,0.0
2103,telecom_v2_development,coverage_limitation,action_count,0.0
2103,telecom_v2_development,coverage_limitation,seller_concession_ratio,0.0
2103,telecom_v2_development,coverage_strength,deal,0.0
2103,telecom_v2_development,coverage_strength,buyer_initial_quote_log10,0.0
2103,telecom_v2_development,coverage_strength,terminal_quote_log10,0.0
2103,telecom_v2_development,coverage_strength,action_count,0.0
2103,telecom_v2_development,coverage_strength,seller_concession_ratio,0.0
2118,telecom_v2_development,verification_gap,deal,0.0
2118,telecom_v2_development,verification_gap,buyer_initial_quote_log10,0.0
2118,telecom_v2_development,verification_gap,terminal_quote_log10,0.014849121038919222
2118,telecom_v2_development,verification_gap,action_count,0.0
2118,telecom_v2_development,verification_gap,seller_concession_ratio,-0.03201024327784891
2129,telecom_v2_development,integration_burden,deal,0.0
2129,telecom_v2_development,integration_burden,buyer_initial_quote_log10,0.029519050846840145
2129,telecom_v2_development,integration_burden,terminal_quote_log10,0.011823400723693478
2129,telecom_v2_development,integration_burden,action_count,-2.0
2129,telecom_v2_development,integration_burden,seller_concession_ratio,-0.022083871725596144
2129,telecom_v2_development,verification_gap,deal,0.0
2129,telecom_v2_development,verification_gap,buyer_initial_quote_log10,0.0
2129,telecom_v2_development,verification_gap,terminal_quote_log10,0.0
2129,telecom_v2_development,verification_gap,action_count,0.0
2129,telecom_v2_development,verification_gap,seller_concession_ratio,0.0
2164,telecom_v2_development,integration_burden,deal,0.0
2164,telecom_v2_development,integration_burden,buyer_initial_quote_log10,0.0
2164,telecom_v2_development,integration_burden,terminal_quote_log10,0.15024460187307032
2164,telecom_v2_development,integration_burden,action_count,1.0
2164,telecom_v2_development,integration_burden,seller_concession_ratio,0.0
2241,telecom_v2_development,verification_gap,deal,0.0
2241,telecom_v2_development,verification_gap,buyer_initial_quote_log10,0.0
2241,telecom_v2_development,verification_gap,terminal_quote_log10,-0.006530584138859652
2241,telecom_v2_development,verification_gap,action_count,0.0
2241,telecom_v2_development,verification_gap,seller_concession_ratio,0.01457983193277311
2275,telecom_v2_development,verification_gap,deal,0.0
2275,telecom_v2_development,verification_gap,buyer_initial_quote_log10,0.0
2275,telecom_v2_development,verification_gap,terminal_quote_log10,0.016086819893454507
2275,telecom_v2_development,verification_gap,action_count,0.0
2275,telecom_v2_development,verification_gap,seller_concession_ratio,-0.031421838177533384
2276,telecom_v2_development,coverage_limitation,deal,0.0
2276,telecom_v2_development,coverage_limitation,buyer_initial_quote_log10,0.03614962974585323
2276,telecom_v2_development,coverage_limitation,terminal_quote_log10,0.026464676958148026
2276,telecom_v2_development,coverage_limitation,action_count,-2.0
2276,telecom_v2_development,coverage_limitation,seller_concession_ratio,-0.05665163472378804
2276,telecom_v2_development,governance_risk,deal,0.0
2276,telecom_v2_development,governance_risk,buyer_initial_quote_log10,-0.03614962974585323
2276,telecom_v2_development,governance_risk,terminal_quote_log10,0.0001357382357989323
2276,telecom_v2_development,governance_risk,action_count,2.0
2276,telecom_v2_development,governance_risk,seller_concession_ratio,-0.00028184892897406555
2276,telecom_v2_development,verification_gap,deal,0.0
2276,telecom_v2_development,verification_gap,buyer_initial_quote_log10,0.0
2276,telecom_v2_development,verification_gap,terminal_quote_log10,0.0001357382357989323
2276,telecom_v2_development,verification_gap,action_count,0.0
2276,telecom_v2_development,verification_gap,seller_concession_ratio,-0.00028184892897406555
2293,telecom_v2_development,coverage_limitation,deal,0.0
2293,telecom_v2_development,coverage_limitation,buyer_initial_quote_log10,0.0
2293,telecom_v2_development,coverage_limitation,terminal_quote_log10,0.052354392913454006
2293,telecom_v2_development,coverage_limitation,action_count,0.0
2293,telecom_v2_development,coverage_limitation,seller_concession_ratio,0.0
2293,telecom_v2_development,governance_risk,deal,0.0
2293,telecom_v2_development,governance_risk,buyer_initial_quote_log10,-0.0397652656054337
2293,telecom_v2_development,governance_risk,terminal_quote_log10,-0.13621974701798933
2293,telecom_v2_development,governance_risk,action_count,1.0
2293,telecom_v2_development,governance_risk,seller_concession_ratio,0.003647954013670615
2302,telecom_v2_development,coverage_strength,deal,0.0
2302,telecom_v2_development,coverage_strength,buyer_initial_quote_log10,0.0
2302,telecom_v2_development,coverage_strength,terminal_quote_log10,-0.031128072932015804
2302,telecom_v2_development,coverage_strength,action_count,1.0
2302,telecom_v2_development,coverage_strength,seller_concession_ratio,0.023247622402254337
2302,telecom_v2_development,governance_risk,deal,0.0
2302,telecom_v2_development,governance_risk,buyer_initial_quote_log10,-0.026863874045671032
2302,telecom_v2_development,governance_risk,terminal_quote_log10,-0.037237405114455946
2302,telecom_v2_development,governance_risk,action_count,3.0
2302,telecom_v2_development,governance_risk,seller_concession_ratio,0.03522367030644594
2302,telecom_v2_development,verification_gap,deal,0.0
2302,telecom_v2_development,verification_gap,buyer_initial_quote_log10,0.026863874045671032
2302,telecom_v2_development,verification_gap,terminal_quote_log10,0.019110948604379008
2302,telecom_v2_development,verification_gap,action_count,-4.0
2302,telecom_v2_development,verification_gap,seller_concession_ratio,-0.03698485382176825
2312,telecom_v2_development,coverage_strength,deal,0.0
2312,telecom_v2_development,coverage_strength,buyer_initial_quote_log10,0.0
2312,telecom_v2_development,coverage_strength,terminal_quote_log10,-0.01165092326653605
2312,telecom_v2_development,coverage_strength,action_count,0.0
2312,telecom_v2_development,coverage_strength,seller_concession_ratio,0.022069641981363436
2312,telecom_v2_development,integration_burden,deal,0.0
2312,telecom_v2_development,integration_burden,buyer_initial_quote_log10,0.010118154719106265
2312,telecom_v2_development,integration_burden,terminal_quote_log10,0.03672280702474007
2312,telecom_v2_development,integration_burden,action_count,-2.0
2312,telecom_v2_development,integration_burden,seller_concession_ratio,-0.07356547327121137
2319,telecom_v2_development,governance_risk,deal,0.0
2319,telecom_v2_development,governance_risk,buyer_initial_quote_log10,-0.01523996655673665
2319,telecom_v2_development,governance_risk,terminal_quote_log10,0.008639654873168201
2319,telecom_v2_development,governance_risk,action_count,0.0
2319,telecom_v2_development,governance_risk,seller_concession_ratio,-0.01684810782789009
2319,telecom_v2_development,verification_gap,deal,0.0
2319,telecom_v2_development,verification_gap,buyer_initial_quote_log10,0.0
2319,telecom_v2_development,verification_gap,terminal_quote_log10,0.008639654873168201
2319,telecom_v2_development,verification_gap,action_count,0.0
2319,telecom_v2_development,verification_gap,seller_concession_ratio,-0.01684810782789009
2341,telecom_v2_development,governance_risk,deal,0.0
2341,telecom_v2_development,governance_risk,buyer_initial_quote_log10,0.0
2341,telecom_v2_development,governance_risk,terminal_quote_log10,0.013935777943292482
2341,telecom_v2_development,governance_risk,action_count,-2.0
2341,telecom_v2_development,governance_risk,seller_concession_ratio,-0.02524614996213076
2341,telecom_v2_development,verification_gap,deal,0.0
2341,telecom_v2_development,verification_gap,buyer_initial_quote_log10,0.0
2341,telecom_v2_development,verification_gap,terminal_quote_log10,0.0
2341,telecom_v2_development,verification_gap,action_count,0.0
2341,telecom_v2_development,verification_gap,seller_concession_ratio,0.0
2364,telecom_v2_development,verification_gap,deal,0.0
2364,telecom_v2_development,verification_gap,buyer_initial_quote_log10,-0.018360009051074044
2364,telecom_v2_development,verification_gap,terminal_quote_log10,-0.07712634566621812
2364,telecom_v2_development,verification_gap,action_count,1.0
2364,telecom_v2_development,verification_gap,seller_concession_ratio,0.0
2386,telecom_v2_development,coverage_limitation,deal,0.0
2386,telecom_v2_development,coverage_limitation,buyer_initial_quote_log10,0.0
2386,telecom_v2_development,coverage_limitation,terminal_quote_log10,0.0
2386,telecom_v2_development,coverage_limitation,action_count,0.0
2386,telecom_v2_development,coverage_limitation,seller_concession_ratio,0.0
2505,telecom_v2_development,coverage_limitation,deal,0.0
2505,telecom_v2_development,coverage_limitation,buyer_initial_quote_log10,-0.05505052070508709
2505,telecom_v2_development,coverage_limitation,terminal_quote_log10,0.0
2505,telecom_v2_development,coverage_limitation,action_count,2.0
2505,telecom_v2_development,coverage_limitation,seller_concession_ratio,0.0
2505,telecom_v2_development,coverage_strength,deal,0.0
2505,telecom_v2_development,coverage_strength,buyer_initial_quote_log10,0.0
2505,telecom_v2_development,coverage_strength,terminal_quote_log10,-0.019744058195756864
2505,telecom_v2_development,coverage_strength,action_count,0.0
2505,telecom_v2_development,coverage_strength,seller_concession_ratio,0.037126415444588834
2622,telecom_v2_development,verification_gap,deal,0.0
2622,telecom_v2_development,verification_gap,buyer_initial_quote_log10,0.0
2622,telecom_v2_development,verification_gap,terminal_quote_log10,0.0
2622,telecom_v2_development,verification_gap,action_count,0.0
2622,telecom_v2_development,verification_gap,seller_concession_ratio,0.0
2780,telecom_v2_development,coverage_limitation,deal,0.0
2780,telecom_v2_development,coverage_limitation,buyer_initial_quote_log10,-0.0910804693473326
2780,telecom_v2_development,coverage_limitation,terminal_quote_log10,-0.07525095241919244
2780,telecom_v2_development,coverage_limitation,action_count,1.0
2780,telecom_v2_development,coverage_limitation,seller_concession_ratio,0.06382978723404255
2780,telecom_v2_development,coverage_strength,deal,0.0
2780,telecom_v2_development,coverage_strength,buyer_initial_quote_log10,0.0
2780,telecom_v2_development,coverage_strength,terminal_quote_log10,0.0
2780,telecom_v2_development,coverage_strength,action_count,0.0
2780,telecom_v2_development,coverage_strength,seller_concession_ratio,0.0
2780,telecom_v2_development,integration_burden,deal,0.0
2780,telecom_v2_development,integration_burden,buyer_initial_quote_log10,-0.024133679716719314
2780,telecom_v2_development,integration_burden,terminal_quote_log10,-0.03066881976645197
2780,telecom_v2_development,integration_burden,action_count,2.0
2780,telecom_v2_development,integration_burden,seller_concession_ratio,0.06382978723404255
2782,telecom_v2_development,integration_burden,deal,0.0
2782,telecom_v2_development,integration_burden,buyer_initial_quote_log10,0.0
2782,telecom_v2_development,integration_burden,terminal_quote_log10,0.0
2782,telecom_v2_development,integration_burden,action_count,0.0
2782,telecom_v2_development,integration_burden,seller_concession_ratio,0.0
2782,telecom_v2_development,verification_gap,deal,0.0
2782,telecom_v2_development,verification_gap,buyer_initial_quote_log10,0.0
2782,telecom_v2_development,verification_gap,terminal_quote_log10,0.0
2782,telecom_v2_development,verification_gap,action_count,0.0
2782,telecom_v2_development,verification_gap,seller_concession_ratio,0.0
2783,telecom_v2_development,verification_gap,deal,0.0
2783,telecom_v2_development,verification_gap,buyer_initial_quote_log10,0.0
2783,telecom_v2_development,verification_gap,terminal_quote_log10,0.0
2783,telecom_v2_development,verification_gap,action_count,0.0
2783,telecom_v2_development,verification_gap,seller_concession_ratio,0.0
2784,telecom_v2_development,integration_burden,deal,0.0
2784,telecom_v2_development,integration_burden,buyer_initial_quote_log10,-0.08635983067474795
2784,telecom_v2_development,integration_burden,terminal_quote_log10,0.0
2784,telecom_v2_development,integration_burden,action_count,2.0
2784,telecom_v2_development,integration_burden,seller_concession_ratio,0.0
2784,telecom_v2_development,verification_gap,deal,0.0
2784,telecom_v2_development,verification_gap,buyer_initial_quote_log10,-0.08635983067474795
2784,telecom_v2_development,verification_gap,terminal_quote_log10,-0.010253634365553044
2784,telecom_v2_development,verification_gap,action_count,2.0
2784,telecom_v2_development,verification_gap,seller_concession_ratio,0.01891891891891892
2785,telecom_v2_development,verification_gap,deal,0.0
2785,telecom_v2_development,verification_gap,buyer_initial_quote_log10,0.0
2785,telecom_v2_development,verification_gap,terminal_quote_log10,0.0
2785,telecom_v2_development,verification_gap,action_count,0.0
2785,telecom_v2_development,verification_gap,seller_concession_ratio,0.0
2797,telecom_v2_development,verification_gap,deal,0.0
2797,telecom_v2_development,verification_gap,buyer_initial_quote_log10,0.0
2797,telecom_v2_development,verification_gap,terminal_quote_log10,0.0
2797,telecom_v2_development,verification_gap,action_count,0.0
2797,telecom_v2_development,verification_gap,seller_concession_ratio,0.0
2802,telecom_v2_development,coverage_strength,deal,0.0
2802,telecom_v2_development,coverage_strength,buyer_initial_quote_log10,0.0
2802,telecom_v2_development,coverage_strength,terminal_quote_log10,0.0
2802,telecom_v2_development,coverage_strength,action_count,0.0
2802,telecom_v2_development,coverage_strength,seller_concession_ratio,0.0
2802,telecom_v2_development,verification_gap,deal,0.0
2802,telecom_v2_development,verification_gap,buyer_initial_quote_log10,0.06694678963061318
2802,telecom_v2_development,verification_gap,terminal_quote_log10,0.0
2802,telecom_v2_development,verification_gap,action_count,0.0
2802,telecom_v2_development,verification_gap,seller_concession_ratio,0.0
2808,telecom_v2_development,coverage_strength,deal,0.0
2808,telecom_v2_development,coverage_strength,buyer_initial_quote_log10,0.0
2808,telecom_v2_development,coverage_strength,terminal_quote_log10,-0.0184834056940133
2808,telecom_v2_development,coverage_strength,action_count,0.0
2808,telecom_v2_development,coverage_strength,seller_concession_ratio,0.037500000000000006
2808,telecom_v2_development,verification_gap,deal,0.0
2808,telecom_v2_development,verification_gap,buyer_initial_quote_log10,0.0
2808,telecom_v2_development,verification_gap,terminal_quote_log10,-0.0184834056940133
2808,telecom_v2_development,verification_gap,action_count,0.0
2808,telecom_v2_development,verification_gap,seller_concession_ratio,0.037500000000000006
2810,telecom_v2_development,coverage_limitation,deal,0.0
2810,telecom_v2_development,coverage_limitation,buyer_initial_quote_log10,-0.013788284485633184
2810,telecom_v2_development,coverage_limitation,terminal_quote_log10,0.0
2810,telecom_v2_development,coverage_limitation,action_count,0.0
2810,telecom_v2_development,coverage_limitation,seller_concession_ratio,0.0
2812,telecom_v2_development,coverage_limitation,deal,0.0
2812,telecom_v2_development,coverage_limitation,buyer_initial_quote_log10,0.0
2812,telecom_v2_development,coverage_limitation,terminal_quote_log10,0.0
2812,telecom_v2_development,coverage_limitation,action_count,0.0
2812,telecom_v2_development,coverage_limitation,seller_concession_ratio,0.0
2813,telecom_v2_development,coverage_strength,deal,0.0
2813,telecom_v2_development,coverage_strength,buyer_initial_quote_log10,0.0
2813,telecom_v2_development,coverage_strength,terminal_quote_log10,0.0
2813,telecom_v2_development,coverage_strength,action_count,0.0
2813,telecom_v2_development,coverage_strength,seller_concession_ratio,0.0
2813,telecom_v2_development,verification_gap,deal,0.0
2813,telecom_v2_development,verification_gap,buyer_initial_quote_log10,0.0
2813,telecom_v2_development,verification_gap,terminal_quote_log10,0.0
2813,telecom_v2_development,verification_gap,action_count,0.0
2813,telecom_v2_development,verification_gap,seller_concession_ratio,0.0
2843,telecom_v2_development,coverage_limitation,deal,0.0
2843,telecom_v2_development,coverage_limitation,buyer_initial_quote_log10,-0.02589077374631854
2843,telecom_v2_development,coverage_limitation,terminal_quote_log10,0.009641838516007084
2843,telecom_v2_development,coverage_limitation,action_count,2.0
2843,telecom_v2_development,coverage_limitation,seller_concession_ratio,-0.01874883979951736
2843,telecom_v2_development,verification_gap,deal,0.0
2843,telecom_v2_development,verification_gap,buyer_initial_quote_log10,-0.02589077374631854
2843,telecom_v2_development,verification_gap,terminal_quote_log10,-0.0184834056940133
2843,telecom_v2_development,verification_gap,action_count,2.0
2843,telecom_v2_development,verification_gap,seller_concession_ratio,0.037126415444588806
2854,telecom_v2_development,integration_burden,deal,0.0
2854,telecom_v2_development,integration_burden,buyer_initial_quote_log10,0.0
2854,telecom_v2_development,integration_burden,terminal_quote_log10,0.0
2854,telecom_v2_development,integration_burden,action_count,0.0
2854,telecom_v2_development,integration_burden,seller_concession_ratio,0.0
2857,telecom_v2_development,governance_risk,deal,0.0
2857,telecom_v2_development,governance_risk,buyer_initial_quote_log10,0.0
2857,telecom_v2_development,governance_risk,terminal_quote_log10,0.0
2857,telecom_v2_development,governance_risk,action_count,0.0
2857,telecom_v2_development,governance_risk,seller_concession_ratio,0.0
2857,telecom_v2_development,verification_gap,deal,0.0
2857,telecom_v2_development,verification_gap,buyer_initial_quote_log10,0.02482358372503235
2857,telecom_v2_development,verification_gap,terminal_quote_log10,0.0019259210360385026
2857,telecom_v2_development,verification_gap,action_count,0.0
2857,telecom_v2_development,verification_gap,seller_concession_ratio,0.0
2923,telecom_v2_development,verification_gap,deal,0.0
2923,telecom_v2_development,verification_gap,buyer_initial_quote_log10,0.0
2923,telecom_v2_development,verification_gap,terminal_quote_log10,-0.018885344160374018
2923,telecom_v2_development,verification_gap,action_count,0.0
2923,telecom_v2_development,verification_gap,seller_concession_ratio,0.03929273084479372
2976,telecom_v2_development,coverage_limitation,deal,0.0
2976,telecom_v2_development,coverage_limitation,buyer_initial_quote_log10,-0.0589778599593378
2976,telecom_v2_development,coverage_limitation,terminal_quote_log10,-0.010995384301463185
2976,telecom_v2_development,coverage_limitation,action_count,2.0
2976,telecom_v2_development,coverage_limitation,seller_concession_ratio,0.02197802197802197
3163,telecom_v2_development,coverage_limitation,deal,0.0
3163,telecom_v2_development,coverage_limitation,buyer_initial_quote_log10,0.0
3163,telecom_v2_development,coverage_limitation,terminal_quote_log10,0.010995384301463185
3163,telecom_v2_development,coverage_limitation,action_count,-2.0
3163,telecom_v2_development,coverage_limitation,seller_concession_ratio,-0.02197802197802197
3163,telecom_v2_development,integration_burden,deal,0.0
3163,telecom_v2_development,integration_burden,buyer_initial_quote_log10,0.0
3163,telecom_v2_development,integration_burden,terminal_quote_log10,0.0
3163,telecom_v2_development,integration_burden,action_count,0.0
3163,telecom_v2_development,integration_burden,seller_concession_ratio,0.0
3164,telecom_v2_development,integration_burden,deal,0.0
3164,telecom_v2_development,integration_burden,buyer_initial_quote_log10,0.0
3164,telecom_v2_development,integration_burden,terminal_quote_log10,0.0
3164,telecom_v2_development,integration_burden,action_count,0.0
3164,telecom_v2_development,integration_burden,seller_concession_ratio,0.0
3165,telecom_v2_development,coverage_limitation,deal,0.0
3165,telecom_v2_development,coverage_limitation,buyer_initial_quote_log10,0.0
3165,telecom_v2_development,coverage_limitation,terminal_quote_log10,0.0
3165,telecom_v2_development,coverage_limitation,action_count,0.0
3165,telecom_v2_development,coverage_limitation,seller_concession_ratio,0.0
3169,telecom_v2_development,coverage_limitation,deal,0.0
3169,telecom_v2_development,coverage_limitation,buyer_initial_quote_log10,-0.02348109584952285
3169,telecom_v2_development,coverage_limitation,terminal_quote_log10,-0.011738403271244202
3169,telecom_v2_development,coverage_limitation,action_count,0.0
3169,telecom_v2_development,coverage_limitation,seller_concession_ratio,0.021739130434782622
3170,telecom_v2_development,coverage_limitation,deal,0.0
3170,telecom_v2_development,coverage_limitation,buyer_initial_quote_log10,0.0
3170,telecom_v2_development,coverage_limitation,terminal_quote_log10,-0.03915212396214818
3170,telecom_v2_development,coverage_limitation,action_count,0.0
3170,telecom_v2_development,coverage_limitation,seller_concession_ratio,0.078125
3171,telecom_v2_development,coverage_limitation,deal,0.0
3171,telecom_v2_development,coverage_limitation,buyer_initial_quote_log10,0.0
3171,telecom_v2_development,coverage_limitation,terminal_quote_log10,0.0
3171,telecom_v2_development,coverage_limitation,action_count,0.0
3171,telecom_v2_development,coverage_limitation,seller_concession_ratio,0.0
3172,telecom_v2_development,coverage_limitation,deal,0.0
3172,telecom_v2_development,coverage_limitation,buyer_initial_quote_log10,0.0
3172,telecom_v2_development,coverage_limitation,terminal_quote_log10,0.0
3172,telecom_v2_development,coverage_limitation,action_count,0.0
3172,telecom_v2_development,coverage_limitation,seller_concession_ratio,0.0
3173,telecom_v2_development,coverage_limitation,deal,0.0
3173,telecom_v2_development,coverage_limitation,buyer_initial_quote_log10,-0.02444245646766019
3173,telecom_v2_development,coverage_limitation,terminal_quote_log10,0.0
3173,telecom_v2_development,coverage_limitation,action_count,2.0
3173,telecom_v2_development,coverage_limitation,seller_concession_ratio,0.0
3173,telecom_v2_development,integration_burden,deal,0.0
3173,telecom_v2_development,integration_burden,buyer_initial_quote_log10,0.0
3173,telecom_v2_development,integration_burden,terminal_quote_log10,0.02020338608828709
3173,telecom_v2_development,integration_burden,action_count,0.0
3173,telecom_v2_development,integration_burden,seller_concession_ratio,-0.0392156862745098
3174,telecom_v2_development,coverage_limitation,deal,0.0
3174,telecom_v2_development,coverage_limitation,buyer_initial_quote_log10,-0.05435766232259276
3174,telecom_v2_development,coverage_limitation,terminal_quote_log10,-0.018483405694012855
3174,telecom_v2_development,coverage_limitation,action_count,2.0
3174,telecom_v2_development,coverage_limitation,seller_concession_ratio,0.0392156862745098
3174,telecom_v2_development,integration_burden,deal,0.0
3174,telecom_v2_development,integration_burden,buyer_initial_quote_log10,0.0
3174,telecom_v2_development,integration_burden,terminal_quote_log10,0.0
3174,telecom_v2_development,integration_burden,action_count,0.0
3174,telecom_v2_development,integration_burden,seller_concession_ratio,0.0
3175,telecom_v2_development,coverage_limitation,deal,0.0
3175,telecom_v2_development,coverage_limitation,buyer_initial_quote_log10,-0.07918124604762466
3175,telecom_v2_development,coverage_limitation,terminal_quote_log10,-0.03778856088939975
3175,telecom_v2_development,coverage_limitation,action_count,2.0
3175,telecom_v2_development,coverage_limitation,seller_concession_ratio,0.07843137254901962
3175,telecom_v2_development,integration_burden,deal,0.0
3175,telecom_v2_development,integration_burden,buyer_initial_quote_log10,-0.07918124604762466
3175,telecom_v2_development,integration_burden,terminal_quote_log10,-0.03778856088939975
3175,telecom_v2_development,integration_burden,action_count,2.0
3175,telecom_v2_development,integration_burden,seller_concession_ratio,0.07843137254901962
3176,telecom_v2_development,coverage_limitation,deal,0.0
3176,telecom_v2_development,coverage_limitation,buyer_initial_quote_log10,-0.07918124604762489
3176,telecom_v2_development,coverage_limitation,terminal_quote_log10,-0.028028723600243444
3176,telecom_v2_development,coverage_limitation,action_count,2.0
3176,telecom_v2_development,coverage_limitation,seller_concession_ratio,0.05319148936170212
3176,telecom_v2_development,integration_burden,deal,0.0
3176,telecom_v2_development,integration_burden,buyer_initial_quote_log10,-0.04139268515822514
3176,telecom_v2_development,integration_burden,terminal_quote_log10,-0.028028723600243444
3176,telecom_v2_development,integration_burden,action_count,2.0
3176,telecom_v2_development,integration_burden,seller_concession_ratio,0.05319148936170212
3177,telecom_v2_development,coverage_limitation,deal,0.0
3177,telecom_v2_development,coverage_limitation,buyer_initial_quote_log10,-0.03252922482692
3177,telecom_v2_development,coverage_limitation,terminal_quote_log10,-0.018098222092796323
3177,telecom_v2_development,coverage_limitation,action_count,2.0
3177,telecom_v2_development,coverage_limitation,seller_concession_ratio,0.0392156862745098
3177,telecom_v2_development,integration_burden,deal,0.0
3177,telecom_v2_development,integration_burden,buyer_initial_quote_log10,-0.03252922482692
3177,telecom_v2_development,integration_burden,terminal_quote_log10,-0.018098222092796323
3177,telecom_v2_development,integration_burden,action_count,2.0
3177,telecom_v2_development,integration_burden,seller_concession_ratio,0.0392156862745098
3178,telecom_v2_development,coverage_limitation,deal,1.0
3178,telecom_v2_development,coverage_limitation,buyer_initial_quote_log10,-0.05435766232259276
3178,telecom_v2_development,coverage_limitation,terminal_quote_log10,-0.05115252244738122
3178,telecom_v2_development,coverage_limitation,action_count,0.0
3178,telecom_v2_development,coverage_limitation,seller_concession_ratio,0.10256410256410256
3178,telecom_v2_development,integration_burden,deal,0.0
3178,telecom_v2_development,integration_burden,buyer_initial_quote_log10,0.0
3178,telecom_v2_development,integration_burden,terminal_quote_log10,0.013363961557981474
3178,telecom_v2_development,integration_burden,action_count,2.0
3178,telecom_v2_development,integration_burden,seller_concession_ratio,-0.025641025641025633
3179,telecom_v2_development,coverage_limitation,deal,0.0
3179,telecom_v2_development,coverage_limitation,buyer_initial_quote_log10,0.0
3179,telecom_v2_development,coverage_limitation,terminal_quote_log10,-0.0068394245303053935
3179,telecom_v2_development,coverage_limitation,action_count,0.0
3179,telecom_v2_development,coverage_limitation,seller_concession_ratio,0.013986013986013984
3179,telecom_v2_development,integration_burden,deal,0.0
3179,telecom_v2_development,integration_burden,buyer_initial_quote_log10,0.0
3179,telecom_v2_development,integration_burden,terminal_quote_log10,0.0
3179,telecom_v2_development,integration_burden,action_count,0.0
3179,telecom_v2_development,integration_burden,seller_concession_ratio,0.0
3180,telecom_v2_development,coverage_limitation,deal,0.0
3180,telecom_v2_development,coverage_limitation,buyer_initial_quote_log10,0.0
3180,telecom_v2_development,coverage_limitation,terminal_quote_log10,-0.011184166952513674
3180,telecom_v2_development,coverage_limitation,action_count,0.0
3180,telecom_v2_development,coverage_limitation,seller_concession_ratio,0.02097902097902099
3180,telecom_v2_development,integration_burden,deal,0.0
3180,telecom_v2_development,integration_burden,buyer_initial_quote_log10,0.0
3180,telecom_v2_development,integration_burden,terminal_quote_log10,0.0
3180,telecom_v2_development,integration_burden,action_count,0.0
3180,telecom_v2_development,integration_burden,seller_concession_ratio,0.0
3193,telecom_v2_development,verification_gap,deal,0.0
3193,telecom_v2_development,verification_gap,buyer_initial_quote_log10,0.0
3193,telecom_v2_development,verification_gap,terminal_quote_log10,0.0
3193,telecom_v2_development,verification_gap,action_count,0.0
3193,telecom_v2_development,verification_gap,seller_concession_ratio,0.0
3194,telecom_v2_development,coverage_limitation,deal,0.0
3194,telecom_v2_development,coverage_limitation,buyer_initial_quote_log10,0.0
3194,telecom_v2_development,coverage_limitation,terminal_quote_log10,0.0
3194,telecom_v2_development,coverage_limitation,action_count,0.0
3194,telecom_v2_development,coverage_limitation,seller_concession_ratio,0.0
3195,telecom_v2_development,coverage_limitation,deal,0.0
3195,telecom_v2_development,coverage_limitation,buyer_initial_quote_log10,0.0
3195,telecom_v2_development,coverage_limitation,terminal_quote_log10,0.012589127308020531
3195,telecom_v2_development,coverage_limitation,action_count,0.0
3195,telecom_v2_development,coverage_limitation,seller_concession_ratio,-0.025641025641025633
3196,telecom_v2_development,coverage_limitation,deal,0.0
3196,telecom_v2_development,coverage_limitation,buyer_initial_quote_log10,0.0
3196,telecom_v2_development,coverage_limitation,terminal_quote_log10,0.0
3196,telecom_v2_development,coverage_limitation,action_count,0.0
3196,telecom_v2_development,coverage_limitation,seller_concession_ratio,0.0
3221,telecom_v2_development,coverage_strength,deal,0.0
3221,telecom_v2_development,coverage_strength,buyer_initial_quote_log10,0.0
3221,telecom_v2_development,coverage_strength,terminal_quote_log10,0.0
3221,telecom_v2_development,coverage_strength,action_count,0.0
3221,telecom_v2_development,coverage_strength,seller_concession_ratio,0.0
3221,telecom_v2_development,governance_risk,deal,0.0
3221,telecom_v2_development,governance_risk,buyer_initial_quote_log10,0.0
3221,telecom_v2_development,governance_risk,terminal_quote_log10,0.0
3221,telecom_v2_development,governance_risk,action_count,0.0
3221,telecom_v2_development,governance_risk,seller_concession_ratio,0.0
3222,telecom_v2_development,coverage_strength,deal,0.0
3222,telecom_v2_development,coverage_strength,buyer_initial_quote_log10,0.0
3222,telecom_v2_development,coverage_strength,terminal_quote_log10,0.007686828666290779
3222,telecom_v2_development,coverage_strength,action_count,0.0
3222,telecom_v2_development,coverage_strength,seller_concession_ratio,-0.01633986928104575
3223,telecom_v2_development,coverage_limitation,deal,0.0
3223,telecom_v2_development,coverage_limitation,buyer_initial_quote_log10,0.0
3223,telecom_v2_development,coverage_limitation,terminal_quote_log10,0.0
3223,telecom_v2_development,coverage_limitation,action_count,0.0
3223,telecom_v2_development,coverage_limitation,seller_concession_ratio,0.0
3223,telecom_v2_development,verification_gap,deal,0.0
3223,telecom_v2_development,verification_gap,buyer_initial_quote_log10,0.0
3223,telecom_v2_development,verification_gap,terminal_quote_log10,0.05799194697768684
3223,telecom_v2_development,verification_gap,action_count,0.0
3223,telecom_v2_development,verification_gap,seller_concession_ratio,-0.11437908496732027
3224,telecom_v2_development,coverage_strength,deal,0.0
3224,telecom_v2_development,coverage_strength,buyer_initial_quote_log10,0.0
3224,telecom_v2_development,coverage_strength,terminal_quote_log10,-0.026328938722349093
3224,telecom_v2_development,coverage_strength,action_count,0.0
3224,telecom_v2_development,coverage_strength,seller_concession_ratio,0.05194805194805195
3224,telecom_v2_development,governance_risk,deal,0.0
3224,telecom_v2_development,governance_risk,buyer_initial_quote_log10,-0.03181227133037057
3224,telecom_v2_development,governance_risk,terminal_quote_log10,-0.026328938722349093
3224,telecom_v2_development,governance_risk,action_count,2.0
3224,telecom_v2_development,governance_risk,seller_concession_ratio,0.05194805194805195
3319,telecom_v2_development,integration_burden,deal,0.0
3319,telecom_v2_development,integration_burden,buyer_initial_quote_log10,0.0
3319,telecom_v2_development,integration_burden,terminal_quote_log10,0.0
3319,telecom_v2_development,integration_burden,action_count,0.0
3319,telecom_v2_development,integration_burden,seller_concession_ratio,0.0
3320,telecom_v2_development,coverage_strength,deal,0.0
3320,telecom_v2_development,coverage_strength,buyer_initial_quote_log10,0.0
3320,telecom_v2_development,coverage_strength,terminal_quote_log10,0.0
3320,telecom_v2_development,coverage_strength,action_count,0.0
3320,telecom_v2_development,coverage_strength,seller_concession_ratio,0.0
3320,telecom_v2_development,verification_gap,deal,0.0
3320,telecom_v2_development,verification_gap,buyer_initial_quote_log10,-0.07149441738133366
3320,telecom_v2_development,verification_gap,terminal_quote_log10,-0.03103423373996872
3320,telecom_v2_development,verification_gap,action_count,2.0
3320,telecom_v2_development,verification_gap,seller_concession_ratio,0.059880239520958084
3321,telecom_v2_development,verification_gap,deal,0.0
3321,telecom_v2_development,verification_gap,buyer_initial_quote_log10,0.0
3321,telecom_v2_development,verification_gap,terminal_quote_log10,0.0
3321,telecom_v2_development,verification_gap,action_count,0.0
3321,telecom_v2_development,verification_gap,seller_concession_ratio,0.0
3322,telecom_v2_development,coverage_strength,deal,-1.0
3322,telecom_v2_development,coverage_strength,buyer_initial_quote_log10,0.05435766232259276
3322,telecom_v2_development,coverage_strength,terminal_quote_log10,0.047424649928137885
3322,telecom_v2_development,coverage_strength,action_count,0.0
3322,telecom_v2_development,coverage_strength,seller_concession_ratio,-0.0949367088607595
3322,telecom_v2_development,verification_gap,deal,-1.0
3322,telecom_v2_development,verification_gap,buyer_initial_quote_log10,0.03476210625921228
3322,telecom_v2_development,verification_gap,terminal_quote_log10,0.032184683371401235
3322,telecom_v2_development,verification_gap,action_count,2.0
3322,telecom_v2_development,verification_gap,seller_concession_ratio,-0.06329113924050633
3354,telecom_v2_development,coverage_limitation,deal,0.0
3354,telecom_v2_development,coverage_limitation,buyer_initial_quote_log10,-0.07918124604762489
3354,telecom_v2_development,coverage_limitation,terminal_quote_log10,-0.04315691703014979
3354,telecom_v2_development,coverage_limitation,action_count,3.0
3354,telecom_v2_development,coverage_limitation,seller_concession_ratio,0.06741573033707865
3355,telecom_v2_development,verification_gap,deal,0.0
3355,telecom_v2_development,verification_gap,buyer_initial_quote_log10,0.015512166178247577
3355,telecom_v2_development,verification_gap,terminal_quote_log10,0.01424043911461026
3355,telecom_v2_development,verification_gap,action_count,-2.0
3355,telecom_v2_development,verification_gap,seller_concession_ratio,-0.025974025974025955
3356,telecom_v2_development,coverage_limitation,deal,0.0
3356,telecom_v2_development,coverage_limitation,buyer_initial_quote_log10,-0.08715017571890016
3356,telecom_v2_development,coverage_limitation,terminal_quote_log10,-0.04206134500071124
3356,telecom_v2_development,coverage_limitation,action_count,1.0
3356,telecom_v2_development,coverage_limitation,seller_concession_ratio,0.02247191011235955
3379,telecom_v2_development,coverage_limitation,deal,0.0
3379,telecom_v2_development,coverage_limitation,buyer_initial_quote_log10,0.0
3379,telecom_v2_development,coverage_limitation,terminal_quote_log10,0.007178584627123286
3379,telecom_v2_development,coverage_limitation,action_count,0.0
3379,telecom_v2_development,coverage_limitation,seller_concession_ratio,-0.015105740181268881
3379,telecom_v2_development,verification_gap,deal,0.0
3379,telecom_v2_development,verification_gap,buyer_initial_quote_log10,-0.029721881619688695
3379,telecom_v2_development,verification_gap,terminal_quote_log10,-0.021901841447829806
3379,telecom_v2_development,verification_gap,action_count,2.0
3379,telecom_v2_development,verification_gap,seller_concession_ratio,0.045317220543806644
3439,telecom_v2_development,coverage_limitation,deal,0.0
3439,telecom_v2_development,coverage_limitation,buyer_initial_quote_log10,-0.028028723600243666
3439,telecom_v2_development,coverage_limitation,terminal_quote_log10,-0.06694678963061307
3439,telecom_v2_development,coverage_limitation,action_count,-1.0
3439,telecom_v2_development,coverage_limitation,seller_concession_ratio,0.04420731707317074
3439,telecom_v2_development,integration_burden,deal,0.0
3439,telecom_v2_development,integration_burden,buyer_initial_quote_log10,0.0
3439,telecom_v2_development,integration_burden,terminal_quote_log10,0.0
3439,telecom_v2_development,integration_burden,action_count,0.0
3439,telecom_v2_development,integration_burden,seller_concession_ratio,0.0
3439,telecom_v2_development,verification_gap,deal,0.0
3439,telecom_v2_development,verification_gap,buyer_initial_quote_log10,-0.009143379439869648
3439,telecom_v2_development,verification_gap,terminal_quote_log10,0.0
3439,telecom_v2_development,verification_gap,action_count,0.0
3439,telecom_v2_development,verification_gap,seller_concession_ratio,0.0
3440,telecom_v2_development,coverage_limitation,deal,0.0
3440,telecom_v2_development,coverage_limitation,buyer_initial_quote_log10,0.0
3440,telecom_v2_development,coverage_limitation,terminal_quote_log10,0.0
3440,telecom_v2_development,coverage_limitation,action_count,0.0
3440,telecom_v2_development,coverage_limitation,seller_concession_ratio,0.0
3440,telecom_v2_development,integration_burden,deal,0.0
3440,telecom_v2_development,integration_burden,buyer_initial_quote_log10,-0.017728766960431575
3440,telecom_v2_development,integration_burden,terminal_quote_log10,-0.07153134561416108
3440,telecom_v2_development,integration_burden,action_count,-1.0
3440,telecom_v2_development,integration_burden,seller_concession_ratio,0.0
3440,telecom_v2_development,verification_gap,deal,0.0
3440,telecom_v2_development,verification_gap,buyer_initial_quote_log10,0.0
3440,telecom_v2_development,verification_gap,terminal_quote_log10,0.0
3440,telecom_v2_development,verification_gap,action_count,0.0
3440,telecom_v2_development,verification_gap,seller_concession_ratio,0.0
3441,telecom_v2_development,coverage_limitation,deal,0.0
3441,telecom_v2_development,coverage_limitation,buyer_initial_quote_log10,0.0
3441,telecom_v2_development,coverage_limitation,terminal_quote_log10,0.0
3441,telecom_v2_development,coverage_limitation,action_count,0.0
3441,telecom_v2_development,coverage_limitation,seller_concession_ratio,0.0
3441,telecom_v2_development,verification_gap,deal,0.0
3441,telecom_v2_development,verification_gap,buyer_initial_quote_log10,0.0
3441,telecom_v2_development,verification_gap,terminal_quote_log10,0.011738403271243758
3441,telecom_v2_development,verification_gap,action_count,0.0
3441,telecom_v2_development,verification_gap,seller_concession_ratio,-0.02439024390243902
3442,telecom_v2_development,integration_burden,deal,0.0
3442,telecom_v2_development,integration_burden,buyer_initial_quote_log10,0.0
3442,telecom_v2_development,integration_burden,terminal_quote_log10,-0.017728766960431575
3442,telecom_v2_development,integration_burden,action_count,0.0
3442,telecom_v2_development,integration_burden,seller_concession_ratio,0.03654970760233918
3442,telecom_v2_development,verification_gap,deal,0.0
3442,telecom_v2_development,verification_gap,buyer_initial_quote_log10,0.0
3442,telecom_v2_development,verification_gap,terminal_quote_log10,-0.018483405694012855
3442,telecom_v2_development,verification_gap,action_count,0.0
3442,telecom_v2_development,verification_gap,seller_concession_ratio,0.03654970760233919
3443,telecom_v2_development,coverage_limitation,deal,0.0
3443,telecom_v2_development,coverage_limitation,buyer_initial_quote_log10,0.0
3443,telecom_v2_development,coverage_limitation,terminal_quote_log10,0.005829543660723857
3443,telecom_v2_development,coverage_limitation,action_count,0.0
3443,telecom_v2_development,coverage_limitation,seller_concession_ratio,-0.011235955056179775
3443,telecom_v2_development,verification_gap,deal,0.0
3443,telecom_v2_development,verification_gap,buyer_initial_quote_log10,0.0
3443,telecom_v2_development,verification_gap,terminal_quote_log10,0.009759837289156525
3443,telecom_v2_development,verification_gap,action_count,0.0
3443,telecom_v2_development,verification_gap,seller_concession_ratio,-0.018726591760299643
3444,telecom_v2_development,coverage_limitation,deal,0.0
3444,telecom_v2_development,coverage_limitation,buyer_initial_quote_log10,-0.05018634967536073
3444,telecom_v2_development,coverage_limitation,terminal_quote_log10,-0.03103423373996872
3444,telecom_v2_development,coverage_limitation,action_count,2.0
3444,telecom_v2_development,coverage_limitation,seller_concession_ratio,0.060975609756097546
3444,telecom_v2_development,integration_burden,deal,0.0
3444,telecom_v2_development,integration_burden,buyer_initial_quote_log10,0.0
3444,telecom_v2_development,integration_burden,terminal_quote_log10,0.0
3444,telecom_v2_development,integration_burden,action_count,0.0
3444,telecom_v2_development,integration_burden,seller_concession_ratio,0.0
3444,telecom_v2_development,verification_gap,deal,0.0
3444,telecom_v2_development,verification_gap,buyer_initial_quote_log10,0.0
3444,telecom_v2_development,verification_gap,terminal_quote_log10,0.0074240180792068955
3444,telecom_v2_development,verification_gap,action_count,0.0
3444,telecom_v2_development,verification_gap,seller_concession_ratio,-0.01524390243902439
3445,telecom_v2_development,integration_burden,deal,0.0
3445,telecom_v2_development,integration_burden,buyer_initial_quote_log10,0.0
3445,telecom_v2_development,integration_burden,terminal_quote_log10,0.0
3445,telecom_v2_development,integration_burden,action_count,0.0
3445,telecom_v2_development,integration_burden,seller_concession_ratio,0.0
3445,telecom_v2_development,verification_gap,deal,0.0
3445,telecom_v2_development,verification_gap,buyer_initial_quote_log10,0.0
3445,telecom_v2_development,verification_gap,terminal_quote_log10,0.0
3445,telecom_v2_development,verification_gap,action_count,0.0
3445,telecom_v2_development,verification_gap,seller_concession_ratio,0.0
3446,telecom_v2_development,coverage_limitation,deal,0.0
3446,telecom_v2_development,coverage_limitation,buyer_initial_quote_log10,-0.0761547914174372
3446,telecom_v2_development,coverage_limitation,terminal_quote_log10,0.0
3446,telecom_v2_development,coverage_limitation,action_count,2.0
3446,telecom_v2_development,coverage_limitation,seller_concession_ratio,0.0
3446,telecom_v2_development,integration_burden,deal,0.0
3446,telecom_v2_development,integration_burden,buyer_initial_quote_log10,0.0
3446,telecom_v2_development,integration_burden,terminal_quote_log10,0.0
3446,telecom_v2_development,integration_burden,action_count,0.0
3446,telecom_v2_development,integration_burden,seller_concession_ratio,0.0
3446,telecom_v2_development,verification_gap,deal,0.0
3446,telecom_v2_development,verification_gap,buyer_initial_quote_log10,0.0
3446,telecom_v2_development,verification_gap,terminal_quote_log10,0.0
3446,telecom_v2_development,verification_gap,action_count,0.0
3446,telecom_v2_development,verification_gap,seller_concession_ratio,0.0
3447,telecom_v2_development,coverage_limitation,deal,0.0
3447,telecom_v2_development,coverage_limitation,buyer_initial_quote_log10,0.0
3447,telecom_v2_development,coverage_limitation,terminal_quote_log10,0.0
3447,telecom_v2_development,coverage_limitation,action_count,0.0
3447,telecom_v2_development,coverage_limitation,seller_concession_ratio,0.0
3530,telecom_v2_development,coverage_limitation,deal,0.0
3530,telecom_v2_development,coverage_limitation,buyer_initial_quote_log10,-0.007299238741499181
3530,telecom_v2_development,coverage_limitation,terminal_quote_log10,0.0
3530,telecom_v2_development,coverage_limitation,action_count,0.0
3530,telecom_v2_development,coverage_limitation,seller_concession_ratio,0.0
3535,telecom_v2_development,coverage_strength,deal,0.0
3535,telecom_v2_development,coverage_strength,buyer_initial_quote_log10,0.0
3535,telecom_v2_development,coverage_strength,terminal_quote_log10,0.0
3535,telecom_v2_development,coverage_strength,action_count,0.0
3535,telecom_v2_development,coverage_strength,seller_concession_ratio,0.0
3536,telecom_v2_development,coverage_strength,deal,0.0
3536,telecom_v2_development,coverage_strength,buyer_initial_quote_log10,0.0
3536,telecom_v2_development,coverage_strength,terminal_quote_log10,0.02348109584952285
3536,telecom_v2_development,coverage_strength,action_count,0.0
3536,telecom_v2_development,coverage_strength,seller_concession_ratio,-0.04911591355599214
3536,telecom_v2_development,verification_gap,deal,0.0
3536,telecom_v2_development,verification_gap,buyer_initial_quote_log10,0.0
3536,telecom_v2_development,verification_gap,terminal_quote_log10,0.0
3536,telecom_v2_development,verification_gap,action_count,0.0
3536,telecom_v2_development,verification_gap,seller_concession_ratio,0.0
3537,telecom_v2_development,coverage_limitation,deal,0.0
3537,telecom_v2_development,coverage_limitation,buyer_initial_quote_log10,0.0
3537,telecom_v2_development,coverage_limitation,terminal_quote_log10,0.01472325682070652
3537,telecom_v2_development,coverage_limitation,action_count,0.0
3537,telecom_v2_development,coverage_limitation,seller_concession_ratio,-0.029638411381149976
3537,telecom_v2_development,verification_gap,deal,0.0
3537,telecom_v2_development,verification_gap,buyer_initial_quote_log10,0.0
3537,telecom_v2_development,verification_gap,terminal_quote_log10,-0.01472325682070652
3537,telecom_v2_development,verification_gap,action_count,0.0
3537,telecom_v2_development,verification_gap,seller_concession_ratio,0.029638411381149976
3538,telecom_v2_development,coverage_strength,deal,0.0
3538,telecom_v2_development,coverage_strength,buyer_initial_quote_log10,0.0
3538,telecom_v2_development,coverage_strength,terminal_quote_log10,0.0
3538,telecom_v2_development,coverage_strength,action_count,0.0
3538,telecom_v2_development,coverage_strength,seller_concession_ratio,0.0
3538,telecom_v2_development,verification_gap,deal,0.0
3538,telecom_v2_development,verification_gap,buyer_initial_quote_log10,0.0
3538,telecom_v2_development,verification_gap,terminal_quote_log10,0.0
3538,telecom_v2_development,verification_gap,action_count,0.0
3538,telecom_v2_development,verification_gap,seller_concession_ratio,0.0
3539,telecom_v2_development,coverage_limitation,deal,0.0
3539,telecom_v2_development,coverage_limitation,buyer_initial_quote_log10,0.0
3539,telecom_v2_development,coverage_limitation,terminal_quote_log10,0.0
3539,telecom_v2_development,coverage_limitation,action_count,0.0
3539,telecom_v2_development,coverage_limitation,seller_concession_ratio,0.0
3539,telecom_v2_development,verification_gap,deal,0.0
3539,telecom_v2_development,verification_gap,buyer_initial_quote_log10,-0.00812682623069616
3539,telecom_v2_development,verification_gap,terminal_quote_log10,-0.009545317906230366
3539,telecom_v2_development,verification_gap,action_count,2.0
3539,telecom_v2_development,verification_gap,seller_concession_ratio,0.02100840336134454
3541,telecom_v2_development,coverage_strength,deal,0.0
3541,telecom_v2_development,coverage_strength,buyer_initial_quote_log10,0.0
3541,telecom_v2_development,coverage_strength,terminal_quote_log10,-0.04275198042094974
3541,telecom_v2_development,coverage_strength,action_count,0.0
3541,telecom_v2_development,coverage_strength,seller_concession_ratio,0.0861573808156232
3541,telecom_v2_development,verification_gap,deal,0.0
3541,telecom_v2_development,verification_gap,buyer_initial_quote_log10,0.0
3541,telecom_v2_development,verification_gap,terminal_quote_log10,-0.009079657851918554
3541,telecom_v2_development,verification_gap,action_count,0.0
3541,telecom_v2_development,verification_gap,seller_concession_ratio,0.017231476163124648
3542,telecom_v2_development,integration_burden,deal,0.0
3542,telecom_v2_development,integration_burden,buyer_initial_quote_log10,0.0
3542,telecom_v2_development,integration_burden,terminal_quote_log10,-0.01472325682070652
3542,telecom_v2_development,integration_burden,action_count,0.0
3542,telecom_v2_development,integration_burden,seller_concession_ratio,0.029638411381149976
3548,telecom_v2_development,verification_gap,deal,0.0
3548,telecom_v2_development,verification_gap,buyer_initial_quote_log10,0.0
3548,telecom_v2_development,verification_gap,terminal_quote_log10,0.0
3548,telecom_v2_development,verification_gap,action_count,0.0
3548,telecom_v2_development,verification_gap,seller_concession_ratio,0.0
3598,telecom_v2_development,coverage_strength,deal,0.0
3598,telecom_v2_development,coverage_strength,buyer_initial_quote_log10,0.0
3598,telecom_v2_development,coverage_strength,terminal_quote_log10,0.0
3598,telecom_v2_development,coverage_strength,action_count,0.0
3598,telecom_v2_development,coverage_strength,seller_concession_ratio,0.0
3615,telecom_v2_development,coverage_strength,deal,0.0
3615,telecom_v2_development,coverage_strength,buyer_initial_quote_log10,0.04532297878665714
3615,telecom_v2_development,coverage_strength,terminal_quote_log10,0.03125769373044207
3615,telecom_v2_development,coverage_strength,action_count,-2.0
3615,telecom_v2_development,coverage_strength,seller_concession_ratio,-0.06361323155216284
3616,telecom_v2_development,coverage_strength,deal,0.0
3616,telecom_v2_development,coverage_strength,buyer_initial_quote_log10,0.0
3616,telecom_v2_development,coverage_strength,terminal_quote_log10,-0.01472325682070652
3616,telecom_v2_development,coverage_strength,action_count,0.0
3616,telecom_v2_development,coverage_strength,seller_concession_ratio,0.031347962382445145
3617,telecom_v2_development,coverage_strength,deal,0.0
3617,telecom_v2_development,coverage_strength,buyer_initial_quote_log10,0.0
3617,telecom_v2_development,coverage_strength,terminal_quote_log10,-0.04921802267018194
3617,telecom_v2_development,coverage_strength,action_count,0.0
3617,telecom_v2_development,coverage_strength,seller_concession_ratio,0.09345794392523366
3617,telecom_v2_development,verification_gap,deal,0.0
3617,telecom_v2_development,verification_gap,buyer_initial_quote_log10,0.0
3617,telecom_v2_development,verification_gap,terminal_quote_log10,0.03218468337140168
3617,telecom_v2_development,verification_gap,action_count,0.0
3617,telecom_v2_development,verification_gap,seller_concession_ratio,-0.06230529595015577
3618,telecom_v2_development,integration_burden,deal,0.0
3618,telecom_v2_development,integration_burden,buyer_initial_quote_log10,0.0
3618,telecom_v2_development,integration_burden,terminal_quote_log10,0.0
3618,telecom_v2_development,integration_burden,action_count,0.0
3618,telecom_v2_development,integration_burden,seller_concession_ratio,0.0
3618,telecom_v2_development,verification_gap,deal,0.0
3618,telecom_v2_development,verification_gap,buyer_initial_quote_log10,0.0
3618,telecom_v2_development,verification_gap,terminal_quote_log10,0.012964977164367397
3618,telecom_v2_development,verification_gap,action_count,0.0
3618,telecom_v2_development,verification_gap,seller_concession_ratio,-0.025445292620865118
3659,telecom_v2_development,coverage_limitation,deal,0.0
3659,telecom_v2_development,coverage_limitation,buyer_initial_quote_log10,0.0
3659,telecom_v2_development,coverage_limitation,terminal_quote_log10,0.0
3659,telecom_v2_development,coverage_limitation,action_count,0.0
3659,telecom_v2_development,coverage_limitation,seller_concession_ratio,0.0
3672,telecom_v2_development,verification_gap,deal,0.0
3672,telecom_v2_development,verification_gap,buyer_initial_quote_log10,-0.057991946977686726
3672,telecom_v2_development,verification_gap,terminal_quote_log10,-0.04139268515822514
3672,telecom_v2_development,verification_gap,action_count,2.0
3672,telecom_v2_development,verification_gap,seller_concession_ratio,0.07692307692307693
3673,telecom_v2_development,coverage_strength,deal,0.0
3673,telecom_v2_development,coverage_strength,buyer_initial_quote_log10,0.0
3673,telecom_v2_development,coverage_strength,terminal_quote_log10,0.0
3673,telecom_v2_development,coverage_strength,action_count,0.0
3673,telecom_v2_development,coverage_strength,seller_concession_ratio,0.0
3676,telecom_v2_development,verification_gap,deal,0.0
3676,telecom_v2_development,verification_gap,buyer_initial_quote_log10,0.0
3676,telecom_v2_development,verification_gap,terminal_quote_log10,0.0
3676,telecom_v2_development,verification_gap,action_count,0.0
3676,telecom_v2_development,verification_gap,seller_concession_ratio,0.0
3692,telecom_v2_development,verification_gap,deal,0.0
3692,telecom_v2_development,verification_gap,buyer_initial_quote_log10,0.0
3692,telecom_v2_development,verification_gap,terminal_quote_log10,0.0
3692,telecom_v2_development,verification_gap,action_count,0.0
3692,telecom_v2_development,verification_gap,seller_concession_ratio,0.0
3723,telecom_v2_development,verification_gap,deal,0.0
3723,telecom_v2_development,verification_gap,buyer_initial_quote_log10,-0.04758225997592258
3723,telecom_v2_development,verification_gap,terminal_quote_log10,-0.02996322337744317
3723,telecom_v2_development,verification_gap,action_count,2.0
3723,telecom_v2_development,verification_gap,seller_concession_ratio,0.053333333333333344
3763,telecom_v2_development,verification_gap,deal,0.0
3763,telecom_v2_development,verification_gap,buyer_initial_quote_log10,0.0
3763,telecom_v2_development,verification_gap,terminal_quote_log10,-0.022276394711151948
3763,telecom_v2_development,verification_gap,action_count,0.0
3763,telecom_v2_development,verification_gap,seller_concession_ratio,0.04145077720207255
3767,telecom_v2_development,verification_gap,deal,0.0
3767,telecom_v2_development,verification_gap,buyer_initial_quote_log10,0.0
3767,telecom_v2_development,verification_gap,terminal_quote_log10,0.013788284485633184
3767,telecom_v2_development,verification_gap,action_count,0.0
3767,telecom_v2_development,verification_gap,seller_concession_ratio,-0.029239766081871343
3775,telecom_v2_development,integration_burden,deal,0.0
3775,telecom_v2_development,integration_burden,buyer_initial_quote_log10,0.0
3775,telecom_v2_development,integration_burden,terminal_quote_log10,0.0
3775,telecom_v2_development,integration_burden,action_count,0.0
3775,telecom_v2_development,integration_burden,seller_concession_ratio,0.0
3781,telecom_v2_development,verification_gap,deal,0.0
3781,telecom_v2_development,verification_gap,buyer_initial_quote_log10,0.0
3781,telecom_v2_development,verification_gap,terminal_quote_log10,0.0
3781,telecom_v2_development,verification_gap,action_count,1.0
3781,telecom_v2_development,verification_gap,seller_concession_ratio,0.0
3784,telecom_v2_development,coverage_limitation,deal,0.0
3784,telecom_v2_development,coverage_limitation,buyer_initial_quote_log10,0.0
3784,telecom_v2_development,coverage_limitation,terminal_quote_log10,0.0
3784,telecom_v2_development,coverage_limitation,action_count,0.0
3784,telecom_v2_development,coverage_limitation,seller_concession_ratio,0.0
3791,telecom_v2_development,verification_gap,deal,0.0
3791,telecom_v2_development,verification_gap,buyer_initial_quote_log10,0.0
3791,telecom_v2_development,verification_gap,terminal_quote_log10,-0.0033536420075881423
3791,telecom_v2_development,verification_gap,action_count,0.0
3791,telecom_v2_development,verification_gap,seller_concession_ratio,0.007137758743754469
3806,telecom_v2_development,coverage_limitation,deal,0.0
3806,telecom_v2_development,coverage_limitation,buyer_initial_quote_log10,0.0
3806,telecom_v2_development,coverage_limitation,terminal_quote_log10,0.009340026254143652
3806,telecom_v2_development,coverage_limitation,action_count,0.0
3806,telecom_v2_development,coverage_limitation,seller_concession_ratio,-0.01901140684410646
3808,telecom_v2_development,verification_gap,deal,0.0
3808,telecom_v2_development,verification_gap,buyer_initial_quote_log10,0.0
3808,telecom_v2_development,verification_gap,terminal_quote_log10,0.0
3808,telecom_v2_development,verification_gap,action_count,0.0
3808,telecom_v2_development,verification_gap,seller_concession_ratio,0.0
3810,telecom_v2_development,verification_gap,deal,0.0
3810,telecom_v2_development,verification_gap,buyer_initial_quote_log10,-0.028028723600243444
3810,telecom_v2_development,verification_gap,terminal_quote_log10,0.0
3810,telecom_v2_development,verification_gap,action_count,0.0
3810,telecom_v2_development,verification_gap,seller_concession_ratio,0.0
3812,telecom_v2_development,coverage_limitation,deal,0.0
3812,telecom_v2_development,coverage_limitation,buyer_initial_quote_log10,-0.08398012892939333
3812,telecom_v2_development,coverage_limitation,terminal_quote_log10,-0.0327925133963074
3812,telecom_v2_development,coverage_limitation,action_count,2.0
3812,telecom_v2_development,coverage_limitation,seller_concession_ratio,0.06324110671936758
3813,telecom_v2_development,coverage_strength,deal,0.0
3813,telecom_v2_development,coverage_strength,buyer_initial_quote_log10,0.0
3813,telecom_v2_development,coverage_strength,terminal_quote_log10,0.0
3813,telecom_v2_development,coverage_strength,action_count,0.0
3813,telecom_v2_development,coverage_strength,seller_concession_ratio,0.0
3815,telecom_v2_development,coverage_strength,deal,0.0
3815,telecom_v2_development,coverage_strength,buyer_initial_quote_log10,0.0
3815,telecom_v2_development,coverage_strength,terminal_quote_log10,0.0
3815,telecom_v2_development,coverage_strength,action_count,0.0
3815,telecom_v2_development,coverage_strength,seller_concession_ratio,0.0
3822,telecom_v2_development,integration_burden,deal,0.0
3822,telecom_v2_development,integration_burden,buyer_initial_quote_log10,0.0
3822,telecom_v2_development,integration_burden,terminal_quote_log10,0.01703333929878026
3822,telecom_v2_development,integration_burden,action_count,2.0
3822,telecom_v2_development,integration_burden,seller_concession_ratio,-0.028776978417266175
3827,telecom_v2_development,verification_gap,deal,0.0
3827,telecom_v2_development,verification_gap,buyer_initial_quote_log10,0.0
3827,telecom_v2_development,verification_gap,terminal_quote_log10,0.021705330221371
3827,telecom_v2_development,verification_gap,action_count,0.0
3827,telecom_v2_development,verification_gap,seller_concession_ratio,-0.042116630669546434
3879,telecom_v2_development,coverage_strength,deal,0.0
3879,telecom_v2_development,coverage_strength,buyer_initial_quote_log10,0.0
3879,telecom_v2_development,coverage_strength,terminal_quote_log10,0.0
3879,telecom_v2_development,coverage_strength,action_count,0.0
3879,telecom_v2_development,coverage_strength,seller_concession_ratio,0.0
3880,telecom_v2_development,verification_gap,deal,0.0
3880,telecom_v2_development,verification_gap,buyer_initial_quote_log10,0.0
3880,telecom_v2_development,verification_gap,terminal_quote_log10,0.0
3880,telecom_v2_development,verification_gap,action_count,0.0
3880,telecom_v2_development,verification_gap,seller_concession_ratio,0.0
3900,telecom_v2_development,integration_burden,deal,0.0
3900,telecom_v2_development,integration_burden,buyer_initial_quote_log10,-0.02348109584952285
3900,telecom_v2_development,integration_burden,terminal_quote_log10,-0.021189299069938272
3900,telecom_v2_development,integration_burden,action_count,2.0
3900,telecom_v2_development,integration_burden,seller_concession_ratio,0.045454545454545456
3903,telecom_v2_development,verification_gap,deal,0.0
3903,telecom_v2_development,verification_gap,buyer_initial_quote_log10,0.024622474908332137
3903,telecom_v2_development,verification_gap,terminal_quote_log10,0.16101410205357958
3903,telecom_v2_development,verification_gap,action_count,-1.0
3903,telecom_v2_development,verification_gap,seller_concession_ratio,0.0
3925,telecom_v2_development,integration_burden,deal,0.0
3925,telecom_v2_development,integration_burden,buyer_initial_quote_log10,0.0
3925,telecom_v2_development,integration_burden,terminal_quote_log10,0.0
3925,telecom_v2_development,integration_burden,action_count,0.0
3925,telecom_v2_development,integration_burden,seller_concession_ratio,0.0
3943,telecom_v2_development,coverage_limitation,deal,0.0
3943,telecom_v2_development,coverage_limitation,buyer_initial_quote_log10,0.0
3943,telecom_v2_development,coverage_limitation,terminal_quote_log10,0.0
3943,telecom_v2_development,coverage_limitation,action_count,-1.0
3943,telecom_v2_development,coverage_limitation,seller_concession_ratio,0.0
3943,telecom_v2_development,verification_gap,deal,0.0
3943,telecom_v2_development,verification_gap,buyer_initial_quote_log10,0.0
3943,telecom_v2_development,verification_gap,terminal_quote_log10,0.0
3943,telecom_v2_development,verification_gap,action_count,0.0
3943,telecom_v2_development,verification_gap,seller_concession_ratio,0.0
3944,telecom_v2_development,verification_gap,deal,0.0
3944,telecom_v2_development,verification_gap,buyer_initial_quote_log10,0.0
3944,telecom_v2_development,verification_gap,terminal_quote_log10,0.021189299069937828
3944,telecom_v2_development,verification_gap,action_count,0.0
3944,telecom_v2_development,verification_gap,seller_concession_ratio,-0.03802281368821292
3965,telecom_v2_development,verification_gap,deal,0.0
3965,telecom_v2_development,verification_gap,buyer_initial_quote_log10,-0.04575749056067513
3965,telecom_v2_development,verification_gap,terminal_quote_log10,0.0
3965,telecom_v2_development,verification_gap,action_count,0.0
3965,telecom_v2_development,verification_gap,seller_concession_ratio,0.0
3967,telecom_v2_development,verification_gap,deal,0.0
3967,telecom_v2_development,verification_gap,buyer_initial_quote_log10,0.0
3967,telecom_v2_development,verification_gap,terminal_quote_log10,-0.014723256820706299
3967,telecom_v2_development,verification_gap,action_count,0.0
3967,telecom_v2_development,verification_gap,seller_concession_ratio,0.02777777777777779
3977,telecom_v2_development,verification_gap,deal,0.0
3977,telecom_v2_development,verification_gap,buyer_initial_quote_log10,0.0
3977,telecom_v2_development,verification_gap,terminal_quote_log10,0.0
3977,telecom_v2_development,verification_gap,action_count,0.0
3977,telecom_v2_development,verification_gap,seller_concession_ratio,0.0
3997,telecom_v2_development,verification_gap,deal,0.0
3997,telecom_v2_development,verification_gap,buyer_initial_quote_log10,0.0
3997,telecom_v2_development,verification_gap,terminal_quote_log10,0.0
3997,telecom_v2_development,verification_gap,action_count,0.0
3997,telecom_v2_development,verification_gap,seller_concession_ratio,0.0
4039,telecom_v2_development,coverage_strength,deal,0.0
4039,telecom_v2_development,coverage_strength,buyer_initial_quote_log10,0.0
4039,telecom_v2_development,coverage_strength,terminal_quote_log10,-0.008773924307505343
4039,telecom_v2_development,coverage_strength,action_count,0.0
4039,telecom_v2_development,coverage_strength,seller_concession_ratio,0.01774691358024691
4039,telecom_v2_development,verification_gap,deal,0.0
4039,telecom_v2_development,verification_gap,buyer_initial_quote_log10,0.0
4039,telecom_v2_development,verification_gap,terminal_quote_log10,0.0
4039,telecom_v2_development,verification_gap,action_count,0.0
4039,telecom_v2_development,verification_gap,seller_concession_ratio,0.0
4044,telecom_v2_development,coverage_strength,deal,0.0
4044,telecom_v2_development,coverage_strength,buyer_initial_quote_log10,0.0
4044,telecom_v2_development,coverage_strength,terminal_quote_log10,-0.011184166952513674
4044,telecom_v2_development,coverage_strength,action_count,0.0
4044,telecom_v2_development,coverage_strength,seller_concession_ratio,0.019736842105263164
4047,telecom_v2_development,coverage_strength,deal,0.0
4047,telecom_v2_development,coverage_strength,buyer_initial_quote_log10,0.06445798922691859
4047,telecom_v2_development,coverage_strength,terminal_quote_log10,0.11738559871785403
4047,telecom_v2_development,coverage_strength,action_count,-1.0
4047,telecom_v2_development,coverage_strength,seller_concession_ratio,-0.02290076335877863
4047,telecom_v2_development,verification_gap,deal,0.0
4047,telecom_v2_development,verification_gap,buyer_initial_quote_log10,0.0
4047,telecom_v2_development,verification_gap,terminal_quote_log10,0.01523996655673665
4047,telecom_v2_development,verification_gap,action_count,0.0
4047,telecom_v2_development,verification_gap,seller_concession_ratio,0.0
4048,telecom_v2_development,coverage_strength,deal,0.0
4048,telecom_v2_development,coverage_strength,buyer_initial_quote_log10,0.0
4048,telecom_v2_development,coverage_strength,terminal_quote_log10,-0.02435934585944466
4048,telecom_v2_development,coverage_strength,action_count,0.0
4048,telecom_v2_development,coverage_strength,seller_concession_ratio,0.05042016806722689
4048,telecom_v2_development,verification_gap,deal,1.0
4048,telecom_v2_development,verification_gap,buyer_initial_quote_log10,0.0
4048,telecom_v2_development,verification_gap,terminal_quote_log10,-0.006380096637775612
4048,telecom_v2_development,verification_gap,action_count,-1.0
4048,telecom_v2_development,verification_gap,seller_concession_ratio,0.011764705882352927
4050,telecom_v2_development,coverage_strength,deal,0.0
4050,telecom_v2_development,coverage_strength,buyer_initial_quote_log10,0.0
4050,telecom_v2_development,coverage_strength,terminal_quote_log10,0.0
4050,telecom_v2_development,coverage_strength,action_count,0.0
4050,telecom_v2_development,coverage_strength,seller_concession_ratio,0.0
4050,telecom_v2_development,integration_burden,deal,0.0
4050,telecom_v2_development,integration_burden,buyer_initial_quote_log10,0.0
4050,telecom_v2_development,integration_burden,terminal_quote_log10,0.0
4050,telecom_v2_development,integration_burden,action_count,0.0
4050,telecom_v2_development,integration_burden,seller_concession_ratio,0.0
4061,telecom_v2_development,verification_gap,deal,0.0
4061,telecom_v2_development,verification_gap,buyer_initial_quote_log10,0.0
4061,telecom_v2_development,verification_gap,terminal_quote_log10,0.0
4061,telecom_v2_development,verification_gap,action_count,0.0
4061,telecom_v2_development,verification_gap,seller_concession_ratio,0.0
4074,telecom_v2_development,verification_gap,deal,1.0
4074,telecom_v2_development,verification_gap,buyer_initial_quote_log10,-0.09691001300805646
4074,telecom_v2_development,verification_gap,terminal_quote_log10,-0.08715017571890027
4074,telecom_v2_development,verification_gap,action_count,1.0
4074,telecom_v2_development,verification_gap,seller_concession_ratio,0.16666666666666669
4094,telecom_v2_development,verification_gap,deal,0.0
4094,telecom_v2_development,verification_gap,buyer_initial_quote_log10,0.0
4094,telecom_v2_development,verification_gap,terminal_quote_log10,0.0
4094,telecom_v2_development,verification_gap,action_count,0.0
4094,telecom_v2_development,verification_gap,seller_concession_ratio,0.0
4125,telecom_v2_development,verification_gap,deal,0.0
4125,telecom_v2_development,verification_gap,buyer_initial_quote_log10,-0.010903363010324796
4125,telecom_v2_development,verification_gap,terminal_quote_log10,-0.017304858208470275
4125,telecom_v2_development,verification_gap,action_count,2.0
4125,telecom_v2_development,verification_gap,seller_concession_ratio,0.03289473684210528
4138,telecom_v2_development,coverage_strength,deal,0.0
4138,telecom_v2_development,coverage_strength,buyer_initial_quote_log10,0.0
4138,telecom_v2_development,coverage_strength,terminal_quote_log10,0.0
4138,telecom_v2_development,coverage_strength,action_count,0.0
4138,telecom_v2_development,coverage_strength,seller_concession_ratio,0.0
4138,telecom_v2_development,verification_gap,deal,0.0
4138,telecom_v2_development,verification_gap,buyer_initial_quote_log10,0.0
4138,telecom_v2_development,verification_gap,terminal_quote_log10,0.0
4138,telecom_v2_development,verification_gap,action_count,0.0
4138,telecom_v2_development,verification_gap,seller_concession_ratio,0.0
4158,telecom_v2_development,coverage_strength,deal,0.0
4158,telecom_v2_development,coverage_strength,buyer_initial_quote_log10,0.0
4158,telecom_v2_development,coverage_strength,terminal_quote_log10,-0.011899223299707717
4158,telecom_v2_development,coverage_strength,action_count,0.0
4158,telecom_v2_development,coverage_strength,seller_concession_ratio,0.02597402597402597
4158,telecom_v2_development,verification_gap,deal,0.0
4158,telecom_v2_development,verification_gap,buyer_initial_quote_log10,-0.09497551323085673
4158,telecom_v2_development,verification_gap,terminal_quote_log10,-0.024133679716719314
4158,telecom_v2_development,verification_gap,action_count,2.0
4158,telecom_v2_development,verification_gap,seller_concession_ratio,0.05194805194805195
4165,telecom_v2_development,verification_gap,deal,0.0
4165,telecom_v2_development,verification_gap,buyer_initial_quote_log10,0.0
4165,telecom_v2_development,verification_gap,terminal_quote_log10,0.0
4165,telecom_v2_development,verification_gap,action_count,0.0
4165,telecom_v2_development,verification_gap,seller_concession_ratio,0.0
4169,telecom_v2_development,integration_burden,deal,0.0
4169,telecom_v2_development,integration_burden,buyer_initial_quote_log10,0.0
4169,telecom_v2_development,integration_burden,terminal_quote_log10,0.0
4169,telecom_v2_development,integration_burden,action_count,0.0
4169,telecom_v2_development,integration_burden,seller_concession_ratio,0.0
4177,telecom_v2_development,coverage_strength,deal,0.0
4177,telecom_v2_development,coverage_strength,buyer_initial_quote_log10,-0.03511361941632418
4177,telecom_v2_development,coverage_strength,terminal_quote_log10,-0.03103423373996872
4177,telecom_v2_development,coverage_strength,action_count,2.0
4177,telecom_v2_development,coverage_strength,seller_concession_ratio,0.06578947368421054
4183,telecom_v2_development,verification_gap,deal,0.0
4183,telecom_v2_development,verification_gap,buyer_initial_quote_log10,0.0
4183,telecom_v2_development,verification_gap,terminal_quote_log10,-0.02482358372503235
4183,telecom_v2_development,verification_gap,action_count,0.0
4183,telecom_v2_development,verification_gap,seller_concession_ratio,0.05089058524173029
4184,telecom_v2_development,verification_gap,deal,0.0
4184,telecom_v2_development,verification_gap,buyer_initial_quote_log10,0.0
4184,telecom_v2_development,verification_gap,terminal_quote_log10,-0.014240439114610037
4184,telecom_v2_development,verification_gap,action_count,0.0
4184,telecom_v2_development,verification_gap,seller_concession_ratio,0.02538071065989847
4186,telecom_v2_development,verification_gap,deal,0.0
4186,telecom_v2_development,verification_gap,buyer_initial_quote_log10,-0.035113619416324404
4186,telecom_v2_development,verification_gap,terminal_quote_log10,-0.013133015271282744
4186,telecom_v2_development,verification_gap,action_count,4.0
4186,telecom_v2_development,verification_gap,seller_concession_ratio,0.028397565922920892
4188,telecom_v2_development,verification_gap,deal,0.0
4188,telecom_v2_development,verification_gap,buyer_initial_quote_log10,0.0
4188,telecom_v2_development,verification_gap,terminal_quote_log10,0.0
4188,telecom_v2_development,verification_gap,action_count,0.0
4188,telecom_v2_development,verification_gap,seller_concession_ratio,0.0
4193,telecom_v2_development,verification_gap,deal,0.0
4193,telecom_v2_development,verification_gap,buyer_initial_quote_log10,0.0
4193,telecom_v2_development,verification_gap,terminal_quote_log10,-0.003281247528023279
4193,telecom_v2_development,verification_gap,action_count,0.0
4193,telecom_v2_development,verification_gap,seller_concession_ratio,0.0058823529411764774
4208,telecom_v2_development,verification_gap,deal,0.0
4208,telecom_v2_development,verification_gap,buyer_initial_quote_log10,0.0
4208,telecom_v2_development,verification_gap,terminal_quote_log10,0.022276394711152392
4208,telecom_v2_development,verification_gap,action_count,0.0
4208,telecom_v2_development,verification_gap,seller_concession_ratio,-0.04608294930875577
4210,telecom_v2_development,coverage_limitation,deal,0.0
4210,telecom_v2_development,coverage_limitation,buyer_initial_quote_log10,0.0
4210,telecom_v2_development,coverage_limitation,terminal_quote_log10,-0.009545317906230366
4210,telecom_v2_development,coverage_limitation,action_count,0.0
4210,telecom_v2_development,coverage_limitation,seller_concession_ratio,0.01976284584980237
4210,telecom_v2_development,verification_gap,deal,0.0
4210,telecom_v2_development,verification_gap,buyer_initial_quote_log10,0.0
4210,telecom_v2_development,verification_gap,terminal_quote_log10,0.0
4210,telecom_v2_development,verification_gap,action_count,0.0
4210,telecom_v2_development,verification_gap,seller_concession_ratio,0.0
4212,telecom_v2_development,integration_burden,deal,0.0
4212,telecom_v2_development,integration_burden,buyer_initial_quote_log10,0.0
4212,telecom_v2_development,integration_burden,terminal_quote_log10,0.0
4212,telecom_v2_development,integration_burden,action_count,0.0
4212,telecom_v2_development,integration_burden,seller_concession_ratio,0.0
4212,telecom_v2_development,verification_gap,deal,0.0
4212,telecom_v2_development,verification_gap,buyer_initial_quote_log10,0.0
4212,telecom_v2_development,verification_gap,terminal_quote_log10,-0.012589127308020753
4212,telecom_v2_development,verification_gap,action_count,0.0
4212,telecom_v2_development,verification_gap,seller_concession_ratio,0.022222222222222227
4214,telecom_v2_development,integration_burden,deal,0.0
4214,telecom_v2_development,integration_burden,buyer_initial_quote_log10,0.0
4214,telecom_v2_development,integration_burden,terminal_quote_log10,0.0
4214,telecom_v2_development,integration_burden,action_count,0.0
4214,telecom_v2_development,integration_burden,seller_concession_ratio,0.0
4215,telecom_v2_development,verification_gap,deal,0.0
4215,telecom_v2_development,verification_gap,buyer_initial_quote_log10,0.0
4215,telecom_v2_development,verification_gap,terminal_quote_log10,0.015512166178247355
4215,telecom_v2_development,verification_gap,action_count,0.0
4215,telecom_v2_development,verification_gap,seller_concession_ratio,-0.030211480362537763
4217,telecom_v2_development,verification_gap,deal,0.0
4217,telecom_v2_development,verification_gap,buyer_initial_quote_log10,-0.02996322337744317
4217,telecom_v2_development,verification_gap,terminal_quote_log10,-0.02227639471115217
4217,telecom_v2_development,verification_gap,action_count,2.0
4217,telecom_v2_development,verification_gap,seller_concession_ratio,0.04545454545454544
4229,telecom_v2_development,verification_gap,deal,0.0
4229,telecom_v2_development,verification_gap,buyer_initial_quote_log10,0.0
4229,telecom_v2_development,verification_gap,terminal_quote_log10,0.0
4229,telecom_v2_development,verification_gap,action_count,0.0
4229,telecom_v2_development,verification_gap,seller_concession_ratio,0.0
4281,telecom_v2_development,verification_gap,deal,0.0
4281,telecom_v2_development,verification_gap,buyer_initial_quote_log10,0.0
4281,telecom_v2_development,verification_gap,terminal_quote_log10,0.0
4281,telecom_v2_development,verification_gap,action_count,0.0
4281,telecom_v2_development,verification_gap,seller_concession_ratio,0.0
4288,telecom_v2_development,verification_gap,deal,0.0
4288,telecom_v2_development,verification_gap,buyer_initial_quote_log10,-0.052029000004010006
4288,telecom_v2_development,verification_gap,terminal_quote_log10,-0.05435766232259254
4288,telecom_v2_development,verification_gap,action_count,2.0
4288,telecom_v2_development,verification_gap,seller_concession_ratio,0.10101010101010102
4302,telecom_v2_development,verification_gap,deal,0.0
4302,telecom_v2_development,verification_gap,buyer_initial_quote_log10,-0.032184683371401235
4302,telecom_v2_development,verification_gap,terminal_quote_log10,-0.014723256820706299
4302,telecom_v2_development,verification_gap,action_count,2.0
4302,telecom_v2_development,verification_gap,seller_concession_ratio,0.02777777777777779
4305,telecom_v2_development,verification_gap,deal,0.0
4305,telecom_v2_development,verification_gap,buyer_initial_quote_log10,-0.03476210625921228
4305,telecom_v2_development,verification_gap,terminal_quote_log10,-0.005908859610520345
4305,telecom_v2_development,verification_gap,action_count,2.0
4305,telecom_v2_development,verification_gap,seller_concession_ratio,0.012820512820512817
4327,telecom_v2_development,verification_gap,deal,0.0
4327,telecom_v2_development,verification_gap,buyer_initial_quote_log10,0.0
4327,telecom_v2_development,verification_gap,terminal_quote_log10,0.0
4327,telecom_v2_development,verification_gap,action_count,0.0
4327,telecom_v2_development,verification_gap,seller_concession_ratio,0.0
4346,telecom_v2_development,verification_gap,deal,0.0
4346,telecom_v2_development,verification_gap,buyer_initial_quote_log10,0.0
4346,telecom_v2_development,verification_gap,terminal_quote_log10,0.0
4346,telecom_v2_development,verification_gap,action_count,0.0
4346,telecom_v2_development,verification_gap,seller_concession_ratio,0.0
4367,telecom_v2_development,verification_gap,deal,0.0
4367,telecom_v2_development,verification_gap,buyer_initial_quote_log10,0.0
4367,telecom_v2_development,verification_gap,terminal_quote_log10,0.04575749056067513
4367,telecom_v2_development,verification_gap,action_count,1.0
4367,telecom_v2_development,verification_gap,seller_concession_ratio,0.0
4369,telecom_v2_development,verification_gap,deal,0.0
4369,telecom_v2_development,verification_gap,buyer_initial_quote_log10,0.0
4369,telecom_v2_development,verification_gap,terminal_quote_log10,0.0
4369,telecom_v2_development,verification_gap,action_count,0.0
4369,telecom_v2_development,verification_gap,seller_concession_ratio,0.0
4379,telecom_v2_development,verification_gap,deal,0.0
4379,telecom_v2_development,verification_gap,buyer_initial_quote_log10,0.0
4379,telecom_v2_development,verification_gap,terminal_quote_log10,0.0
4379,telecom_v2_development,verification_gap,action_count,0.0
4379,telecom_v2_development,verification_gap,seller_concession_ratio,0.0
4385,telecom_v2_development,verification_gap,deal,0.0
4385,telecom_v2_development,verification_gap,buyer_initial_quote_log10,0.0
4385,telecom_v2_development,verification_gap,terminal_quote_log10,0.0
4385,telecom_v2_development,verification_gap,action_count,0.0
4385,telecom_v2_development,verification_gap,seller_concession_ratio,0.0
4399,telecom_v2_development,verification_gap,deal,0.0
4399,telecom_v2_development,verification_gap,buyer_initial_quote_log10,0.0
4399,telecom_v2_development,verification_gap,terminal_quote_log10,-0.07444774434503909
4399,telecom_v2_development,verification_gap,action_count,1.0
4399,telecom_v2_development,verification_gap,seller_concession_ratio,0.0
4441,telecom_v2_development,coverage_limitation,deal,0.0
4441,telecom_v2_development,coverage_limitation,buyer_initial_quote_log10,0.0
4441,telecom_v2_development,coverage_limitation,terminal_quote_log10,0.0
4441,telecom_v2_development,coverage_limitation,action_count,0.0
4441,telecom_v2_development,coverage_limitation,seller_concession_ratio,0.0
4446,telecom_v2_development,coverage_limitation,deal,0.0
4446,telecom_v2_development,coverage_limitation,buyer_initial_quote_log10,0.0
4446,telecom_v2_development,coverage_limitation,terminal_quote_log10,0.0
4446,telecom_v2_development,coverage_limitation,action_count,0.0
4446,telecom_v2_development,coverage_limitation,seller_concession_ratio,0.0
4450,telecom_v2_development,verification_gap,deal,0.0
4450,telecom_v2_development,verification_gap,buyer_initial_quote_log10,-0.024823583725031906
4450,telecom_v2_development,verification_gap,terminal_quote_log10,0.004364805402449878
4450,telecom_v2_development,verification_gap,action_count,0.0
4450,telecom_v2_development,verification_gap,seller_concession_ratio,-0.00840336134453784
4452,telecom_v2_development,governance_risk,deal,0.0
4452,telecom_v2_development,governance_risk,buyer_initial_quote_log10,0.0
4452,telecom_v2_development,governance_risk,terminal_quote_log10,0.07058107428570715
4452,telecom_v2_development,governance_risk,action_count,1.0
4452,telecom_v2_development,governance_risk,seller_concession_ratio,0.0
4463,telecom_v2_development,coverage_strength,deal,0.0
4463,telecom_v2_development,coverage_strength,buyer_initial_quote_log10,0.0
4463,telecom_v2_development,coverage_strength,terminal_quote_log10,-0.013788284485633184
4463,telecom_v2_development,coverage_strength,action_count,0.0
4463,telecom_v2_development,coverage_strength,seller_concession_ratio,0.02840909090909091
4476,telecom_v2_development,verification_gap,deal,0.0
4476,telecom_v2_development,verification_gap,buyer_initial_quote_log10,0.0
4476,telecom_v2_development,verification_gap,terminal_quote_log10,0.0
4476,telecom_v2_development,verification_gap,action_count,0.0
4476,telecom_v2_development,verification_gap,seller_concession_ratio,0.0
4477,telecom_v2_development,coverage_limitation,deal,0.0
4477,telecom_v2_development,coverage_limitation,buyer_initial_quote_log10,0.0
4477,telecom_v2_development,coverage_limitation,terminal_quote_log10,0.0
4477,telecom_v2_development,coverage_limitation,action_count,0.0
4477,telecom_v2_development,coverage_limitation,seller_concession_ratio,0.0
4480,telecom_v2_development,verification_gap,deal,0.0
4480,telecom_v2_development,verification_gap,buyer_initial_quote_log10,-0.06445798922691837
4480,telecom_v2_development,verification_gap,terminal_quote_log10,-0.02348109584952285
4480,telecom_v2_development,verification_gap,action_count,2.0
4480,telecom_v2_development,verification_gap,seller_concession_ratio,0.04878048780487805
4496,telecom_v2_development,verification_gap,deal,0.0
4496,telecom_v2_development,verification_gap,buyer_initial_quote_log10,0.0
4496,telecom_v2_development,verification_gap,terminal_quote_log10,0.0
4496,telecom_v2_development,verification_gap,action_count,0.0
4496,telecom_v2_development,verification_gap,seller_concession_ratio,0.0
4527,telecom_v2_development,verification_gap,deal,0.0
4527,telecom_v2_development,verification_gap,buyer_initial_quote_log10,0.0
4527,telecom_v2_development,verification_gap,terminal_quote_log10,0.0
4527,telecom_v2_development,verification_gap,action_count,0.0
4527,telecom_v2_development,verification_gap,seller_concession_ratio,0.0
4540,telecom_v2_development,governance_risk,deal,0.0
4540,telecom_v2_development,governance_risk,buyer_initial_quote_log10,0.0
4540,telecom_v2_development,governance_risk,terminal_quote_log10,0.03066881976645197
4540,telecom_v2_development,governance_risk,action_count,0.0
4540,telecom_v2_development,governance_risk,seller_concession_ratio,-0.06382978723404255
4540,telecom_v2_development,verification_gap,deal,0.0
4540,telecom_v2_development,verification_gap,buyer_initial_quote_log10,-0.04699656267622343
4540,telecom_v2_development,verification_gap,terminal_quote_log10,-0.010723865391773169
4540,telecom_v2_development,verification_gap,action_count,2.0
4540,telecom_v2_development,verification_gap,seller_concession_ratio,0.021276595744680854
4560,telecom_v2_development,coverage_limitation,deal,0.0
4560,telecom_v2_development,coverage_limitation,buyer_initial_quote_log10,-0.044967145516523255
4560,telecom_v2_development,coverage_limitation,terminal_quote_log10,-0.019023237313430474
4560,telecom_v2_development,coverage_limitation,action_count,2.0
4560,telecom_v2_development,coverage_limitation,seller_concession_ratio,0.038961038961038946
4567,telecom_v2_development,verification_gap,deal,0.0
4567,telecom_v2_development,verification_gap,buyer_initial_quote_log10,0.0
4567,telecom_v2_development,verification_gap,terminal_quote_log10,0.0
4567,telecom_v2_development,verification_gap,action_count,0.0
4567,telecom_v2_development,verification_gap,seller_concession_ratio,0.0
4571,telecom_v2_development,coverage_limitation,deal,0.0
4571,telecom_v2_development,coverage_limitation,buyer_initial_quote_log10,-0.03342375548694987
4571,telecom_v2_development,coverage_limitation,terminal_quote_log10,-0.01523996655673665
4571,telecom_v2_development,coverage_limitation,action_count,2.0
4571,telecom_v2_development,coverage_limitation,seller_concession_ratio,0.02985074626865672
4579,telecom_v2_development,coverage_limitation,deal,0.0
4579,telecom_v2_development,coverage_limitation,buyer_initial_quote_log10,-0.021189299069938272
4579,telecom_v2_development,coverage_limitation,terminal_quote_log10,-0.02996322337744317
4579,telecom_v2_development,coverage_limitation,action_count,2.0
4579,telecom_v2_development,coverage_limitation,seller_concession_ratio,0.05882352941176472
4585,telecom_v2_development,verification_gap,deal,0.0
4585,telecom_v2_development,verification_gap,buyer_initial_quote_log10,0.0
4585,telecom_v2_development,verification_gap,terminal_quote_log10,-0.007825337511956576
4585,telecom_v2_development,verification_gap,action_count,0.0
4585,telecom_v2_development,verification_gap,seller_concession_ratio,0.015105740181268895
4586,telecom_v2_development,verification_gap,deal,0.0
4586,telecom_v2_development,verification_gap,buyer_initial_quote_log10,0.0
4586,telecom_v2_development,verification_gap,terminal_quote_log10,0.0
4586,telecom_v2_development,verification_gap,action_count,0.0
4586,telecom_v2_development,verification_gap,seller_concession_ratio,0.0
4588,telecom_v2_development,coverage_limitation,deal,0.0
4588,telecom_v2_development,coverage_limitation,buyer_initial_quote_log10,0.0
4588,telecom_v2_development,coverage_limitation,terminal_quote_log10,0.0
4588,telecom_v2_development,coverage_limitation,action_count,0.0
4588,telecom_v2_development,coverage_limitation,seller_concession_ratio,0.0
4588,telecom_v2_development,verification_gap,deal,0.0
4588,telecom_v2_development,verification_gap,buyer_initial_quote_log10,-0.03476210625921228
4588,telecom_v2_development,verification_gap,terminal_quote_log10,-0.14898211702499475
4588,telecom_v2_development,verification_gap,action_count,1.0
4588,telecom_v2_development,verification_gap,seller_concession_ratio,0.0
4590,telecom_v2_development,verification_gap,deal,0.0
4590,telecom_v2_development,verification_gap,buyer_initial_quote_log10,0.0
4590,telecom_v2_development,verification_gap,terminal_quote_log10,0.0
4590,telecom_v2_development,verification_gap,action_count,0.0
4590,telecom_v2_development,verification_gap,seller_concession_ratio,0.0
4595,telecom_v2_development,integration_burden,deal,0.0
4595,telecom_v2_development,integration_burden,buyer_initial_quote_log10,0.0
4595,telecom_v2_development,integration_burden,terminal_quote_log10,0.011164997458043224
4595,telecom_v2_development,integration_burden,action_count,3.0
4595,telecom_v2_development,integration_burden,seller_concession_ratio,-0.021008403361344546
4610,telecom_v2_development,coverage_limitation,deal,0.0
4610,telecom_v2_development,coverage_limitation,buyer_initial_quote_log10,0.0
4610,telecom_v2_development,coverage_limitation,terminal_quote_log10,0.0
4610,telecom_v2_development,coverage_limitation,action_count,0.0
4610,telecom_v2_development,coverage_limitation,seller_concession_ratio,0.0
4612,telecom_v2_development,coverage_limitation,deal,0.0
4612,telecom_v2_development,coverage_limitation,buyer_initial_quote_log10,0.0
4612,telecom_v2_development,coverage_limitation,terminal_quote_log10,0.0
4612,telecom_v2_development,coverage_limitation,action_count,0.0
4612,telecom_v2_development,coverage_limitation,seller_concession_ratio,0.0
4612,telecom_v2_development,coverage_strength,deal,0.0
4612,telecom_v2_development,coverage_strength,buyer_initial_quote_log10,0.0
4612,telecom_v2_development,coverage_strength,terminal_quote_log10,0.012234456417011597
4612,telecom_v2_development,coverage_strength,action_count,0.0
4612,telecom_v2_development,coverage_strength,seller_concession_ratio,-0.022321428571428575
4614,telecom_v2_development,coverage_strength,deal,0.0
4614,telecom_v2_development,coverage_strength,buyer_initial_quote_log10,0.06621626888325727
4614,telecom_v2_development,coverage_strength,terminal_quote_log10,0.004002742453673935
4614,telecom_v2_development,coverage_strength,action_count,-2.0
4614,telecom_v2_development,coverage_strength,seller_concession_ratio,-0.0071942446043165575
4616,telecom_v2_development,coverage_strength,deal,0.0
4616,telecom_v2_development,coverage_strength,buyer_initial_quote_log10,0.0
4616,telecom_v2_development,coverage_strength,terminal_quote_log10,0.0
4616,telecom_v2_development,coverage_strength,action_count,0.0
4616,telecom_v2_development,coverage_strength,seller_concession_ratio,0.0
4617,telecom_v2_development,coverage_limitation,deal,-1.0
4617,telecom_v2_development,coverage_limitation,buyer_initial_quote_log10,0.0
4617,telecom_v2_development,coverage_limitation,terminal_quote_log10,0.03279251339630784
4617,telecom_v2_development,coverage_limitation,action_count,0.0
4617,telecom_v2_development,coverage_limitation,seller_concession_ratio,-0.05970149253731344
4619,telecom_v2_development,coverage_limitation,deal,0.0
4619,telecom_v2_development,coverage_limitation,buyer_initial_quote_log10,0.0
4619,telecom_v2_development,coverage_limitation,terminal_quote_log10,0.0
4619,telecom_v2_development,coverage_limitation,action_count,0.0
4619,telecom_v2_development,coverage_limitation,seller_concession_ratio,0.0
4619,telecom_v2_development,verification_gap,deal,0.0
4619,telecom_v2_development,verification_gap,buyer_initial_quote_log10,0.0
4619,telecom_v2_development,verification_gap,terminal_quote_log10,-0.012589127308020531
4619,telecom_v2_development,verification_gap,action_count,0.0
4619,telecom_v2_development,verification_gap,seller_concession_ratio,0.022727272727272707
4626,telecom_v2_development,integration_burden,deal,0.0
4626,telecom_v2_development,integration_burden,buyer_initial_quote_log10,0.04699656267622343
4626,telecom_v2_development,integration_burden,terminal_quote_log10,0.04219767979445499
4626,telecom_v2_development,integration_burden,action_count,-2.0
4626,telecom_v2_development,integration_burden,seller_concession_ratio,-0.0847457627118644
4631,telecom_v2_development,verification_gap,deal,0.0
4631,telecom_v2_development,verification_gap,buyer_initial_quote_log10,-0.04017617320901001
4631,telecom_v2_development,verification_gap,terminal_quote_log10,-0.03707131137558273
4631,telecom_v2_development,verification_gap,action_count,4.0
4631,telecom_v2_development,verification_gap,seller_concession_ratio,0.0759493670886076
4683,telecom_v2_development,coverage_limitation,deal,0.0
4683,telecom_v2_development,coverage_limitation,buyer_initial_quote_log10,-0.03778856088939975
4683,telecom_v2_development,coverage_limitation,terminal_quote_log10,-0.03103423373996872
4683,telecom_v2_development,coverage_limitation,action_count,2.0
4683,telecom_v2_development,coverage_limitation,seller_concession_ratio,0.0641025641025641
4684,telecom_v2_development,coverage_limitation,deal,1.0
4684,telecom_v2_development,coverage_limitation,buyer_initial_quote_log10,-0.03252922482692
4684,telecom_v2_development,coverage_limitation,terminal_quote_log10,-0.03441756480369307
4684,telecom_v2_development,coverage_limitation,action_count,3.0
4684,telecom_v2_development,coverage_limitation,seller_concession_ratio,0.06324110671936761
4690,telecom_v2_development,coverage_strength,deal,0.0
4690,telecom_v2_development,coverage_strength,buyer_initial_quote_log10,-0.07310709833543161
4690,telecom_v2_development,coverage_strength,terminal_quote_log10,-0.01909294190902222
4690,telecom_v2_development,coverage_strength,action_count,2.0
4690,telecom_v2_development,coverage_strength,seller_concession_ratio,0.0404040404040404
4704,telecom_v2_development,governance_risk,deal,1.0
4704,telecom_v2_development,governance_risk,buyer_initial_quote_log10,-0.05435766232259276
4704,telecom_v2_development,governance_risk,terminal_quote_log10,-0.024823583725032128
4704,telecom_v2_development,governance_risk,action_count,2.0
4704,telecom_v2_development,governance_risk,seller_concession_ratio,0.048780487804878064
4707,telecom_v2_development,coverage_limitation,deal,0.0
4707,telecom_v2_development,coverage_limitation,buyer_initial_quote_log10,0.06069784035361181
4707,telecom_v2_development,coverage_limitation,terminal_quote_log10,0.024133679716719314
4707,telecom_v2_development,coverage_limitation,action_count,-2.0
4707,telecom_v2_development,coverage_limitation,seller_concession_ratio,-0.05128205128205128
4729,telecom_v2_development,verification_gap,deal,0.0
4729,telecom_v2_development,verification_gap,buyer_initial_quote_log10,0.0
4729,telecom_v2_development,verification_gap,terminal_quote_log10,-0.03342375548694987
4729,telecom_v2_development,verification_gap,action_count,0.0
4729,telecom_v2_development,verification_gap,seller_concession_ratio,0.06451612903225806
4747,telecom_v2_development,verification_gap,deal,0.0
4747,telecom_v2_development,verification_gap,buyer_initial_quote_log10,0.0
4747,telecom_v2_development,verification_gap,terminal_quote_log10,-0.034762106259211834
4747,telecom_v2_development,verification_gap,action_count,-2.0
4747,telecom_v2_development,verification_gap,seller_concession_ratio,0.0625
4748,telecom_v2_development,verification_gap,deal,0.0
4748,telecom_v2_development,verification_gap,buyer_initial_quote_log10,0.0
4748,telecom_v2_development,verification_gap,terminal_quote_log10,0.009545317906230366
4748,telecom_v2_development,verification_gap,action_count,0.0
4748,telecom_v2_development,verification_gap,seller_concession_ratio,-0.019305019305019294
4769,telecom_v2_development,verification_gap,deal,0.0
4769,telecom_v2_development,verification_gap,buyer_initial_quote_log10,0.0
4769,telecom_v2_development,verification_gap,terminal_quote_log10,0.0
4769,telecom_v2_development,verification_gap,action_count,0.0
4769,telecom_v2_development,verification_gap,seller_concession_ratio,0.0
4771,telecom_v2_development,verification_gap,deal,0.0
4771,telecom_v2_development,verification_gap,buyer_initial_quote_log10,-0.04139268515822514
4771,telecom_v2_development,verification_gap,terminal_quote_log10,-0.035715552266534445
4771,telecom_v2_development,verification_gap,action_count,2.0
4771,telecom_v2_development,verification_gap,seller_concession_ratio,0.0681818181818182
4781,telecom_v2_development,verification_gap,deal,0.0
4781,telecom_v2_development,verification_gap,buyer_initial_quote_log10,-0.04575749056067513
4781,telecom_v2_development,verification_gap,terminal_quote_log10,-0.03778856088939975
4781,telecom_v2_development,verification_gap,action_count,1.0
4781,telecom_v2_development,verification_gap,seller_concession_ratio,0.0
4787,telecom_v2_development,verification_gap,deal,0.0
4787,telecom_v2_development,verification_gap,buyer_initial_quote_log10,0.0
4787,telecom_v2_development,verification_gap,terminal_quote_log10,0.0
4787,telecom_v2_development,verification_gap,action_count,0.0
4787,telecom_v2_development,verification_gap,seller_concession_ratio,0.0
4801,telecom_v2_development,verification_gap,deal,-1.0
4801,telecom_v2_development,verification_gap,buyer_initial_quote_log10,0.0
4801,telecom_v2_development,verification_gap,terminal_quote_log10,0.0424525702181886
4801,telecom_v2_development,verification_gap,action_count,1.0
4801,telecom_v2_development,verification_gap,seller_concession_ratio,-0.08558299827685238
4843,telecom_v2_development,verification_gap,deal,0.0
4843,telecom_v2_development,verification_gap,buyer_initial_quote_log10,-0.02348109584952285
4843,telecom_v2_development,verification_gap,terminal_quote_log10,0.0
4843,telecom_v2_development,verification_gap,action_count,0.0
4843,telecom_v2_development,verification_gap,seller_concession_ratio,0.0
4852,telecom_v2_development,verification_gap,deal,0.0
4852,telecom_v2_development,verification_gap,buyer_initial_quote_log10,0.0
4852,telecom_v2_development,verification_gap,terminal_quote_log10,-0.005139639652411265
4852,telecom_v2_development,verification_gap,action_count,0.0
4852,telecom_v2_development,verification_gap,seller_concession_ratio,0.010799136069114479
4854,telecom_v2_development,verification_gap,deal,0.0
4854,telecom_v2_development,verification_gap,buyer_initial_quote_log10,-0.02306530406869367
4854,telecom_v2_development,verification_gap,terminal_quote_log10,-0.0036961455599637816
4854,telecom_v2_development,verification_gap,action_count,2.0
4854,telecom_v2_development,verification_gap,seller_concession_ratio,0.00719424460431653
4865,telecom_v2_development,verification_gap,deal,0.0
4865,telecom_v2_development,verification_gap,buyer_initial_quote_log10,0.0
4865,telecom_v2_development,verification_gap,terminal_quote_log10,-0.007061854487486752
4865,telecom_v2_development,verification_gap,action_count,0.0
4865,telecom_v2_development,verification_gap,seller_concession_ratio,0.014204545454545442
4879,telecom_v2_development,verification_gap,deal,0.0
4879,telecom_v2_development,verification_gap,buyer_initial_quote_log10,-0.03200216835215519
4879,telecom_v2_development,verification_gap,terminal_quote_log10,-0.03778856088939975
4879,telecom_v2_development,verification_gap,action_count,2.0
4879,telecom_v2_development,verification_gap,seller_concession_ratio,0.08064516129032258
4882,telecom_v2_development,coverage_strength,deal,0.0
4882,telecom_v2_development,coverage_strength,buyer_initial_quote_log10,0.0
4882,telecom_v2_development,coverage_strength,terminal_quote_log10,0.0
4882,telecom_v2_development,coverage_strength,action_count,0.0
4882,telecom_v2_development,coverage_strength,seller_concession_ratio,0.0
4929,telecom_v2_development,coverage_limitation,deal,0.0
4929,telecom_v2_development,coverage_limitation,buyer_initial_quote_log10,-0.021189299069938272
4929,telecom_v2_development,coverage_limitation,terminal_quote_log10,0.0
4929,telecom_v2_development,coverage_limitation,action_count,2.0
4929,telecom_v2_development,coverage_limitation,seller_concession_ratio,0.0
4929,telecom_v2_development,verification_gap,deal,0.0
4929,telecom_v2_development,verification_gap,buyer_initial_quote_log10,0.0
4929,telecom_v2_development,verification_gap,terminal_quote_log10,0.008773924307505343
4929,telecom_v2_development,verification_gap,action_count,0.0
4929,telecom_v2_development,verification_gap,seller_concession_ratio,-0.019230769230769232
4942,telecom_v2_development,coverage_strength,deal,0.0
4942,telecom_v2_development,coverage_strength,buyer_initial_quote_log10,0.0
4942,telecom_v2_development,coverage_strength,terminal_quote_log10,0.0
4942,telecom_v2_development,coverage_strength,action_count,0.0
4942,telecom_v2_development,coverage_strength,seller_concession_ratio,0.0
4962,telecom_v2_development,coverage_limitation,deal,0.0
4962,telecom_v2_development,coverage_limitation,buyer_initial_quote_log10,-0.028028723600243444
4962,telecom_v2_development,coverage_limitation,terminal_quote_log10,-0.04139268515822514
4962,telecom_v2_development,coverage_limitation,action_count,2.0
4962,telecom_v2_development,coverage_limitation,seller_concession_ratio,0.08474576271186442
4962,telecom_v2_development,verification_gap,deal,0.0
4962,telecom_v2_development,verification_gap,buyer_initial_quote_log10,0.0
4962,telecom_v2_development,verification_gap,terminal_quote_log10,0.0
4962,telecom_v2_development,verification_gap,action_count,0.0
4962,telecom_v2_development,verification_gap,seller_concession_ratio,0.0
4969,telecom_v2_development,verification_gap,deal,0.0
4969,telecom_v2_development,verification_gap,buyer_initial_quote_log10,0.0
4969,telecom_v2_development,verification_gap,terminal_quote_log10,0.013788284485633184
4969,telecom_v2_development,verification_gap,action_count,0.0
4969,telecom_v2_development,verification_gap,seller_concession_ratio,-0.025906735751295346
4973,telecom_v2_development,coverage_limitation,deal,0.0
4973,telecom_v2_development,coverage_limitation,buyer_initial_quote_log10,0.0
4973,telecom_v2_development,coverage_limitation,terminal_quote_log10,0.0
4973,telecom_v2_development,coverage_limitation,action_count,0.0
4973,telecom_v2_development,coverage_limitation,seller_concession_ratio,0.0
4981,telecom_v2_development,coverage_limitation,deal,0.0
4981,telecom_v2_development,coverage_limitation,buyer_initial_quote_log10,-0.04139268515822492
4981,telecom_v2_development,coverage_limitation,terminal_quote_log10,-0.024647435078568147
4981,telecom_v2_development,coverage_limitation,action_count,2.0
4981,telecom_v2_development,coverage_limitation,seller_concession_ratio,0.052631578947368425
4987,telecom_v2_development,coverage_limitation,deal,0.0
4987,telecom_v2_development,coverage_limitation,buyer_initial_quote_log10,0.0
4987,telecom_v2_development,coverage_limitation,terminal_quote_log10,0.0
4987,telecom_v2_development,coverage_limitation,action_count,0.0
4987,telecom_v2_development,coverage_limitation,seller_concession_ratio,0.0
4988,telecom_v2_development,verification_gap,deal,0.0
4988,telecom_v2_development,verification_gap,buyer_initial_quote_log10,0.0
4988,telecom_v2_development,verification_gap,terminal_quote_log10,0.0
4988,telecom_v2_development,verification_gap,action_count,0.0
4988,telecom_v2_development,verification_gap,seller_concession_ratio,0.0
4990,telecom_v2_development,integration_burden,deal,0.0
4990,telecom_v2_development,integration_burden,buyer_initial_quote_log10,0.0
4990,telecom_v2_development,integration_burden,terminal_quote_log10,0.0
4990,telecom_v2_development,integration_burden,action_count,0.0
4990,telecom_v2_development,integration_burden,seller_concession_ratio,0.0
4990,telecom_v2_development,verification_gap,deal,0.0
4990,telecom_v2_development,verification_gap,buyer_initial_quote_log10,0.0
4990,telecom_v2_development,verification_gap,terminal_quote_log10,0.0
4990,telecom_v2_development,verification_gap,action_count,0.0
4990,telecom_v2_development,verification_gap,seller_concession_ratio,0.0
4992,telecom_v2_development,verification_gap,deal,0.0
4992,telecom_v2_development,verification_gap,buyer_initial_quote_log10,0.0
4992,telecom_v2_development,verification_gap,terminal_quote_log10,0.009984220906601005
4992,telecom_v2_development,verification_gap,action_count,0.0
4992,telecom_v2_development,verification_gap,seller_concession_ratio,-0.02020202020202022
4997,telecom_v2_development,verification_gap,deal,0.0
4997,telecom_v2_development,verification_gap,buyer_initial_quote_log10,0.0
4997,telecom_v2_development,verification_gap,terminal_quote_log10,0.0
4997,telecom_v2_development,verification_gap,action_count,0.0
4997,telecom_v2_development,verification_gap,seller_concession_ratio,0.0
5012,telecom_v2_development,verification_gap,deal,0.0
5012,telecom_v2_development,verification_gap,buyer_initial_quote_log10,0.0
5012,telecom_v2_development,verification_gap,terminal_quote_log10,0.0
5012,telecom_v2_development,verification_gap,action_count,0.0
5012,telecom_v2_development,verification_gap,seller_concession_ratio,0.0
5014,telecom_v2_development,verification_gap,deal,0.0
5014,telecom_v2_development,verification_gap,buyer_initial_quote_log10,-0.03087656647306991
5014,telecom_v2_development,verification_gap,terminal_quote_log10,-0.030623747431617776
5014,telecom_v2_development,verification_gap,action_count,2.0
5014,telecom_v2_development,verification_gap,seller_concession_ratio,0.06451612903225806
5016,telecom_v2_development,integration_burden,deal,0.0
5016,telecom_v2_development,integration_burden,buyer_initial_quote_log10,0.0
5016,telecom_v2_development,integration_burden,terminal_quote_log10,0.0
5016,telecom_v2_development,integration_burden,action_count,0.0
5016,telecom_v2_development,integration_burden,seller_concession_ratio,0.0
5018,telecom_v2_development,coverage_limitation,deal,0.0
5018,telecom_v2_development,coverage_limitation,buyer_initial_quote_log10,0.0
5018,telecom_v2_development,coverage_limitation,terminal_quote_log10,0.0
5018,telecom_v2_development,coverage_limitation,action_count,0.0
5018,telecom_v2_development,coverage_limitation,seller_concession_ratio,0.0
5018,telecom_v2_development,verification_gap,deal,0.0
5018,telecom_v2_development,verification_gap,buyer_initial_quote_log10,0.0
5018,telecom_v2_development,verification_gap,terminal_quote_log10,0.012234456417011597
5018,telecom_v2_development,verification_gap,action_count,0.0
5018,telecom_v2_development,verification_gap,seller_concession_ratio,-0.023041474654377864
5028,telecom_v2_development,coverage_strength,deal,0.0
5028,telecom_v2_development,coverage_strength,buyer_initial_quote_log10,0.0483046795745552
5028,telecom_v2_development,coverage_strength,terminal_quote_log10,0.0
5028,telecom_v2_development,coverage_strength,action_count,0.0
5028,telecom_v2_development,coverage_strength,seller_concession_ratio,0.0
5028,telecom_v2_development,verification_gap,deal,0.0
5028,telecom_v2_development,verification_gap,buyer_initial_quote_log10,-0.02482358372503235
5028,telecom_v2_development,verification_gap,terminal_quote_log10,0.0
5028,telecom_v2_development,verification_gap,action_count,0.0
5028,telecom_v2_development,verification_gap,seller_concession_ratio,0.0
5033,telecom_v2_development,verification_gap,deal,0.0
5033,telecom_v2_development,verification_gap,buyer_initial_quote_log10,0.0
5033,telecom_v2_development,verification_gap,terminal_quote_log10,0.0
5033,telecom_v2_development,verification_gap,action_count,0.0
5033,telecom_v2_development,verification_gap,seller_concession_ratio,0.0
5085,telecom_v2_development,verification_gap,deal,0.0
5085,telecom_v2_development,verification_gap,buyer_initial_quote_log10,0.0
5085,telecom_v2_development,verification_gap,terminal_quote_log10,0.0
5085,telecom_v2_development,verification_gap,action_count,0.0
5085,telecom_v2_development,verification_gap,seller_concession_ratio,0.0
5086,telecom_v2_development,verification_gap,deal,0.0
5086,telecom_v2_development,verification_gap,buyer_initial_quote_log10,0.0
5086,telecom_v2_development,verification_gap,terminal_quote_log10,0.0
5086,telecom_v2_development,verification_gap,action_count,0.0
5086,telecom_v2_development,verification_gap,seller_concession_ratio,0.0
5092,telecom_v2_development,verification_gap,deal,0.0
5092,telecom_v2_development,verification_gap,buyer_initial_quote_log10,0.0
5092,telecom_v2_development,verification_gap,terminal_quote_log10,0.0
5092,telecom_v2_development,verification_gap,action_count,0.0
5092,telecom_v2_development,verification_gap,seller_concession_ratio,0.0
5106,telecom_v2_development,coverage_limitation,deal,0.0
5106,telecom_v2_development,coverage_limitation,buyer_initial_quote_log10,-0.034762106259212056
5106,telecom_v2_development,coverage_limitation,terminal_quote_log10,-0.028028723600243666
5106,telecom_v2_development,coverage_limitation,action_count,2.0
5106,telecom_v2_development,coverage_limitation,seller_concession_ratio,0.05555555555555555
5106,telecom_v2_development,verification_gap,deal,0.0
5106,telecom_v2_development,verification_gap,buyer_initial_quote_log10,-0.034762106259212056
5106,telecom_v2_development,verification_gap,terminal_quote_log10,-0.028028723600243666
5106,telecom_v2_development,verification_gap,action_count,2.0
5106,telecom_v2_development,verification_gap,seller_concession_ratio,0.05555555555555555
5109,telecom_v2_development,verification_gap,deal,0.0
5109,telecom_v2_development,verification_gap,buyer_initial_quote_log10,-0.06069784035361181
5109,telecom_v2_development,verification_gap,terminal_quote_log10,-0.007299238741499181
5109,telecom_v2_development,verification_gap,action_count,2.0
5109,telecom_v2_development,verification_gap,seller_concession_ratio,0.013333333333333336
5131,telecom_v2_development,verification_gap,deal,0.0
5131,telecom_v2_development,verification_gap,buyer_initial_quote_log10,0.0
5131,telecom_v2_development,verification_gap,terminal_quote_log10,0.030933714243650545
5131,telecom_v2_development,verification_gap,action_count,0.0
5131,telecom_v2_development,verification_gap,seller_concession_ratio,-0.057291666666666685
5149,telecom_v2_development,verification_gap,deal,1.0
5149,telecom_v2_development,verification_gap,buyer_initial_quote_log10,-0.034762106259211834
5149,telecom_v2_development,verification_gap,terminal_quote_log10,-0.06694678963061307
5149,telecom_v2_development,verification_gap,action_count,-1.0
5149,telecom_v2_development,verification_gap,seller_concession_ratio,0.13333333333333336
5150,telecom_v2_development,coverage_limitation,deal,0.0
5150,telecom_v2_development,coverage_limitation,buyer_initial_quote_log10,0.0
5150,telecom_v2_development,coverage_limitation,terminal_quote_log10,0.0
5150,telecom_v2_development,coverage_limitation,action_count,0.0
5150,telecom_v2_development,coverage_limitation,seller_concession_ratio,0.0
5150,telecom_v2_development,verification_gap,deal,0.0
5150,telecom_v2_development,verification_gap,buyer_initial_quote_log10,0.0
5150,telecom_v2_development,verification_gap,terminal_quote_log10,-0.019744058195756864
5150,telecom_v2_development,verification_gap,action_count,0.0
5150,telecom_v2_development,verification_gap,seller_concession_ratio,0.038610038610038616
5171,telecom_v2_development,coverage_strength,deal,0.0
5171,telecom_v2_development,coverage_strength,buyer_initial_quote_log10,0.07918124604762489
5171,telecom_v2_development,coverage_strength,terminal_quote_log10,0.07255066714861158
5171,telecom_v2_development,coverage_strength,action_count,-1.0
5171,telecom_v2_development,coverage_strength,seller_concession_ratio,-0.06666666666666668
5173,telecom_v2_development,verification_gap,deal,0.0
5173,telecom_v2_development,verification_gap,buyer_initial_quote_log10,0.0
5173,telecom_v2_development,verification_gap,terminal_quote_log10,0.0
5173,telecom_v2_development,verification_gap,action_count,0.0
5173,telecom_v2_development,verification_gap,seller_concession_ratio,0.0
5183,telecom_v2_development,verification_gap,deal,0.0
5183,telecom_v2_development,verification_gap,buyer_initial_quote_log10,0.0
5183,telecom_v2_development,verification_gap,terminal_quote_log10,0.0
5183,telecom_v2_development,verification_gap,action_count,0.0
5183,telecom_v2_development,verification_gap,seller_concession_ratio,0.0
5189,telecom_v2_development,verification_gap,deal,0.0
5189,telecom_v2_development,verification_gap,buyer_initial_quote_log10,0.0
5189,telecom_v2_development,verification_gap,terminal_quote_log10,0.0
5189,telecom_v2_development,verification_gap,action_count,0.0
5189,telecom_v2_development,verification_gap,seller_concession_ratio,0.0
5203,telecom_v2_development,coverage_strength,deal,0.0
5203,telecom_v2_development,coverage_strength,buyer_initial_quote_log10,0.0
5203,telecom_v2_development,coverage_strength,terminal_quote_log10,0.0
5203,telecom_v2_development,coverage_strength,action_count,0.0
5203,telecom_v2_development,coverage_strength,seller_concession_ratio,0.0
5203,telecom_v2_development,verification_gap,deal,0.0
5203,telecom_v2_development,verification_gap,buyer_initial_quote_log10,0.0
5203,telecom_v2_development,verification_gap,terminal_quote_log10,0.0
5203,telecom_v2_development,verification_gap,action_count,0.0
5203,telecom_v2_development,verification_gap,seller_concession_ratio,0.0
5240,telecom_v2_development,coverage_limitation,deal,0.0
5240,telecom_v2_development,coverage_limitation,buyer_initial_quote_log10,0.0
5240,telecom_v2_development,coverage_limitation,terminal_quote_log10,-0.011479817683430316
5240,telecom_v2_development,coverage_limitation,action_count,0.0
5240,telecom_v2_development,coverage_limitation,seller_concession_ratio,0.022222222222222227
5240,telecom_v2_development,coverage_strength,deal,0.0
5240,telecom_v2_development,coverage_strength,buyer_initial_quote_log10,0.05115252244738144
5240,telecom_v2_development,coverage_strength,terminal_quote_log10,-0.011479817683430316
5240,telecom_v2_development,coverage_strength,action_count,0.0
5240,telecom_v2_development,coverage_strength,seller_concession_ratio,0.022222222222222227
5240,telecom_v2_development,integration_burden,deal,0.0
5240,telecom_v2_development,integration_burden,buyer_initial_quote_log10,0.0
5240,telecom_v2_development,integration_burden,terminal_quote_log10,0.0
5240,telecom_v2_development,integration_burden,action_count,0.0
5240,telecom_v2_development,integration_burden,seller_concession_ratio,0.0
5245,telecom_v2_development,coverage_limitation,deal,0.0
5245,telecom_v2_development,coverage_limitation,buyer_initial_quote_log10,-0.07978401433578552
5245,telecom_v2_development,coverage_limitation,terminal_quote_log10,-0.03300026010292534
5245,telecom_v2_development,coverage_limitation,action_count,2.0
5245,telecom_v2_development,coverage_limitation,seller_concession_ratio,0.06836827711941658
5245,telecom_v2_development,coverage_strength,deal,0.0
5245,telecom_v2_development,coverage_strength,buyer_initial_quote_log10,0.07978401433578552
5245,telecom_v2_development,coverage_strength,terminal_quote_log10,0.04060954310667597
5245,telecom_v2_development,coverage_strength,action_count,-2.0
5245,telecom_v2_development,coverage_strength,seller_concession_ratio,-0.08340929808568824
5250,telecom_v2_development,coverage_limitation,deal,0.0
5250,telecom_v2_development,coverage_limitation,buyer_initial_quote_log10,-0.05435766232259276
5250,telecom_v2_development,coverage_limitation,terminal_quote_log10,0.0
5250,telecom_v2_development,coverage_limitation,action_count,2.0
5250,telecom_v2_development,coverage_limitation,seller_concession_ratio,0.0
5250,telecom_v2_development,coverage_strength,deal,0.0
5250,telecom_v2_development,coverage_strength,buyer_initial_quote_log10,0.0
5250,telecom_v2_development,coverage_strength,terminal_quote_log10,-0.01703333929878026
5250,telecom_v2_development,coverage_strength,action_count,0.0
5250,telecom_v2_development,coverage_strength,seller_concession_ratio,0.03296703296703299
5253,telecom_v2_development,coverage_limitation,deal,0.0
5253,telecom_v2_development,coverage_limitation,buyer_initial_quote_log10,0.0
5253,telecom_v2_development,coverage_limitation,terminal_quote_log10,0.0
5253,telecom_v2_development,coverage_limitation,action_count,0.0
5253,telecom_v2_development,coverage_limitation,seller_concession_ratio,0.0
5253,telecom_v2_development,coverage_strength,deal,0.0
5253,telecom_v2_development,coverage_strength,buyer_initial_quote_log10,0.01703333929878026
5253,telecom_v2_development,coverage_strength,terminal_quote_log10,0.0
5253,telecom_v2_development,coverage_strength,action_count,-2.0
5253,telecom_v2_development,coverage_strength,seller_concession_ratio,0.0
5254,telecom_v2_development,verification_gap,deal,0.0
5254,telecom_v2_development,verification_gap,buyer_initial_quote_log10,0.0
5254,telecom_v2_development,verification_gap,terminal_quote_log10,0.0
5254,telecom_v2_development,verification_gap,action_count,0.0
5254,telecom_v2_development,verification_gap,seller_concession_ratio,0.0
5256,telecom_v2_development,verification_gap,deal,1.0
5256,telecom_v2_development,verification_gap,buyer_initial_quote_log10,-0.047923552317182816
5256,telecom_v2_development,verification_gap,terminal_quote_log10,-0.050409503477600426
5256,telecom_v2_development,verification_gap,action_count,0.0
5256,telecom_v2_development,verification_gap,seller_concession_ratio,0.10126582278481013
5264,telecom_v2_development,verification_gap,deal,0.0
5264,telecom_v2_development,verification_gap,buyer_initial_quote_log10,-0.0369835662531699
5264,telecom_v2_development,verification_gap,terminal_quote_log10,-0.04219767979445499
5264,telecom_v2_development,verification_gap,action_count,1.0
5264,telecom_v2_development,verification_gap,seller_concession_ratio,0.0
5500,telecom_v2_development,coverage_limitation,deal,1.0
5500,telecom_v2_development,coverage_limitation,buyer_initial_quote_log10,0.0
5500,telecom_v2_development,coverage_limitation,terminal_quote_log10,-0.0031258595297747327
5500,telecom_v2_development,coverage_limitation,action_count,-3.0
5500,telecom_v2_development,coverage_limitation,seller_concession_ratio,0.006133379405666883
5515,telecom_v2_development,coverage_limitation,deal,0.0
5515,telecom_v2_development,coverage_limitation,buyer_initial_quote_log10,0.0
5515,telecom_v2_development,coverage_limitation,terminal_quote_log10,-0.0031118412181108113
5515,telecom_v2_development,coverage_limitation,action_count,-2.0
5515,telecom_v2_development,coverage_limitation,seller_concession_ratio,0.0
5515,telecom_v2_development,coverage_strength,deal,0.0
5515,telecom_v2_development,coverage_strength,buyer_initial_quote_log10,0.023082922148730756
5515,telecom_v2_development,coverage_strength,terminal_quote_log10,0.025221757425824
5515,telecom_v2_development,coverage_strength,action_count,-5.0
5515,telecom_v2_development,coverage_strength,seller_concession_ratio,-0.038441603317208
5515,telecom_v2_development,verification_gap,deal,0.0
5515,telecom_v2_development,verification_gap,buyer_initial_quote_log10,0.0
5515,telecom_v2_development,verification_gap,terminal_quote_log10,0.020835150638770283
5515,telecom_v2_development,verification_gap,action_count,-4.0
5515,telecom_v2_development,verification_gap,seller_concession_ratio,-0.038441603317208
5535,telecom_v2_development,verification_gap,deal,0.0
5535,telecom_v2_development,verification_gap,buyer_initial_quote_log10,-0.051152522447381
5535,telecom_v2_development,verification_gap,terminal_quote_log10,0.0
5535,telecom_v2_development,verification_gap,action_count,0.0
5535,telecom_v2_development,verification_gap,seller_concession_ratio,0.0
5552,telecom_v2_development,coverage_strength,deal,0.0
5552,telecom_v2_development,coverage_strength,buyer_initial_quote_log10,0.0
5552,telecom_v2_development,coverage_strength,terminal_quote_log10,0.0
5552,telecom_v2_development,coverage_strength,action_count,0.0
5552,telecom_v2_development,coverage_strength,seller_concession_ratio,0.0
5552,telecom_v2_development,integration_burden,deal,0.0
5552,telecom_v2_development,integration_burden,buyer_initial_quote_log10,-0.024701659389053887
5552,telecom_v2_development,integration_burden,terminal_quote_log10,-0.0024252646779014952
5552,telecom_v2_development,integration_burden,action_count,2.0
5552,telecom_v2_development,integration_burden,seller_concession_ratio,0.004481434058898837
5557,telecom_v2_development,coverage_limitation,deal,0.0
5557,telecom_v2_development,coverage_limitation,buyer_initial_quote_log10,0.0
5557,telecom_v2_development,coverage_limitation,terminal_quote_log10,-0.022276394711152392
5557,telecom_v2_development,coverage_limitation,action_count,0.0
5557,telecom_v2_development,coverage_limitation,seller_concession_ratio,0.041091387245233396
6146,telecom_v2_development,coverage_limitation,deal,0.0
6146,telecom_v2_development,coverage_limitation,buyer_initial_quote_log10,0.0
6146,telecom_v2_development,coverage_limitation,terminal_quote_log10,0.0
6146,telecom_v2_development,coverage_limitation,action_count,0.0
6146,telecom_v2_development,coverage_limitation,seller_concession_ratio,0.0
6146,telecom_v2_development,coverage_strength,deal,0.0
6146,telecom_v2_development,coverage_strength,buyer_initial_quote_log10,0.0
6146,telecom_v2_development,coverage_strength,terminal_quote_log10,0.0
6146,telecom_v2_development,coverage_strength,action_count,0.0
6146,telecom_v2_development,coverage_strength,seller_concession_ratio,0.0
6147,telecom_v2_development,governance_risk,deal,0.0
6147,telecom_v2_development,governance_risk,buyer_initial_quote_log10,0.0
6147,telecom_v2_development,governance_risk,terminal_quote_log10,0.0
6147,telecom_v2_development,governance_risk,action_count,0.0
6147,telecom_v2_development,governance_risk,seller_concession_ratio,0.0
6147,telecom_v2_development,integration_burden,deal,0.0
6147,telecom_v2_development,integration_burden,buyer_initial_quote_log10,0.0
6147,telecom_v2_development,integration_burden,terminal_quote_log10,0.0
6147,telecom_v2_development,integration_burden,action_count,0.0
6147,telecom_v2_development,integration_burden,seller_concession_ratio,0.0
6147,telecom_v2_development,verification_gap,deal,0.0
6147,telecom_v2_development,verification_gap,buyer_initial_quote_log10,0.0
6147,telecom_v2_development,verification_gap,terminal_quote_log10,0.0
6147,telecom_v2_development,verification_gap,action_count,0.0
6147,telecom_v2_development,verification_gap,seller_concession_ratio,0.0
6148,telecom_v2_development,governance_risk,deal,0.0
6148,telecom_v2_development,governance_risk,buyer_initial_quote_log10,0.0
6148,telecom_v2_development,governance_risk,terminal_quote_log10,0.0
6148,telecom_v2_development,governance_risk,action_count,0.0
6148,telecom_v2_development,governance_risk,seller_concession_ratio,0.0
6148,telecom_v2_development,verification_gap,deal,0.0
6148,telecom_v2_development,verification_gap,buyer_initial_quote_log10,0.0
6148,telecom_v2_development,verification_gap,terminal_quote_log10,0.0
6148,telecom_v2_development,verification_gap,action_count,0.0
6148,telecom_v2_development,verification_gap,seller_concession_ratio,0.0
6149,telecom_v2_development,governance_risk,deal,0.0
6149,telecom_v2_development,governance_risk,buyer_initial_quote_log10,0.0
6149,telecom_v2_development,governance_risk,terminal_quote_log10,0.0
6149,telecom_v2_development,governance_risk,action_count,0.0
6149,telecom_v2_development,governance_risk,seller_concession_ratio,0.0
6149,telecom_v2_development,verification_gap,deal,0.0
6149,telecom_v2_development,verification_gap,buyer_initial_quote_log10,0.0
6149,telecom_v2_development,verification_gap,terminal_quote_log10,0.0
6149,telecom_v2_development,verification_gap,action_count,0.0
6149,telecom_v2_development,verification_gap,seller_concession_ratio,0.0
6150,telecom_v2_development,verification_gap,deal,0.0
6150,telecom_v2_development,verification_gap,buyer_initial_quote_log10,0.0
6150,telecom_v2_development,verification_gap,terminal_quote_log10,0.0
6150,telecom_v2_development,verification_gap,action_count,0.0
6150,telecom_v2_development,verification_gap,seller_concession_ratio,0.0
6151,telecom_v2_development,coverage_limitation,deal,0.0
6151,telecom_v2_development,coverage_limitation,buyer_initial_quote_log10,0.0
6151,telecom_v2_development,coverage_limitation,terminal_quote_log10,0.0
6151,telecom_v2_development,coverage_limitation,action_count,0.0
6151,telecom_v2_development,coverage_limitation,seller_concession_ratio,0.0
6151,telecom_v2_development,coverage_strength,deal,0.0
6151,telecom_v2_development,coverage_strength,buyer_initial_quote_log10,0.0
6151,telecom_v2_development,coverage_strength,terminal_quote_log10,0.0
6151,telecom_v2_development,coverage_strength,action_count,0.0
6151,telecom_v2_development,coverage_strength,seller_concession_ratio,0.0
6152,telecom_v2_development,coverage_strength,deal,0.0
6152,telecom_v2_development,coverage_strength,buyer_initial_quote_log10,0.0
6152,telecom_v2_development,coverage_strength,terminal_quote_log10,0.0
6152,telecom_v2_development,coverage_strength,action_count,0.0
6152,telecom_v2_development,coverage_strength,seller_concession_ratio,0.0
6153,telecom_v2_development,coverage_strength,deal,0.0
6153,telecom_v2_development,coverage_strength,buyer_initial_quote_log10,0.0
6153,telecom_v2_development,coverage_strength,terminal_quote_log10,0.0
6153,telecom_v2_development,coverage_strength,action_count,0.0
6153,telecom_v2_development,coverage_strength,seller_concession_ratio,0.0
6154,telecom_v2_development,coverage_strength,deal,0.0
6154,telecom_v2_development,coverage_strength,buyer_initial_quote_log10,0.0
6154,telecom_v2_development,coverage_strength,terminal_quote_log10,-0.010465433678165104
6154,telecom_v2_development,coverage_strength,action_count,0.0
6154,telecom_v2_development,coverage_strength,seller_concession_ratio,0.02127659574468084
6155,telecom_v2_development,coverage_limitation,deal,0.0
6155,telecom_v2_development,coverage_limitation,buyer_initial_quote_log10,-0.038344992076219775
6155,telecom_v2_development,coverage_limitation,terminal_quote_log10,-0.03179183442385125
6155,telecom_v2_development,coverage_limitation,action_count,4.0
6155,telecom_v2_development,coverage_limitation,seller_concession_ratio,0.06593406593406594
6155,telecom_v2_development,coverage_strength,deal,0.0
6155,telecom_v2_development,coverage_strength,buyer_initial_quote_log10,0.0
6155,telecom_v2_development,coverage_strength,terminal_quote_log10,0.0
6155,telecom_v2_development,coverage_strength,action_count,0.0
6155,telecom_v2_development,coverage_strength,seller_concession_ratio,0.0
6156,telecom_v2_development,verification_gap,deal,0.0
6156,telecom_v2_development,verification_gap,buyer_initial_quote_log10,0.0
6156,telecom_v2_development,verification_gap,terminal_quote_log10,0.0
6156,telecom_v2_development,verification_gap,action_count,0.0
6156,telecom_v2_development,verification_gap,seller_concession_ratio,0.0
6157,telecom_v2_development,coverage_limitation,deal,0.0
6157,telecom_v2_development,coverage_limitation,buyer_initial_quote_log10,0.0
6157,telecom_v2_development,coverage_limitation,terminal_quote_log10,0.0
6157,telecom_v2_development,coverage_limitation,action_count,0.0
6157,telecom_v2_development,coverage_limitation,seller_concession_ratio,0.0
6157,telecom_v2_development,verification_gap,deal,0.0
6157,telecom_v2_development,verification_gap,buyer_initial_quote_log10,0.0
6157,telecom_v2_development,verification_gap,terminal_quote_log10,-0.16153253888475638
6157,telecom_v2_development,verification_gap,action_count,-1.0
6157,telecom_v2_development,verification_gap,seller_concession_ratio,0.0
6170,telecom_v2_development,verification_gap,deal,0.0
6170,telecom_v2_development,verification_gap,buyer_initial_quote_log10,0.0
6170,telecom_v2_development,verification_gap,terminal_quote_log10,0.0
6170,telecom_v2_development,verification_gap,action_count,0.0
6170,telecom_v2_development,verification_gap,seller_concession_ratio,0.0
6171,telecom_v2_development,coverage_limitation,deal,0.0
6171,telecom_v2_development,coverage_limitation,buyer_initial_quote_log10,0.0
6171,telecom_v2_development,coverage_limitation,terminal_quote_log10,0.0
6171,telecom_v2_development,coverage_limitation,action_count,0.0
6171,telecom_v2_development,coverage_limitation,seller_concession_ratio,0.0
6171,telecom_v2_development,verification_gap,deal,0.0
6171,telecom_v2_development,verification_gap,buyer_initial_quote_log10,0.0
6171,telecom_v2_development,verification_gap,terminal_quote_log10,0.0
6171,telecom_v2_development,verification_gap,action_count,0.0
6171,telecom_v2_development,verification_gap,seller_concession_ratio,0.0
6172,telecom_v2_development,coverage_limitation,deal,0.0
6172,telecom_v2_development,coverage_limitation,buyer_initial_quote_log10,0.0
6172,telecom_v2_development,coverage_limitation,terminal_quote_log10,0.0
6172,telecom_v2_development,coverage_limitation,action_count,0.0
6172,telecom_v2_development,coverage_limitation,seller_concession_ratio,0.0
6173,telecom_v2_development,coverage_limitation,deal,0.0
6173,telecom_v2_development,coverage_limitation,buyer_initial_quote_log10,0.0
6173,telecom_v2_development,coverage_limitation,terminal_quote_log10,0.0
6173,telecom_v2_development,coverage_limitation,action_count,0.0
6173,telecom_v2_development,coverage_limitation,seller_concession_ratio,0.0
6173,telecom_v2_development,verification_gap,deal,0.0
6173,telecom_v2_development,verification_gap,buyer_initial_quote_log10,0.0
6173,telecom_v2_development,verification_gap,terminal_quote_log10,0.0
6173,telecom_v2_development,verification_gap,action_count,0.0
6173,telecom_v2_development,verification_gap,seller_concession_ratio,0.0
6174,telecom_v2_development,coverage_limitation,deal,0.0
6174,telecom_v2_development,coverage_limitation,buyer_initial_quote_log10,0.0
6174,telecom_v2_development,coverage_limitation,terminal_quote_log10,0.0
6174,telecom_v2_development,coverage_limitation,action_count,0.0
6174,telecom_v2_development,coverage_limitation,seller_concession_ratio,0.0
6174,telecom_v2_development,verification_gap,deal,0.0
6174,telecom_v2_development,verification_gap,buyer_initial_quote_log10,0.0
6174,telecom_v2_development,verification_gap,terminal_quote_log10,0.0
6174,telecom_v2_development,verification_gap,action_count,0.0
6174,telecom_v2_development,verification_gap,seller_concession_ratio,0.0
6175,telecom_v2_development,coverage_limitation,deal,0.0
6175,telecom_v2_development,coverage_limitation,buyer_initial_quote_log10,0.0
6175,telecom_v2_development,coverage_limitation,terminal_quote_log10,0.0
6175,telecom_v2_development,coverage_limitation,action_count,0.0
6175,telecom_v2_development,coverage_limitation,seller_concession_ratio,0.0
6175,telecom_v2_development,verification_gap,deal,0.0
6175,telecom_v2_development,verification_gap,buyer_initial_quote_log10,0.0
6175,telecom_v2_development,verification_gap,terminal_quote_log10,0.0
6175,telecom_v2_development,verification_gap,action_count,0.0
6175,telecom_v2_development,verification_gap,seller_concession_ratio,0.0
6176,telecom_v2_development,coverage_limitation,deal,0.0
6176,telecom_v2_development,coverage_limitation,buyer_initial_quote_log10,0.0
6176,telecom_v2_development,coverage_limitation,terminal_quote_log10,0.0
6176,telecom_v2_development,coverage_limitation,action_count,0.0
6176,telecom_v2_development,coverage_limitation,seller_concession_ratio,0.0
6176,telecom_v2_development,verification_gap,deal,1.0
6176,telecom_v2_development,verification_gap,buyer_initial_quote_log10,-0.04139268515822514
6176,telecom_v2_development,verification_gap,terminal_quote_log10,-0.02555410447238815
6176,telecom_v2_development,verification_gap,action_count,2.0
6176,telecom_v2_development,verification_gap,seller_concession_ratio,0.051282051282051294
6177,telecom_v2_development,coverage_limitation,deal,0.0
6177,telecom_v2_development,coverage_limitation,buyer_initial_quote_log10,0.0
6177,telecom_v2_development,coverage_limitation,terminal_quote_log10,0.08190410438309814
6177,telecom_v2_development,coverage_limitation,action_count,1.0
6177,telecom_v2_development,coverage_limitation,seller_concession_ratio,0.0
6177,telecom_v2_development,verification_gap,deal,0.0
6177,telecom_v2_development,verification_gap,buyer_initial_quote_log10,0.0
6177,telecom_v2_development,verification_gap,terminal_quote_log10,0.0
6177,telecom_v2_development,verification_gap,action_count,0.0
6177,telecom_v2_development,verification_gap,seller_concession_ratio,0.0
6178,telecom_v2_development,coverage_limitation,deal,0.0
6178,telecom_v2_development,coverage_limitation,buyer_initial_quote_log10,0.0
6178,telecom_v2_development,coverage_limitation,terminal_quote_log10,0.0
6178,telecom_v2_development,coverage_limitation,action_count,0.0
6178,telecom_v2_development,coverage_limitation,seller_concession_ratio,0.0
6179,telecom_v2_development,coverage_limitation,deal,0.0
6179,telecom_v2_development,coverage_limitation,buyer_initial_quote_log10,0.0
6179,telecom_v2_development,coverage_limitation,terminal_quote_log10,-0.01675172609411968
6179,telecom_v2_development,coverage_limitation,action_count,0.0
6179,telecom_v2_development,coverage_limitation,seller_concession_ratio,0.03181818181818183
6179,telecom_v2_development,verification_gap,deal,0.0
6179,telecom_v2_development,verification_gap,buyer_initial_quote_log10,-0.04662521209190196
6179,telecom_v2_development,verification_gap,terminal_quote_log10,-0.02833359864393481
6179,telecom_v2_development,verification_gap,action_count,2.0
6179,telecom_v2_development,verification_gap,seller_concession_ratio,0.054545454545454564
6180,telecom_v2_development,coverage_limitation,deal,0.0
6180,telecom_v2_development,coverage_limitation,buyer_initial_quote_log10,-0.05202900000401023
6180,telecom_v2_development,coverage_limitation,terminal_quote_log10,-0.02715224604361488
6180,telecom_v2_development,coverage_limitation,action_count,2.0
6180,telecom_v2_development,coverage_limitation,seller_concession_ratio,0.05681818181818182
6180,telecom_v2_development,coverage_strength,deal,0.0
6180,telecom_v2_development,coverage_strength,buyer_initial_quote_log10,0.0
6180,telecom_v2_development,coverage_strength,terminal_quote_log10,0.0
6180,telecom_v2_development,coverage_strength,action_count,0.0
6180,telecom_v2_development,coverage_strength,seller_concession_ratio,0.0
6181,telecom_v2_development,coverage_strength,deal,0.0
6181,telecom_v2_development,coverage_strength,buyer_initial_quote_log10,0.0
6181,telecom_v2_development,coverage_strength,terminal_quote_log10,0.0
6181,telecom_v2_development,coverage_strength,action_count,0.0
6181,telecom_v2_development,coverage_strength,seller_concession_ratio,0.0
6240,telecom_v2_development,coverage_strength,deal,0.0
6240,telecom_v2_development,coverage_strength,buyer_initial_quote_log10,0.0
6240,telecom_v2_development,coverage_strength,terminal_quote_log10,0.0
6240,telecom_v2_development,coverage_strength,action_count,0.0
6240,telecom_v2_development,coverage_strength,seller_concession_ratio,0.0
6240,telecom_v2_development,governance_risk,deal,0.0
6240,telecom_v2_development,governance_risk,buyer_initial_quote_log10,0.0
6240,telecom_v2_development,governance_risk,terminal_quote_log10,0.0
6240,telecom_v2_development,governance_risk,action_count,0.0
6240,telecom_v2_development,governance_risk,seller_concession_ratio,0.0
6240,telecom_v2_development,verification_gap,deal,0.0
6240,telecom_v2_development,verification_gap,buyer_initial_quote_log10,0.0
6240,telecom_v2_development,verification_gap,terminal_quote_log10,0.0
6240,telecom_v2_development,verification_gap,action_count,0.0
6240,telecom_v2_development,verification_gap,seller_concession_ratio,0.0
6241,telecom_v2_development,coverage_strength,deal,0.0
6241,telecom_v2_development,coverage_strength,buyer_initial_quote_log10,0.0
6241,telecom_v2_development,coverage_strength,terminal_quote_log10,0.0
6241,telecom_v2_development,coverage_strength,action_count,0.0
6241,telecom_v2_development,coverage_strength,seller_concession_ratio,0.0
6241,telecom_v2_development,governance_risk,deal,0.0
6241,telecom_v2_development,governance_risk,buyer_initial_quote_log10,0.0
6241,telecom_v2_development,governance_risk,terminal_quote_log10,0.0
6241,telecom_v2_development,governance_risk,action_count,0.0
6241,telecom_v2_development,governance_risk,seller_concession_ratio,0.0
6241,telecom_v2_development,verification_gap,deal,0.0
6241,telecom_v2_development,verification_gap,buyer_initial_quote_log10,0.0
6241,telecom_v2_development,verification_gap,terminal_quote_log10,0.0
6241,telecom_v2_development,verification_gap,action_count,0.0
6241,telecom_v2_development,verification_gap,seller_concession_ratio,0.0
6242,telecom_v2_development,coverage_strength,deal,0.0
6242,telecom_v2_development,coverage_strength,buyer_initial_quote_log10,0.0
6242,telecom_v2_development,coverage_strength,terminal_quote_log10,0.0
6242,telecom_v2_development,coverage_strength,action_count,0.0
6242,telecom_v2_development,coverage_strength,seller_concession_ratio,0.0
6242,telecom_v2_development,governance_risk,deal,0.0
6242,telecom_v2_development,governance_risk,buyer_initial_quote_log10,0.0
6242,telecom_v2_development,governance_risk,terminal_quote_log10,0.0
6242,telecom_v2_development,governance_risk,action_count,0.0
6242,telecom_v2_development,governance_risk,seller_concession_ratio,0.0
6242,telecom_v2_development,verification_gap,deal,0.0
6242,telecom_v2_development,verification_gap,buyer_initial_quote_log10,0.0
6242,telecom_v2_development,verification_gap,terminal_quote_log10,0.0
6242,telecom_v2_development,verification_gap,action_count,0.0
6242,telecom_v2_development,verification_gap,seller_concession_ratio,0.0
6243,telecom_v2_development,coverage_strength,deal,0.0
6243,telecom_v2_development,coverage_strength,buyer_initial_quote_log10,0.0
6243,telecom_v2_development,coverage_strength,terminal_quote_log10,0.0
6243,telecom_v2_development,coverage_strength,action_count,0.0
6243,telecom_v2_development,coverage_strength,seller_concession_ratio,0.0
6243,telecom_v2_development,verification_gap,deal,0.0
6243,telecom_v2_development,verification_gap,buyer_initial_quote_log10,0.0
6243,telecom_v2_development,verification_gap,terminal_quote_log10,0.0
6243,telecom_v2_development,verification_gap,action_count,0.0
6243,telecom_v2_development,verification_gap,seller_concession_ratio,0.0
6244,telecom_v2_development,coverage_strength,deal,0.0
6244,telecom_v2_development,coverage_strength,buyer_initial_quote_log10,0.0
6244,telecom_v2_development,coverage_strength,terminal_quote_log10,-0.012234456417011597
6244,telecom_v2_development,coverage_strength,action_count,0.0
6244,telecom_v2_development,coverage_strength,seller_concession_ratio,0.02439024390243902
6244,telecom_v2_development,governance_risk,deal,0.0
6244,telecom_v2_development,governance_risk,buyer_initial_quote_log10,0.0
6244,telecom_v2_development,governance_risk,terminal_quote_log10,0.0
6244,telecom_v2_development,governance_risk,action_count,0.0
6244,telecom_v2_development,governance_risk,seller_concession_ratio,0.0
6244,telecom_v2_development,verification_gap,deal,0.0
6244,telecom_v2_development,verification_gap,buyer_initial_quote_log10,0.0
6244,telecom_v2_development,verification_gap,terminal_quote_log10,0.0
6244,telecom_v2_development,verification_gap,action_count,0.0
6244,telecom_v2_development,verification_gap,seller_concession_ratio,0.0
6245,telecom_v2_development,coverage_strength,deal,0.0
6245,telecom_v2_development,coverage_strength,buyer_initial_quote_log10,0.0
6245,telecom_v2_development,coverage_strength,terminal_quote_log10,0.0
6245,telecom_v2_development,coverage_strength,action_count,0.0
6245,telecom_v2_development,coverage_strength,seller_concession_ratio,0.0
6245,telecom_v2_development,governance_risk,deal,0.0
6245,telecom_v2_development,governance_risk,buyer_initial_quote_log10,0.0
6245,telecom_v2_development,governance_risk,terminal_quote_log10,0.0
6245,telecom_v2_development,governance_risk,action_count,-1.0
6245,telecom_v2_development,governance_risk,seller_concession_ratio,0.0
6245,telecom_v2_development,verification_gap,deal,0.0
6245,telecom_v2_development,verification_gap,buyer_initial_quote_log10,0.0
6245,telecom_v2_development,verification_gap,terminal_quote_log10,0.0
6245,telecom_v2_development,verification_gap,action_count,0.0
6245,telecom_v2_development,verification_gap,seller_concession_ratio,0.0
6246,telecom_v2_development,coverage_strength,deal,0.0
6246,telecom_v2_development,coverage_strength,buyer_initial_quote_log10,0.0
6246,telecom_v2_development,coverage_strength,terminal_quote_log10,0.0
6246,telecom_v2_development,coverage_strength,action_count,0.0
6246,telecom_v2_development,coverage_strength,seller_concession_ratio,0.0
6246,telecom_v2_development,verification_gap,deal,0.0
6246,telecom_v2_development,verification_gap,buyer_initial_quote_log10,0.06694678963061329
6246,telecom_v2_development,verification_gap,terminal_quote_log10,0.0
6246,telecom_v2_development,verification_gap,action_count,0.0
6246,telecom_v2_development,verification_gap,seller_concession_ratio,0.0
6326,telecom_v2_development,coverage_limitation,deal,0.0
6326,telecom_v2_development,coverage_limitation,buyer_initial_quote_log10,0.02032674768034015
6326,telecom_v2_development,coverage_limitation,terminal_quote_log10,0.02482358372503235
6326,telecom_v2_development,coverage_limitation,action_count,-2.0
6326,telecom_v2_development,coverage_limitation,seller_concession_ratio,-0.045731707317073184
6327,telecom_v2_development,coverage_limitation,deal,0.0
6327,telecom_v2_development,coverage_limitation,buyer_initial_quote_log10,0.0
6327,telecom_v2_development,coverage_limitation,terminal_quote_log10,0.0
6327,telecom_v2_development,coverage_limitation,action_count,0.0
6327,telecom_v2_development,coverage_limitation,seller_concession_ratio,0.0
6327,telecom_v2_development,verification_gap,deal,0.0
6327,telecom_v2_development,verification_gap,buyer_initial_quote_log10,-0.02376672195774887
6327,telecom_v2_development,verification_gap,terminal_quote_log10,-0.01639041618816961
6327,telecom_v2_development,verification_gap,action_count,2.0
6327,telecom_v2_development,verification_gap,seller_concession_ratio,0.03048780487804878
6328,telecom_v2_development,coverage_limitation,deal,0.0
6328,telecom_v2_development,coverage_limitation,buyer_initial_quote_log10,0.0
6328,telecom_v2_development,coverage_limitation,terminal_quote_log10,0.0
6328,telecom_v2_development,coverage_limitation,action_count,0.0
6328,telecom_v2_development,coverage_limitation,seller_concession_ratio,0.0
6328,telecom_v2_development,verification_gap,deal,0.0
6328,telecom_v2_development,verification_gap,buyer_initial_quote_log10,0.0
6328,telecom_v2_development,verification_gap,terminal_quote_log10,0.0
6328,telecom_v2_development,verification_gap,action_count,0.0
6328,telecom_v2_development,verification_gap,seller_concession_ratio,0.0
6329,telecom_v2_development,coverage_limitation,deal,0.0
6329,telecom_v2_development,coverage_limitation,buyer_initial_quote_log10,0.0
6329,telecom_v2_development,coverage_limitation,terminal_quote_log10,0.0
6329,telecom_v2_development,coverage_limitation,action_count,0.0
6329,telecom_v2_development,coverage_limitation,seller_concession_ratio,0.0
6329,telecom_v2_development,verification_gap,deal,0.0
6329,telecom_v2_development,verification_gap,buyer_initial_quote_log10,0.0
6329,telecom_v2_development,verification_gap,terminal_quote_log10,0.0
6329,telecom_v2_development,verification_gap,action_count,0.0
6329,telecom_v2_development,verification_gap,seller_concession_ratio,0.0
6330,telecom_v2_development,coverage_limitation,deal,0.0
6330,telecom_v2_development,coverage_limitation,buyer_initial_quote_log10,0.0
6330,telecom_v2_development,coverage_limitation,terminal_quote_log10,0.0
6330,telecom_v2_development,coverage_limitation,action_count,0.0
6330,telecom_v2_development,coverage_limitation,seller_concession_ratio,0.0
6330,telecom_v2_development,coverage_strength,deal,0.0
6330,telecom_v2_development,coverage_strength,buyer_initial_quote_log10,0.021189299069937828
6330,telecom_v2_development,coverage_strength,terminal_quote_log10,0.011899223299707717
6330,telecom_v2_development,coverage_strength,action_count,-2.0
6330,telecom_v2_development,coverage_strength,seller_concession_ratio,-0.02597402597402597
6330,telecom_v2_development,verification_gap,deal,0.0
6330,telecom_v2_development,verification_gap,buyer_initial_quote_log10,-0.021189299069937828
6330,telecom_v2_development,verification_gap,terminal_quote_log10,-0.020427018679172626
6330,telecom_v2_development,verification_gap,action_count,2.0
6330,telecom_v2_development,verification_gap,seller_concession_ratio,0.04415584415584416
6830,telecom_v2_development,verification_gap,deal,0.0
6830,telecom_v2_development,verification_gap,buyer_initial_quote_log10,0.0
6830,telecom_v2_development,verification_gap,terminal_quote_log10,0.0
6830,telecom_v2_development,verification_gap,action_count,0.0
6830,telecom_v2_development,verification_gap,seller_concession_ratio,0.0
6831,telecom_v2_development,coverage_limitation,deal,-1.0
6831,telecom_v2_development,coverage_limitation,buyer_initial_quote_log10,0.0
6831,telecom_v2_development,coverage_limitation,terminal_quote_log10,0.01727661233145472
6831,telecom_v2_development,coverage_limitation,action_count,1.0
6831,telecom_v2_development,coverage_limitation,seller_concession_ratio,-0.030636292223095052
6831,telecom_v2_development,coverage_strength,deal,-1.0
6831,telecom_v2_development,coverage_strength,buyer_initial_quote_log10,0.02348109584952285
6831,telecom_v2_development,coverage_strength,terminal_quote_log10,0.01727661233145472
6831,telecom_v2_development,coverage_strength,action_count,1.0
6831,telecom_v2_development,coverage_strength,seller_concession_ratio,-0.030636292223095052
6831,telecom_v2_development,verification_gap,deal,0.0
6831,telecom_v2_development,verification_gap,buyer_initial_quote_log10,0.0
6831,telecom_v2_development,verification_gap,terminal_quote_log10,0.0
6831,telecom_v2_development,verification_gap,action_count,0.0
6831,telecom_v2_development,verification_gap,seller_concession_ratio,0.0
6832,telecom_v2_development,coverage_strength,deal,0.0
6832,telecom_v2_development,coverage_strength,buyer_initial_quote_log10,0.0
6832,telecom_v2_development,coverage_strength,terminal_quote_log10,0.0
6832,telecom_v2_development,coverage_strength,action_count,0.0
6832,telecom_v2_development,coverage_strength,seller_concession_ratio,0.0
6832,telecom_v2_development,integration_burden,deal,0.0
6832,telecom_v2_development,integration_burden,buyer_initial_quote_log10,0.0
6832,telecom_v2_development,integration_burden,terminal_quote_log10,0.02034361679079799
6832,telecom_v2_development,integration_burden,action_count,0.0
6832,telecom_v2_development,integration_burden,seller_concession_ratio,-0.04166666666666667
6833,telecom_v2_development,coverage_strength,deal,0.0
6833,telecom_v2_development,coverage_strength,buyer_initial_quote_log10,0.0
6833,telecom_v2_development,coverage_strength,terminal_quote_log10,0.0
6833,telecom_v2_development,coverage_strength,action_count,0.0
6833,telecom_v2_development,coverage_strength,seller_concession_ratio,0.0
6833,telecom_v2_development,verification_gap,deal,0.0
6833,telecom_v2_development,verification_gap,buyer_initial_quote_log10,0.0
6833,telecom_v2_development,verification_gap,terminal_quote_log10,-0.026328938722349093
6833,telecom_v2_development,verification_gap,action_count,0.0
6833,telecom_v2_development,verification_gap,seller_concession_ratio,0.05089058524173026
6834,telecom_v2_development,coverage_strength,deal,0.0
6834,telecom_v2_development,coverage_strength,buyer_initial_quote_log10,0.04336227802112935
6834,telecom_v2_development,coverage_strength,terminal_quote_log10,0.03987151203769246
6834,telecom_v2_development,coverage_strength,action_count,-2.0
6834,telecom_v2_development,coverage_strength,seller_concession_ratio,-0.07836990595611285
6834,telecom_v2_development,verification_gap,deal,0.0
6834,telecom_v2_development,verification_gap,buyer_initial_quote_log10,-0.04336227802112935
6834,telecom_v2_development,verification_gap,terminal_quote_log10,-0.03987151203769246
6834,telecom_v2_development,verification_gap,action_count,2.0
6834,telecom_v2_development,verification_gap,seller_concession_ratio,0.07836990595611285
6835,telecom_v2_development,coverage_limitation,deal,0.0
6835,telecom_v2_development,coverage_limitation,buyer_initial_quote_log10,0.0
6835,telecom_v2_development,coverage_limitation,terminal_quote_log10,0.0
6835,telecom_v2_development,coverage_limitation,action_count,0.0
6835,telecom_v2_development,coverage_limitation,seller_concession_ratio,0.0
6835,telecom_v2_development,coverage_strength,deal,0.0
6835,telecom_v2_development,coverage_strength,buyer_initial_quote_log10,0.0
6835,telecom_v2_development,coverage_strength,terminal_quote_log10,0.0
6835,telecom_v2_development,coverage_strength,action_count,0.0
6835,telecom_v2_development,coverage_strength,seller_concession_ratio,0.0
6835,telecom_v2_development,verification_gap,deal,0.0
6835,telecom_v2_development,verification_gap,buyer_initial_quote_log10,0.0
6835,telecom_v2_development,verification_gap,terminal_quote_log10,0.0
6835,telecom_v2_development,verification_gap,action_count,0.0
6835,telecom_v2_development,verification_gap,seller_concession_ratio,0.0
6836,telecom_v2_development,coverage_strength,deal,0.0
6836,telecom_v2_development,coverage_strength,buyer_initial_quote_log10,0.0
6836,telecom_v2_development,coverage_strength,terminal_quote_log10,0.0
6836,telecom_v2_development,coverage_strength,action_count,0.0
6836,telecom_v2_development,coverage_strength,seller_concession_ratio,0.0
6836,telecom_v2_development,verification_gap,deal,0.0
6836,telecom_v2_development,verification_gap,buyer_initial_quote_log10,0.0
6836,telecom_v2_development,verification_gap,terminal_quote_log10,-0.06794631707273968
6836,telecom_v2_development,verification_gap,action_count,0.0
6836,telecom_v2_development,verification_gap,seller_concession_ratio,0.13003095975232198
6837,telecom_v2_development,coverage_limitation,deal,0.0
6837,telecom_v2_development,coverage_limitation,buyer_initial_quote_log10,0.0
6837,telecom_v2_development,coverage_limitation,terminal_quote_log10,0.0
6837,telecom_v2_development,coverage_limitation,action_count,0.0
6837,telecom_v2_development,coverage_limitation,seller_concession_ratio,0.0
6837,telecom_v2_development,verification_gap,deal,0.0
6837,telecom_v2_development,verification_gap,buyer_initial_quote_log10,0.0
6837,telecom_v2_development,verification_gap,terminal_quote_log10,-0.01703333929878026
6837,telecom_v2_development,verification_gap,action_count,0.0
6837,telecom_v2_development,verification_gap,seller_concession_ratio,0.03522367030644594
6838,telecom_v2_development,coverage_limitation,deal,0.0
6838,telecom_v2_development,coverage_limitation,buyer_initial_quote_log10,-0.034227260770550494
6838,telecom_v2_development,coverage_limitation,terminal_quote_log10,-0.11622214869033032
6838,telecom_v2_development,coverage_limitation,action_count,1.0
6838,telecom_v2_development,coverage_limitation,seller_concession_ratio,0.0
6838,telecom_v2_development,verification_gap,deal,0.0
6838,telecom_v2_development,verification_gap,buyer_initial_quote_log10,0.0
6838,telecom_v2_development,verification_gap,terminal_quote_log10,-0.11622214869033032
6838,telecom_v2_development,verification_gap,action_count,-1.0
6838,telecom_v2_development,verification_gap,seller_concession_ratio,0.0
6839,telecom_v2_development,coverage_limitation,deal,1.0
6839,telecom_v2_development,coverage_limitation,buyer_initial_quote_log10,0.02348109584952285
6839,telecom_v2_development,coverage_limitation,terminal_quote_log10,-0.00656376950238835
6839,telecom_v2_development,coverage_limitation,action_count,-1.0
6839,telecom_v2_development,coverage_limitation,seller_concession_ratio,0.011380880121396042
6839,telecom_v2_development,coverage_strength,deal,-1.0
6839,telecom_v2_development,coverage_strength,buyer_initial_quote_log10,0.01571262520876404
6839,telecom_v2_development,coverage_strength,terminal_quote_log10,0.032184683371401235
6839,telecom_v2_development,coverage_strength,action_count,-1.0
6839,telecom_v2_development,coverage_strength,seller_concession_ratio,-0.056904400606980265
6839,telecom_v2_development,integration_burden,deal,-1.0
6839,telecom_v2_development,integration_burden,buyer_initial_quote_log10,-0.02348109584952285
6839,telecom_v2_development,integration_burden,terminal_quote_log10,0.015163941264305869
6839,telecom_v2_development,integration_burden,action_count,0.0
6839,telecom_v2_development,integration_burden,seller_concession_ratio,-0.026555386949924126
6840,telecom_v2_development,coverage_limitation,deal,0.0
6840,telecom_v2_development,coverage_limitation,buyer_initial_quote_log10,0.0
6840,telecom_v2_development,coverage_limitation,terminal_quote_log10,-0.006482127527920323
6840,telecom_v2_development,coverage_limitation,action_count,2.0
6840,telecom_v2_development,coverage_limitation,seller_concession_ratio,0.013568521031207592
6840,telecom_v2_development,coverage_strength,deal,0.0
6840,telecom_v2_development,coverage_strength,buyer_initial_quote_log10,0.05179544555799254
6840,telecom_v2_development,coverage_strength,terminal_quote_log10,0.01579426718323207
6840,telecom_v2_development,coverage_strength,action_count,-2.0
6840,telecom_v2_development,coverage_strength,seller_concession_ratio,-0.033921302578019
6841,telecom_v2_development,coverage_limitation,deal,0.0
6841,telecom_v2_development,coverage_limitation,buyer_initial_quote_log10,0.0
6841,telecom_v2_development,coverage_limitation,terminal_quote_log10,0.0
6841,telecom_v2_development,coverage_limitation,action_count,0.0
6841,telecom_v2_development,coverage_limitation,seller_concession_ratio,0.0
6841,telecom_v2_development,coverage_strength,deal,0.0
6841,telecom_v2_development,coverage_strength,buyer_initial_quote_log10,0.0
6841,telecom_v2_development,coverage_strength,terminal_quote_log10,0.0
6841,telecom_v2_development,coverage_strength,action_count,0.0
6841,telecom_v2_development,coverage_strength,seller_concession_ratio,0.0
6842,telecom_v2_development,coverage_strength,deal,0.0
6842,telecom_v2_development,coverage_strength,buyer_initial_quote_log10,0.0
6842,telecom_v2_development,coverage_strength,terminal_quote_log10,-0.0015594073555211807
6842,telecom_v2_development,coverage_strength,action_count,0.0
6842,telecom_v2_development,coverage_strength,seller_concession_ratio,0.003392130257801898
6842,telecom_v2_development,verification_gap,deal,0.0
6842,telecom_v2_development,verification_gap,buyer_initial_quote_log10,0.0
6842,telecom_v2_development,verification_gap,terminal_quote_log10,-0.007714136773440128
6842,telecom_v2_development,verification_gap,action_count,0.0
6842,telecom_v2_development,verification_gap,seller_concession_ratio,0.016960651289009497
6843,telecom_v2_development,coverage_strength,deal,0.0
6843,telecom_v2_development,coverage_strength,buyer_initial_quote_log10,-0.004712102087813808
6843,telecom_v2_development,coverage_strength,terminal_quote_log10,-0.10923125021902313
6843,telecom_v2_development,coverage_strength,action_count,1.0
6843,telecom_v2_development,coverage_strength,seller_concession_ratio,0.0
6843,telecom_v2_development,verification_gap,deal,0.0
6843,telecom_v2_development,verification_gap,buyer_initial_quote_log10,-0.004712102087813808
6843,telecom_v2_development,verification_gap,terminal_quote_log10,0.0
6843,telecom_v2_development,verification_gap,action_count,2.0
6843,telecom_v2_development,verification_gap,seller_concession_ratio,0.0
6844,telecom_v2_development,coverage_strength,deal,0.0
6844,telecom_v2_development,coverage_strength,buyer_initial_quote_log10,0.0
6844,telecom_v2_development,coverage_strength,terminal_quote_log10,0.0
6844,telecom_v2_development,coverage_strength,action_count,0.0
6844,telecom_v2_development,coverage_strength,seller_concession_ratio,0.0
6844,telecom_v2_development,verification_gap,deal,0.0
6844,telecom_v2_development,verification_gap,buyer_initial_quote_log10,0.0
6844,telecom_v2_development,verification_gap,terminal_quote_log10,0.024133679716719314
6844,telecom_v2_development,verification_gap,action_count,0.0
6844,telecom_v2_development,verification_gap,seller_concession_ratio,-0.050890585241730284
6845,telecom_v2_development,coverage_strength,deal,0.0
6845,telecom_v2_development,coverage_strength,buyer_initial_quote_log10,0.0
6845,telecom_v2_development,coverage_strength,terminal_quote_log10,-0.15069959875272154
6845,telecom_v2_development,coverage_strength,action_count,-1.0
6845,telecom_v2_development,coverage_strength,seller_concession_ratio,0.0
6846,telecom_v2_development,governance_risk,deal,0.0
6846,telecom_v2_development,governance_risk,buyer_initial_quote_log10,0.0
6846,telecom_v2_development,governance_risk,terminal_quote_log10,0.0
6846,telecom_v2_development,governance_risk,action_count,0.0
6846,telecom_v2_development,governance_risk,seller_concession_ratio,0.0
6846,telecom_v2_development,verification_gap,deal,1.0
6846,telecom_v2_development,verification_gap,buyer_initial_quote_log10,0.0
6846,telecom_v2_development,verification_gap,terminal_quote_log10,-0.01957290765880204
6846,telecom_v2_development,verification_gap,action_count,0.0
6846,telecom_v2_development,verification_gap,seller_concession_ratio,0.039453717754173
6848,telecom_v2_development,verification_gap,deal,0.0
6848,telecom_v2_development,verification_gap,buyer_initial_quote_log10,0.0
6848,telecom_v2_development,verification_gap,terminal_quote_log10,0.0
6848,telecom_v2_development,verification_gap,action_count,0.0
6848,telecom_v2_development,verification_gap,seller_concession_ratio,0.0
6849,telecom_v2_development,coverage_strength,deal,0.0
6849,telecom_v2_development,coverage_strength,buyer_initial_quote_log10,0.04336227802112935
6849,telecom_v2_development,coverage_strength,terminal_quote_log10,0.0
6849,telecom_v2_development,coverage_strength,action_count,-2.0
6849,telecom_v2_development,coverage_strength,seller_concession_ratio,0.0
6849,telecom_v2_development,verification_gap,deal,0.0
6849,telecom_v2_development,verification_gap,buyer_initial_quote_log10,0.0
6849,telecom_v2_development,verification_gap,terminal_quote_log10,0.0
6849,telecom_v2_development,verification_gap,action_count,0.0
6849,telecom_v2_development,verification_gap,seller_concession_ratio,0.0
6850,telecom_v2_development,coverage_strength,deal,0.0
6850,telecom_v2_development,coverage_strength,buyer_initial_quote_log10,0.0
6850,telecom_v2_development,coverage_strength,terminal_quote_log10,0.0
6850,telecom_v2_development,coverage_strength,action_count,0.0
6850,telecom_v2_development,coverage_strength,seller_concession_ratio,0.0
6851,telecom_v2_development,coverage_strength,deal,0.0
6851,telecom_v2_development,coverage_strength,buyer_initial_quote_log10,0.0
6851,telecom_v2_development,coverage_strength,terminal_quote_log10,-0.011281010409688985
6851,telecom_v2_development,coverage_strength,action_count,0.0
6851,telecom_v2_development,coverage_strength,seller_concession_ratio,0.022512381809995485
6852,telecom_v2_development,coverage_strength,deal,0.0
6852,telecom_v2_development,coverage_strength,buyer_initial_quote_log10,0.0
6852,telecom_v2_development,coverage_strength,terminal_quote_log10,0.011184166952513674
6852,telecom_v2_development,coverage_strength,action_count,0.0
6852,telecom_v2_development,coverage_strength,seller_concession_ratio,-0.023566378633150045
6852,telecom_v2_development,verification_gap,deal,0.0
6852,telecom_v2_development,verification_gap,buyer_initial_quote_log10,0.0
6852,telecom_v2_development,verification_gap,terminal_quote_log10,0.0
6852,telecom_v2_development,verification_gap,action_count,0.0
6852,telecom_v2_development,verification_gap,seller_concession_ratio,0.0
6853,telecom_v2_development,coverage_strength,deal,0.0
6853,telecom_v2_development,coverage_strength,buyer_initial_quote_log10,0.0
6853,telecom_v2_development,coverage_strength,terminal_quote_log10,0.013363961557981696
6853,telecom_v2_development,coverage_strength,action_count,0.0
6853,telecom_v2_development,coverage_strength,seller_concession_ratio,-0.02659574468085106
6853,telecom_v2_development,verification_gap,deal,0.0
6853,telecom_v2_development,verification_gap,buyer_initial_quote_log10,0.0
6853,telecom_v2_development,verification_gap,terminal_quote_log10,0.0
6853,telecom_v2_development,verification_gap,action_count,0.0
6853,telecom_v2_development,verification_gap,seller_concession_ratio,0.0
6854,telecom_v2_development,coverage_strength,deal,0.0
6854,telecom_v2_development,coverage_strength,buyer_initial_quote_log10,0.0
6854,telecom_v2_development,coverage_strength,terminal_quote_log10,0.011281010409688985
6854,telecom_v2_development,coverage_strength,action_count,0.0
6854,telecom_v2_development,coverage_strength,seller_concession_ratio,-0.02450980392156863
6854,telecom_v2_development,verification_gap,deal,0.0
6854,telecom_v2_development,verification_gap,buyer_initial_quote_log10,0.0
6854,telecom_v2_development,verification_gap,terminal_quote_log10,0.005532488599961027
6854,telecom_v2_development,verification_gap,action_count,0.0
6854,telecom_v2_development,verification_gap,seller_concession_ratio,-0.012254901960784319
6855,telecom_v2_development,coverage_strength,deal,0.0
6855,telecom_v2_development,coverage_strength,buyer_initial_quote_log10,0.021878108860490908
6855,telecom_v2_development,coverage_strength,terminal_quote_log10,0.035715552266534445
6855,telecom_v2_development,coverage_strength,action_count,-2.0
6855,telecom_v2_development,coverage_strength,seller_concession_ratio,-0.075
6855,telecom_v2_development,verification_gap,deal,0.0
6855,telecom_v2_development,verification_gap,buyer_initial_quote_log10,0.0
6855,telecom_v2_development,verification_gap,terminal_quote_log10,0.0
6855,telecom_v2_development,verification_gap,action_count,0.0
6855,telecom_v2_development,verification_gap,seller_concession_ratio,0.0
6856,telecom_v2_development,coverage_strength,deal,0.0
6856,telecom_v2_development,coverage_strength,buyer_initial_quote_log10,0.0
6856,telecom_v2_development,coverage_strength,terminal_quote_log10,-0.12992807534836004
6856,telecom_v2_development,coverage_strength,action_count,1.0
6856,telecom_v2_development,coverage_strength,seller_concession_ratio,0.0
6856,telecom_v2_development,verification_gap,deal,0.0
6856,telecom_v2_development,verification_gap,buyer_initial_quote_log10,0.0
6856,telecom_v2_development,verification_gap,terminal_quote_log10,-0.0053783285740025555
6856,telecom_v2_development,verification_gap,action_count,2.0
6856,telecom_v2_development,verification_gap,seller_concession_ratio,0.010854816824966071
6858,telecom_v2_development,coverage_strength,deal,0.0
6858,telecom_v2_development,coverage_strength,buyer_initial_quote_log10,0.0
6858,telecom_v2_development,coverage_strength,terminal_quote_log10,0.0
6858,telecom_v2_development,coverage_strength,action_count,0.0
6858,telecom_v2_development,coverage_strength,seller_concession_ratio,0.0
6858,telecom_v2_development,integration_burden,deal,0.0
6858,telecom_v2_development,integration_burden,buyer_initial_quote_log10,-0.03778856088939975
6858,telecom_v2_development,integration_burden,terminal_quote_log10,-0.022276394711152392
6858,telecom_v2_development,integration_burden,action_count,2.0
6858,telecom_v2_development,integration_burden,seller_concession_ratio,0.04285714285714287
6859,telecom_v2_development,coverage_strength,deal,0.0
6859,telecom_v2_development,coverage_strength,buyer_initial_quote_log10,0.0
6859,telecom_v2_development,coverage_strength,terminal_quote_log10,0.0
6859,telecom_v2_development,coverage_strength,action_count,0.0
6859,telecom_v2_development,coverage_strength,seller_concession_ratio,0.0
6859,telecom_v2_development,integration_burden,deal,0.0
6859,telecom_v2_development,integration_burden,buyer_initial_quote_log10,0.0
6859,telecom_v2_development,integration_burden,terminal_quote_log10,0.0
6859,telecom_v2_development,integration_burden,action_count,0.0
6859,telecom_v2_development,integration_burden,seller_concession_ratio,0.0
6859,telecom_v2_development,verification_gap,deal,0.0
6859,telecom_v2_development,verification_gap,buyer_initial_quote_log10,0.0
6859,telecom_v2_development,verification_gap,terminal_quote_log10,0.012589127308020753
6859,telecom_v2_development,verification_gap,action_count,0.0
6859,telecom_v2_development,verification_gap,seller_concession_ratio,-0.02515723270440251
6860,telecom_v2_development,integration_burden,deal,0.0
6860,telecom_v2_development,integration_burden,buyer_initial_quote_log10,-0.01072386539177339
6860,telecom_v2_development,integration_burden,terminal_quote_log10,0.0
6860,telecom_v2_development,integration_burden,action_count,2.0
6860,telecom_v2_development,integration_burden,seller_concession_ratio,0.0
6860,telecom_v2_development,verification_gap,deal,0.0
6860,telecom_v2_development,verification_gap,buyer_initial_quote_log10,0.0
6860,telecom_v2_development,verification_gap,terminal_quote_log10,0.0
6860,telecom_v2_development,verification_gap,action_count,0.0
6860,telecom_v2_development,verification_gap,seller_concession_ratio,0.0
6861,telecom_v2_development,verification_gap,deal,0.0
6861,telecom_v2_development,verification_gap,buyer_initial_quote_log10,0.0
6861,telecom_v2_development,verification_gap,terminal_quote_log10,0.0
6861,telecom_v2_development,verification_gap,action_count,0.0
6861,telecom_v2_development,verification_gap,seller_concession_ratio,0.0
6862,telecom_v2_development,integration_burden,deal,0.0
6862,telecom_v2_development,integration_burden,buyer_initial_quote_log10,-0.018483405694012855
6862,telecom_v2_development,integration_burden,terminal_quote_log10,-0.03547935577302885
6862,telecom_v2_development,integration_burden,action_count,1.0
6862,telecom_v2_development,integration_burden,seller_concession_ratio,0.0
6862,telecom_v2_development,verification_gap,deal,0.0
6862,telecom_v2_development,verification_gap,buyer_initial_quote_log10,-0.018483405694012855
6862,telecom_v2_development,verification_gap,terminal_quote_log10,-0.003951152183347517
6862,telecom_v2_development,verification_gap,action_count,2.0
6862,telecom_v2_development,verification_gap,seller_concession_ratio,0.008504606661941881
6863,telecom_v2_development,governance_risk,deal,0.0
6863,telecom_v2_development,governance_risk,buyer_initial_quote_log10,-0.053078443483419946
6863,telecom_v2_development,governance_risk,terminal_quote_log10,0.0
6863,telecom_v2_development,governance_risk,action_count,2.0
6863,telecom_v2_development,governance_risk,seller_concession_ratio,0.0
6863,telecom_v2_development,integration_burden,deal,0.0
6863,telecom_v2_development,integration_burden,buyer_initial_quote_log10,0.053078443483419946
6863,telecom_v2_development,integration_burden,terminal_quote_log10,0.026102802564205163
6863,telecom_v2_development,integration_burden,action_count,-2.0
6863,telecom_v2_development,integration_burden,seller_concession_ratio,-0.05457122608079376
6864,telecom_v2_development,governance_risk,deal,0.0
6864,telecom_v2_development,governance_risk,buyer_initial_quote_log10,0.08432088570003593
6864,telecom_v2_development,governance_risk,terminal_quote_log10,0.0
6864,telecom_v2_development,governance_risk,action_count,0.0
6864,telecom_v2_development,governance_risk,seller_concession_ratio,0.0
6865,telecom_v2_development,integration_burden,deal,1.0
6865,telecom_v2_development,integration_burden,buyer_initial_quote_log10,-0.09691001300805646
6865,telecom_v2_development,integration_burden,terminal_quote_log10,-0.04139268515822514
6865,telecom_v2_development,integration_burden,action_count,1.0
6865,telecom_v2_development,integration_burden,seller_concession_ratio,0.08333333333333333
6865,telecom_v2_development,verification_gap,deal,0.0
6865,telecom_v2_development,verification_gap,buyer_initial_quote_log10,0.0
6865,telecom_v2_development,verification_gap,terminal_quote_log10,0.0
6865,telecom_v2_development,verification_gap,action_count,1.0
6865,telecom_v2_development,verification_gap,seller_concession_ratio,0.0
6866,telecom_v2_development,coverage_limitation,deal,0.0
6866,telecom_v2_development,coverage_limitation,buyer_initial_quote_log10,0.0
6866,telecom_v2_development,coverage_limitation,terminal_quote_log10,0.018483405694012855
6866,telecom_v2_development,coverage_limitation,action_count,0.0
6866,telecom_v2_development,coverage_limitation,seller_concession_ratio,-0.038461538461538464
6866,telecom_v2_development,coverage_strength,deal,0.0
6866,telecom_v2_development,coverage_strength,buyer_initial_quote_log10,0.0
6866,telecom_v2_development,coverage_strength,terminal_quote_log10,0.0
6866,telecom_v2_development,coverage_strength,action_count,0.0
6866,telecom_v2_development,coverage_strength,seller_concession_ratio,0.0
6866,telecom_v2_development,integration_burden,deal,0.0
6866,telecom_v2_development,integration_burden,buyer_initial_quote_log10,0.0
6866,telecom_v2_development,integration_burden,terminal_quote_log10,0.0
6866,telecom_v2_development,integration_burden,action_count,0.0
6866,telecom_v2_development,integration_burden,seller_concession_ratio,0.0
6867,telecom_v2_development,coverage_strength,deal,0.0
6867,telecom_v2_development,coverage_strength,buyer_initial_quote_log10,0.002717809544421357
6867,telecom_v2_development,coverage_strength,terminal_quote_log10,0.019305155195386448
6867,telecom_v2_development,coverage_strength,action_count,-2.0
6867,telecom_v2_development,coverage_strength,seller_concession_ratio,-0.040436716538617065
6868,telecom_v2_development,coverage_strength,deal,0.0
6868,telecom_v2_development,coverage_strength,buyer_initial_quote_log10,0.021189299069937828
6868,telecom_v2_development,coverage_strength,terminal_quote_log10,0.003930293628432668
6868,telecom_v2_development,coverage_strength,action_count,-1.0
6868,telecom_v2_development,coverage_strength,seller_concession_ratio,-0.007692307692307693
6868,telecom_v2_development,integration_burden,deal,0.0
6868,telecom_v2_development,integration_burden,buyer_initial_quote_log10,0.021189299069937828
6868,telecom_v2_development,integration_burden,terminal_quote_log10,0.0
6868,telecom_v2_development,integration_burden,action_count,-1.0
6868,telecom_v2_development,integration_burden,seller_concession_ratio,0.0
6869,telecom_v2_development,verification_gap,deal,0.0
6869,telecom_v2_development,verification_gap,buyer_initial_quote_log10,0.0
6869,telecom_v2_development,verification_gap,terminal_quote_log10,0.004551518424201095
6869,telecom_v2_development,verification_gap,action_count,0.0
6869,telecom_v2_development,verification_gap,seller_concession_ratio,-0.010082304526748971
6870,telecom_v2_development,coverage_strength,deal,0.0
6870,telecom_v2_development,coverage_strength,buyer_initial_quote_log10,0.0
6870,telecom_v2_development,coverage_strength,terminal_quote_log10,-0.00011736102811665816
6870,telecom_v2_development,coverage_strength,action_count,0.0
6870,telecom_v2_development,coverage_strength,seller_concession_ratio,0.00023496240601506013
6871,telecom_v2_development,coverage_strength,deal,0.0
6871,telecom_v2_development,coverage_strength,buyer_initial_quote_log10,0.0
6871,telecom_v2_development,coverage_strength,terminal_quote_log10,0.0
6871,telecom_v2_development,coverage_strength,action_count,0.0
6871,telecom_v2_development,coverage_strength,seller_concession_ratio,0.0
6872,telecom_v2_development,coverage_limitation,deal,0.0
6872,telecom_v2_development,coverage_limitation,buyer_initial_quote_log10,0.0
6872,telecom_v2_development,coverage_limitation,terminal_quote_log10,0.0
6872,telecom_v2_development,coverage_limitation,action_count,0.0
6872,telecom_v2_development,coverage_limitation,seller_concession_ratio,0.0
6872,telecom_v2_development,coverage_strength,deal,0.0
6872,telecom_v2_development,coverage_strength,buyer_initial_quote_log10,0.0
6872,telecom_v2_development,coverage_strength,terminal_quote_log10,0.0
6872,telecom_v2_development,coverage_strength,action_count,0.0
6872,telecom_v2_development,coverage_strength,seller_concession_ratio,0.0
6872,telecom_v2_development,integration_burden,deal,0.0
6872,telecom_v2_development,integration_burden,buyer_initial_quote_log10,0.0
6872,telecom_v2_development,integration_burden,terminal_quote_log10,0.0
6872,telecom_v2_development,integration_burden,action_count,0.0
6872,telecom_v2_development,integration_burden,seller_concession_ratio,0.0
6873,telecom_v2_development,coverage_limitation,deal,0.0
6873,telecom_v2_development,coverage_limitation,buyer_initial_quote_log10,0.0
6873,telecom_v2_development,coverage_limitation,terminal_quote_log10,-0.04420366249205365
6873,telecom_v2_development,coverage_limitation,action_count,0.0
6873,telecom_v2_development,coverage_limitation,seller_concession_ratio,0.07978723404255317
6873,telecom_v2_development,integration_burden,deal,0.0
6873,telecom_v2_development,integration_burden,buyer_initial_quote_log10,0.0
6873,telecom_v2_development,integration_burden,terminal_quote_log10,0.0
6873,telecom_v2_development,integration_burden,action_count,0.0
6873,telecom_v2_development,integration_burden,seller_concession_ratio,0.0
6873,telecom_v2_development,verification_gap,deal,0.0
6873,telecom_v2_development,verification_gap,buyer_initial_quote_log10,0.0
6873,telecom_v2_development,verification_gap,terminal_quote_log10,0.0
6873,telecom_v2_development,verification_gap,action_count,0.0
6873,telecom_v2_development,verification_gap,seller_concession_ratio,0.0
6874,telecom_v2_development,coverage_limitation,deal,0.0
6874,telecom_v2_development,coverage_limitation,buyer_initial_quote_log10,0.0
6874,telecom_v2_development,coverage_limitation,terminal_quote_log10,0.0
6874,telecom_v2_development,coverage_limitation,action_count,0.0
6874,telecom_v2_development,coverage_limitation,seller_concession_ratio,0.0
6874,telecom_v2_development,coverage_strength,deal,0.0
6874,telecom_v2_development,coverage_strength,buyer_initial_quote_log10,0.0
6874,telecom_v2_development,coverage_strength,terminal_quote_log10,0.0
6874,telecom_v2_development,coverage_strength,action_count,0.0
6874,telecom_v2_development,coverage_strength,seller_concession_ratio,0.0
6874,telecom_v2_development,verification_gap,deal,0.0
6874,telecom_v2_development,verification_gap,buyer_initial_quote_log10,0.0
6874,telecom_v2_development,verification_gap,terminal_quote_log10,0.0
6874,telecom_v2_development,verification_gap,action_count,0.0
6874,telecom_v2_development,verification_gap,seller_concession_ratio,0.0
6875,telecom_v2_development,coverage_strength,deal,0.0
6875,telecom_v2_development,coverage_strength,buyer_initial_quote_log10,0.0
6875,telecom_v2_development,coverage_strength,terminal_quote_log10,0.0
6875,telecom_v2_development,coverage_strength,action_count,0.0
6875,telecom_v2_development,coverage_strength,seller_concession_ratio,0.0
6875,telecom_v2_development,verification_gap,deal,0.0
6875,telecom_v2_development,verification_gap,buyer_initial_quote_log10,0.0
6875,telecom_v2_development,verification_gap,terminal_quote_log10,0.018885344160374018
6875,telecom_v2_development,verification_gap,action_count,0.0
6875,telecom_v2_development,verification_gap,seller_concession_ratio,-0.040436716538617065
6876,telecom_v2_development,coverage_limitation,deal,0.0
6876,telecom_v2_development,coverage_limitation,buyer_initial_quote_log10,0.0
6876,telecom_v2_development,coverage_limitation,terminal_quote_log10,0.04997397496183842
6876,telecom_v2_development,coverage_limitation,action_count,0.0
6876,telecom_v2_development,coverage_limitation,seller_concession_ratio,-0.10373443983402489
6877,telecom_v2_development,coverage_strength,deal,0.0
6877,telecom_v2_development,coverage_strength,buyer_initial_quote_log10,-0.042706739056056264
6877,telecom_v2_development,coverage_strength,terminal_quote_log10,-0.11906043092935681
6877,telecom_v2_development,coverage_strength,action_count,1.0
6877,telecom_v2_development,coverage_strength,seller_concession_ratio,0.0
6877,telecom_v2_development,verification_gap,deal,0.0
6877,telecom_v2_development,verification_gap,buyer_initial_quote_log10,0.0
6877,telecom_v2_development,verification_gap,terminal_quote_log10,0.0
6877,telecom_v2_development,verification_gap,action_count,0.0
6877,telecom_v2_development,verification_gap,seller_concession_ratio,0.0
6878,telecom_v2_development,coverage_strength,deal,0.0
6878,telecom_v2_development,coverage_strength,buyer_initial_quote_log10,0.0
6878,telecom_v2_development,coverage_strength,terminal_quote_log10,-0.05958568998424418
6878,telecom_v2_development,coverage_strength,action_count,0.0
6878,telecom_v2_development,coverage_strength,seller_concession_ratio,0.1174812030075188
6878,telecom_v2_development,verification_gap,deal,0.0
6878,telecom_v2_development,verification_gap,buyer_initial_quote_log10,-0.028222561801141577
6878,telecom_v2_development,verification_gap,terminal_quote_log10,0.0
6878,telecom_v2_development,verification_gap,action_count,2.0
6878,telecom_v2_development,verification_gap,seller_concession_ratio,0.0
6879,telecom_v2_development,coverage_strength,deal,0.0
6879,telecom_v2_development,coverage_strength,buyer_initial_quote_log10,0.0
6879,telecom_v2_development,coverage_strength,terminal_quote_log10,0.0
6879,telecom_v2_development,coverage_strength,action_count,0.0
6879,telecom_v2_development,coverage_strength,seller_concession_ratio,0.0
6879,telecom_v2_development,verification_gap,deal,0.0
6879,telecom_v2_development,verification_gap,buyer_initial_quote_log10,0.0
6879,telecom_v2_development,verification_gap,terminal_quote_log10,0.0
6879,telecom_v2_development,verification_gap,action_count,0.0
6879,telecom_v2_development,verification_gap,seller_concession_ratio,0.0
6880,telecom_v2_development,coverage_limitation,deal,0.0
6880,telecom_v2_development,coverage_limitation,buyer_initial_quote_log10,0.0
6880,telecom_v2_development,coverage_limitation,terminal_quote_log10,-0.012234456417011597
6880,telecom_v2_development,coverage_limitation,action_count,0.0
6880,telecom_v2_development,coverage_limitation,seller_concession_ratio,0.023496240601503765
6881,telecom_v2_development,coverage_strength,deal,0.0
6881,telecom_v2_development,coverage_strength,buyer_initial_quote_log10,0.0
6881,telecom_v2_development,coverage_strength,terminal_quote_log10,0.00842420386297027
6881,telecom_v2_development,coverage_strength,action_count,0.0
6881,telecom_v2_development,coverage_strength,seller_concession_ratio,-0.015145228215767637
6881,telecom_v2_development,integration_burden,deal,0.0
6881,telecom_v2_development,integration_burden,buyer_initial_quote_log10,0.0
6881,telecom_v2_development,integration_burden,terminal_quote_log10,0.0
6881,telecom_v2_development,integration_burden,action_count,0.0
6881,telecom_v2_development,integration_burden,seller_concession_ratio,0.0
6882,telecom_v2_development,coverage_limitation,deal,0.0
6882,telecom_v2_development,coverage_limitation,buyer_initial_quote_log10,0.0
6882,telecom_v2_development,coverage_limitation,terminal_quote_log10,0.0
6882,telecom_v2_development,coverage_limitation,action_count,0.0
6882,telecom_v2_development,coverage_limitation,seller_concession_ratio,0.0
6882,telecom_v2_development,coverage_strength,deal,0.0
6882,telecom_v2_development,coverage_strength,buyer_initial_quote_log10,-0.012234456417011597
6882,telecom_v2_development,coverage_strength,terminal_quote_log10,0.0
6882,telecom_v2_development,coverage_strength,action_count,0.0
6882,telecom_v2_development,coverage_strength,seller_concession_ratio,0.0
6882,telecom_v2_development,verification_gap,deal,0.0
6882,telecom_v2_development,verification_gap,buyer_initial_quote_log10,-0.003962897095427298
6882,telecom_v2_development,verification_gap,terminal_quote_log10,-0.04346569378109022
6882,telecom_v2_development,verification_gap,action_count,2.0
6882,telecom_v2_development,verification_gap,seller_concession_ratio,0.08298755186721993
6884,telecom_v2_development,coverage_strength,deal,0.0
6884,telecom_v2_development,coverage_strength,buyer_initial_quote_log10,0.0
6884,telecom_v2_development,coverage_strength,terminal_quote_log10,-0.01231082260006433
6884,telecom_v2_development,coverage_strength,action_count,0.0
6884,telecom_v2_development,coverage_strength,seller_concession_ratio,0.02453849617289508
6885,telecom_v2_development,coverage_limitation,deal,0.0
6885,telecom_v2_development,coverage_limitation,buyer_initial_quote_log10,0.0
6885,telecom_v2_development,coverage_limitation,terminal_quote_log10,-0.009340026254143652
6885,telecom_v2_development,coverage_limitation,action_count,0.0
6885,telecom_v2_development,coverage_limitation,seller_concession_ratio,0.020218358269308526
6885,telecom_v2_development,coverage_strength,deal,0.0
6885,telecom_v2_development,coverage_strength,buyer_initial_quote_log10,0.0
6885,telecom_v2_development,coverage_strength,terminal_quote_log10,0.0
6885,telecom_v2_development,coverage_strength,action_count,0.0
6885,telecom_v2_development,coverage_strength,seller_concession_ratio,0.0
6886,telecom_v2_development,coverage_limitation,deal,0.0
6886,telecom_v2_development,coverage_limitation,buyer_initial_quote_log10,-0.03891806603036985
6886,telecom_v2_development,coverage_limitation,terminal_quote_log10,-0.0076193968701918635
6886,telecom_v2_development,coverage_limitation,action_count,4.0
6886,telecom_v2_development,coverage_limitation,seller_concession_ratio,0.016174686615446826
6887,telecom_v2_development,coverage_limitation,deal,0.0
6887,telecom_v2_development,coverage_limitation,buyer_initial_quote_log10,-0.04344087624447379
6887,telecom_v2_development,coverage_limitation,terminal_quote_log10,-0.03102576804310564
6887,telecom_v2_development,coverage_limitation,action_count,4.0
6887,telecom_v2_development,coverage_limitation,seller_concession_ratio,0.060620083294770935
6888,telecom_v2_development,coverage_limitation,deal,0.0
6888,telecom_v2_development,coverage_limitation,buyer_initial_quote_log10,0.0
6888,telecom_v2_development,coverage_limitation,terminal_quote_log10,0.0
6888,telecom_v2_development,coverage_limitation,action_count,0.0
6888,telecom_v2_development,coverage_limitation,seller_concession_ratio,0.0
6888,telecom_v2_development,coverage_strength,deal,0.0
6888,telecom_v2_development,coverage_strength,buyer_initial_quote_log10,-0.07918124604762511
6888,telecom_v2_development,coverage_strength,terminal_quote_log10,0.0
6888,telecom_v2_development,coverage_strength,action_count,0.0
6888,telecom_v2_development,coverage_strength,seller_concession_ratio,0.0
6889,telecom_v2_development,verification_gap,deal,0.0
6889,telecom_v2_development,verification_gap,buyer_initial_quote_log10,0.0
6889,telecom_v2_development,verification_gap,terminal_quote_log10,0.0
6889,telecom_v2_development,verification_gap,action_count,0.0
6889,telecom_v2_development,verification_gap,seller_concession_ratio,0.0
6890,telecom_v2_development,coverage_limitation,deal,0.0
6890,telecom_v2_development,coverage_limitation,buyer_initial_quote_log10,0.0
6890,telecom_v2_development,coverage_limitation,terminal_quote_log10,-0.009545317906230366
6890,telecom_v2_development,coverage_limitation,action_count,0.0
6890,telecom_v2_development,coverage_limitation,seller_concession_ratio,0.020746887966804982
6890,telecom_v2_development,coverage_strength,deal,0.0
6890,telecom_v2_development,coverage_strength,buyer_initial_quote_log10,0.0
6890,telecom_v2_development,coverage_strength,terminal_quote_log10,0.02928937610198723
6890,telecom_v2_development,coverage_strength,action_count,0.0
6890,telecom_v2_development,coverage_strength,seller_concession_ratio,-0.062240663900414946
6891,telecom_v2_development,integration_burden,deal,0.0
6891,telecom_v2_development,integration_burden,buyer_initial_quote_log10,0.0
6891,telecom_v2_development,integration_burden,terminal_quote_log10,0.0
6891,telecom_v2_development,integration_burden,action_count,0.0
6891,telecom_v2_development,integration_burden,seller_concession_ratio,0.0
6891,telecom_v2_development,verification_gap,deal,0.0
6891,telecom_v2_development,verification_gap,buyer_initial_quote_log10,0.0
6891,telecom_v2_development,verification_gap,terminal_quote_log10,-0.011899223299707717
6891,telecom_v2_development,verification_gap,action_count,0.0
6891,telecom_v2_development,verification_gap,seller_concession_ratio,0.022512381809995485
6892,telecom_v2_development,coverage_strength,deal,0.0
6892,telecom_v2_development,coverage_strength,buyer_initial_quote_log10,0.013539398636474242
6892,telecom_v2_development,coverage_strength,terminal_quote_log10,0.0
6892,telecom_v2_development,coverage_strength,action_count,-4.0
6892,telecom_v2_development,coverage_strength,seller_concession_ratio,0.0
6893,telecom_v2_development,coverage_strength,deal,0.0
6893,telecom_v2_development,coverage_strength,buyer_initial_quote_log10,0.0
6893,telecom_v2_development,coverage_strength,terminal_quote_log10,-0.011281010409688985
6893,telecom_v2_development,coverage_strength,action_count,0.0
6893,telecom_v2_development,coverage_strength,seller_concession_ratio,0.022512381809995485
6893,telecom_v2_development,verification_gap,deal,0.0
6893,telecom_v2_development,verification_gap,buyer_initial_quote_log10,0.0
6893,telecom_v2_development,verification_gap,terminal_quote_log10,0.0
6893,telecom_v2_development,verification_gap,action_count,0.0
6893,telecom_v2_development,verification_gap,seller_concession_ratio,0.0
6894,telecom_v2_development,coverage_strength,deal,0.0
6894,telecom_v2_development,coverage_strength,buyer_initial_quote_log10,-0.00770286879415405
6894,telecom_v2_development,coverage_strength,terminal_quote_log10,-0.009545317906230366
6894,telecom_v2_development,coverage_strength,action_count,2.0
6894,telecom_v2_development,coverage_strength,seller_concession_ratio,0.020576131687242795
6894,telecom_v2_development,verification_gap,deal,0.0
6894,telecom_v2_development,verification_gap,buyer_initial_quote_log10,0.0
6894,telecom_v2_development,verification_gap,terminal_quote_log10,0.009340026254143652
6894,telecom_v2_development,verification_gap,action_count,0.0
6894,telecom_v2_development,verification_gap,seller_concession_ratio,-0.020576131687242795
6895,telecom_v2_development,coverage_strength,deal,0.0
6895,telecom_v2_development,coverage_strength,buyer_initial_quote_log10,0.0
6895,telecom_v2_development,coverage_strength,terminal_quote_log10,0.0
6895,telecom_v2_development,coverage_strength,action_count,0.0
6895,telecom_v2_development,coverage_strength,seller_concession_ratio,0.0
6895,telecom_v2_development,verification_gap,deal,0.0
6895,telecom_v2_development,verification_gap,buyer_initial_quote_log10,0.0
6895,telecom_v2_development,verification_gap,terminal_quote_log10,0.0
6895,telecom_v2_development,verification_gap,action_count,0.0
6895,telecom_v2_development,verification_gap,seller_concession_ratio,0.0
6896,telecom_v2_development,verification_gap,deal,1.0
6896,telecom_v2_development,verification_gap,buyer_initial_quote_log10,-0.028547331870637294
6896,telecom_v2_development,verification_gap,terminal_quote_log10,-0.07302093734280612
6896,telecom_v2_development,verification_gap,action_count,1.0
6896,telecom_v2_development,verification_gap,seller_concession_ratio,0.1337448559670782
6897,telecom_v2_development,verification_gap,deal,0.0
6897,telecom_v2_development,verification_gap,buyer_initial_quote_log10,-0.028547331870637294
6897,telecom_v2_development,verification_gap,terminal_quote_log10,-0.019744058195756864
6897,telecom_v2_development,verification_gap,action_count,4.0
6897,telecom_v2_development,verification_gap,seller_concession_ratio,0.041152263374485604
6898,telecom_v2_development,integration_burden,deal,0.0
6898,telecom_v2_development,integration_burden,buyer_initial_quote_log10,-0.027213657082801657
6898,telecom_v2_development,integration_burden,terminal_quote_log10,-0.012246562355266555
6898,telecom_v2_development,integration_burden,action_count,2.0
6898,telecom_v2_development,integration_burden,seller_concession_ratio,0.023651452282157676
6898,telecom_v2_development,verification_gap,deal,0.0
6898,telecom_v2_development,verification_gap,buyer_initial_quote_log10,0.0
6898,telecom_v2_development,verification_gap,terminal_quote_log10,0.010465433678164882
6898,telecom_v2_development,verification_gap,action_count,0.0
6898,telecom_v2_development,verification_gap,seller_concession_ratio,-0.02074688796680499
6899,telecom_v2_development,integration_burden,deal,0.0
6899,telecom_v2_development,integration_burden,buyer_initial_quote_log10,0.0
6899,telecom_v2_development,integration_burden,terminal_quote_log10,0.0
6899,telecom_v2_development,integration_burden,action_count,0.0
6899,telecom_v2_development,integration_burden,seller_concession_ratio,0.0
6900,telecom_v2_development,verification_gap,deal,1.0
6900,telecom_v2_development,verification_gap,buyer_initial_quote_log10,-0.021074391149727312
6900,telecom_v2_development,verification_gap,terminal_quote_log10,-0.04458213265274047
6900,telecom_v2_development,verification_gap,action_count,1.0
6900,telecom_v2_development,verification_gap,seller_concession_ratio,0.08298755186721993
6901,telecom_v2_development,governance_risk,deal,0.0
6901,telecom_v2_development,governance_risk,buyer_initial_quote_log10,0.0
6901,telecom_v2_development,governance_risk,terminal_quote_log10,0.0
6901,telecom_v2_development,governance_risk,action_count,0.0
6901,telecom_v2_development,governance_risk,seller_concession_ratio,0.0
6902,telecom_v2_development,coverage_strength,deal,0.0
6902,telecom_v2_development,coverage_strength,buyer_initial_quote_log10,0.0
6902,telecom_v2_development,coverage_strength,terminal_quote_log10,-0.049687784189107465
6902,telecom_v2_development,coverage_strength,action_count,0.0
6902,telecom_v2_development,coverage_strength,seller_concession_ratio,0.09398496240601503
6902,telecom_v2_development,verification_gap,deal,0.0
6902,telecom_v2_development,verification_gap,buyer_initial_quote_log10,-0.01523996655673665
6902,telecom_v2_development,verification_gap,terminal_quote_log10,0.0030374984955114925
6902,telecom_v2_development,verification_gap,action_count,0.0
6902,telecom_v2_development,verification_gap,seller_concession_ratio,-0.005404135338345856
6904,telecom_v2_development,verification_gap,deal,0.0
6904,telecom_v2_development,verification_gap,buyer_initial_quote_log10,0.0
6904,telecom_v2_development,verification_gap,terminal_quote_log10,0.0
6904,telecom_v2_development,verification_gap,action_count,0.0
6904,telecom_v2_development,verification_gap,seller_concession_ratio,0.0
6905,telecom_v2_development,coverage_limitation,deal,0.0
6905,telecom_v2_development,coverage_limitation,buyer_initial_quote_log10,0.0
6905,telecom_v2_development,coverage_limitation,terminal_quote_log10,0.0
6905,telecom_v2_development,coverage_limitation,action_count,0.0
6905,telecom_v2_development,coverage_limitation,seller_concession_ratio,0.0
6906,telecom_v2_development,coverage_limitation,deal,0.0
6906,telecom_v2_development,coverage_limitation,buyer_initial_quote_log10,0.0
6906,telecom_v2_development,coverage_limitation,terminal_quote_log10,0.02348109584952285
6906,telecom_v2_development,coverage_limitation,action_count,0.0
6906,telecom_v2_development,coverage_limitation,seller_concession_ratio,-0.04627487274409996
6907,telecom_v2_development,coverage_limitation,deal,0.0
6907,telecom_v2_development,coverage_limitation,buyer_initial_quote_log10,0.0
6907,telecom_v2_development,coverage_limitation,terminal_quote_log10,0.005079525529275042
6907,telecom_v2_development,coverage_limitation,action_count,0.0
6907,telecom_v2_development,coverage_limitation,seller_concession_ratio,-0.010288065843621408
6907,telecom_v2_development,coverage_strength,deal,0.0
6907,telecom_v2_development,coverage_strength,buyer_initial_quote_log10,0.0
6907,telecom_v2_development,coverage_strength,terminal_quote_log10,-0.005079525529275042
6907,telecom_v2_development,coverage_strength,action_count,0.0
6907,telecom_v2_development,coverage_strength,seller_concession_ratio,0.010288065843621408
6908,telecom_v2_development,coverage_limitation,deal,0.0
6908,telecom_v2_development,coverage_limitation,buyer_initial_quote_log10,0.0
6908,telecom_v2_development,coverage_limitation,terminal_quote_log10,0.0
6908,telecom_v2_development,coverage_limitation,action_count,0.0
6908,telecom_v2_development,coverage_limitation,seller_concession_ratio,0.0
6908,telecom_v2_development,coverage_strength,deal,0.0
6908,telecom_v2_development,coverage_strength,buyer_initial_quote_log10,0.0
6908,telecom_v2_development,coverage_strength,terminal_quote_log10,0.0
6908,telecom_v2_development,coverage_strength,action_count,0.0
6908,telecom_v2_development,coverage_strength,seller_concession_ratio,0.0
6909,telecom_v2_development,coverage_limitation,deal,0.0
6909,telecom_v2_development,coverage_limitation,buyer_initial_quote_log10,-0.033294018523504665
6909,telecom_v2_development,coverage_limitation,terminal_quote_log10,-0.019305155195386448
6909,telecom_v2_development,coverage_limitation,action_count,2.0
6909,telecom_v2_development,coverage_limitation,seller_concession_ratio,0.040436716538617065
6909,telecom_v2_development,coverage_strength,deal,0.0
6909,telecom_v2_development,coverage_strength,buyer_initial_quote_log10,0.0
6909,telecom_v2_development,coverage_strength,terminal_quote_log10,0.0
6909,telecom_v2_development,coverage_strength,action_count,0.0
6909,telecom_v2_development,coverage_strength,seller_concession_ratio,0.0
6910,telecom_v2_development,coverage_limitation,deal,0.0
6910,telecom_v2_development,coverage_limitation,buyer_initial_quote_log10,-0.09454100145683908
6910,telecom_v2_development,coverage_limitation,terminal_quote_log10,-0.17961684780684095
6910,telecom_v2_development,coverage_limitation,action_count,3.0
6910,telecom_v2_development,coverage_limitation,seller_concession_ratio,0.03780832996360696
6910,telecom_v2_development,coverage_strength,deal,0.0
6910,telecom_v2_development,coverage_strength,buyer_initial_quote_log10,0.0
6910,telecom_v2_development,coverage_strength,terminal_quote_log10,-0.017632524415571726
6910,telecom_v2_development,coverage_strength,action_count,0.0
6910,telecom_v2_development,coverage_strength,seller_concession_ratio,0.03780832996360696
6911,telecom_v2_development,coverage_limitation,deal,0.0
6911,telecom_v2_development,coverage_limitation,buyer_initial_quote_log10,0.0
6911,telecom_v2_development,coverage_limitation,terminal_quote_log10,0.0
6911,telecom_v2_development,coverage_limitation,action_count,0.0
6911,telecom_v2_development,coverage_limitation,seller_concession_ratio,0.0
6911,telecom_v2_development,coverage_strength,deal,0.0
6911,telecom_v2_development,coverage_strength,buyer_initial_quote_log10,0.0
6911,telecom_v2_development,coverage_strength,terminal_quote_log10,0.0
6911,telecom_v2_development,coverage_strength,action_count,0.0
6911,telecom_v2_development,coverage_strength,seller_concession_ratio,0.0
6912,telecom_v2_development,coverage_limitation,deal,0.0
6912,telecom_v2_development,coverage_limitation,buyer_initial_quote_log10,0.0
6912,telecom_v2_development,coverage_limitation,terminal_quote_log10,-0.011184166952513674
6912,telecom_v2_development,coverage_limitation,action_count,0.0
6912,telecom_v2_development,coverage_limitation,seller_concession_ratio,0.022761760242792112
6912,telecom_v2_development,verification_gap,deal,0.0
6912,telecom_v2_development,verification_gap,buyer_initial_quote_log10,0.0
6912,telecom_v2_development,verification_gap,terminal_quote_log10,0.011184166952513674
6912,telecom_v2_development,verification_gap,action_count,0.0
6912,telecom_v2_development,verification_gap,seller_concession_ratio,-0.022761760242792112
6913,telecom_v2_development,coverage_strength,deal,0.0
6913,telecom_v2_development,coverage_strength,buyer_initial_quote_log10,-0.03087656647306991
6913,telecom_v2_development,coverage_strength,terminal_quote_log10,-0.029289376101987674
6913,telecom_v2_development,coverage_strength,action_count,2.0
6913,telecom_v2_development,coverage_strength,seller_concession_ratio,0.05769230769230768
6914,telecom_v2_development,coverage_limitation,deal,0.0
6914,telecom_v2_development,coverage_limitation,buyer_initial_quote_log10,-0.03494638311862408
6914,telecom_v2_development,coverage_limitation,terminal_quote_log10,-0.05992214785232397
6914,telecom_v2_development,coverage_limitation,action_count,1.0
6914,telecom_v2_development,coverage_limitation,seller_concession_ratio,0.0
6914,telecom_v2_development,verification_gap,deal,0.0
6914,telecom_v2_development,verification_gap,buyer_initial_quote_log10,0.0
6914,telecom_v2_development,verification_gap,terminal_quote_log10,0.0
6914,telecom_v2_development,verification_gap,action_count,0.0
6914,telecom_v2_development,verification_gap,seller_concession_ratio,0.0
6915,telecom_v2_development,verification_gap,deal,0.0
6915,telecom_v2_development,verification_gap,buyer_initial_quote_log10,0.0
6915,telecom_v2_development,verification_gap,terminal_quote_log10,0.0
6915,telecom_v2_development,verification_gap,action_count,0.0
6915,telecom_v2_development,verification_gap,seller_concession_ratio,0.0
6917,telecom_v2_development,coverage_limitation,deal,1.0
6917,telecom_v2_development,coverage_limitation,buyer_initial_quote_log10,-0.017728766960431575
6917,telecom_v2_development,coverage_limitation,terminal_quote_log10,-0.04303463222520176
6917,telecom_v2_development,coverage_limitation,action_count,-3.0
6917,telecom_v2_development,coverage_limitation,seller_concession_ratio,0.08064516129032256
6919,telecom_v2_development,coverage_limitation,deal,0.0
6919,telecom_v2_development,coverage_limitation,buyer_initial_quote_log10,0.0
6919,telecom_v2_development,coverage_limitation,terminal_quote_log10,0.0
6919,telecom_v2_development,coverage_limitation,action_count,0.0
6919,telecom_v2_development,coverage_limitation,seller_concession_ratio,0.0
6920,telecom_v2_development,coverage_limitation,deal,0.0
6920,telecom_v2_development,coverage_limitation,buyer_initial_quote_log10,0.0
6920,telecom_v2_development,coverage_limitation,terminal_quote_log10,0.026872146400301222
6920,telecom_v2_development,coverage_limitation,action_count,0.0
6920,telecom_v2_development,coverage_limitation,seller_concession_ratio,-0.05660377358490566
6920,telecom_v2_development,coverage_strength,deal,0.0
6920,telecom_v2_development,coverage_strength,buyer_initial_quote_log10,0.0
6920,telecom_v2_development,coverage_strength,terminal_quote_log10,0.0
6920,telecom_v2_development,coverage_strength,action_count,0.0
6920,telecom_v2_development,coverage_strength,seller_concession_ratio,0.0
6920,telecom_v2_development,verification_gap,deal,0.0
6920,telecom_v2_development,verification_gap,buyer_initial_quote_log10,0.0
6920,telecom_v2_development,verification_gap,terminal_quote_log10,0.0
6920,telecom_v2_development,verification_gap,action_count,0.0
6920,telecom_v2_development,verification_gap,seller_concession_ratio,0.0
6921,telecom_v2_development,coverage_limitation,deal,0.0
6921,telecom_v2_development,coverage_limitation,buyer_initial_quote_log10,-0.057991946977686615
6921,telecom_v2_development,coverage_limitation,terminal_quote_log10,-0.13033376849500633
6921,telecom_v2_development,coverage_limitation,action_count,1.0
6921,telecom_v2_development,coverage_limitation,seller_concession_ratio,0.0
6921,telecom_v2_development,coverage_strength,deal,0.0
6921,telecom_v2_development,coverage_strength,buyer_initial_quote_log10,0.0
6921,telecom_v2_development,coverage_strength,terminal_quote_log10,0.0
6921,telecom_v2_development,coverage_strength,action_count,0.0
6921,telecom_v2_development,coverage_strength,seller_concession_ratio,0.0
6921,telecom_v2_development,verification_gap,deal,0.0
6921,telecom_v2_development,verification_gap,buyer_initial_quote_log10,-0.057991946977686615
6921,telecom_v2_development,verification_gap,terminal_quote_log10,-0.13033376849500633
6921,telecom_v2_development,verification_gap,action_count,1.0
6921,telecom_v2_development,verification_gap,seller_concession_ratio,0.0
6922,telecom_v2_development,verification_gap,deal,0.0
6922,telecom_v2_development,verification_gap,buyer_initial_quote_log10,0.0
6922,telecom_v2_development,verification_gap,terminal_quote_log10,0.0
6922,telecom_v2_development,verification_gap,action_count,0.0
6922,telecom_v2_development,verification_gap,seller_concession_ratio,0.0
6923,telecom_v2_development,verification_gap,deal,0.0
6923,telecom_v2_development,verification_gap,buyer_initial_quote_log10,-0.1249387366082999
6923,telecom_v2_development,verification_gap,terminal_quote_log10,-0.1972805581256194
6923,telecom_v2_development,verification_gap,action_count,1.0
6923,telecom_v2_development,verification_gap,seller_concession_ratio,0.0
6924,telecom_v2_development,verification_gap,deal,0.0
6924,telecom_v2_development,verification_gap,buyer_initial_quote_log10,0.10266234189714774
6924,telecom_v2_development,verification_gap,terminal_quote_log10,0.0180982220927961
6924,telecom_v2_development,verification_gap,action_count,-2.0
6924,telecom_v2_development,verification_gap,seller_concession_ratio,-0.038461538461538464
6925,telecom_v2_development,verification_gap,deal,0.0
6925,telecom_v2_development,verification_gap,buyer_initial_quote_log10,0.0
6925,telecom_v2_development,verification_gap,terminal_quote_log10,0.0
6925,telecom_v2_development,verification_gap,action_count,0.0
6925,telecom_v2_development,verification_gap,seller_concession_ratio,0.0
6926,telecom_v2_development,verification_gap,deal,0.0
6926,telecom_v2_development,verification_gap,buyer_initial_quote_log10,0.0
6926,telecom_v2_development,verification_gap,terminal_quote_log10,0.0
6926,telecom_v2_development,verification_gap,action_count,0.0
6926,telecom_v2_development,verification_gap,seller_concession_ratio,0.0
6927,telecom_v2_development,verification_gap,deal,0.0
6927,telecom_v2_development,verification_gap,buyer_initial_quote_log10,0.0
6927,telecom_v2_development,verification_gap,terminal_quote_log10,0.0
6927,telecom_v2_development,verification_gap,action_count,0.0
6927,telecom_v2_development,verification_gap,seller_concession_ratio,0.0
6928,telecom_v2_development,integration_burden,deal,0.0
6928,telecom_v2_development,integration_burden,buyer_initial_quote_log10,0.0
6928,telecom_v2_development,integration_burden,terminal_quote_log10,0.0
6928,telecom_v2_development,integration_burden,action_count,0.0
6928,telecom_v2_development,integration_burden,seller_concession_ratio,0.0
6928,telecom_v2_development,verification_gap,deal,0.0
6928,telecom_v2_development,verification_gap,buyer_initial_quote_log10,0.0
6928,telecom_v2_development,verification_gap,terminal_quote_log10,0.0
6928,telecom_v2_development,verification_gap,action_count,0.0
6928,telecom_v2_development,verification_gap,seller_concession_ratio,0.0
6929,telecom_v2_development,verification_gap,deal,0.0
6929,telecom_v2_development,verification_gap,buyer_initial_quote_log10,0.0
6929,telecom_v2_development,verification_gap,terminal_quote_log10,0.0
6929,telecom_v2_development,verification_gap,action_count,0.0
6929,telecom_v2_development,verification_gap,seller_concession_ratio,0.0
6930,telecom_v2_development,coverage_limitation,deal,0.0
6930,telecom_v2_development,coverage_limitation,buyer_initial_quote_log10,0.0
6930,telecom_v2_development,coverage_limitation,terminal_quote_log10,0.0
6930,telecom_v2_development,coverage_limitation,action_count,0.0
6930,telecom_v2_development,coverage_limitation,seller_concession_ratio,0.0
6930,telecom_v2_development,coverage_strength,deal,0.0
6930,telecom_v2_development,coverage_strength,buyer_initial_quote_log10,0.0
6930,telecom_v2_development,coverage_strength,terminal_quote_log10,0.0
6930,telecom_v2_development,coverage_strength,action_count,0.0
6930,telecom_v2_development,coverage_strength,seller_concession_ratio,0.0
6931,telecom_v2_development,coverage_strength,deal,0.0
6931,telecom_v2_development,coverage_strength,buyer_initial_quote_log10,0.04699656267622343
6931,telecom_v2_development,coverage_strength,terminal_quote_log10,0.10790539730951965
6931,telecom_v2_development,coverage_strength,action_count,-1.0
6931,telecom_v2_development,coverage_strength,seller_concession_ratio,0.0
6931,telecom_v2_development,verification_gap,deal,0.0
6931,telecom_v2_development,verification_gap,buyer_initial_quote_log10,-0.04699656267622343
6931,telecom_v2_development,verification_gap,terminal_quote_log10,-0.10790539730951965
6931,telecom_v2_development,verification_gap,action_count,1.0
6931,telecom_v2_development,verification_gap,seller_concession_ratio,0.0
6932,telecom_v2_development,verification_gap,deal,0.0
6932,telecom_v2_development,verification_gap,buyer_initial_quote_log10,0.0
6932,telecom_v2_development,verification_gap,terminal_quote_log10,0.0
6932,telecom_v2_development,verification_gap,action_count,0.0
6932,telecom_v2_development,verification_gap,seller_concession_ratio,0.0
6933,telecom_v2_development,coverage_limitation,deal,0.0
6933,telecom_v2_development,coverage_limitation,buyer_initial_quote_log10,0.0
6933,telecom_v2_development,coverage_limitation,terminal_quote_log10,0.0
6933,telecom_v2_development,coverage_limitation,action_count,0.0
6933,telecom_v2_development,coverage_limitation,seller_concession_ratio,0.0
6933,telecom_v2_development,coverage_strength,deal,0.0
6933,telecom_v2_development,coverage_strength,buyer_initial_quote_log10,0.07918124604762489
6933,telecom_v2_development,coverage_strength,terminal_quote_log10,0.07918124604762489
6933,telecom_v2_development,coverage_strength,action_count,-2.0
6933,telecom_v2_development,coverage_strength,seller_concession_ratio,-0.15384615384615385
6933,telecom_v2_development,verification_gap,deal,0.0
6933,telecom_v2_development,verification_gap,buyer_initial_quote_log10,0.0
6933,telecom_v2_development,verification_gap,terminal_quote_log10,0.0
6933,telecom_v2_development,verification_gap,action_count,0.0
6933,telecom_v2_development,verification_gap,seller_concession_ratio,0.0
6934,telecom_v2_development,verification_gap,deal,0.0
6934,telecom_v2_development,verification_gap,buyer_initial_quote_log10,0.0
6934,telecom_v2_development,verification_gap,terminal_quote_log10,-0.009759837289156303
6934,telecom_v2_development,verification_gap,action_count,0.0
6934,telecom_v2_development,verification_gap,seller_concession_ratio,0.019607843137254916
6935,telecom_v2_development,coverage_limitation,deal,0.0
6935,telecom_v2_development,coverage_limitation,buyer_initial_quote_log10,0.026328938722349093
6935,telecom_v2_development,coverage_limitation,terminal_quote_log10,0.023912157405411527
6935,telecom_v2_development,coverage_limitation,action_count,-2.0
6935,telecom_v2_development,coverage_limitation,seller_concession_ratio,-0.046875
6935,telecom_v2_development,coverage_strength,deal,0.0
6935,telecom_v2_development,coverage_strength,buyer_initial_quote_log10,0.0
6935,telecom_v2_development,coverage_strength,terminal_quote_log10,-0.02306530406869345
6935,telecom_v2_development,coverage_strength,action_count,0.0
6935,telecom_v2_development,coverage_strength,seller_concession_ratio,0.046875
6936,telecom_v2_development,coverage_strength,deal,0.0
6936,telecom_v2_development,coverage_strength,buyer_initial_quote_log10,0.0
6936,telecom_v2_development,coverage_strength,terminal_quote_log10,0.0
6936,telecom_v2_development,coverage_strength,action_count,0.0
6936,telecom_v2_development,coverage_strength,seller_concession_ratio,0.0
6936,telecom_v2_development,verification_gap,deal,0.0
6936,telecom_v2_development,verification_gap,buyer_initial_quote_log10,-0.02227639471115217
6936,telecom_v2_development,verification_gap,terminal_quote_log10,-0.03950854128367354
6936,telecom_v2_development,verification_gap,action_count,2.0
6936,telecom_v2_development,verification_gap,seller_concession_ratio,0.07692307692307693
6937,telecom_v2_development,verification_gap,deal,0.0
6937,telecom_v2_development,verification_gap,buyer_initial_quote_log10,0.0
6937,telecom_v2_development,verification_gap,terminal_quote_log10,0.0
6937,telecom_v2_development,verification_gap,action_count,0.0
6937,telecom_v2_development,verification_gap,seller_concession_ratio,0.0
6938,telecom_v2_development,verification_gap,deal,0.0
6938,telecom_v2_development,verification_gap,buyer_initial_quote_log10,0.0
6938,telecom_v2_development,verification_gap,terminal_quote_log10,0.0
6938,telecom_v2_development,verification_gap,action_count,0.0
6938,telecom_v2_development,verification_gap,seller_concession_ratio,0.0
6939,telecom_v2_development,verification_gap,deal,0.0
6939,telecom_v2_development,verification_gap,buyer_initial_quote_log10,-0.07918124604762489
6939,telecom_v2_development,verification_gap,terminal_quote_log10,-0.018483405694013078
6939,telecom_v2_development,verification_gap,action_count,2.0
6939,telecom_v2_development,verification_gap,seller_concession_ratio,0.038461538461538464
6940,telecom_v2_development,integration_burden,deal,0.0
6940,telecom_v2_development,integration_burden,buyer_initial_quote_log10,0.0
6940,telecom_v2_development,integration_burden,terminal_quote_log10,-0.01447782336862291
6940,telecom_v2_development,integration_burden,action_count,0.0
6940,telecom_v2_development,integration_burden,seller_concession_ratio,0.03125
6940,telecom_v2_development,verification_gap,deal,0.0
6940,telecom_v2_development,verification_gap,buyer_initial_quote_log10,0.0
6940,telecom_v2_development,verification_gap,terminal_quote_log10,-0.0806559316136306
6940,telecom_v2_development,verification_gap,action_count,-1.0
6940,telecom_v2_development,verification_gap,seller_concession_ratio,0.0
6941,telecom_v2_development,verification_gap,deal,0.0
6941,telecom_v2_development,verification_gap,buyer_initial_quote_log10,-0.04139268515822514
6941,telecom_v2_development,verification_gap,terminal_quote_log10,0.0
6941,telecom_v2_development,verification_gap,action_count,2.0
6941,telecom_v2_development,verification_gap,seller_concession_ratio,0.0
6942,telecom_v2_development,integration_burden,deal,0.0
6942,telecom_v2_development,integration_burden,buyer_initial_quote_log10,0.0
6942,telecom_v2_development,integration_burden,terminal_quote_log10,-0.009759837289156303
6942,telecom_v2_development,integration_burden,action_count,0.0
6942,telecom_v2_development,integration_burden,seller_concession_ratio,0.019230769230769246
6942,telecom_v2_development,verification_gap,deal,0.0
6942,telecom_v2_development,verification_gap,buyer_initial_quote_log10,0.0
6942,telecom_v2_development,verification_gap,terminal_quote_log10,0.0
6942,telecom_v2_development,verification_gap,action_count,0.0
6942,telecom_v2_development,verification_gap,seller_concession_ratio,0.0
6943,telecom_v2_development,coverage_limitation,deal,0.0
6943,telecom_v2_development,coverage_limitation,buyer_initial_quote_log10,-0.0369835662531699
6943,telecom_v2_development,coverage_limitation,terminal_quote_log10,-0.007825337511956576
6943,telecom_v2_development,coverage_limitation,action_count,2.0
6943,telecom_v2_development,coverage_limitation,seller_concession_ratio,0.016129032258064516
6943,telecom_v2_development,coverage_strength,deal,0.0
6943,telecom_v2_development,coverage_strength,buyer_initial_quote_log10,0.0369835662531699
6943,telecom_v2_development,coverage_strength,terminal_quote_log10,0.015794267183231847
6943,telecom_v2_development,coverage_strength,action_count,-2.0
6943,telecom_v2_development,coverage_strength,seller_concession_ratio,-0.03225806451612903
6943,telecom_v2_development,verification_gap,deal,0.0
6943,telecom_v2_development,verification_gap,buyer_initial_quote_log10,0.0
6943,telecom_v2_development,verification_gap,terminal_quote_log10,0.0
6943,telecom_v2_development,verification_gap,action_count,0.0
6943,telecom_v2_development,verification_gap,seller_concession_ratio,0.0
6944,telecom_v2_development,verification_gap,deal,0.0
6944,telecom_v2_development,verification_gap,buyer_initial_quote_log10,0.0
6944,telecom_v2_development,verification_gap,terminal_quote_log10,0.0
6944,telecom_v2_development,verification_gap,action_count,0.0
6944,telecom_v2_development,verification_gap,seller_concession_ratio,0.0
6945,telecom_v2_development,coverage_limitation,deal,0.0
6945,telecom_v2_development,coverage_limitation,buyer_initial_quote_log10,-0.04139268515822514
6945,telecom_v2_development,coverage_limitation,terminal_quote_log10,-0.028028723600243444
6945,telecom_v2_development,coverage_limitation,action_count,2.0
6945,telecom_v2_development,coverage_limitation,seller_concession_ratio,0.05555555555555555
6945,telecom_v2_development,verification_gap,deal,0.0
6945,telecom_v2_development,verification_gap,buyer_initial_quote_log10,-0.04139268515822514
6945,telecom_v2_development,verification_gap,terminal_quote_log10,-0.028028723600243444
6945,telecom_v2_development,verification_gap,action_count,2.0
6945,telecom_v2_development,verification_gap,seller_concession_ratio,0.05555555555555555
6946,telecom_v2_development,coverage_strength,deal,0.0
6946,telecom_v2_development,coverage_strength,buyer_initial_quote_log10,0.0
6946,telecom_v2_development,coverage_strength,terminal_quote_log10,0.0
6946,telecom_v2_development,coverage_strength,action_count,0.0
6946,telecom_v2_development,coverage_strength,seller_concession_ratio,0.0
6948,telecom_v2_development,coverage_strength,deal,0.0
6948,telecom_v2_development,coverage_strength,buyer_initial_quote_log10,0.0
6948,telecom_v2_development,coverage_strength,terminal_quote_log10,0.0
6948,telecom_v2_development,coverage_strength,action_count,0.0
6948,telecom_v2_development,coverage_strength,seller_concession_ratio,0.0
6948,telecom_v2_development,verification_gap,deal,0.0
6948,telecom_v2_development,verification_gap,buyer_initial_quote_log10,0.0
6948,telecom_v2_development,verification_gap,terminal_quote_log10,-0.018885344160373796
6948,telecom_v2_development,verification_gap,action_count,0.0
6948,telecom_v2_development,verification_gap,seller_concession_ratio,0.0392156862745098
6949,telecom_v2_development,coverage_strength,deal,0.0
6949,telecom_v2_development,coverage_strength,buyer_initial_quote_log10,0.0
6949,telecom_v2_development,coverage_strength,terminal_quote_log10,-0.021189299069938272
6949,telecom_v2_development,coverage_strength,action_count,0.0
6949,telecom_v2_development,coverage_strength,seller_concession_ratio,0.0392156862745098
6949,telecom_v2_development,governance_risk,deal,0.0
6949,telecom_v2_development,governance_risk,buyer_initial_quote_log10,-0.06694678963061329
6949,telecom_v2_development,governance_risk,terminal_quote_log10,-0.02996322337744317
6949,telecom_v2_development,governance_risk,action_count,2.0
6949,telecom_v2_development,governance_risk,seller_concession_ratio,0.05882352941176472
6950,telecom_v2_development,verification_gap,deal,0.0
6950,telecom_v2_development,verification_gap,buyer_initial_quote_log10,0.0
6950,telecom_v2_development,verification_gap,terminal_quote_log10,0.0
6950,telecom_v2_development,verification_gap,action_count,0.0
6950,telecom_v2_development,verification_gap,seller_concession_ratio,0.0
