Id,LogPriceMo,m0_explicit_mean_oof_prediction,m0_explicit_mean_absolute_error,text_baseline_k12_mean_oof_prediction,text_baseline_k12_mean_absolute_error,m1_incremental_k6_mean_oof_prediction,m1_incremental_k6_mean_absolute_error,m1_incremental_k12_mean_oof_prediction,m1_incremental_k12_mean_absolute_error,m1_incremental_k18_mean_oof_prediction,m1_incremental_k18_mean_absolute_error,m1_incremental_k24_mean_oof_prediction,m1_incremental_k24_mean_absolute_error
119,1.6901960800285136,3.159974684982001,1.4697786049534873,3.1606142660207324,1.470418185992218,3.160614266020732,1.470418185992218,3.132529404368128,1.4423333243396146,3.1325294043681287,1.4423333243396146,3.153344425220968,1.4631483451924543
125,3.6989700043360174,3.1079154708324768,0.5910545335035404,3.0877569704563887,0.6112130338796286,3.0877569704563887,0.6112130338796286,3.0877569704563887,0.6112130338796286,3.1168867138067737,0.5820832905292437,3.1010794833129696,0.5978905210230474
132,1.0,1.0335432392640989,0.03354323926409873,1.0122038764506915,0.012203876450691464,1.0220270766833972,0.02202707668339704,1.0223863446697787,0.02238634466977866,1.0226392842206093,0.022639284220609512,1.0562931790609256,0.0562931790609255
138,1.0,1.0335554290741826,0.03355542907418226,1.0124535773274899,0.012453577327489751,1.0120200528178143,0.012020052817813986,1.009453736746104,0.00945373674610388,1.0412003471425015,0.04120034714250152,1.0585354804117384,0.058535480411738464
148,3.1638568026386698,3.567693672981688,0.4464267242182463,3.495383925598002,0.3598876613744619,3.495383925598002,0.3598876613744619,3.534484561290794,0.3914079004104416,3.5623630547395053,0.4041656115972291,3.5386527832145136,0.409159360962483
151,3.9208187539523753,3.604929403928149,0.31901410027840627,3.377170861717134,0.5467726424894213,3.3771708617171337,0.5467726424894215,3.3581767032334158,0.5626420507189601,3.3708227871815133,0.5499959667708615,3.3917843811113335,0.5290343728410416
157,3.3010299956639813,3.27284395357405,0.1583960390489003,3.2425298843095325,0.1496141176411156,3.2437800590796613,0.1508642924112436,3.243406284242391,0.1512380672485137,3.2473518426362338,0.1447945500075813,3.2473518426362338,0.1447945500075814
165,4.397070549959409,3.815898510566339,0.5811720393930704,3.9980148142408405,0.39905573571856856,3.9934332054233606,0.40363734453604855,3.9806409715327247,0.4164295784266846,3.9806409715327242,0.4164295784266846,3.9795741412881354,0.41749640867127413
171,2.762803558542489,3.6669791415360633,0.9041755829935754,3.543647909732845,0.7808443511903567,3.5226705377748586,0.7598669792323703,3.614987201692018,0.8521836431495293,3.6373856719260464,0.8745821133835584,3.642601643398912,0.8797980848564236
172,3.397940008672037,3.3013953690790645,0.19896295637341496,3.3622485914499727,0.18444488120006,3.374086380968399,0.18679795176996883,3.3784418367226414,0.19977671599045727,3.3703050127458427,0.20524256040303596,3.3478232269738877,0.1732760556825638
176,1.0,1.0289514509598519,0.02895145095985203,1.018114979106876,0.01811497910687595,1.0091335164923676,0.009133516492367644,1.0051705639945532,0.0051705639945530905,1.004070307268429,0.004070307268428974,1.00436933956904,0.004369339569040109
177,2.0293837776852097,2.1589820210885073,0.12959824340329754,1.9839856913400393,0.05536658381830408,1.9839856913400393,0.05536658381830406,1.9839856913400393,0.05536658381830408,1.9839856913400393,0.05536658381830408,1.9839856913400393,0.0553665838183041
180,2.330413773349191,2.370268629796727,0.03985485644753621,2.353897643649998,0.034776311534180926,2.353897643649998,0.03477631153418095,2.353897643649998,0.03477631153418095,2.3506767117129073,0.037997243471271404,2.3506767117129073,0.037997243471271425
190,3.765916793966632,3.5996882318096417,0.2986592951185921,3.5946230667257533,0.323083984289139,3.5946230667257533,0.323083984289139,3.5295174693278057,0.33074797590426996,3.514961950399738,0.3453034948323378,3.514961950399738,0.3453034948323379
195,1.0,1.0328752940252248,0.03287529402522499,1.0166885478466783,0.016688547846678326,1.0094590605228457,0.009459060522845763,1.0052858363632384,0.0052858363632383495,1.0049471905964633,0.004947190596463313,1.0051574342489338,0.005157434248934045
199,3.3273589343863303,3.5892469054445244,0.37724018774332346,3.8963321101453516,0.5998096651464715,3.8963321101453516,0.5998096651464716,3.8712496347875325,0.5747271897886526,3.8712496347875325,0.5747271897886526,3.8712496347875325,0.5747271897886526
200,2.3483048630481607,2.1558607980753712,0.19244406497278926,2.352009683861725,0.009504062920154932,2.352009683861725,0.009504062920154977,2.351368064485738,0.01014568229614179,2.3533250134122143,0.012102631222618431,2.353325013412215,0.012102631222618454
207,4.096910013008056,3.63481653893947,0.46209347406858586,3.839850510361257,0.27769952026991285,3.8406869350163384,0.27686309561483213,3.8364016237014,0.2811484069297704,3.8364016237014,0.2811484069297703,3.8364016237013994,0.2811484069297703
210,2.619788758288394,2.6974249120155482,0.1017639007111519,2.6974249120155482,0.10176390071115182,2.6974249120155482,0.10176390071115186,2.6974249120155482,0.10176390071115196,2.6974249120155482,0.10176390071115185,2.6974249120155482,0.1017639007111519
218,2.619788758288394,3.020905702550384,0.4011169442619898,3.0325462295786307,0.4127574712902364,3.0325462295786307,0.4127574712902364,3.039466219979354,0.41967746169096004,3.039466219979354,0.41967746169096004,3.039466219979354,0.41967746169096004
225,3.0,2.776512342659794,0.3384113451818326,2.7641164586411535,0.368052836261316,2.804201737241655,0.36937651208530453,2.804201737241655,0.36937651208530464,2.7934707125437948,0.3881072504834053,2.7814416891033646,0.4001362739238353
227,2.619788758288394,2.6899688673688784,0.12264325092655955,2.6649549196992863,0.10802605459950472,2.6649549196992863,0.10802605459950473,2.648943481136697,0.11237834072824923,2.648943481136697,0.11237834072824915,2.661144040324794,0.10421517522501218
237,3.08218675618735,3.3560101880148245,0.2789957324822227,3.450592859873315,0.37394314504589593,3.450592859873315,0.37394314504589576,3.4799225413693167,0.40327282654189656,3.479922541369316,0.40327282654189656,3.499951690305623,0.42330197547820314
238,1.0,1.034137530012343,0.034137530012342744,1.0153384834754473,0.015338483475447084,1.0134172516532114,0.013417251653211537,1.0114017580076464,0.011401758007646413,1.0061021438320592,0.00610214383205927,1.0042992619263322,0.004299261926332299
246,2.397940008672037,3.3210554587585195,0.9231154500864823,3.2749876348098774,0.8770476261378406,3.2749876348098774,0.8770476261378404,3.274509326566951,0.8765693178949142,3.2793328237521857,0.8813928150801484,3.2793328237521857,0.8813928150801484
247,3.9542425094393248,3.037283986794684,0.9169585226446412,3.0999736855441284,0.8542688238951964,3.089662340989501,0.864580168449824,3.0644223356677327,0.8898201737715923,3.0604022111105946,0.8938402983287304,3.0604022111105946,0.8938402983287306
260,2.619788758288394,2.7096388926238295,0.16232848201209021,2.681496816723622,0.12894448985974521,2.681496816723622,0.1289444898597452,2.69638094063902,0.13988258283410698,2.6955990764447053,0.1391007186397918,2.6955990764447053,0.13910071863979176
265,3.694605198933569,3.625409661601997,0.10116678049317371,3.629637286360225,0.09373901529289905,3.597790070211714,0.11607213563388455,3.5880639811493786,0.1218963605112388,3.5880639811493786,0.12189636051123871,3.5880639811493786,0.12189636051123869
276,1.0,1.0342137981065402,0.03421379810654036,1.0105801459851746,0.010580145985174826,1.0060140744639452,0.006014074463945074,1.0030447028455787,0.0030447028455787505,1.003416892445392,0.00341689244539205,1.003315592291353,0.003315592291353242
278,2.330413773349191,2.374223087728269,0.043809314379077736,2.369380661170376,0.04116964631017974,2.369380661170376,0.04116964631017974,2.369380661170376,0.04116964631017979,2.3674945385400012,0.03928352367980494,2.3674945385400012,0.03928352367980496
281,1.0,1.030233071902324,0.030233071902324084,1.01829225926299,0.018292259262990107,1.0365647486594636,0.0365647486594638,1.0744942704151534,0.07449427041515375,1.1057488373918485,0.10574883739184852,1.122230907556893,0.12223090755689303
285,2.330413773349191,2.3662544999289343,0.03584072657974302,2.3543662824646314,0.033722082919547994,2.3543662824646314,0.033722082919547966,2.3539692040161313,0.033325004471048025,2.347222052611683,0.04007215587549615,2.347222052611683,0.040072155875496174
295,4.397070549959409,3.613150907339876,0.783919642619533,3.5834453438491174,0.8136252061102912,3.5393753436099025,0.8576952063495062,3.535555394947175,0.8615151550122343,3.535555394947175,0.8615151550122342,3.51530037873673,0.8817701712226791
299,4.397070549959409,4.012572149003409,0.3844984009560003,4.132452752903394,0.2646177970560154,4.165433870217095,0.23163667974231422,4.169459568129485,0.22761098182992465,4.1628460605773245,0.23422448938208462,4.158798633457859,0.23827191650155083
300,3.3010299956639813,3.309243015917044,0.14421541495305407,3.3003803563858787,0.14406672499312126,3.3003803563858787,0.1440667249931213,3.3101929275830537,0.12470958940796895,3.3212888895803823,0.11361362741064049,3.3218062263128267,0.11310977084588832
306,1.0,1.0347829615994548,0.03478296159945491,1.0132028649439053,0.013202864943905313,1.0134061399025136,0.013406139902513537,1.0097123552430955,0.009712355243095449,1.0051333995001346,0.005133399500134484,1.0023395031058508,0.0023395031058508044
311,2.903089986991944,3.5229675305982426,0.6554498096179315,3.463467462090435,0.594030371548032,3.4520143092169446,0.5931504807712281,3.4339188625923285,0.5750550341466124,3.4355241824762053,0.5766603540304885,3.4355241824762053,0.5766603540304883
316,3.017728766960432,3.0065669874319525,0.16012994872539402,3.020792260000021,0.1131419100665508,3.020792260000021,0.11314191006655079,3.020792260000021,0.1131419100665508,3.01515758451357,0.11069601901522123,3.01515758451357,0.11069601901522123
319,1.0,1.035617017935468,0.03561701793546777,1.0120894466959791,0.012089446695979101,1.0125336761014991,0.012533676101498959,1.012989931047642,0.0129899310476419,1.0111020300570914,0.01110203005709125,1.001558234760438,0.0015582347604380265
321,2.0293837776852097,2.150971664996706,0.12158788731149643,1.9892650203294415,0.06601793287677138,1.9846608788938742,0.061413791441203756,1.980111124846975,0.06243649821204341,1.985012585827,0.061765498374329764,1.9850125858269998,0.0617654983743298
324,2.920818753952376,3.4298410229341143,0.5090222689817392,3.378361202947185,0.4687200172326246,3.378361202947185,0.46872001723262474,3.378361202947185,0.46872001723262463,3.378361202947185,0.46872001723262463,3.3923117445059354,0.47149299055355975
326,2.834632606336092,3.2371389448224073,0.40308082544582485,3.34678160689509,0.5121490005589991,3.34678160689509,0.5121490005589991,3.3418819945577822,0.5072493882216905,3.3418819945577822,0.5072493882216906,3.341881994557783,0.5072493882216909
332,2.765916793966632,2.7734924022375353,0.0707889938210757,2.8296579241941524,0.09162356299007843,2.8296579241941524,0.09162356299007852,2.8296579241941524,0.09162356299007854,2.8296579241941524,0.09162356299007843,2.8296579241941524,0.09162356299007841
334,1.0,1.0286178897176173,0.028617889717617195,1.0116266123111006,0.011626612311100414,1.0132284372511937,0.013228437251193503,1.0119453102678038,0.011945310267803743,1.0099547347454605,0.009954734745460547,1.0072834809774114,0.007283480977411461
335,1.0,1.0320712444511588,0.03207124445115904,1.0115049993258194,0.011504999325819453,1.007304162186922,0.007304162186922214,1.007562746717523,0.00756274671752305,1.007531571156677,0.0075315711566773195,1.0069607166119696,0.00696071661196993
357,2.920818753952376,2.6680204910756915,0.2527982628766846,2.7932944737897736,0.1344972607885315,2.7932944737897736,0.13449726078853147,2.793294473789774,0.13449726078853147,2.7932944737897736,0.13449726078853147,2.7932944737897736,0.1344972607885315
361,1.0,1.0306540649923304,0.03065406499233031,1.0194225088640807,0.0194225088640808,1.0153500493601588,0.015350049360158779,1.0105063246254535,0.010506324625453301,1.0082110628107945,0.008211062810794367,1.00338666819172,0.003386668191719877
362,2.998186659236532,4.141692490391703,1.1435058311551711,3.932505520657684,0.9343188614211524,3.842988197913072,0.8448015386765408,3.841974269581106,0.8437876103445751,3.8515141030110898,0.8533274437745584,3.849547619624407,0.8513609603878759
368,2.762803558542489,3.616709139200877,0.8539055806583878,3.7045414777537893,0.9417379192113003,3.6267081581916694,0.8639045996491788,3.5971873872540576,0.834383828711568,3.5971873872540576,0.834383828711568,3.5795779244980017,0.8167743659555121
381,1.0,1.0344728979446227,0.03447289794462279,1.011084787267055,0.011084787267054896,1.006879836138564,0.00687983613856401,1.0038981344013527,0.003898134401352582,1.0033153247910254,0.0033153247910253647,1.0033848343969969,0.0033848343969968054
383,4.397070549959409,3.7492108205155703,0.6478597294438391,3.9769017466285277,0.4201688033308805,3.934416144680936,0.46265440527847296,3.895627941035195,0.5014426089242138,3.8956279410351953,0.5014426089242137,3.890511358646357,0.5065591913130515
385,0.6989700043360189,2.4384321384728174,1.8442831053632862,2.44329053900026,1.8491415058907286,2.44329053900026,1.8491415058907286,2.521388747683687,1.9272397145741553,2.521388747683687,1.927239714574155,2.4994845431179766,1.9053355100084448
391,3.5223355376023853,3.6806490205978086,0.2350133270443969,3.606352604893799,0.1415004517485911,3.552259473226819,0.1628620218919428,3.5188776640329693,0.18541676758843909,3.4998019746140208,0.19001370470750137,3.483227026682857,0.1871070778115945
396,3.397940008672037,3.0103923733946756,0.39187349100660607,3.0457968037870518,0.40268398680371253,3.0457968037870518,0.40268398680371253,3.0293195494993648,0.4191612410913999,3.0267636474989956,0.42171714309176894,3.038197725258663,0.4102830653321014
398,4.3979400086720375,3.6564847111110432,0.7414552975609947,3.814619348097544,0.5833206605744929,3.814619348097544,0.5833206605744927,3.814619348097544,0.5833206605744928,3.82465325436079,0.5732867543112473,3.8285224955297905,0.5694175131422463
404,1.0,1.030708941944756,0.030708941944755864,1.0102401997583856,0.010240199758385481,1.0113902985632637,0.011390298563263623,1.0140394706576596,0.014039470657659637,1.0158458802378019,0.015845880237801712,1.0141881178175294,0.014188117817529544
408,3.2218487496163566,3.173668542869492,0.1840641052637527,3.2140851417419127,0.13899973132786703,3.2140851417419127,0.138999731327867,3.2674754042560865,0.17715061974831992,3.2674754042560856,0.17715061974831983,3.2674754042560865,0.17715061974831978
413,1.0,1.030852302014429,0.03085230201442901,1.015344726289722,0.015344726289721977,1.0061261692769228,0.006126169276922955,1.0025777073464184,0.0025777073464184562,1.0018144509378246,0.0018144509378246077,1.00103157595959,0.001031575959589992
418,2.3483048630481607,2.132418260264542,0.21588660278361882,2.3557257036081043,0.008642972704680197,2.3557257036081043,0.008642972704680197,2.355725703608104,0.008642972704680174,2.3538496972236165,0.010518979089168167,2.3538496972236165,0.01051897908916819
419,4.174641192660449,4.004456433220017,0.18346576297942613,4.153981095289058,0.07277281690338419,3.9861943731298455,0.20846546168751007,3.936985998461444,0.25767383635591046,3.9354574186360884,0.2592024161812664,3.9527491733016893,0.24191066151566543
423,3.6989700043360174,3.486938878677216,0.22229465188913808,3.4782858872433984,0.22355854445421225,3.4521094927345786,0.24686051160143893,3.433863572548232,0.2651064317877852,3.433863572548232,0.2651064317877852,3.433863572548232,0.2651064317877851
427,3.397940008672037,3.663505812642563,0.2757867396941537,3.5803227268514077,0.18238271817937052,3.5656607913290963,0.18781838102995124,3.56546874658257,0.18762633628342468,3.56546874658257,0.18762633628342468,3.5663986004293213,0.1885561901301759
433,1.0,1.0315103764139644,0.03151037641396448,1.0094906419094818,0.0094906419094816,1.0087979671690763,0.008797967169076137,1.0055334394973543,0.0055334394973543645,1.004027867919884,0.0040278679198840536,1.0060548173278439,0.006054817327843809
434,1.0,1.0303427912985288,0.030342791298528883,1.0153491827386938,0.015349182738693989,1.0169104626646284,0.01691046266462858,1.0123444690201704,0.012344469020170534,1.0124230536701888,0.012423053670189099,1.010952907677947,0.010952907677947288
441,1.0,1.0320382769099905,0.03203827690999046,1.0137233345656367,0.01372333456563678,1.0127010695517924,0.01270106955179251,1.0139793278120903,0.013979327812090358,1.0173994850746486,0.017399485074648592,1.0159200275992137,0.015920027599213772
456,2.619788758288394,2.7088145404218062,0.08902578213341224,2.7059260351433094,0.08613727685491532,2.7059260351433094,0.08613727685491528,2.7059260351433094,0.08613727685491528,2.7059260351433094,0.0861372768549153,2.7059260351433094,0.08613727685491532
461,2.998186659236532,2.3425081895187,0.6556784697178327,2.3648174993237774,0.7419270856828819,2.345210419052326,0.7618274314836275,2.4421698388865245,0.7571812109356164,2.443468620028651,0.75588242979349,2.42574153995169,0.7714758493812715
471,1.0,1.0323648816105506,0.03236488161055073,1.010648224642802,0.010648224642801985,1.008543044275163,0.008543044275163092,1.0047577039849684,0.0047577039849685645,1.003923949650798,0.003923949650798164,1.0042000515781262,0.00420005157812634
482,2.3483048630481607,2.1496808097648,0.19862405328336036,2.347133710883563,0.010629049669690494,2.347133710883563,0.010629049669690494,2.347133710883563,0.010629049669690449,2.347133710883563,0.010629049669690516,2.3465005387631903,0.011262221790063264
486,3.2218487496163566,3.309771055944951,0.1341511705973738,3.2102475358254545,0.14755467313827367,3.2102475358254545,0.14755467313827367,3.2084797485446446,0.14578688585746374,3.209291423755232,0.16824856835405122,3.2177877514849635,0.17674489608378238
493,1.0,1.0335288520376957,0.03352885203769579,1.014582621591225,0.014582621591224986,1.0134498207210505,0.013449820721050576,1.0109832959272762,0.01098329592727607,1.0195132195253334,0.019513219525333192,1.0131606080908342,0.013160608090834247
495,3.096910013008056,3.371504238337374,0.27459422532931804,3.319634788813006,0.264020815842492,3.3239996988557516,0.268385725885237,3.3239996988557516,0.2683857258852369,3.3239996988557516,0.26838572588523696,3.34166180926326,0.2728888929257217
502,1.0,1.0304083296522717,0.030408329652271627,1.0142493916853128,0.014249391685312918,1.0159957511223294,0.01599575112232924,1.0117743080824657,0.01177430808246559,1.0118826591607062,0.011882659160706244,1.0113489097430144,0.011348909743014413
505,1.0,1.0315383311412958,0.031538331141295686,1.0094784817923619,0.009478481792361848,1.0066950516939879,0.0066950516939877965,1.0035673998573895,0.0035673998573895194,1.0017118927244097,0.0017118927244099912,1.0018258664961301,0.0018258664961302907
507,2.3010299956639813,2.5520731433575228,0.26161461124364394,2.5096735316498835,0.23175172338521258,2.5096735316498835,0.23175172338521258,2.4984940408524574,0.2205722325877865,2.502758172020464,0.22483636375579302,2.502758172020464,0.22483636375579302
508,4.397070549959409,3.471315412177681,0.9257551377817277,3.429925269758948,0.9671452802004608,3.4164869213405256,0.980583628618883,3.435770953317624,0.9612995966417845,3.435770953317624,0.9612995966417847,3.4312507722554257,0.9658197777039836
509,1.0,1.0386653852402015,0.038665385240201335,1.0087243131188726,0.008724313118872628,1.0105343639372368,0.010534363937236857,1.0106142524602413,0.010614252460241235,1.0129772864761304,0.01297728647613039,1.008568228738108,0.00856822873810793
513,3.397940008672037,3.5945467969568297,0.20582508359955068,3.5786727279072514,0.18073271923521492,3.5640107923849405,0.18616838208579573,3.5640107923849405,0.18616838208579573,3.5640107923849405,0.18616838208579575,3.5640107923849405,0.18616838208579573
518,3.544068044350276,4.015197208235313,0.47112916388503717,3.7795145994862303,0.24526455860757945,3.760581026283954,0.23287451095664932,3.73479471754557,0.24963072350840845,3.7347947175455696,0.24963072350840845,3.7347947175455696,0.24963072350840837
519,3.397940008672037,3.3115120011319243,0.12620568148920705,3.2015156170352,0.20856859102979416,3.2015156170352,0.20856859102979416,3.2090566190604264,0.20102758900456835,3.2143406338517506,0.19574357421324434,3.2143406338517506,0.19574357421324437
520,1.0,1.0289402623631114,0.028940262363111303,1.0100015376927334,0.01000153769273332,1.009066947702816,0.00906694770281603,1.0050289187068495,0.005028918706849517,1.004292790552939,0.004292790552939163,1.004321327844849,0.00432132784484911
521,3.1760912590556813,3.316849954002641,0.18255366475596604,3.184011779237319,0.387646641567147,3.1689839128597788,0.3726187751896064,3.167280422086891,0.3709152844167187,3.167280422086891,0.37091528441671884,3.166696526358238,0.3459703659940601
531,3.521791649639124,3.393775498373551,0.33190642808052423,3.373786269452006,0.35266570506651485,3.373786269452006,0.35266570506651485,3.373786269452006,0.35266570506651485,3.3805511266359303,0.3459008478825911,3.3846501672507925,0.3418018072677285
537,1.0,1.0352558725808392,0.035255872580839176,1.0119596226406888,0.01195962264068856,1.011786068449909,0.011786068449908815,1.009357920570357,0.009357920570356837,1.0111286381889297,0.011128638188929663,1.0049060962917855,0.004906096291785645
541,4.397070549959409,3.9978570299674177,0.39921351999199084,4.142049193651016,0.25502135630839307,4.184931441054899,0.2121391089045095,4.155599184427747,0.2414713655316616,4.150850366648615,0.24622018331079448,4.171302185054918,0.22576836490449081
543,1.0,1.0303647613131057,0.030364761313105604,1.0157933343862902,0.015793334386290204,1.0237373552059543,0.023737355205954214,1.0306605645696791,0.030660564569679007,1.0119163642794515,0.011916364279451452,1.002837659384355,0.00283765938435514
547,1.0,1.0345394538938604,0.03453945389386036,1.0162682747399132,0.016268274739913158,1.010399369091476,0.010399369091476162,1.0061089795101517,0.0061089795101516575,1.0034516881037108,0.0034516881037109036,1.003243586158588,0.00324358615858793
559,1.0,1.0294392097321483,0.029439209732148086,1.0130312943562467,0.01303129435624677,1.0111760899165254,0.011176089916525555,1.0069655128503947,0.006965512850394584,1.0045679351998005,0.004567935199800777,1.0032852425668124,0.0032852425668125963
565,3.397940008672037,3.5571925006815848,0.1708194507827709,3.5318796285882543,0.14950211067657967,3.5362452624063265,0.15386774449465207,3.5362452624063265,0.15386774449465226,3.5362452624063265,0.15386774449465215,3.524063227338325,0.1498740475299967
571,1.0,1.036183272820542,0.03618327282054186,1.0150427086164984,0.015042708616498202,1.0104914924164194,0.01049149241641929,1.0093034634323073,0.00930346343230718,1.0077224339906556,0.007722433990655586,1.0038619951782994,0.0038619951782995045
574,2.397940008672037,3.2873917423666144,0.8894517336945779,3.261967783396895,0.8640277747248586,3.250366421275949,0.852426412603912,3.2498881130330233,0.8519481043609856,3.287599631257944,0.8896596225859064,3.2412110024210383,0.8432709937490017
575,2.903089986991944,3.1642768540392074,0.3308259759437207,3.310769909757486,0.4163332283477952,3.3107699097574868,0.4163332283477953,3.3431070101121194,0.44867032870242857,3.3068241722864733,0.4162685103497723,3.3339353796575706,0.44337971772086987
585,2.5228787452803374,3.090820551130523,0.5679418058501854,3.0805891589333174,0.5577104136529804,3.0805891589333174,0.5577104136529804,3.0821092862794517,0.559230540999115,3.040934006841982,0.523582342852535,3.040934006841982,0.523582342852535
588,3.096910013008056,3.23514726934165,0.23981874517106014,3.2676524812337755,0.1936502979628199,3.2676524812337755,0.1936502979628199,3.26717417299085,0.19317198971989372,3.261604304040751,0.18760212076979582,3.2748807893868097,0.20087860611585434
589,2.998186659236532,3.459152997203881,0.46096633796734865,3.4568728327573046,0.458686173520773,3.4665363015955344,0.4683496423590018,3.4371088086694783,0.4389221494329455,3.4371088086694783,0.43892214943294566,3.437977972551682,0.4397913133151496
591,3.916453948549925,2.788211566853028,1.1282423816968965,2.7418543583278385,1.1745995902220865,2.7418543583278385,1.1745995902220865,2.7425065022631583,1.1739474462867672,2.762082167242038,1.154371781307887,2.762082167242038,1.154371781307887
592,2.619788758288394,2.7034194173850024,0.08363065909660801,2.7028376186337306,0.08304886034533636,2.7028376186337306,0.08304886034533636,2.7028376186337306,0.08304886034533629,2.7028376186337306,0.08304886034533636,2.7028376186337306,0.08304886034533632
596,1.0,1.0324887177140736,0.032488717714073356,1.0103861983329563,0.010386198332956264,1.0075815687747374,0.007581568774737391,1.0104238009089062,0.010423800908906234,1.0112231624986476,0.01122316249864771,1.010775724756582,0.010775724756581973
597,2.330413773349191,2.3676412946422176,0.03722752129302649,2.3547181369732533,0.03505738919150718,2.3547181369732533,0.03505738919150718,2.3547181369732533,0.03505738919150721,2.3547181369732533,0.03505738919150716,2.3547181369732533,0.03505738919150716
602,1.0,1.0331400453498873,0.03314004534988742,1.014821555320377,0.014821555320376868,1.0133307161719425,0.013330716171942347,1.011166508202163,0.011166508202163061,1.0082921412124513,0.008292141212451188,1.0097270840460921,0.009727084046092294
608,4.397070549959409,3.3644979944813636,1.0325725554780454,3.364082571907292,1.0329879780521163,3.3513988942078443,1.0456716557515648,3.329328661915093,1.0677418880443161,3.329328661915093,1.0677418880443161,3.322321404661923,1.0747491452974856
610,2.0293837776852097,2.167469610167192,0.1380858324819831,2.016633425160421,0.03807082094816435,2.016633425160421,0.03807082094816433,2.016633425160421,0.03807082094816433,2.01285211246267,0.04185213364591578,2.009741744991192,0.04496250111739362
614,1.0,1.0319537489829451,0.03195374898294475,1.0099392528393012,0.009939252839301282,1.0104047375821799,0.010404737582179824,1.0106554766100178,0.010655476610017745,1.0164429439779075,0.0164429439779073,1.0140227250900211,0.014022725090021237
617,1.0,1.0304126749339917,0.030412674933991746,1.008532723318945,0.008532723318944868,1.0066874391419174,0.006687439141917462,1.0049202221417504,0.0049202221417502965,1.0022299053895727,0.002229905389572706,1.0026442052504287,0.0026442052504287218
618,2.335625033453388,2.9865329573599695,0.6509079239065811,2.9850707905119354,0.6494457570585472,2.9747182724573986,0.63909323900401,2.9950128236135205,0.6593877901601318,2.9950128236135205,0.6593877901601319,2.999221441054751,0.6635964076013627
620,4.174641192660449,3.8535831693221936,0.32105802333825484,4.081184401305538,0.11144515300142141,4.052851480495466,0.14020889938870545,4.050815940412012,0.14224443947215884,4.054679102170593,0.1383812777135783,4.05091431025532,0.14214606962885176
622,2.638073066714925,3.19484912208885,0.5567760553739258,3.192903767650481,0.5548307009355559,3.192903767650481,0.5548307009355563,3.2071576250609026,0.5690845583459777,3.210612944112154,0.572539877397229,3.1650156746520066,0.5798960617087582
625,4.3979400086720375,3.5525940143751513,0.8453459942968863,3.6280956662576087,0.7698443424144288,3.6280956662576087,0.7698443424144286,3.6459079303584487,0.7520320783135886,3.6459079303584487,0.7520320783135886,3.6459079303584483,0.7520320783135886
630,3.4771212547196626,2.8690630162697772,0.6316457002284376,3.3211890524661087,0.2791964634627502,3.3211890524661087,0.2791964634627502,3.2670380043498626,0.3151292849678001,3.218784126179375,0.3633831631382872,3.245934848121135,0.3362324411965277
634,1.0,1.0383062721096332,0.03830627210963298,1.008526942495839,0.00852694249583914,1.0075567357889728,0.007556735788972857,1.0064019131247257,0.006401913124725567,1.0076289842599193,0.00762898425991948,1.0060042857331375,0.006004285733137526
637,1.0,1.031090062418391,0.031090062418390872,1.0140860739047743,0.014086073904774354,1.0115832850680637,0.01158328506806342,1.0059263348985241,0.005926334898524177,1.0035375868651895,0.0035375868651893795,1.0036159403272777,0.0036159403272777333
638,3.397940008672037,2.9212794573977625,0.476880249313046,3.0317357994403724,0.36620420923166463,3.0556824243174376,0.3422575843545996,3.036699548981067,0.3612404596909703,3.0068556913900646,0.3910843172819729,3.018657389190116,0.3792826194819214
641,3.850237679666668,3.7215407350124297,0.22876368564379918,3.513726261248935,0.3832072913409325,3.513726261248935,0.3832072913409326,3.5109402437317963,0.3859933088580715,3.4881922912052326,0.408741261384635,3.4708361821046254,0.4260973704852426
643,1.0,1.0321638720497464,0.032163872049746224,1.0160116195300124,0.016011619530012143,1.0133005163081878,0.013300516308187849,1.015928954097226,0.01592895409722589,1.006023992868545,0.0060239928685450915,1.005104659560422,0.005104659560422031
648,2.3483048630481607,2.1511889047484587,0.19711595829970197,2.3579771517440635,0.011605703899511233,2.3579771517440635,0.011605703899511299,2.3579771517440635,0.011605703899511276,2.3599341006705403,0.013562652825987943,2.3599341006705403,0.01356265282598792
650,3.845098040014257,3.139650293146638,0.7054477468676186,3.252581065179163,0.592516974835094,3.252581065179163,0.592516974835094,3.2464645786698307,0.5986334613444261,3.25743621064929,0.5876618293649671,3.25743621064929,0.5876618293649671
654,1.0,1.0351452412832594,0.03514524128325941,1.0172119267810473,0.017211926781047427,1.0165134165094485,0.016513416509448785,1.0085149194382161,0.008514919438216395,1.0070342118929307,0.007034211892930986,1.0089573209985612,0.008957320998561325
655,4.397070549959409,4.012688766377892,0.3843817835815164,4.159091028238644,0.23797952172076425,4.19777968675301,0.1992908632063996,4.153426316736786,0.24364423322262257,4.169129317363957,0.22794123259545196,4.167453950830698,0.22961659912871055
664,3.2218487496163566,3.282372195675083,0.13171061141023865,3.306683999701143,0.1479638255687599,3.306683999701143,0.14796382556875978,3.3108495868994914,0.16676059015503414,3.3036063980552286,0.16932981137632494,3.303606398055229,0.16932981137632488
665,1.0,1.031696399093038,0.031696399093037675,1.013700372299911,0.013700372299910802,1.010600456649929,0.010600456649928902,1.0063697065114625,0.00636970651146238,1.00465212214301,0.004652122143010129,1.0050030447211913,0.005003044721191519
670,2.619788758288394,3.0835487592177717,0.4637600009293779,3.1083220989609472,0.48853334067255283,3.1083220989609472,0.4885333406725529,3.110987250806253,0.4911984925178584,3.1197361449441905,0.49994738665579597,3.1197361449441905,0.4999473866557958
671,3.151267675330649,3.2529318266231138,0.20079633210964518,3.1672953457458464,0.17495324539575624,3.1672953457458464,0.1749532453957563,3.1672953457458464,0.1749532453957562,3.1604077513860886,0.1731774550367366,3.160407751386089,0.17317745503673665
672,1.0,1.0291971292585569,0.02919712925855684,1.0178587219450026,0.01785872194500273,1.0105696005876617,0.010569600587661643,1.0071339337998495,0.007133933799849534,1.0057607836238454,0.005760783623845545,1.0047099379562927,0.004709937956292765
675,3.397940008672037,3.537443838919285,0.24954448333273965,3.536862324854261,0.15337470171050344,3.536862324854261,0.15337470171050333,3.5364911065364657,0.15300348339270775,3.5249285576359966,0.1414409344922389,3.5249276912117415,0.14144006806798332
679,4.397070549959409,4.052315559737302,0.34475499022210776,3.766069774561958,0.6310007753974514,3.7374678502555794,0.6596026997038298,3.7148850779289084,0.6821854720305012,3.7425164918293397,0.6545540581300701,3.7234338041699906,0.6736367457894187
682,1.0,1.0349307350194694,0.034930735019469264,1.0115360774668605,0.011536077466860561,1.0100835996191952,0.01008359961919525,1.0072067564439895,0.00720675644398946,1.003340860796569,0.0033408607965690895,1.0034984392762991,0.0034984392762992477
683,2.903089986991944,3.1576967310389246,0.36046419669170515,3.1744240694581443,0.4062864216278368,3.1744240694581434,0.4062864216278366,3.1393222046936957,0.389291749695962,3.1393222046936957,0.389291749695962,3.139322204693695,0.3892917496959619
688,3.305351369446624,3.0523980236031782,0.312502786114912,3.0757675919248877,0.24827730979214344,3.065150104832736,0.26283166434805283,3.0774742840400284,0.24556489963992748,3.0543338191533165,0.2687053645266394,3.057284470838587,0.26575471284136937
691,3.4771212547196626,3.220133447974707,0.26204804765722195,3.1490426698153033,0.33313882581662535,3.149042669815304,0.33313882581662535,3.151887526146139,0.33029396948578993,3.1669192876503685,0.3152622079815604,3.1637915019084657,0.3133297528111968
693,2.619788758288394,2.8515915000988654,0.26603517695709533,2.9405410310477906,0.32845363545318856,2.9645203237973927,0.34788227696663887,2.9558313001200305,0.35077769998015046,2.991131236175052,0.3860776360351718,2.991131236175052,0.38607763603517187
695,1.0,1.035017881718127,0.03501788171812681,1.0152872897476513,0.015287289747651223,1.0175087461875407,0.01750874618754069,1.0119253316895542,0.011925331689554198,1.0103521140163974,0.010352114016397306,1.0022481238639185,0.002248123863918394
698,3.397940008672037,2.529868650015781,0.8680713586562552,2.5563871039241137,0.8415529047479234,2.5563871039241137,0.8415529047479232,2.5563871039241137,0.8415529047479235,2.5292010581830917,0.8687389504889451,2.539930037202513,0.8580099714695235
699,3.9208187539523753,3.775426300231577,0.33871981583455674,3.9581102450702756,0.2594240763679883,3.9581102450702774,0.2594240763679885,3.9581102450702765,0.25942407636798837,3.9581102450702765,0.25942407636798837,3.9581102450702774,0.2594240763679885
700,1.0,1.0274972892866592,0.027497289286659087,1.0160304408910248,0.016030440891024556,1.015840777764413,0.01584077776441295,1.013855288329904,0.01385528832990376,1.023764546710759,0.023764546710759105,1.0196083139423335,0.01960831394233361
701,2.619788758288394,2.712696993196844,0.09290823490845015,2.7113613631200715,0.09157260483167759,2.7113613631200715,0.09157260483167758,2.724881498063504,0.10509273977511031,2.7091784974363335,0.08938973914793971,2.7091784974363335,0.08938973914793957
703,1.0,1.028545704120494,0.02854570412049361,1.011696693971312,0.0116966939713119,1.0121654479458821,0.012165447945882101,1.0061226315789953,0.006122631578995496,1.0043685480031728,0.004368548003172745,1.0037321557316552,0.003732155731655251
708,1.0,1.0335428139627034,0.033542813962703436,1.011031219009253,0.011031219009253102,1.0120260100988392,0.012026010098838946,1.0052723078833743,0.005272307883374161,1.0036708664432819,0.003670866443281862,1.0018485714156025,0.001848571415602529
711,4.397070549959409,3.836334043235817,0.5607365067235921,4.038814437996002,0.3582561119634066,3.9930371239931555,0.40403342596625275,3.996605801983651,0.40046474797575715,3.9986686425437457,0.39840190741566295,4.009188301792477,0.3878822481669312
718,2.1760912590556813,2.428146545773491,0.2520552867178099,2.5012979481538995,0.3252066890982178,2.4980966776328843,0.32200541857720283,2.492472209054671,0.31638094999898936,2.492472209054671,0.31638094999898936,2.5196229309964306,0.34353167194074896
719,1.0,1.0348795524898438,0.03487955248984359,1.01208786104982,0.01208786104982008,1.0041278620353369,0.0041278620353369265,1.0027667876477087,0.002766787647708646,1.0020781709381827,0.0020781709381828884,1.0024722779145863,0.002472277914586496
721,2.0293837776852097,2.153549460759834,0.12416568307462413,1.9927611404023924,0.04837966838350578,1.9927611404023924,0.048379668383505756,1.9927611404023924,0.04837966838350578,1.9845961533469656,0.04957271567067154,1.9845961533469656,0.04957271567067158
723,1.0,1.0315180028451676,0.03151800284516779,1.0069480333425798,0.0069480333425796514,1.0072299705270726,0.0072299705270724825,1.0049196059525325,0.004919605952532336,1.0026765895266343,0.002676589526634232,1.0023310069530367,0.0023310069530365963
728,3.4771212547196626,3.2618050871999897,0.22896054371989827,3.273102373076185,0.2771430013053372,3.2580745066986445,0.2647994683951068,3.2299896450460404,0.2928843300477104,3.2299896450460404,0.2928843300477104,3.2308690336474855,0.29200494144626593
735,2.619788758288394,2.7218617908344998,0.10207303254610507,2.7184041156729037,0.09861535738450922,2.7184041156729037,0.09861535738450919,2.7184041156729037,0.09861535738450924,2.7184041156729037,0.09861535738450929,2.7184041156729037,0.09861535738450926
739,1.0,1.0360010288144117,0.03600102881441171,1.0073550389191142,0.007355038919114221,1.0055572959285808,0.005557295928580852,1.0052578137459938,0.005257813745993867,1.0072830814762568,0.007283081476256825,1.0088999599726658,0.008899959972665938
740,1.0,1.0361530454133052,0.03615304541330513,1.0167963533477304,0.01679635334773044,1.0213330101645584,0.021333010164558276,1.0188993029136426,0.018899302913642824,1.0101091045112645,0.010109104511264644,1.0111410163050638,0.011141016305064122
748,1.0,1.03292544123468,0.03292544123467992,1.0122839146228597,0.012283914622859804,1.0070304791241615,0.007030479124161304,1.0047283104101847,0.004728310410184677,1.0024633718311826,0.002463371831182626,1.002515565180491,0.0025155651804908753
749,1.0,1.0395602871508496,0.039560287150849346,1.0107324866614802,0.010732486661480323,1.0107324866614804,0.010732486661480346,1.0076883772847736,0.007688377284773684,1.0058451176394405,0.005845117639440655,1.0058400752044392,0.005840075204439299
750,3.5223355376023853,4.095176556868057,0.5728410192656725,3.7790673345239525,0.25874945573446934,3.764759783669509,0.24444190488002587,3.746150765678977,0.23776504156264125,3.746150765678977,0.23776504156264106,3.7461507656789776,0.23776504156264117
751,1.0,1.0305692233612302,0.030569223361230257,1.0162262760215475,0.01622627602154735,1.0171462915269107,0.01714629152691057,1.033028210503058,0.033028210503057896,1.0283558744736432,0.028355874473643274,1.0595284600252302,0.05952846002523021
752,2.762803558542489,3.914655339390599,1.1518517808481097,3.8041131494759517,1.0413095909334626,3.806385909304577,1.0435823507620878,3.815629786915872,1.052826228373383,3.8110675421744773,1.0482639836319885,3.8628305970595216,1.100027038517032
770,2.330413773349191,2.3731221416199038,0.04270836827071245,2.3496242458866394,0.03893170519730575,2.3496242458866394,0.03893170519730573,2.3496242458866394,0.03893170519730578,2.3496242458866394,0.03893170519730573,2.3496242458866394,0.03893170519730575
773,1.0,1.029132589197847,0.029132589197846892,1.0147257739534443,0.014725773953444144,1.0128633482725322,0.012863348272532072,1.0086371182647873,0.008637118264787325,1.010964129495885,0.010964129495885133,1.0072847409555803,0.007284740955580349
774,3.839792184445329,3.002763525141698,0.8370286593036307,3.0770478538943604,0.762744330550969,3.0687628581921667,0.7710293262531621,3.0300272018347028,0.8097649826106268,3.0334825208859537,0.8063096635593752,3.027878998577188,0.811913185868141
778,1.0,1.0300144593797265,0.03001445937972641,1.0103533691136835,0.01035336911368322,1.0059399408643124,0.005939940864312243,1.0057538501823895,0.005753850182389541,1.004262272042665,0.004262272042665227,1.0047436576845976,0.004743657684597735
783,2.998186659236532,4.162675255117735,1.164488595881203,3.9110254883560103,0.9128388291194776,3.9004591156190775,0.9022724563825453,3.8839701153975725,0.8857834561610396,3.8839701153975725,0.8857834561610396,3.8839701153975725,0.8857834561610396
785,1.0,1.036412977988103,0.03641297798810298,1.0162210807864753,0.016221080786475474,1.0139500563300203,0.013950056330020544,1.005806212714791,0.0058062127147913145,1.0102778335042242,0.010277833504224298,1.010041283887431,0.010041283887431151
787,3.4771212547196626,3.336995418107853,0.15878555962778565,3.3388682751338585,0.19747529609085193,3.3388682751338585,0.19747529609085201,3.3388682751338585,0.19747529609085196,3.3388682751338585,0.19747529609085188,3.3329220643644506,0.20342150686025998
788,2.3010299956639813,2.43367162037111,0.1549224967632214,2.455103860641569,0.1579193368066427,2.459381819815844,0.16219729598091753,2.460712638789967,0.16517120987027997,2.460712638789967,0.16517120987028,2.4878633607317266,0.19067883689679993
790,4.397070549959409,3.3716640053091758,1.0254065446502338,3.3849150953661025,1.0121554545933074,3.544893647145932,0.8521769028134777,3.5556090007540546,0.8414615492053553,3.5556090007540546,0.8414615492053553,3.5556090007540546,0.8414615492053553
792,3.0,3.3623436001747806,0.3984606028747005,3.394908751737178,0.4273839263911555,3.397955025167021,0.4304301998209987,3.3964464175251132,0.4289215921790908,3.3964464175251132,0.4289215921790908,3.416071382598229,0.41607138259822946
798,1.0,1.034537930685686,0.03453793068568604,1.0132147954537718,0.013214795453771733,1.0098596926791508,0.009859692679150734,1.0102350231965027,0.010235023196502501,1.0038222347049512,0.0038222347049512773,1.0039982582897053,0.0039982582897052695
804,2.998186659236532,4.064366452645292,1.0661797934087596,4.209938920536604,1.2117522613000715,4.236095834924227,1.2379091756876952,4.273344870594055,1.2751582113575224,4.264324606085071,1.2661379468485392,4.273344870594055,1.2751582113575224
806,1.0,1.0370371685652822,0.037037168565281955,1.010447358116592,0.010447358116591966,1.008566612747734,0.008566612747733826,1.0048560522737593,0.004856052273759115,1.005478691451755,0.0054786914517550135,1.0061338662075694,0.0061338662075691944
808,1.0,1.0321651304931965,0.032165130493196595,1.0113725927309465,0.011372592730946384,1.008561522233519,0.008561522233518925,1.0037850834159294,0.0037850834159292137,1.0020876128131806,0.002087612813180617,1.0015649637778945,0.0015649637778946124
809,1.0,1.0271702687365785,0.027170268736578528,1.0153804709046839,0.015380470904683686,1.0173484230529697,0.017348423052969485,1.016454108012482,0.016454108012481938,1.0272351743530503,0.02723517435305022,1.01970984002948,0.01970984002948011
824,1.0,1.0302290004085246,0.03022900040852471,1.012449804416308,0.012449804416307875,1.0322748200398504,0.03227482003985027,1.0627919415046776,0.0627919415046776,1.0748257708604034,0.07482577086040341,1.0713437437714846,0.07134374377148461
828,3.096910013008056,3.46717298406098,0.4911489602245063,3.455060286794178,0.42899830243884374,3.455060286794178,0.42899830243884374,3.4137972985931584,0.43497176803807475,3.4191265318588457,0.438309910601183,3.4220771835441157,0.4412605622864533
831,1.0,1.0284195685259507,0.0284195685259508,1.0123530264349838,0.012353026434983738,1.0087223588006116,0.00872235880061154,1.0068657857963168,0.0068657857963168815,1.0053920567288759,0.00539205672887616,1.0053667254830565,0.005366725483056356
837,3.661181443446619,3.1771434785701564,0.48403796487646283,3.1806689492492404,0.48051249419737874,3.1806689492492404,0.4805124941973788,3.190802870099282,0.4703785733473372,3.2139446626061785,0.4472367808404408,3.213758017155911,0.4474234262907081
839,3.6989700043360174,3.7009349115026766,0.1444949918124888,3.7557298534249797,0.16569056083059128,3.7557298534249797,0.1656905608305914,3.7557298534249797,0.16569056083059136,3.75572985342498,0.16569056083059133,3.7557298534249797,0.16569056083059144
841,2.330413773349191,2.392782084439984,0.06236831109079231,2.3754806803552095,0.06300504354014731,2.3754806803552095,0.06300504354014727,2.373594557724834,0.0611189209097724,2.366847406320386,0.0678660723142206,2.3668474063203857,0.06786607231422057
842,2.4771212547196626,2.007014307550075,0.4701069471695874,2.020465576898581,0.45665567782108135,2.020465576898581,0.45665567782108135,2.020465576898581,0.45665567782108135,2.0241230966458637,0.45299815807379895,2.0241230966458637,0.45299815807379895
851,2.765916793966632,2.7544830102642868,0.08667984853132604,2.83063510372713,0.08425292653446814,2.83063510372713,0.08425292653446818,2.83063510372713,0.08425292653446818,2.83063510372713,0.08425292653446814,2.83063510372713,0.08425292653446821
860,3.3010299956639813,3.0232616211220815,0.29871512404194306,3.0631426496116094,0.25167952718799586,3.0631426496116103,0.2516795271879958,3.091730529933167,0.2261314017972813,3.1162339388063662,0.20162799292408273,3.1247302665360968,0.2101220801515586
861,4.397070549959409,3.456641630221822,0.940428919737586,3.4785004546086378,0.9185700953507709,3.558533628797928,0.8385369211614812,3.684572812784828,0.71249773717458,3.684572812784828,0.71249773717458,3.6949069666315553,0.7021635833278532
864,2.619788758288394,2.7140691411217905,0.09428038283339606,2.7149005857307134,0.09511182744231925,2.7149005857307134,0.09511182744231919,2.7251153965145853,0.10532663822619089,2.740818397141756,0.12102963885336152,2.740818397141756,0.12102963885336157
867,3.929418925714293,3.1969101091734093,0.7325088165408835,3.3187832106828643,0.6106357150314284,3.318783210682864,0.6106357150314284,3.3252998407403225,0.6041190849739697,3.3252998407403225,0.6041190849739699,3.3293988813551847,0.6000200443591075
870,4.397070549959409,4.038879992720013,0.35819055723939586,4.1280510612987635,0.2690194886606458,4.163598775067827,0.23347177489158116,4.190632427043473,0.20643812291593608,4.190632427043473,0.20643812291593613,4.189113085257949,0.20795746470145993
882,4.397070549959409,4.041069436596414,0.35600111336299434,4.073685308792709,0.3233852411666993,4.024238460191375,0.37283208976803417,4.013542367138323,0.38352818282108564,4.004541395649142,0.39252915431026647,4.003751008054279,0.39331954190512936
893,2.0293837776852097,2.1725299058227763,0.14314612813756672,2.0085190668433373,0.05429394957430794,2.0085190668433373,0.054293949574307956,2.0085190668433373,0.05429394957430792,2.0003540797879102,0.05548699686147366,1.9984809091754225,0.05385869106302939
896,1.0,1.0319573195766252,0.03195731957662521,1.0135420088335123,0.013542008833512132,1.0140107628080826,0.014010762808082344,1.0087665152989254,0.008766515298925259,1.0053145827378047,0.005314582737804841,1.0056480601464548,0.005648060146455025
900,2.619788758288394,2.6989484158684967,0.15423482386671308,2.63719422389703,0.1602592413171622,2.6371942238970307,0.16025924131716215,2.6220844734501876,0.14120345992928268,2.613980847932002,0.1477433570588379,2.613980847932002,0.14774335705883784
901,2.0293837776852097,2.1531309558456497,0.12374717816043972,1.968084412388474,0.0714553496068253,1.968084412388474,0.07145534960682529,1.968084412388474,0.07145534960682529,1.9796951304195827,0.08306606763793362,1.9900024711540971,0.08804581236875306
906,1.0,1.030924943550811,0.03092494355081077,1.0126216760813918,0.012621676081391708,1.0090885982105728,0.00908859821057284,1.0038205448053765,0.0038205448053764803,1.0032036197654217,0.003203619765421939,1.0033818304784823,0.003381830478482295
913,1.0,1.0364636444455706,0.03646364444557078,1.0183925399474911,0.018392539947491026,1.012962252281775,0.012962252281774967,1.004756544869746,0.004756544869746149,1.0034942683646606,0.003494268364660513,1.0015360856042341,0.0015360856042339831
920,1.0,1.0353954809060164,0.03539548090601635,1.0059259449797369,0.005925944979736942,1.007094192618429,0.007094192618428985,1.007171175810413,0.007171175810412956,1.0092738342617846,0.00927383426178462,1.0106301689921977,0.010630168992197774
924,2.0293837776852097,2.1473718332348226,0.11798805554961285,1.9980365998933838,0.05027555460791947,1.993432458457816,0.04567141317235183,1.989651145760065,0.049452725870103256,1.9894312959450648,0.04923287605510311,1.986320928473587,0.052343243526580964
925,1.7781512503836436,2.8080449792538156,1.0298937288701713,2.9516463595716833,1.1734951091880386,2.975814555698716,1.197663305315072,2.950716416277474,1.1725651658938303,2.931116654413562,1.1529654040299182,2.951620722248376,1.1734694718647323
927,1.0,1.028822249261395,0.028822249261394893,1.0093479922804667,0.009347992280466611,1.0083713446343918,0.008371344634391754,1.00716848771834,0.007168487718340055,1.0047487806334545,0.004748780633454408,1.005552188081222,0.005552188081222031
929,2.903089986991944,3.238301270212125,0.4113568085524246,3.188151312645095,0.442411437416253,3.1881513126450947,0.4424114374162529,3.1881513126450947,0.442411437416253,3.188151312645095,0.442411437416253,3.1881513126450947,0.4424114374162529
932,2.3483048630481607,2.168267349305542,0.18003751374261795,2.3511394128165657,0.007050966037724082,2.3511394128165657,0.0070509660377240605,2.3518301460387905,0.0063602328154992675,2.3518301460387905,0.006360232815499312,2.3518301460387905,0.0063602328154992675
941,1.0,1.0313902053267987,0.03139020532679852,1.0145233637284954,0.014523363728495631,1.0153559403010983,0.015355940301098325,1.008667049749866,0.008667049749865718,1.0073043254813128,0.007304325481312701,1.001877518666874,0.001877518666874045
951,2.6989700043360187,3.111139763400551,0.4121697590645331,3.1311375294614137,0.4413747198783521,3.107944279373038,0.4181814697899763,3.1243481707617913,0.43282061935882005,3.12969158097128,0.4381640295683086,3.12969158097128,0.4381640295683088
953,1.0,1.0282047751117147,0.02820477511171481,1.010146686744799,0.010146686744799049,1.0065073661987811,0.006507366198781328,1.0065521059340994,0.006552105934099351,1.0063712807974712,0.006371280797471124,1.0068935727111141,0.00689357271111406
956,1.0,1.0302526571981199,0.03025265719811976,1.0141806465228425,0.014180646522842556,1.0144960060943813,0.01449600609438111,1.01057443100183,0.010574431001829965,1.0119836892619443,0.011983689261944208,1.008119780068148,0.008119780068147897
960,3.397940008672037,3.610311828985767,0.215318672991104,3.574630220604508,0.17669021193247209,3.574630220604508,0.17669021193247197,3.564368774065322,0.16642876539328583,3.564368774065322,0.16642876539328583,3.564367907641066,0.16642789896903024
962,2.619788758288394,2.7251383814923043,0.10534962320390995,2.7251383814923043,0.1053496232039099,2.7251383814923043,0.10534962320390988,2.7251383814923043,0.1053496232039099,2.7251383814923043,0.1053496232039099,2.7251383814923043,0.10534962320390986
963,2.0293837776852097,2.165674330034887,0.13629055234967763,1.9899553204207745,0.0587494161710048,1.9899553204207745,0.058749416171004806,1.9899553204207745,0.05874941617100478,1.9899553204207745,0.05874941617100478,1.9899553204207745,0.058749416171004785
969,1.0,1.031862753689884,0.03186275368988382,1.0126831446538591,0.012683144653859068,1.0112807959162575,0.01128079591625748,1.0170583124316264,0.01705831243162631,1.0080994375272136,0.008099437527213671,1.0084113429919705,0.008411342991970628
972,4.174641192660449,3.6013381677587852,0.5733030249016642,3.655162385973873,0.5407393591085972,3.4416555823410304,0.7398640243383083,3.439401072907046,0.7421185337722929,3.439401072907045,0.7421185337722929,3.446511779353878,0.7350078273254608
975,2.88930170250631,3.1841693400479736,0.40906586469074246,3.1469120567264235,0.32400961032227826,3.1925335397966257,0.3682739376422669,3.1954083594982343,0.37114875734387487,3.2055012280986945,0.38124162594433475,3.2055012280986945,0.38124162594433464
976,1.0,1.0333598433469802,0.033359843346979876,1.0091324155241423,0.00913241552414249,1.0073509206102504,0.007350920610250411,1.0074279038022342,0.0074279038022343705,1.0090667987539668,0.009066798753966931,1.0091989553804577,0.009198955380457863
986,1.0,1.0295924781589734,0.029592478158973513,1.0192435202080987,0.019243520208098573,1.0175472699001031,0.01754726990010319,1.0154263175718383,0.015426317571838455,1.0125669938131165,0.01256699381311659,1.0070936841011993,0.0070936841011992715
992,3.146128035678238,3.116032359212034,0.20685070598815986,3.2647647859331412,0.25411106685615803,3.2647647859331412,0.25411106685615803,3.2495563019333766,0.22729332980832745,3.26084431768329,0.2385813455582415,3.207285258179778,0.2561683111573907
996,3.2218487496163566,3.6128518753221606,0.42042176549963567,3.672385618837346,0.48269654416044805,3.672385618837347,0.4826965441604482,3.6596891691713886,0.47000009449449054,3.6596891691713886,0.47000009449449054,3.6498824340501956,0.46019335937329797
997,1.0,1.0368847777063368,0.036884777706336455,1.0145441689603532,0.014544168960353255,1.00716826798289,0.007168267982890097,1.0066674598525291,0.0066674598525289785,1.0018213205248416,0.0018213205248415853,1.0034016404185335,0.0034016404185335134
999,2.0293837776852097,2.1617809205555973,0.13239714287038842,1.9998390452078727,0.06641221034872116,1.9998390452078727,0.06641221034872116,1.9998390452078727,0.06641221034872122,1.9998390452078727,0.06641221034872119,1.9998390452078727,0.06641221034872119
1001,2.3483048630481607,2.1490089872314626,0.1992958758166984,2.3450123118215425,0.003517576727763272,2.3450123118215425,0.003517576727763294,2.3450123118215425,0.0035175767277632495,2.3450123118215425,0.0035175767277632495,2.3450123118215425,0.003517576727763294
1007,2.619788758288394,2.9866237611312862,0.49212371675986005,2.993874880131248,0.4680021110430018,3.0207663228796555,0.46302357138687134,3.0338934875013766,0.4748616658603986,3.015842144254285,0.4568103226133065,3.014989294886017,0.45595747324503844
1015,1.0,1.0333891380555915,0.03338913805559142,1.0130346401995847,0.013034640199584757,1.0114978142810538,0.011497814281053797,1.0123745727142412,0.01237457271424135,1.013742295836157,0.013742295836157326,1.0092867882325647,0.009286788232564857
1017,1.0,1.035350017983661,0.03535001798366081,1.0140570879236877,0.014057087923687539,1.0216458935726003,0.021645893572600116,1.073985625266737,0.07398562526673681,1.0947872700693124,0.09478727006931223,1.0949966241629678,0.09499662416296765
1018,2.335792101923193,3.0399503019741556,0.7041582000509623,3.0231724796760497,0.6873803777528565,3.0231724796760497,0.6873803777528569,3.0142312641621003,0.6784391622389075,3.031784768610748,0.6959926666875551,3.031784768610748,0.695992666687555
1023,2.4771212547196626,2.3907032148923504,0.1460525871844643,2.3819078362418056,0.15303330142481963,2.3819078362418056,0.15303330142481963,2.376283367663592,0.15865777000303308,2.3805474988315987,0.15439363883502658,2.4076982207733577,0.1622921399559784
1035,2.3010299956639813,2.125252923741651,0.19467239489178068,2.1172847476806558,0.21619907365081428,2.1172847476806558,0.21619907365081437,2.1679680377211654,0.2432447891695068,2.170083268292321,0.24112955859835097,2.1757006377880734,0.23551218910259805
1038,2.619788758288394,2.7205962552161362,0.10080749692774245,2.6910057449579408,0.10415807690680742,2.6910057449579403,0.10415807690680731,2.713618685794459,0.11880833599493608,2.6979156851672883,0.10310533536776538,2.6979156851672883,0.10310533536776537
1047,1.0,1.0344454859128551,0.03444548591285555,1.0162209735063406,0.016220973506340684,1.0163551369065125,0.01635513690651256,1.0147787115484834,0.014778711548483514,1.008491417354411,0.008491417354411158,1.0046593556169163,0.004659355616916272
1050,2.998186659236532,3.9025559470907103,0.9043692878541794,3.8186903705903106,0.8205037113537784,3.8252727538124573,0.8270860945759259,3.829078702209067,0.8308920429725349,3.8413174690238696,0.843130809787338,3.842198579345356,0.8440119201088241
1052,4.0,3.475483763922243,0.5335177631340496,3.4948135705478487,0.514187956508444,3.4948135705478487,0.514187956508444,3.488193037162021,0.520808489894272,3.488193037162021,0.520808489894272,3.488193037162021,0.520808489894272
1058,1.0,1.032579691779625,0.032579691779625,1.014677170049659,0.014677170049659061,1.0264192036759272,0.026419203675927018,1.041091279314187,0.041091279314187046,1.0537372203410393,0.05373722034103935,1.056286470420367,0.05628647042036693
1060,2.920818753952376,2.6773682650398802,0.24345048891249546,2.7895529053604986,0.13126584859187723,2.7895529053604986,0.13126584859187712,2.7895529053604986,0.13126584859187718,2.7895529053604986,0.13126584859187715,2.789552905360499,0.1312658485918772
1062,4.397070549959409,3.9898679979049647,0.4072025520544444,4.133430183701789,0.26364036625761883,4.137073485569244,0.2599970643901651,4.152592084455677,0.24447846550373192,4.125526758497214,0.2715437914621955,4.144459235117994,0.25261131484141586
1064,2.1760912590556813,2.585176816830796,0.4090855577751144,2.5664187030459353,0.390327443990254,2.5664187030459353,0.3903274439902541,2.644263686970671,0.46817242791498953,2.6485278181386778,0.4724365590829961,2.629112341352608,0.45302108229692656
1066,1.0,1.0377133879066414,0.03771338790664106,1.0141538929879688,0.014153892987968698,1.0108937307227142,0.010893730722714013,1.0066499189182263,0.006649918918226139,1.0052850728483789,0.005285072848378802,1.0045203749098306,0.004520374909830616
1069,1.0,1.0325043013047923,0.03250430130479237,1.0128233824088864,0.012823382408886252,1.0126056299515602,0.01260562995156016,1.011898273515731,0.011898273515730962,1.006673440247002,0.006673440247002016,1.0092859528519171,0.009285952851917157
1070,2.765916793966632,2.6533088202444124,0.16934153774337538,2.78038264660986,0.06802878033757967,2.78038264660986,0.06802878033757957,2.7803826466098602,0.0680287803375796,2.78038264660986,0.06802878033757961,2.78038264660986,0.06802878033757956
1073,2.762803558542489,3.4866417019798326,0.7238381434373439,3.483496275224231,0.7206927166817418,3.47074214531411,0.7079385867716202,3.431839170015068,0.6690356114725782,3.431839170015068,0.6690356114725781,3.431839170015068,0.6690356114725784
1081,1.0,1.0361563059787378,0.03615630597873768,1.013107893416149,0.013107893416149019,1.0048819293438949,0.004881929343894986,1.0021124316318095,0.0021124316318096637,1.0013911377089908,0.0013911377089908306,1.001634507437449,0.0016345074374490953
1087,3.531478917042255,3.6109486836406446,0.14030258980961807,3.6221013669192303,0.14222574128304574,3.5615708033161155,0.13822437131810303,3.549142229734678,0.1463178633141914,3.542083768926015,0.13925940250552887,3.5421071498492305,0.13928278342874373
1089,1.0,1.0319282326481327,0.03192823264813266,1.0175087295696457,0.01750872956964571,1.0185285830105957,0.0185285830105958,1.0108021298857315,0.010802129885731404,1.01227382011155,0.01227382011155006,1.0103288835729791,0.010328883572979296
1097,2.3483048630481607,2.1287926551911025,0.2195122078570586,2.3519298007614635,0.009049452997277219,2.3519298007614635,0.009049452997277285,2.3525714201374504,0.008407833621290406,2.3525714201374504,0.00840783362129045,2.3525714201374504,0.008407833621290406
1101,2.3483048630481607,2.1306491828121703,0.21765568023599036,2.3529752720227224,0.007433341863461051,2.3529752720227224,0.007433341863461074,2.353666005244947,0.006742608641236325,2.353666005244947,0.0067426086412363025,2.353666005244947,0.0067426086412363025
1107,1.0,1.0308367701961783,0.030836770196178354,1.0179089295916341,0.017908929591634048,1.0514226498922554,0.051422649892255576,1.0681775141186036,0.06817751411860377,1.1035474484878818,0.1035474484878816,1.1181905418109712,0.11819054181097144
1109,3.015394687601624,3.793099340692296,0.7777046530906719,3.791285934569982,0.7758912469683571,3.7949639161850968,0.7795692285834734,3.8069887736417023,0.7915940860400775,3.8069887736417014,0.7915940860400777,3.8069887736417023,0.7915940860400777
1114,1.0,1.0323286183567075,0.03232861835670764,1.0161850431977268,0.01618504319772691,1.0175453254900575,0.01754532549005744,1.0192840654048987,0.019284065404898697,1.0107066861916736,0.010706686191673453,1.0029527100222073,0.002952710022207472
1115,1.0,1.0354399621438155,0.03543996214381525,1.0115899661487289,0.01158996614872888,1.0106688886232063,0.010668888623206373,1.0101759738629785,0.010175973862978683,1.0098554611279786,0.009855461127978637,1.012978590851089,0.012978590851089244
1121,4.397070549959409,4.02040732633054,0.3766632236288692,4.042208089325305,0.35486246063410337,4.025724458895849,0.37134609106356076,4.0220006702704785,0.3750698796889307,4.014773030575373,0.3822975193840358,4.002462022353043,0.39460852760636655
1125,3.7781512503836434,3.5918797506097997,0.2797289656997694,3.8146174216092192,0.2770863446550615,3.8146174216092192,0.2770863446550616,3.8146174216092192,0.2770863446550616,3.8146174216092192,0.27708634465506154,3.8146174216092192,0.27708634465506154
1126,1.0,1.0308196158030347,0.03081961580303457,1.016293130936512,0.016293130936512013,1.0194388315145069,0.01943883151450688,1.010100253424348,0.010100253424347894,1.0121806443421426,0.0121806443421428,1.0061395602162593,0.006139560216259376
1128,4.397070549959409,3.801709522207753,0.5953610277516559,3.993555282400874,0.4035152675585348,3.968200988544003,0.42886956141540455,3.969029355888839,0.4280411940705699,3.969029355888839,0.4280411940705699,3.971582218888738,0.4254883310706708
1132,3.694605198933569,3.5012561683829033,0.19575944075149146,3.3449044053712824,0.37272682403375745,3.3449044053712824,0.37272682403375745,3.3031480749216096,0.41448315448343065,3.312039732345928,0.407822045718908,3.312039732345928,0.40782204571890796
1135,2.762803558542489,3.640041625188384,0.8772380666458945,3.5952364119594526,0.8324328534169638,3.512952478288139,0.7501489197456502,3.530942059392752,0.768138500850263,3.5399248698855117,0.777121311343023,3.5538715576721485,0.7910679991296595
1141,2.619788758288394,2.6405945249253278,0.1049712781387796,2.609652800300327,0.10999195828307688,2.6061359025729662,0.1135088560104377,2.6152287084660517,0.11463898015513366,2.6152287084660517,0.11463898015513359,2.6157715836037005,0.11518185529278246
1145,1.0,1.0261411463474204,0.026141146347420107,1.01040233497802,0.010402334978020112,1.0040449830689624,0.00404498306896256,1.002846956979263,0.0028469569792631045,1.0012275167602638,0.0012275167602638138,1.000935728467447,0.0009357284674468391
1150,1.0,1.0336154341652601,0.03361543416526005,1.0064787537767914,0.0064787537767914795,1.0064787537767914,0.0064787537767914795,1.0070040927858621,0.007004092785862092,1.0053327228878501,0.005332722887850294,1.0040404420632942,0.004040442063294403
1154,3.733732110595231,3.319301827100032,0.4166386977022315,3.342897740954384,0.40245044280549214,3.3428977409543847,0.40245044280549197,3.3335875288171932,0.41176065494268316,3.350921891105144,0.39442629265473195,3.350921891105145,0.39442629265473195
1167,2.1760912590556813,2.0991797751955295,0.19136279481253918,2.114624311163687,0.18428547056547856,2.114624311163687,0.18428547056547862,2.1187650190352345,0.18014476269393034,2.122422538782517,0.1764872429466478,2.121947589793586,0.17601229395771606
1174,3.653212513775344,3.6682969985160647,0.107277146225083,3.6774851678415623,0.11646531555057996,3.609363814825729,0.12997837637066076,3.6185783951528956,0.1598372281320917,3.6185783951528947,0.1598372281320916,3.6185783951528956,0.15983722813209172
1177,3.6989700043360174,3.6299712724132496,0.14120751995390873,3.769608951066258,0.16065167208502248,3.769608951066258,0.1606516720850226,3.769608951066258,0.1606516720850225,3.769608951066258,0.16065167208502248,3.769608951066258,0.16065167208502246
1179,1.0,1.0306623650320756,0.03066236503207571,1.0135733016965676,0.013573301696567253,1.0110132781115577,0.011013278111557478,1.0064753636559947,0.006475363655994415,1.0025993265560866,0.0025993265560867894,1.001689180390665,0.0016891803906649906
1183,2.920818753952376,2.753568459703956,0.16725029424841983,2.7720653790009453,0.15180008941261963,2.7720653790009453,0.15180008941261963,2.7720653790009453,0.15180008941261966,2.7720653790009453,0.1518000894126197,2.772065379000946,0.15180008941261966
1185,4.397070549959409,4.039929138764933,0.3571414111944754,3.7666409310055338,0.6304296189538755,3.7857553305587865,0.6113152194006231,3.80047414019917,0.5965964097602386,3.80047414019917,0.5965964097602388,3.805782787052929,0.5912877629064808
1187,4.397070549959409,4.096197788320433,0.3008727616389748,4.0983361335993935,0.2987344163600158,4.066761432977634,0.3303091169817748,4.06346257953298,0.3336079704264295,4.0690915061847095,0.3279790437747,4.073448910045137,0.32362163991427273
1189,3.397940008672037,3.2667957514347585,0.16998102004024884,3.353508669219445,0.1331352345839672,3.353508669219444,0.13313523458396723,3.342673686715858,0.1437739699532436,3.342673686715859,0.14377396995324362,3.342673686715858,0.1437739699532436
1191,1.0,1.0326512147867715,0.0326512147867711,1.013989355131603,0.013989355131603088,1.0145257246342412,0.014525724634241243,1.011847820040926,0.01184782004092606,1.0115839668178768,0.011583966817876924,1.0178379170271559,0.017837917027155935
1196,2.330413773349191,2.383892895177191,0.053479121828000145,2.3747974796585707,0.04438370630937949,2.3747974796585707,0.04438370630937947,2.3747974796585707,0.04438370630937947,2.3715765477214803,0.04760463824646997,2.37157654772148,0.04760463824646997
1203,3.397940008672037,3.3272819611474334,0.10824340849239356,3.2435222264300796,0.16506870527310719,3.240749324754657,0.16784160694853004,3.2324561249838752,0.17613480671931153,3.233162829698574,0.17684151143401056,3.2474749671309695,0.16252937400161535
1206,1.0,1.0294482897905455,0.02944828979054549,1.0109998590420557,0.010999859042055504,1.0102339070661068,0.01023390706610705,1.0069372666919978,0.006937266691997979,1.0066791401613995,0.006679140161399422,1.0053163831849816,0.005316383184981554
1209,1.0,1.03469761360174,0.03469761360173988,1.0151825327347175,0.015182532734717657,1.0121218479667036,0.012121847966703713,1.0044949477113978,0.004494947711397768,1.00223553389631,0.0022355338963101156,1.0026997479371262,0.0026997479371263953
1210,3.591064607026499,3.555793267141437,0.15874913598407384,3.499313967324164,0.17804474015426594,3.5075609836881725,0.17550042012442554,3.517243887975956,0.16581751583664134,3.517243887975956,0.16581751583664134,3.517243887975956,0.16581751583664123
1217,3.425968732272281,3.0207623738662424,0.40520635840603825,2.976866034015025,0.449102698257256,2.9983193209581933,0.4276494113140874,2.9978410127152677,0.42812771955701356,2.9922711437651697,0.4336975885071114,2.99227114376517,0.4336975885071114
1223,2.619788758288394,2.7291959371084045,0.10940717882000986,2.689076536129467,0.10222886807833383,2.689076536129467,0.10222886807833383,2.6964472173427936,0.10163686754327043,2.6964472173427936,0.10163686754327048,2.6964472173427936,0.10163686754327053
1228,3.619788758288394,3.0476046710885307,0.5915910075641262,3.083661307309816,0.536127450978578,3.083661307309816,0.5361274509785782,3.1024849594480775,0.5173037988403169,3.102484959448077,0.517303798840317,3.101488472251828,0.518300286036566
1232,1.0,1.0320267702385013,0.032026770238501444,1.0124358567740075,0.012435856774007381,1.0320431199402236,0.03204311994022367,1.0340206607066216,0.034020660706621686,1.0428161039395527,0.042816103939553006,1.053316203046934,0.05331620304693432
1237,3.5223355376023853,3.8722177427787856,0.3498822051763999,3.7779863276939687,0.2576684489044834,3.7665116427771244,0.24619376398764045,3.758335510318525,0.24994978620218777,3.785966924218956,0.27758120010261883,3.7468699005572583,0.239338888483573
1243,1.0,1.0312227340472115,0.031222734047211275,1.0096450564130235,0.009645056413023389,1.011028619048957,0.011028619048957033,1.0126887994516205,0.012688799451620391,1.0096740809244138,0.009674080924413886,1.004588313008766,0.004588313008766054
1246,2.397940008672037,2.41515004283288,0.15965363351737774,2.418015483144102,0.14151456788986702,2.422293442318377,0.13723660871559212,2.422293442318377,0.13723660871559218,2.426330850237405,0.13319920079656444,2.423992425498144,0.1355376255358255
1250,3.3010299956639813,3.4662756843908986,0.4104221396608324,3.460220156605994,0.3823519923956506,3.460220156605994,0.3823519923956507,3.481916269499545,0.3606558795020999,3.544511839693346,0.3539521637924826,3.522815726799795,0.37564827668603346
1251,2.920818753952376,3.24595073705799,0.34184580745730864,3.189098338181891,0.3538033077447623,3.1890983381818914,0.3538033077447624,3.1890983381818905,0.3538033077447623,3.1608403282086366,0.3379226491938715,3.1608403282086366,0.3379226491938715
1252,1.0,1.0305550638741252,0.030555063874125255,1.0104962834614206,0.010496283461420619,1.0128951358972516,0.012895135897251431,1.0202985461556549,0.020298546155654983,1.0524981109717186,0.05249811097171873,1.0514475403120005,0.05144754031200064
1254,2.1760912590556813,2.162620774501126,0.11105110500697908,2.1468346950021795,0.170457194900644,2.1468346950021795,0.17045719490064398,2.1981596044186764,0.21063840345615326,2.2018171241659585,0.2069808837088707,2.2018171241659585,0.2069808837088707
1258,3.4771212547196626,3.3214729360642226,0.1607556492511685,3.353690649883595,0.14281244885941152,3.358056283701668,0.147178082677484,3.3848837588180762,0.13003113948654685,3.3836347793945314,0.13128011891009145,3.386003933036865,0.12891096526775755
1260,2.998186659236532,3.8668754657356437,0.8686888064991111,4.132196870424519,1.1340102111879866,4.113743447463212,1.1155567882266797,4.097542178981557,1.099355519745026,4.097542178981557,1.099355519745026,4.100095041981456,1.101908382744925
1261,1.0,1.0259152695924783,0.02591526959247816,1.015520775962244,0.01552077596224396,1.0077409768951888,0.007740976895188867,1.0049430413069984,0.00494304130699853,1.0024859790593184,0.002485979059318133,1.0026040685991267,0.0026040685991266742
1263,3.7781512503836434,3.035344066134517,0.8015192389415791,3.0296284492723693,0.769635576376431,3.0296284492723697,0.769635576376431,3.0296284492723697,0.769635576376431,2.9849213072310787,0.8143427184177217,2.95844544252197,0.8408185831268306
1268,3.146128035678238,3.0148894986613275,0.1851492104532644,3.1699644506862326,0.19969626410281974,3.169964450686232,0.1996962641028196,3.169590675848962,0.19932248926554946,3.156808316873756,0.212104848240756,3.156808316873755,0.212104848240756
1273,1.0,1.0343440280892138,0.03434402808921343,1.0134614202392296,0.013461420239229527,1.0099039066264237,0.009903906626423587,1.0071542770258692,0.0071542770258693714,1.0048860603536263,0.00488606035362632,1.004112864511656,0.004112864511656067
1275,2.3483048630481607,2.145695578526657,0.20260928452150298,2.353478824088894,0.00658945341613173,2.353478824088894,0.006589453416131752,2.3534788240888935,0.006589453416131752,2.3534788240888935,0.0065894534161317075,2.353910595897014,0.0061576816080119775
1277,3.5223355376023853,3.8450441730165834,0.3227086354141986,4.09075420968018,0.5684186720777963,4.050583900855187,0.5282483632528019,4.036955916659796,0.5146203790574118,4.03966289120454,0.517327353602156,4.031760725215476,0.5094251876130925
1280,1.0,1.0343185308434775,0.0343185308434775,1.0141635403526297,0.0141635403526296,1.019622403533944,0.019622403533944056,1.005092868763202,0.005092868763201741,1.0052661960099438,0.005266196009943713,1.0078602486501147,0.007860248650114709
1281,3.318758762624413,3.411936623956058,0.44709472430139974,3.355466280309705,0.4163416048001225,3.390776764823111,0.39265593033257956,3.388358860268494,0.39507383488719705,3.4181542352899816,0.3652784598657088,3.4181542352899816,0.36527845986570895
1285,4.428674625648206,3.0728098333445084,1.3558647923036977,3.2214709600127356,1.2072036656354705,3.2214709600127356,1.2072036656354703,3.2312729987201356,1.19740162692807,3.237777723814159,1.1908969018340472,3.240865052933974,1.1878095727142322
1286,2.762803558542489,3.565669892559705,0.8028663340172167,3.587946408097541,0.8251428495550523,3.5105577572564295,0.7477541987139407,3.4948578098762675,0.7320542513337779,3.4948578098762666,0.7320542513337778,3.4951174077979084,0.7323138492554195
1293,1.0,1.0371409376681429,0.037140937668142936,1.0176111083139812,0.017611108313981237,1.0150578906408894,0.015057890640889415,1.0083013337072626,0.008301333707262848,1.002734980596413,0.0027349805964131833,1.0030139015072497,0.00301390150724965
1298,4.174641192660449,3.786432092290145,0.3882091003703043,4.0076751122695855,0.16696608039086283,3.912954552445906,0.2616866402145422,3.8975300701728557,0.2771111224875927,3.900264034122011,0.27437715853843764,3.893633115390861,0.2810080772695875
1302,2.3483048630481607,2.1406315080353835,0.207673355012777,2.3542269902503956,0.010615352493395135,2.3542269902503956,0.010615352493395203,2.3542269902503956,0.010615352493395135,2.3542269902503956,0.010615352493395203,2.3542269902503956,0.010615352493395158
1306,3.0,2.832877913602035,0.26894378707176303,2.8278556823212466,0.2633659576823503,2.827855682321246,0.2633659576823505,2.8607675624668967,0.2588496779498404,2.8932208146259972,0.2592556697200187,2.893220814625997,0.25925566972001857
1313,3.521791649639124,3.481736657996662,0.18965947842718098,3.415179370764304,0.2291051202421855,3.4284507365970263,0.21583375440946312,3.4286099734218154,0.21567451758467385,3.4286099734218154,0.2156745175846738,3.42615818811148,0.2181263028950092
1319,3.146128035678238,2.5589329328996113,0.5960754211205535,2.63149445054357,0.6108413431170886,2.63149445054357,0.6108413431170888,2.574098465992674,0.6473724087903132,2.569243488316269,0.6522273864667186,2.554155976875665,0.6673148979073227
1329,2.0293837776852097,2.163948989661255,0.13456521197604582,1.9800704959184814,0.06721716636626009,1.9800704959184814,0.06721716636626007,1.9800704959184814,0.0672171663662601,1.9719055088630544,0.06841021365342582,1.9719055088630544,0.0684102136534259
1330,0.0,3.4378441836734366,3.4378441836734366,3.409932647815957,3.409932647815957,3.409932647815957,3.409932647815957,3.409932647815957,3.409932647815957,3.409932647815957,3.409932647815957,3.409932647815957,3.409932647815957
1337,3.249198357391113,3.745103871548016,0.552323552000338,3.6459451549538224,0.4765257979205497,3.6459451549538215,0.4765257979205497,3.624039920364776,0.4578573685317515,3.6240399203647753,0.4578573685317515,3.6215881350544414,0.460309153842087
1345,1.0,1.0284724473675002,0.028472447367500275,1.0132011531190988,0.013201153119098552,1.015851468768021,0.015851468768020672,1.014102673262092,0.014102673262091848,1.009235797565283,0.009235797565282866,1.0092601097831684,0.009260109783168413
1346,3.017728766960432,2.964503387765011,0.13414623433576203,2.9714867745828926,0.1382886691199216,3.000834810749309,0.14612492523319098,3.0246030514705198,0.15078907672055517,3.009177148711435,0.13825336845909894,3.0268881944076016,0.1483207765187249
1348,3.3010299956639813,3.330982313808432,0.10049787780668296,3.047635962892959,0.28741578319982297,3.047635962892959,0.28741578319982286,3.050510782594567,0.2845409634982149,3.0629795512618494,0.2720721948309327,3.06297955126185,0.2720721948309328
1350,3.4771212547196626,3.2344092270532174,0.24271202766644606,3.2575846477974486,0.2223391888589054,3.2575846477974486,0.22233918885890533,3.257106339554523,0.22281749710183157,3.2582255255637955,0.22169831109255958,3.2582255255637955,0.22169831109255939
1352,1.0,1.0363703204417702,0.03637032044177045,1.02078508450599,0.02078508450598975,1.0143457654147752,0.014345765414775002,1.007153407956654,0.007153407956653879,1.0052219856791964,0.005221985679196395,1.0044325081944696,0.0044325081944694865
1355,3.397940008672037,2.7249386227892876,0.6730013858827494,2.7213948619876507,0.6765451466843869,2.7213948619876507,0.6765451466843869,2.7189769574330334,0.6789630512390044,2.7208371390483976,0.6771028696236401,2.7286145923753944,0.6693254162966428
1374,2.3483048630481607,2.153025564562058,0.1952792984861025,2.3527656084237076,0.008167886754432741,2.3527656084237076,0.008167886754432762,2.352123989047721,0.008809506130419576,2.3540809379741976,0.010766455056896218,2.3540809379741976,0.01076645505689624
1376,2.330413773349191,2.3689671852797884,0.03855341193059767,2.3454494402941517,0.036097681982442564,2.3454494402941517,0.036097681982442564,2.3435633176637767,0.034211559352067725,2.3368161662593283,0.040958710756515894,2.3311589474142624,0.046615929601581695
1379,2.619788758288394,3.8024933569163295,1.182704598627935,3.7166857261086754,1.0968969678202818,3.7166857261086754,1.0968969678202818,3.716578557222344,1.0967897989339506,3.685933087122694,1.0661443288342993,3.685933087122693,1.0661443288342993
1382,1.0,1.0315156087994164,0.031515608799416506,1.0187043493209853,0.01870434932098517,1.0188880943865748,0.01888809438657486,1.016882650294611,0.01688265029461098,1.0168863463736015,0.016886346373601546,1.0134028980557117,0.01340289805571172
1387,1.0,1.0300981100368936,0.030098110036893656,1.013324368056419,0.01332436805641891,1.0132309396402888,0.01323093964028863,1.0032480890906736,0.0032480890906737003,1.0043076173876235,0.004307617387623519,1.004700440666499,0.004700440666498984
1389,3.935759103745312,3.2367042864061184,0.6990548173391933,3.2804224255116594,0.6553366782336525,3.2804224255116603,0.6553366782336525,3.2982944431168755,0.6374646606284369,3.2909378754711724,0.64482122827414,3.289816587149756,0.6459425165955552
1395,3.397940008672037,3.247769449307331,0.15448079463038383,3.263304808760136,0.15232136797414106,3.2492688638231817,0.16635731291109518,3.2336882792306803,0.1800729925600754,3.2585204432627615,0.17011210100001978,3.2585204432627615,0.17011210100001975
1399,3.161368002234975,3.135519046194738,0.23394380435545487,3.280404384734278,0.26675668660321994,3.280404384734279,0.2667566866032199,3.280404384734279,0.2667566866032199,3.280404384734279,0.26675668660321983,3.295180962818461,0.28153326468740214
1402,1.0,1.0351109094083815,0.03511090940838153,1.0170548843721465,0.01705488437214635,1.015628181931578,0.015628181931578156,1.0060282897394281,0.0060282897394280275,1.0041299087268338,0.004129908726833831,1.0029766833691691,0.0029766833691692086
1409,2.330413773349191,2.3733219968307475,0.04290822348155661,2.3553857129718723,0.036944271915783686,2.3553857129718723,0.036944271915783665,2.3553857129718723,0.036944271915783665,2.3553857129718723,0.036944271915783686,2.3553857129718723,0.036944271915783714
1412,1.0,1.0295270200397024,0.029527020039702423,1.0144508673347254,0.014450867334725715,1.0161044209347514,0.016104420934751517,1.014194909628358,0.014194909628358055,1.009115085510325,0.009115085510324894,1.0055547952010317,0.005554795201031882
1416,1.0,1.0324942400684827,0.032494240068482914,1.0093200519043939,0.009320051904393934,1.0079661902367048,0.007966190236704862,1.0057174649347724,0.0057174649347722095,1.0061999858387647,0.00619998583876471,1.0052198986280945,0.00521989862809441
1418,2.765916793966632,3.1947032410732623,0.4739793657220943,3.1519366921495275,0.3860198981828958,3.1519366921495275,0.38601989818289567,3.166723277464039,0.40080648349740733,3.1703440043056794,0.40442721033904794,3.169491154937412,0.4035743609707799
1421,1.0,1.02796650547186,0.02796650547186045,1.0115570163252814,0.011557016325281355,1.0127172356062517,0.012717235606251587,1.0097842562629333,0.009784256262933232,1.0153406463858694,0.015340646385869428,1.0019326034482734,0.0019326034482735287
1422,2.330413773349191,2.382613177191703,0.05219940384251172,2.3759622336539676,0.04761354638820803,2.375962233653967,0.04761354638820801,2.375962233653967,0.04761354638820796,2.3740761110235926,0.04572742375783319,2.374076111023592,0.04572742375783314
1423,1.0,1.0303234528888268,0.03032345288882691,1.0113538690008992,0.011353869000899252,1.0141761244689385,0.014176124468938322,1.00593982773725,0.00593982773724987,1.0078579191088157,0.007857919108815937,1.0111316093774938,0.01113160937749379
1428,3.619788758288394,3.370845256574575,0.26889524169077406,3.3563671490936358,0.26644390660838607,3.452588051606791,0.2984545223884917,3.5036915623991183,0.3610577857945061,3.480551097512406,0.38419825068121816,3.480551097512406,0.38419825068121816
1435,2.619788758288394,2.7834836079020486,0.18633973342248886,2.897358781109122,0.2991260110067112,2.897358781109122,0.29912601100671116,2.9136520817585625,0.32174345075313016,2.9077332831483393,0.3158246521429069,2.9020121737570195,0.310103542751587
1437,4.397070549959409,3.979392077223051,0.4176784727363578,4.149226109836218,0.2478444401231909,4.179600769596566,0.21746978036284365,4.197891140806905,0.19917940915250343,4.207104513288014,0.18996603667139517,4.194493506750142,0.2025770432092672
1445,1.0,1.0257567269257852,0.025756726925785102,1.0123663947493415,0.012366394749341614,1.0074990673215571,0.007499067321557173,1.0040873162752173,0.004087316275217345,1.004751355354116,0.004751355354116071,1.0039371310809504,0.003937131080950418
1448,1.0,1.0340058261467722,0.03400582614677208,1.0129925176623216,0.012992517662321634,1.0115209350946934,0.011520935094693286,1.0037214412667104,0.0037214412667102904,1.001356375100033,0.0013563751000330916,1.000946780710255,0.0009467807102549797
1449,2.3483048630481607,2.1489682958055107,0.1993365672426495,2.3539020900465095,0.009703067392736653,2.3539020900465095,0.009703067392736653,2.353326479027988,0.010278678411257357,2.353326479027989,0.010278678411257357,2.3528515300390564,0.01075362740018917
1453,1.0,1.030635529470012,0.030635529470011903,1.0142426479921882,0.014242647992188173,1.0115653804997253,0.011565380499725253,1.0046975349394827,0.0046975349394825176,1.0040379940270163,0.004037994027016401,1.004482581443559,0.004482581443559119
1455,2.762803558542489,3.925047986182213,1.1622444276397237,3.722955824170151,0.9601522656276611,3.68589340678991,0.9230898482474208,3.687607216687681,0.9248036581451917,3.687607216687681,0.9248036581451915,3.7054762773653778,0.9426727188228892
1457,3.0,3.1659595836752894,0.2860854271588069,3.1211973883105846,0.2524043390485036,3.098663984788213,0.22987093552613222,3.060379770024243,0.19307405434112085,3.048723997780685,0.19950103913187522,3.03363648634008,0.21458855057247933
1458,4.397070549959409,4.030523436334033,0.36654711362537584,3.7283299786560584,0.6687405713033512,3.754613383706615,0.642457166252794,3.709990384559247,0.6870801654001615,3.7021031873893513,0.6949673625700576,3.7021031873893513,0.6949673625700579
1460,3.4771212547196626,3.3013549179354165,0.18404119869103155,3.200100407130583,0.281246922377275,3.200100407130583,0.281246922377275,3.2005293652461817,0.2808179642616759,3.2116253272435102,0.2697220022643475,3.2116253272435102,0.2697220022643475
1462,4.176091259055681,3.9454525616756095,0.24883838756432217,3.849135695486735,0.3451552537531971,3.851538628311508,0.34275232092842434,3.851538628311508,0.3427523209284242,3.8076643339965757,0.3866266152433561,3.8076643339965757,0.386626615243356
1464,2.3483048630481607,2.146252090258475,0.2020527727896857,2.35087490760107,0.00613372950318507,2.35087490760107,0.006133729503185093,2.351516526977057,0.005492110127198235,2.349640520592569,0.0073681165116862065,2.349640520592569,0.0073681165116862065
1468,1.0,1.0363436926201561,0.03634369262015613,1.013877171804492,0.013877171804492194,1.0163026342437536,0.016302634243753424,1.021562065059101,0.021562065059101253,1.0112598649398616,0.011259864939861686,1.0091424691107764,0.009142469110776496
1470,2.619788758288394,2.721386010421997,0.10159725213360264,2.7236225605472493,0.103833802258855,2.7236225605472493,0.10383380225885493,2.7236225605472493,0.1038338022588549,2.7236225605472493,0.10383380225885494,2.7236225605472493,0.10383380225885497
1475,3.521791649639124,2.7993518168095335,0.7466158452639785,2.8497757099121195,0.6720159397270042,2.8481770068535974,0.673614642785526,2.8481770068535974,0.673614642785526,2.8813904148745837,0.6458806690487238,2.8813904148745837,0.6458806690487238
1476,3.5634810853944106,3.617695414355264,0.1471519321147676,3.6275987633643445,0.1487980439690718,3.5942285981335664,0.1427271142988727,3.5529751953394806,0.14378088991957194,3.5795332069423673,0.11722287831668601,3.577456725866431,0.11514639724075015
1478,2.0293837776852097,2.1647310004191596,0.13534722273394978,2.0030565427374114,0.049443595134162535,2.0030565427374114,0.04944359513416251,1.9992752300396597,0.053224907831913956,1.9911102429842327,0.05441795511907974,1.9938964733931024,0.051631724710210325
1483,4.397070549959409,3.8238438757975137,0.5732266741618959,3.7489270385691413,0.6481435113902683,3.892209135298363,0.5048614146610466,3.808192402585243,0.5888781473741667,3.820244596362307,0.5768259535971021,3.8238954032124135,0.5731751467469962
1489,1.0,1.0305595468786841,0.03055954687868394,1.0212074212397813,0.021207421239781275,1.012741696911267,0.012741696911267086,1.0066226407873025,0.006622640787302436,1.0035809825036852,0.003580982503685126,1.003622103832594,0.0036221038325942034
1496,2.397940008672037,2.443257503213964,0.16753790727674517,2.4389340988166377,0.12964731550911426,2.4389340988166377,0.1296473155091143,2.4515368508808275,0.14225006757330405,2.453285353785308,0.14399857047778436,2.450946929046047,0.14633699521704546
1497,2.845098040014257,3.739527587675538,0.9274831761043364,3.6094625194568897,0.797418107885688,3.552582066432567,0.7863826470899397,3.552582066432567,0.7863826470899397,3.552582066432567,0.7863826470899394,3.552582066432567,0.7863826470899395
1507,2.845098040014257,3.5560611442524106,0.7822102011924174,3.4624463194575426,0.6923397500569403,3.4624463194575426,0.6923397500569404,3.462367146393709,0.6922605769931073,3.431721676294059,0.6616151068934565,3.431721676294059,0.6616151068934564
1509,4.273001272063738,3.6772164748048484,0.5957847972588894,3.6162200843294725,0.656781187734265,3.6162200843294725,0.656781187734265,3.6162200843294734,0.6567811877342649,3.605005775919646,0.667995496144092,3.6050057759196457,0.667995496144092
1513,2.8211858826088454,3.8998708301102525,1.0786849475014069,4.117651065912078,1.2964651833032328,4.077272284709624,1.256086402100777,4.0788761458834015,1.2576902632745555,4.073526110728008,1.2523402281191618,4.065687926916057,1.2445020443072115
1515,2.1760912590556813,2.0849572608482028,0.18014831819756144,2.1383178916504972,0.19646313364303836,2.138317891650497,0.1964631336430383,2.142458599522045,0.19232242577149009,2.1503824699974365,0.18439855529609822,2.1503824699974365,0.18439855529609825
1517,3.2218487496163566,3.555684906542898,0.3897380264472059,3.3815901644894284,0.32831370334660887,3.404981430675368,0.3262382485073377,3.395315416237284,0.31657223406925344,3.395315416237284,0.31657223406925344,3.395315416237284,0.3165722340692535
1523,1.0,1.0306589282305576,0.030658928230557624,1.0141961518213596,0.014196151821359726,1.0146552964490199,0.014655296449020172,1.0099113639798678,0.009911363979868127,1.0064217844653631,0.0064217844653633675,1.0087262227764604,0.008726222776460613
1529,2.0293837776852097,2.164463636271493,0.1350798585862833,1.9952236986308272,0.055758567917494006,1.9952236986308272,0.05575856791749394,1.9952236986308272,0.055758567917493985,1.9952236986308272,0.055758567917493916,1.9974715033658121,0.05800637265247919
1530,4.174641192660449,4.008197658532682,0.16644353412776822,4.128673171770663,0.07596056530818929,4.056759214928979,0.1391425301534916,4.01943083046262,0.17647091461984937,4.01260940638847,0.1764139246751107,3.976530608005646,0.2049889986736922
1535,3.574031267727719,3.2593123650782885,0.324778816701834,3.2694066330394476,0.33871531650315573,3.2581995695233275,0.34992238001927684,3.2581995695233275,0.3499223800192769,3.2717011246757197,0.3364208248668842,3.2717011246757197,0.3364208248668842
1536,1.0,1.034555324304154,0.03455532430415424,1.0140174036201695,0.014017403620169455,1.008975374610705,0.008975374610705023,1.0055158729023297,0.005515872902329766,1.0040829887472182,0.004082988747218364,1.0030864509804347,0.0030864509804348185
1538,3.263241434774581,2.865570994565849,0.3976704402087323,2.9481621920526915,0.32925853610375055,2.9387049015915037,0.33871582656493837,2.9483177025916367,0.3291030255648052,2.9825623565421315,0.325494089026253,2.986770973983362,0.3297027064674837
1545,3.318758762624413,3.3041051737996967,0.18284414373587182,3.242934615789668,0.25053840076516226,3.2470040962180824,0.2479127359229742,3.2481897944732046,0.24909843417809627,3.2534186629060384,0.252185914065073,3.2878628648496884,0.2234962923354563
1547,3.397940008672037,3.3313749941473056,0.11349891124125226,3.308273951120043,0.22927566034393884,3.312342778606946,0.22891351829813567,3.3033092551544927,0.22128340385068115,3.3033092551544927,0.22128340385068124,3.3044779400371027,0.22011471896807122
1553,1.0,1.0383934067054479,0.038393406705448184,1.0138704576100024,0.013870457610002473,1.0095540212262488,0.009554021226248799,1.0066204337675204,0.0066204337675203175,1.0045016726613794,0.004501672661379408,1.0041897613525144,0.004189761352514321
1555,3.397940008672037,3.2417562109804847,0.16807683469859547,3.212789310880324,0.19295904106485512,3.226833395029387,0.1791112040501013,3.214489804883894,0.1912585470612857,3.184210510295566,0.21623837397425386,3.1960122080956177,0.20443667617420241
1558,1.0,1.0335318423282092,0.033531842328209195,1.0104440301185456,0.010444030118545621,1.009878099354145,0.00987809935414501,1.0071730195173096,0.007173019517309598,1.0078793136404514,0.007879313640451436,1.009220554335772,0.00922055433577219
1561,1.0,1.0319356964859572,0.031935696485957156,1.0120731722096257,0.012073172209625494,1.0155737686546333,0.015573768654633158,1.0267990230297037,0.02679902302970365,1.0034937482462531,0.0034937482462532145,1.0067737640424428,0.006773764042442787
1565,1.0,1.0318795424820602,0.031879542482060055,1.0096718244131804,0.009671824413180385,1.012407006833484,0.01240700683348408,1.0067573501504108,0.006757350150410702,1.0093356038216252,0.009335603821625316,1.012666368933593,0.012666368933593075
1568,2.8211858826088454,3.455406607692134,0.6342207250832885,3.4458118846979966,0.6246260020891519,3.4355577914718607,0.6143719088630156,3.419949688793204,0.5987638061843595,3.4262669332264357,0.6050810506175909,3.42713609710864,0.605950214499795
1577,1.0,1.0284744980936575,0.02847449809365754,1.0149409058559569,0.01494090585595681,1.0126596085881316,0.012659608588131577,1.0134120499411918,0.013412049941191795,1.0044382364180113,0.0044382364180113095,1.0046210173375418,0.004621017337541744
1579,3.0,3.3566720523416627,0.3566720523416628,3.3418202837660815,0.3418202837660818,3.3418202837660815,0.3418202837660818,3.297427038603962,0.35675735298499445,3.317716007269568,0.37704632165059976,3.3299493183970386,0.38927963277807054
1580,2.6020599913279625,1.9992725537897016,0.6027874375382613,2.025848645202678,0.5762113461252848,2.025848645202678,0.5762113461252848,2.0258486452026774,0.5762113461252848,2.025848645202678,0.5762113461252848,2.025848645202678,0.5762113461252848
1584,3.619788758288394,3.5272833656729077,0.32669341404420527,3.4368666865979782,0.27485806093186016,3.447981154433313,0.27793447940289856,3.447981154433313,0.2779344794028984,3.4612960064323346,0.26461962740387707,3.4612960064323355,0.26461962740387696
1594,4.619788758288394,3.474730114698738,1.1450586435896555,3.465122190534744,1.1546665677536496,3.5172709994021454,1.1025177588862483,3.4931992804197436,1.1265894778686505,3.5197572920226294,1.1000314662657644,3.5559817499249484,1.0638070083634457
1595,3.4771212547196626,3.268734859875708,0.2322778958112402,3.243165427947608,0.24514616647404494,3.248378438321223,0.2399331561004297,3.2553000278651183,0.23301156655653435,3.2483498338744425,0.236662432225501,3.2483498338744425,0.23666243222550093
1600,1.0,1.0334470050928943,0.03344700509289429,1.0120746080988317,0.01207460809883163,1.0104555216624536,0.010455521662453404,1.009549857775308,0.009549857775308057,1.0085623097460796,0.00856230974607961,1.0084274150126855,0.008427415012685614
1601,2.330413773349191,2.3648035438823123,0.034389770533121,2.352833841354543,0.028523544651940826,2.352833841354543,0.0285235446519408,2.352833841354543,0.0285235446519408,2.3509477187241683,0.026637422021565983,2.3509477187241683,0.026637422021565983
1604,4.0,3.2897912107191316,0.7102087892808683,3.3454503511114124,0.6545496488885878,3.345450351111412,0.6545496488885877,3.3454503511114124,0.6545496488885877,3.348210518967675,0.6517894810323246,3.361288424471644,0.6387115755283554
1608,3.146128035678238,3.2134482069844323,0.24750522580707024,3.249540085911447,0.18852833080977913,3.2330212414064396,0.1812354797807039,3.2161331594059446,0.17251672401582357,3.2161331594059446,0.1725167240158235,3.2161331594059446,0.17251672401582357
1609,1.0,1.028830351893708,0.028830351893707806,1.014901548019615,0.014901548019614907,1.0161863403128382,0.016186340312838256,1.019501791957339,0.019501791957339032,1.008551780505306,0.00855178050530594,1.0041828044891221,0.004182804489122216
1615,2.330413773349191,2.365577527579263,0.0351637542300719,2.3532165123241993,0.03123153040149158,2.353216512324199,0.031231530401491535,2.3532165123241993,0.031231530401491604,2.353216512324199,0.031231530401491535,2.3532165123241993,0.031231530401491604
1627,1.0,1.0334412288493986,0.03344122884939863,1.0144004324745113,0.014400432474511182,1.0067490705046396,0.006749070504639343,1.003990745861387,0.003990745861386968,1.0027285312284475,0.0027285312284473506,1.0026542627427422,0.0026542627427421084
1628,2.619788758288394,2.7202945899858415,0.1005058316974474,2.7202945899858415,0.10050583169744734,2.7202945899858415,0.10050583169744735,2.716989265826281,0.09720050753788637,2.7169892658262804,0.09720050753788634,2.7169892658262804,0.09720050753788627
1631,1.0,1.0319331419149431,0.031933141914942995,1.0143416737849305,0.014341673784930542,1.013955263719034,0.01395526371903415,1.0102643779203437,0.010264377920343803,1.0073747856673358,0.007374785667335859,1.002951072785686,0.002951072785686226
1647,2.762803558542489,3.630413182860193,0.8676096243177044,3.5799109255352386,0.8171073669927494,3.5417484823655143,0.7789449238230255,3.5049882025482737,0.7421846440057842,3.5273866727823027,0.7645831142398134,3.5412084060018096,0.7784048474593201
1648,3.439332693830263,2.975528152195165,0.5941440608364973,2.9185541475968493,0.5737443703520488,2.8885383022993962,0.6037602156495019,2.94087885022232,0.5514196677265778,2.9176335933026625,0.5746649246462358,2.883154580154541,0.6091439377943573
1657,3.5223355376023853,4.081472910367287,0.559137372764902,3.8512888807813916,0.3309710019919076,3.8253737807393002,0.305055901949817,3.8037967538377537,0.2954110297214182,3.815572597957395,0.3071868738410596,3.7765065920803713,0.26812086796403645
1658,2.0293837776852097,2.170384239808998,0.14100046212378858,2.0150642178139275,0.040467388678696925,2.0150642178139275,0.040467388678696925,2.010514463767028,0.04149009544953654,2.0133006941758977,0.03870386504066705,2.0155484989108827,0.040951669775652254
1662,2.3483048630481607,2.1427467129598763,0.20555815008828443,2.3504341018337227,0.006692686049574381,2.3504341018337227,0.006692686049574426,2.3504341018337227,0.006692686049574381,2.3504341018337227,0.006692686049574426,2.3504341018337227,0.006692686049574403
1664,1.0,1.0387651235436393,0.038765123543639236,1.014795109003725,0.01479510900372486,1.008065284676509,0.008065284676508999,1.003618128091438,0.003618128091438,1.0016867058139804,0.001686705813980538,1.0018206282363125,0.0018206282363123938
1673,3.574031267727719,2.9807034810332875,0.6108918054357948,3.220514540772436,0.3590705435416849,3.223560814202279,0.3599491595831522,3.223560814202279,0.35994915958315205,3.2209464204758773,0.35733476585675045,3.2209464204758773,0.35733476585675056
1677,2.920818753952376,2.763460268440313,0.1573584855120631,2.8102933127306553,0.11512117528276689,2.8102933127306553,0.11512117528276684,2.8102933127306553,0.11512117528276689,2.8102933127306553,0.11512117528276686,2.8102933127306553,0.11512117528276691
1680,1.0,1.0248517662474539,0.024851766247453812,1.0099300607770385,0.009930060777038252,1.0099300607770385,0.009930060777038263,1.0076984706325716,0.0076984706325715305,1.005204634309147,0.005204634309146939,1.0052381885962374,0.005238188596237492
1682,4.397070549959409,4.048367110609975,0.3487034393494336,3.780826908602896,0.6162436413565134,3.7372847685377613,0.6597857814216477,3.73116322262378,0.6659073273356291,3.731163222623779,0.6659073273356291,3.736471869477538,0.660598680481871
1684,2.0,2.0353750883355115,0.07655387555137302,2.0206449422129604,0.09135723939834717,2.016982449044258,0.09680884153694677,1.999625438396809,0.08112447484947681,1.99873088391186,0.08022992036452839,2.0006160499830363,0.08128313206187376
1690,3.151267675330649,3.2125127809598992,0.18873766258185204,3.17939699225398,0.20956836443388935,3.1793969922539795,0.20956836443388935,3.1941835775684915,0.21292763911397286,3.189851885209103,0.2085959467545841,3.1876391195302447,0.19946977664083015
1694,2.1760912590556813,2.111923895580272,0.1433363134381755,2.1264752411777783,0.15506167867361334,2.1264752411777783,0.1550616786736133,2.1264752411777783,0.15506167867361334,2.1264752411777783,0.1550616786736134,2.1287230459127633,0.1528138739386282
1700,2.762803558542489,4.08649809635534,1.3236945378128526,3.8451224487422353,1.0823188901997454,4.0974275571773155,1.334623998634827,4.2538041471158,1.4910005885733117,4.2784231872075145,1.5156196286650259,4.276456703820832,1.5136531452783433
1705,1.0,1.033451490186541,0.0334514901865411,1.0149992436994273,0.014999243699427267,1.0118445245956615,0.011844524595661576,1.0074181172021452,0.007418117202145314,1.0034627671503868,0.0034627671503869805,1.0036656977476404,0.0036656977476405726
1706,3.619788758288394,3.094145303398716,0.5256434548896787,3.2164564114571355,0.40333234683125846,3.2124876534407063,0.4073011048476882,3.209905607266265,0.40988315102212913,3.1782299700039784,0.4415587882844159,3.163142458563374,0.45664629972502
1707,2.330413773349191,2.3695770169594486,0.0391632436102576,2.3537364941619368,0.03381659832266213,2.3537364941619368,0.03381659832266211,2.3518503715315626,0.03193047569228733,2.345103220127114,0.03867762709673546,2.339446001282048,0.04433484594180126
1709,2.998186659236532,3.8800117511382255,0.8818250919016932,4.10212044582666,1.1039337865901286,4.105783931307904,1.1075972720713723,4.098882529445108,1.100695870208575,4.103609871355706,1.1054232121191743,4.106348883593951,1.1081622243574183
1711,4.397070549959409,3.790577657937873,0.6064928920215353,4.026585329040267,0.3704852209191424,4.0449999792177875,0.3520705707416214,4.0960852943044275,0.30098525565498174,4.081048689253243,0.3160218607061659,4.068794293774603,0.32827625618480616
1713,2.619788758288394,2.7161849139013374,0.09639615561294357,2.7161849139013374,0.0963961556129436,2.7161849139013374,0.09639615561294354,2.7161849139013374,0.09639615561294353,2.7161849139013374,0.09639615561294353,2.7161849139013374,0.09639615561294353
1721,2.6020599913279625,2.354622682906218,0.2710362430404403,2.3686231864866434,0.2560739186253865,2.3861377307134433,0.23855937439858615,2.3861377307134433,0.23855937439858615,2.390175138632471,0.23452196647955842,2.390175138632471,0.2345219664795585
1727,1.0,1.0341395851179065,0.03413958511790647,1.0092522261707244,0.009252226170724553,1.0092889060315438,0.009288906031543786,1.0071199208102213,0.007119920810221414,1.0047189434445742,0.004718943444574386,1.003264257041128,0.0032642570411280714
1734,1.0,1.0329791591546074,0.03297915915460733,1.0140985205932465,0.01409852059324639,1.0090568634140997,0.009056863414099624,1.0037421468949546,0.003742146894954368,1.0017164074664118,0.0017164074664117845,1.00166179373563,0.0016617937356302125
1744,2.330413773349191,2.3708144159800644,0.04040064263087286,2.3586057053691496,0.028191932019958354,2.3586057053691496,0.028191932019958333,2.360094749551025,0.029680976201833187,2.356873817613934,0.032901908138923686,2.3512165987688682,0.038559126983989465
1745,3.397940008672037,3.6292747925765902,0.2728647136652985,3.662089434523267,0.29997921028481855,3.6752198683565993,0.31310964411815095,3.6752198683566,0.31310964411815095,3.6752198683565993,0.31310964411815095,3.673190166793926,0.3151393456808249
1748,3.0,3.033670535914532,0.5149167690161311,2.981078249182988,0.5200178233274159,2.999622230975109,0.5385618051195373,2.9996222309751093,0.5385618051195371,2.997071176824248,0.5360107509686762,2.997071176824248,0.5360107509686762
1752,3.69167076559452,3.210571931090084,0.48109883450443613,3.178251487552612,0.5266440482839922,3.178251487552612,0.5266440482839922,3.1836554686493264,0.521240067187278,3.175012917008345,0.5298826188282598,3.175012917008345,0.5298826188282599
1753,2.0293837776852097,2.1650020155531546,0.1356182378679452,2.003661936248739,0.04396550802476038,2.003661936248739,0.04396550802476036,2.003661936248739,0.04396550802476038,2.003661936248739,0.04396550802476033,2.0017887656362516,0.042337202226316026
1755,4.397070549959409,3.4475427919947186,0.9495277579646902,3.4227756957439075,0.9742948542155014,3.5682255177593647,0.8288450322000449,3.6734026188487254,0.7236679311106835,3.6734026188487254,0.7236679311106838,3.6873493066353618,0.7097212433240472
1764,3.694605198933569,3.5870646786835634,0.14347931644988504,3.5927577358173344,0.15320059503401165,3.5722709392928778,0.17169191150227694,3.5228942706568107,0.18739185082970006,3.549452282259697,0.1608338392268141,3.549452282259697,0.1608338392268139
1765,4.397070549959409,3.773889860786255,0.6231806891731538,4.018579175101966,0.3784913748574433,3.9686542419698077,0.4284163079896022,3.9498301764000407,0.44724037355936785,3.9471871157893923,0.44988343417001664,3.9423295288523184,0.45474102110709114
1769,3.653212513775344,3.8430089391427424,0.230461013466183,3.7231957337348156,0.1680384599928162,3.7231957337348156,0.16803845999281625,3.7231957337348156,0.1680384599928162,3.7231957337348165,0.16803845999281616,3.7231957337348156,0.16803845999281627
1770,2.942008053022313,3.0091450009010794,0.16770580523861234,3.070445094805488,0.15802868441055912,3.070445094805488,0.15802868441055923,3.090303715077193,0.17788730468226333,3.0962680674477596,0.1809781357139863,3.0385437973799805,0.20660081804862157
1774,1.0,1.0285223622858288,0.02852236228582854,1.0132377961513335,0.013237796151333525,1.015417870080433,0.015417870080433183,1.0090600327573547,0.00906003275735474,1.009489704272229,0.009489704272229005,1.0045251808546758,0.004525180854675759
1777,1.0,1.0302232693305116,0.03022326933051154,1.0127116194803922,0.012711619480392112,1.0104367902474445,0.01043679024744445,1.0097419463278012,0.009741946327801232,1.009146958434457,0.009146958434456764,1.0061545884385474,0.0061545884385474595
1778,2.920818753952376,2.763292231950871,0.15752652200150558,2.790806992591274,0.13001176136110193,2.790806992591274,0.1300117613611019,2.790806992591274,0.13001176136110187,2.790806992591274,0.13001176136110187,2.790806992591274,0.1300117613611019
1779,2.619788758288394,2.701021601838929,0.08123284355053417,2.699763294278518,0.07997453599012341,2.699763294278518,0.07997453599012339,2.699763294278518,0.07997453599012339,2.699763294278518,0.07997453599012343,2.699763294278518,0.0799745359901233
1782,1.0,1.035053399294011,0.03505339929401073,1.016658360313398,0.016658360313397992,1.0160870162599516,0.01608701625995156,1.0096835280881293,0.009683528088129511,1.0066265739844396,0.006626573984439521,1.0064515398227563,0.00645153982275617
1791,4.698970004336019,3.917987170074853,0.7809828342611658,3.4680603968180144,1.2309096075180044,3.4680603968180144,1.2309096075180044,3.4680603968180144,1.2309096075180044,3.4268851173805444,1.2720848869554744,3.4268851173805444,1.2720848869554744
1795,1.0,1.0363759896916722,0.03637598969167203,1.0123143653791609,0.012314365379161007,1.031563860363366,0.03156386036336598,1.0568850567989545,0.05688505679895454,1.05707426113984,0.05707426113984012,1.0587274367247599,0.05872743672476003
1803,3.9542425094393248,3.7133392254989994,0.2601064681808653,3.6513256063067288,0.3221200873731346,3.6537285391315018,0.3197171545483618,3.6537285391315018,0.3197171545483619,3.642514230721676,0.33093146295818876,3.642514230721676,0.33093146295818876
1806,4.397070549959409,4.043017793952933,0.35405275600647623,3.7883944758368875,0.6086760741225212,3.7833425468217947,0.6137280031376144,3.809333106508654,0.5877374434507553,3.809333106508654,0.5877374434507553,3.832216486037683,0.5648540639217267
1807,3.6989700043360174,3.5676281474388967,0.16481926431501542,3.5746428905344856,0.1746343484970075,3.5400654781413365,0.20262596888563777,3.5402496050907653,0.20244184193620923,3.5402496050907653,0.20244184193620915,3.538173124014829,0.20269275627178523
1815,1.0,1.0309516271569383,0.030951627156938232,1.0159269391901407,0.0159269391901407,1.0238709600098048,0.02387096000980469,1.0168745424050596,0.01687454240505961,1.0127944392412584,0.012794439241258527,1.0140623534128037,0.014062353412803975
1816,2.8750612633917,3.3000708552647806,0.5120111976521196,3.1377717273767716,0.37255611757146595,3.1377717273767716,0.37255611757146606,3.123622082535131,0.3584064727298254,3.141539447392204,0.37632383758689864,3.141539447392204,0.37632383758689875
1828,4.176091259055681,3.4186517673407564,0.7574394917149245,3.7930754986867123,0.38301576036896934,3.7930754986867123,0.3830157603689693,3.7679930233288927,0.40809823572678844,3.7679930233288927,0.40809823572678827,3.7718622644978934,0.4042289945577875
1832,2.330413773349191,2.366292013585989,0.03587824023679764,2.3576644513744403,0.037636577177861466,2.3576644513744403,0.03763657717786142,2.3557783287440652,0.03575045454748667,2.349031177339617,0.04249760595193479,2.343373958494551,0.04815482479700053
1837,3.9208187539523753,2.6935583826924505,1.2272603712599246,2.612339340982899,1.3084794129694761,2.5941493270360123,1.3266694269163632,2.5367533424851163,1.3840654114672593,2.520135545344311,1.400683208608065,2.50700671412332,1.4138120398290555
1839,3.521791649639124,3.4136509938058475,0.23745194853436566,3.421772460747089,0.25031704051647974,3.421772460747089,0.25031704051647974,3.410436381960421,0.25580847878206187,3.418301286081759,0.24794357466072361,3.4247255573220357,0.2543678459009997
1840,3.2218487496163566,3.2180635152060746,0.1960736782507947,3.5125311477705914,0.35656111983128613,3.5125311477705914,0.356561119831286,3.5125311477705923,0.35656111983128624,3.5125311477705914,0.35656111983128586,3.5125311477705914,0.356561119831286
1843,2.920818753952376,3.2394400347577497,0.4396197757566352,3.203745963744054,0.3287270719511438,3.203300450281015,0.32828155848810514,3.1745810549757314,0.2995621631828209,3.190137891258654,0.31511899946574384,3.1901378912586535,0.3151189994657438
1849,2.998186659236532,3.6792323715482005,0.681045712311669,3.565856650644573,0.5676699914080404,3.5291196556185724,0.53093299638204,3.3999647579946535,0.5191305938489539,3.3814935814919,0.5006594173462007,3.389254756786727,0.4672743952438559
1854,2.397940008672037,3.146387924925413,0.7484479162533761,3.3689065075879525,0.970966498915916,3.3719527810177956,0.9740127723457593,3.3719527810177965,0.9740127723457593,3.3719527810177956,0.9740127723457593,3.3183937215142847,0.9204537128422473
1857,3.759667844689631,3.7728145911560276,0.21379766198662656,3.687619749959584,0.24344412578182545,3.690859107439438,0.24020476830197174,3.690859107439438,0.24020476830197177,3.679644799029611,0.2514190767117987,3.679644799029611,0.2514190767117988
1872,1.0,1.0320684903208792,0.03206849032087896,1.0123178453676949,0.01231784536769479,1.0099922653112194,0.00999226531121935,1.0042721883496986,0.004272188349698602,1.0048338587476602,0.004833858747660247,1.00395919865904,0.003959198659040031
1873,2.920818753952376,2.738658206885825,0.18216054706655055,2.7956989915334427,0.12904602858367376,2.7956989915334427,0.1290460285836738,2.7956989915334427,0.12904602858367378,2.7956989915334427,0.12904602858367376,2.7956989915334427,0.12904602858367378
1876,3.0,2.687549468492585,0.3137071873200834,2.6052544913866216,0.3947455086133789,2.601737593659261,0.3982624063407396,2.629233784136224,0.37615302595566874,2.629233784136224,0.3761530259556687,2.637011237463221,0.3683755726286712
1877,3.0,3.52214061710693,0.5221406171069299,3.6264381945501,0.6264381945501002,3.492647045541389,0.4926470455413884,3.4685076640509456,0.46850766405094524,3.468507664050945,0.46850766405094524,3.455282914741332,0.47252156620665364
1880,2.3483048630481607,2.1618861440396655,0.1864187190084949,2.3480288886685816,0.000275974379579913,2.3480288886685816,0.000275974379579913,2.3480288886685816,0.000275974379579913,2.3480288886685816,0.000275974379579913,2.3480288886685816,0.000275974379579913
1888,4.397070549959409,3.9719952168645727,0.4250753330948361,4.120986295804551,0.27608425415485854,4.122649328612559,0.2744212213468501,4.1458570012098725,0.2512135487495372,4.144637711744295,0.2524328382151147,4.137077882151613,0.2599926678077969
1896,2.896250562461638,2.3760912336782374,0.520159328783401,2.3546305796044997,0.5515232823058571,2.3395790798213008,0.5665747820890561,2.3351099731257854,0.5710438887845715,2.337225203696941,0.5689286582134155,2.337225203696941,0.5689286582134157
1905,3.397940008672037,3.5857124757461705,0.22227208697245332,3.546329175016983,0.19610198200758888,3.546329175016983,0.19610198200758872,3.5518802327936654,0.20165303978427115,3.534398885282973,0.19600928949402557,3.534398885282973,0.1960092894940256
1911,1.0,1.0289391142875988,0.028939114287598544,1.0116162130110875,0.01161621301108734,1.0089547834849313,0.008954783484931218,1.0035885021815023,0.0035885021815022845,1.0029502051413928,0.002950205141392781,1.0030621623579044,0.0030621623579045075
1912,4.397070549959409,3.992989610901501,0.4040809390579079,4.12701901696474,0.2700515329946684,3.9849533925449308,0.4121171574144783,3.9098950880882564,0.48717546187115274,3.9098950880882564,0.48717546187115285,3.9098950880882555,0.48717546187115274
1913,2.920818753952376,3.027588492952107,0.1407800770546071,3.009799808302776,0.15952585770736094,3.0097998083027755,0.15952585770736086,3.047625962014579,0.17391135899117002,3.0498047132359147,0.1806958756474187,3.0555218277137124,0.17964964503190245
1919,3.464886798302651,2.6824675965470672,0.7824192017555838,2.7587868496326817,0.7060999486699691,2.7363099313527885,0.728576866949862,2.7178186676465557,0.7470681306560952,2.7178186676465557,0.7470681306560952,2.68770657781493,0.7771802204877207
1922,3.397940008672037,3.2489540165588755,0.17598547278160048,3.2930353720499967,0.1911727150719297,3.2930353720499967,0.19117271507192968,3.2667282545075644,0.2016304758368638,3.274394704184288,0.19396402616014077,3.2617461219656634,0.20661260837876547
1931,1.0,1.0330361223484974,0.03303612234849751,1.0153455151540294,0.01534551515402921,1.0174976828256845,0.01749768282568448,1.0150169184564604,0.015016918456460393,1.0091338475961769,0.009133847596176947,1.0060559449960942,0.00605594499609442
1932,1.0,1.039062485928398,0.039062485928398116,1.01008540530571,0.010085405305710105,1.0082234065214495,0.008223406521449572,1.0091092545768736,0.009109254576873694,1.0183343593993668,0.018334359399366874,1.0133939791766573,0.013393979176657533
1934,2.6981005456233897,3.209188774863539,0.6108558908752478,3.1828286222822784,0.6214578023265924,3.1713507009524,0.6099798809967143,3.1098506257893064,0.5976041070522566,3.1098506257893064,0.5976041070522569,3.1043313317100236,0.60312340113154
1935,3.935759103745312,3.1117481517485253,0.824010951996787,3.2722876366659834,0.6634714670793291,3.2722876366659834,0.6634714670793291,3.2722876366659834,0.6634714670793294,3.2526262417603435,0.6831328619849693,3.2526262417603418,0.6831328619849694
1937,4.0,3.455529021260694,0.5444709787393064,3.4487578288742626,0.5512421711257377,3.4340958933519516,0.5659041066480482,3.4340958933519516,0.5659041066480482,3.4166145458412593,0.5833854541587402,3.4166145458412593,0.5833854541587402
1941,3.6989700043360174,3.2488328350583435,0.4501371692776737,3.248087700641441,0.4508823036945769,3.248087700641441,0.4508823036945769,3.2249959340068566,0.4739740703291619,3.2041400502172612,0.49482995411875697,3.2041400502172612,0.49482995411875697
1944,1.0,1.0388975755661205,0.03889757556612054,1.0157975038792117,0.015797503879211482,1.0156745142469503,0.015674514246950256,1.0110535968805583,0.011053596880558148,1.0072191965208535,0.0072191965208534435,1.0087613899427255,0.008761389942725661
1945,1.0,1.0367809355796134,0.03678093557961335,1.022695692027672,0.02269569202767191,1.0215248273901776,0.021524827390177626,1.0287216982694694,0.028721698269469253,1.0191549370238575,0.019154937023857777,1.015031186405819,0.015031186405819163
1958,2.397940008672037,2.00712655456099,0.39081345411104723,2.0808668131679133,0.31881476309690865,2.0808668131679133,0.3188147630969087,2.0808668131679133,0.31881476309690865,2.0808668131679133,0.3188147630969087,2.0837614289397495,0.3159201473250729
1964,1.0,1.0316117806016998,0.031611780601699724,1.0141509780017592,0.014150978001759318,1.0111377480722477,0.0111377480722477,1.006938064585902,0.006938064585902137,1.0047029556465925,0.0047029556465926995,1.0050723364454741,0.005072336445474124
1966,2.330413773349191,2.3771792749796705,0.04676550163047941,2.365149583257533,0.0400705090662858,2.365975617690906,0.03924447463291285,2.365975617690906,0.03924447463291285,2.364089495060531,0.03735835200253808,2.364089495060531,0.03735835200253803
1973,2.0293837776852097,2.149025445582712,0.11964166789750263,1.9710573281684627,0.06311154084917411,1.9710573281684627,0.0631115408491741,1.9710573281684627,0.06311154084917409,1.9851273760521224,0.07718158873283364,1.9851273760521224,0.07718158873283368
1974,3.1249387366083,3.0759252171632285,0.18578946439322647,3.08326182063109,0.17505456700755756,3.08326182063109,0.1750545670075576,3.085732902124655,0.17183593583945203,3.1036173511712244,0.16766983944390096,3.1011655658608897,0.17012162475423626
1977,3.210853365314893,3.3304492983926783,0.14404116516810106,3.3053267259164167,0.18891567447340135,3.3178902452317005,0.20147919378868498,3.3089853192453624,0.19825426634189397,3.3089853192453624,0.19825426634189386,3.3089853192453624,0.1982542663418939
1978,3.096910013008056,2.792334731152932,0.3633547098828944,2.8860711290172576,0.29532000096339217,2.8860711290172576,0.2953200009633921,2.8930420042998986,0.2883491256807511,2.8584633852065737,0.3108405796160036,2.859411966213799,0.31178916062322914
1983,1.0,1.0337312404289152,0.033731240428915156,1.0112475606872577,0.011247560687257796,1.0126388814804035,0.012638881480403475,1.0120732275350806,0.0120732275350806,1.0164166222465316,0.016416622246531665,1.0050169180006467,0.005016918000646786
1985,2.619788758288394,2.7156798207625554,0.09589106247416082,2.7156798207625554,0.09589106247416082,2.7156798207625554,0.09589106247416083,2.7123744966029943,0.09258573831459978,2.7123744966029943,0.09258573831459975,2.7123744966029943,0.09258573831459978
1987,2.0293837776852097,2.1406967533056322,0.11131297562042253,1.9688501167766757,0.0883437418941483,1.9688501167766757,0.0883437418941483,1.9688501167766757,0.0883437418941483,1.9688501167766757,0.0883437418941483,1.9688501167766757,0.08834374189414831
1994,3.4771212547196626,3.092041053174243,0.39545855026350457,2.921006399467167,0.5581033020390478,2.944000858659884,0.5351088428463309,2.9815953298453666,0.4975143716608482,2.992247493644361,0.48686220786185375,2.992247493644361,0.48686220786185375
2010,1.0,1.0296183995005581,0.029618399500558102,1.0096385774242516,0.009638577424251438,1.013606909173501,0.013606909173500936,1.0061313867036132,0.006131386703613184,1.0058085401380208,0.005808540138020846,1.0085774875145852,0.008577487514585192
2011,1.0,1.0379374833880208,0.03793748338802096,1.013764656943983,0.013764656943982934,1.00998372201623,0.009983722016229902,1.003166275153735,0.0031662751537347767,1.001334029640312,0.0013340296403117403,1.0016378454336778,0.001637845433677887
2018,2.3483048630481607,2.1548496505601067,0.19345521248805445,2.3527800884772443,0.008121260200732495,2.3527800884772443,0.008121260200732495,2.3527800884772443,0.008121260200732472,2.3527800884772443,0.008121260200732516,2.3527800884772443,0.008121260200732538
2021,4.397070549959409,3.3964033404367138,1.0006672095226963,3.396423987613973,1.0006465623454361,3.339858557546082,1.0572119924133265,3.2970280372082277,1.1000425127511808,3.2970280372082277,1.1000425127511808,3.2970280372082277,1.1000425127511808
2022,4.544068044350276,3.9469899434745934,0.5970781008756818,3.7778206951891655,0.7662473491611109,3.7802236280139376,0.7638444163363382,3.7383981583988266,0.8056698859514485,3.6945238640838958,0.8495441802663803,3.6945238640838958,0.8495441802663806
2024,2.619788758288394,2.6637662745700004,0.09720426318748258,2.6798857808192356,0.10488410413914503,2.6798857808192356,0.10488410413914506,2.688264136668608,0.11326245998851796,2.688264136668608,0.11326245998851789,2.688264136668608,0.11326245998851789
2026,2.4771212547196626,2.3791993351429745,0.14153633602212942,2.4031354591910947,0.13419882494839866,2.4031354591910947,0.13419882494839866,2.397487994679241,0.12855136043654516,2.397487994679241,0.1285513604365451,2.397487994679241,0.12855136043654514
2028,3.9208187539523753,3.19474607731042,0.7260726766419549,3.2416597364104396,0.6791590175419358,3.2582642239467816,0.6625545300055935,3.29115598442785,0.6298184217263623,3.265687393497308,0.6552870126569049,3.300854512274742,0.6252396115182922
2036,4.397070549959409,3.460050133251998,0.9370204167074107,3.4711010129765922,0.9259695369828161,3.425960932390752,0.9711096175686578,3.382625985472056,1.0144445644873532,3.370274734224234,1.0267958157351758,3.3526652714681773,1.0444052784912317
2039,2.330413773349191,2.371982505809895,0.041568732460703695,2.3634831598658392,0.03687349245981268,2.3634831598658392,0.03687349245981268,2.3634831598658392,0.03687349245981268,2.3644485406468894,0.03783887324086301,2.3644485406468894,0.03783887324086299
2046,1.0,1.0286098198067062,0.028609819806706283,1.009678296061227,0.009678296061226865,1.009678296061227,0.009678296061226877,1.0077409092584495,0.007740909258449391,1.0067416061655832,0.006741606165583313,1.0053518185824655,0.005351818582465595
2054,2.619788758288394,2.6979998956077424,0.07821113731934859,2.690538999621177,0.07075024133278303,2.690538999621177,0.07075024133278304,2.690538999621177,0.070750241332783,2.690538999621177,0.07075024133278307,2.690538999621177,0.07075024133278311
2055,2.0293837776852097,2.142475871900201,0.11309209421499203,1.9644750898711478,0.08253083251621354,1.9644750898711478,0.08253083251621349,1.9644750898711478,0.08253083251621356,1.9606937771733963,0.08631214521396494,1.9606937771733963,0.08631214521396499
2058,1.0,1.0329980977917954,0.032998097791795425,1.0101778574524465,0.010177857452446603,1.0064801872803135,0.006480187280313465,1.0052825259930582,0.005282525993058229,1.0011192538337519,0.0011192538337518986,1.0013883266016625,0.001388326601662515
2060,2.619788758288394,2.715345793607535,0.13517566965398148,2.6807780083809343,0.17572532835853094,2.680778008380934,0.17572532835853089,2.6853057825733204,0.18795426586489006,2.6812185502926567,0.18386703358422632,2.6688238253966396,0.175750080155406
2061,3.3710678622717363,3.63981925892922,0.2687513966574843,3.610140252531765,0.25449365168812743,3.6127083893041614,0.2527976400663566,3.571712694563833,0.21180194532602817,3.571712694563833,0.21180194532602803,3.5847319805273203,0.22482123128951503
2066,3.3710678622717363,3.5164162628998374,0.17659406266608713,3.5113588366753374,0.17153663644158695,3.490104344067954,0.16184396080221644,3.5006094423612324,0.17234905909549564,3.4935509815525707,0.1652905982868335,3.5065702675160573,0.1783098842503203
2070,3.397940008672037,3.092399213053109,0.3140466117414805,3.108021531065412,0.2995221906756688,3.108021531065412,0.2995221906756688,3.108021531065412,0.2995221906756688,3.1142847266856846,0.2932589950553958,3.1142847266856846,0.29325899505539577
2071,1.0,1.0343716091754218,0.034371609175421994,1.0178353333770194,0.017835333377019248,1.020771672541628,0.02077167254162795,1.0141747993857035,0.014174799385703518,1.0120967589564702,0.012096758956470055,1.01057702663891,0.010577026638910192
2073,4.299942900022767,3.798553076614321,0.501389823408446,3.992764314606506,0.3071785854162613,4.076660204542076,0.22515435592506225,4.140253001817996,0.17127432364280754,4.140253001817996,0.1712743236428075,4.140253001817996,0.17127432364280742
2077,1.0,2.976449450573906,1.9764494505739059,3.142048186123313,2.142048186123313,3.1488776050920815,2.148877605092081,3.134161573892501,2.1341615738925004,3.134161573892501,2.1341615738925,3.1462885745001334,2.146288574500133
2079,4.0,3.276924716835535,0.7230752831644642,3.338612949686747,0.6613870503132524,3.338612949686747,0.6613870503132526,3.3951343062779804,0.6048656937220185,3.3565841776197813,0.643415822380218,3.383946866549672,0.6160531334503274
2089,3.397940008672037,3.2562051463825776,0.18954031537523597,3.3535775052062142,0.18913837645475187,3.3535775052062142,0.1891383764547518,3.343933732316798,0.19878214934416777,3.3463092152848213,0.20651704827602435,3.3315293440536933,0.2212969195071522
2090,3.521791649639124,3.31673789247323,0.3166684656941167,3.5400114029871674,0.36213059944905984,3.5400114029871674,0.3621305994490598,3.5400114029871674,0.3621305994490598,3.568679440640987,0.3334625617952396,3.568679440640987,0.3334625617952397
2091,3.5223355376023853,4.051286920025854,0.5289513824234685,3.8166493233851204,0.2948895743752565,3.797612485748948,0.2758527367390844,3.765136278671868,0.2597915016199831,3.7603628806173726,0.2550181035654878,3.7828437802492245,0.2774990031973405
2092,2.330413773349191,2.3831043259762392,0.05269055262704807,2.359094982888391,0.042038736856005766,2.359094982888391,0.04203873685600572,2.359094982888391,0.042038736856005746,2.359094982888391,0.04203873685600572,2.359094982888391,0.042038736856005746
2096,3.2218487496163566,3.2726153050280637,0.2724276978990874,3.4699362835360477,0.3837440069070421,3.4699362835360468,0.38374400690704197,3.4699362835360477,0.383744006907042,3.4699362835360468,0.383744006907042,3.4699362835360477,0.3837440069070421
2097,3.4771212547196626,3.0294502451470153,0.44767100957264694,3.056319730370404,0.4208015243492581,3.056319730370404,0.4208015243492581,3.056319730370404,0.4208015243492582,3.0745599436233295,0.40256131109633275,3.0745599436233295,0.4025613110963328
2099,4.397070549959409,3.9870624490694055,0.4100081008900037,3.6880723952643555,0.7089981546950532,3.715661478805793,0.6814090711536158,3.718918147701003,0.6781524022584053,3.7141447496465085,0.6829258003129006,3.723193583139918,0.6738769668194915
2108,1.0,1.0337332541168236,0.03373325411682369,1.0127610663155409,0.01276106631554078,1.0104862370825933,0.010486237082593119,1.0062811311726945,0.006281131172694387,1.0013341901050048,0.0013341901050046955,1.0009572582364759,0.0009572582364760108
2112,3.397940008672037,3.2411153793447154,0.1966131028669445,3.1404612764045563,0.2743182319971507,3.1404612764045563,0.2743182319971507,3.1404612764045563,0.2743182319971507,3.124984988213905,0.2897945201878024,3.124984988213905,0.28979452018780244
2116,4.096910013008056,3.731525654849642,0.41711830465021194,3.9579931053427186,0.207108016770256,3.9579931053427186,0.20710801677025614,3.9579931053427173,0.20710801677025606,3.9579931053427186,0.20710801677025598,3.9579931053427186,0.2071080167702561
2119,4.397070549959409,4.0453439636007635,0.3517265863586457,4.065130039626856,0.3319405103325521,4.125282554266154,0.27178799569325485,4.161078355985624,0.2359921939737855,4.161078355985624,0.23599219397378537,4.152814774882759,0.24425577507664994
2124,3.151267675330649,3.07611696173409,0.21855815829629802,3.1224633582580275,0.2801841596188293,3.1224633582580275,0.2801841596188295,3.1527276155665747,0.24991990231028235,3.143586862268097,0.2407791490118048,3.143586862268097,0.2407791490118049
2128,3.096910013008056,3.345293336247284,0.2612772777391165,3.3248522773803364,0.25893300323317975,3.3261024521504643,0.26018317800330776,3.2876615275499397,0.29076356908462075,3.2876615275499397,0.29076356908462075,3.2876615275499397,0.29076356908462075
2132,1.0,1.029195937265782,0.029195937265781957,1.0126101412658275,0.012610141265827369,1.0097904959621433,0.00979049596214332,1.0060158637149028,0.006015863714902992,1.0056209449853943,0.005620944985394338,1.0054520345413887,0.00545203454138884
2135,2.920818753952376,3.01723716920459,0.33077000165303627,3.0142987157558676,0.2720598780307212,3.0032804471752708,0.26104160945012456,3.037625848866505,0.27622938883425696,3.040386016722768,0.27898955669051995,3.040386016722768,0.27898955669052006
2137,3.531478917042255,3.6210617907934144,0.15645097202360853,3.5643406423389115,0.1599187828118252,3.592191699676544,0.1778806402829325,3.5233630639688536,0.17530707451929847,3.5499210755717394,0.15026644455141608,3.5499210755717394,0.15026644455141586
2139,1.0,1.0352566036424313,0.03525660364243134,1.01534753772499,0.015347537724990035,1.013850046223712,0.013850046223712142,1.016190432501138,0.016190432501138063,1.0168226515579037,0.01682265155790369,1.008947839035396,0.008947839035395987
2140,1.0,1.03501078163973,0.03501078163972991,1.0127830832948985,0.0127830832948987,1.0084867192713278,0.008486719271327926,1.0075422253498734,0.007542225349873333,1.0060355254917623,0.0060355254917626834,1.0047988880297822,0.004798888029782411
2150,3.3832167518513314,3.263043580107913,0.15886238434170424,3.272011684132825,0.20957915638859798,3.2893806575237434,0.19221018299768,3.2776603217688782,0.20393051875254536,3.302957504268929,0.18653329053407106,3.271846372078862,0.20974446844256184
2154,0.619788758288394,3.318591937285941,2.6988031789975464,3.2272801715489523,2.6074914132605587,3.2073947670710248,2.5876060087826316,3.175525514635279,2.555736756346885,3.1736203750880874,2.553831616799693,3.1736203750880874,2.553831616799693
2155,2.1760912590556813,2.128233545395711,0.17201305292246152,2.080900682463864,0.1943449215850943,2.080900682463864,0.19434492158509437,2.085041390335412,0.19020421371354612,2.085041390335412,0.19020421371354612,2.0906587598311646,0.1845868442177934
2156,4.0,3.2917366300549533,0.7082633699450472,3.3509550164180526,0.6490449835819473,3.3509550164180526,0.6490449835819475,3.3509550164180526,0.6490449835819473,3.3509550164180526,0.6490449835819473,3.3509541499937967,0.6490458500062031
2161,1.0,1.0339063723460722,0.03390637234607208,1.0134576650497555,0.013457665049755563,1.014841227685689,0.014841227685689207,1.0061081998144648,0.006108199814464787,1.002123339426139,0.0021233394261390703,1.0011633626655292,0.001163362665529266
2167,2.3483048630481607,2.1568857912811144,0.19141907176704656,2.349967766910731,0.006690405078668716,2.349967766910731,0.006690405078668737,2.349967766910731,0.006690405078668737,2.351924715837207,0.008647354005145358,2.3519247158372076,0.008647354005145425
2173,3.397940008672037,3.602189243683354,0.21522219722658625,3.5994343799280877,0.2022463977476924,3.5994343799280886,0.2022463977476924,3.590124167790897,0.19293618561050135,3.590124167790897,0.1929361856105014,3.590123301366641,0.1929353191862458
2175,3.146128035678238,2.982415965002449,0.3571729117793073,3.352545590137234,0.31593087483255183,3.352545590137234,0.3159308748325519,3.356346883585297,0.31973216828061546,3.33804975846394,0.31746375446616115,3.33804975846394,0.31746375446616115
2176,3.653212513775344,2.8295472359951286,0.8236652777802144,2.895237974023988,0.7665625574929205,2.9246693240843387,0.7371312074325702,2.973911513883806,0.699741533229979,2.973911513883806,0.699741533229979,2.973911513883806,0.699741533229979
2178,4.397070549959409,3.7984109022222086,0.598659647737201,3.6839326835679467,0.713137866391462,3.715877046479308,0.681193503480101,3.7123867357103153,0.684683814249093,3.7250993862898563,0.6719711636695525,3.6974716648655295,0.699598885093879
2181,1.0,1.0317962140123922,0.03179621401239222,1.0130379961560796,0.01303799615607959,1.0124774848068252,0.012477484806825279,1.0047566168316322,0.004756616831632365,1.0067254867426616,0.006725486742661579,1.0073024224686107,0.0073024224686108145
2183,2.857231953663855,3.353898252012094,0.4966662983482385,3.3457022524602005,0.5372075282274698,3.3114352830100104,0.5047719752225485,3.285403204129703,0.4787398963422416,3.285403204129704,0.4787398963422416,3.287160036260599,0.48049672847313707
2189,3.2218487496163566,3.638607206563342,0.4167584569469855,3.577843641980458,0.3860891305581043,3.577843641980458,0.38608913055810434,3.5896102234631377,0.39785571204078424,3.6216717759976937,0.40569741278125593,3.6058645455038905,0.4168131078865235
2190,2.1760912590556813,2.6125246087860603,0.43643334973037884,2.7033208625188068,0.5272296034631255,2.7033208625188068,0.5272296034631255,2.7497116105825468,0.573620351526865,2.785579872656637,0.6094886136009547,2.8154344271042833,0.6393431680486008
2200,4.397070549959409,3.9898900335246514,0.4071805164347575,4.117471909728774,0.27959864023063397,4.045022896502839,0.35204765345656847,3.9285916762745794,0.4684788736848288,3.9374732528276,0.4595972971318091,3.8893512536681394,0.5077192962912696
2208,4.397070549959409,4.0386517312551415,0.3584188187042656,3.7705654557219868,0.6265050942374233,3.8430815544305146,0.5539889955288946,3.8908409268063755,0.5062296231530341,3.8668528157874342,0.5302177341719757,3.868468311257838,0.5286022387015714
2212,3.397940008672037,3.3308333135605146,0.09936460962704996,3.2523840623917417,0.15512057083560926,3.2519385489287025,0.15556608429864777,3.2519385489287025,0.15556608429864788,3.274099149320847,0.13340548390650347,3.274099149320847,0.13340548390650347
2217,3.795880017344075,3.804811628902793,0.16529166558525768,3.8671813338834617,0.2391114413235725,3.8671813338834617,0.23911144132357265,3.838879340425882,0.2430696334694297,3.838879340425882,0.2430696334694297,3.838879340425882,0.2430696334694296
2219,2.335792101923193,3.0090665201709315,0.6732744182477378,3.020120577165256,0.6843284752420625,3.054961660521465,0.7191695585982721,3.054961660521465,0.719169558598272,3.054961660521465,0.7191695585982723,3.0574647684351817,0.7216726665119885
2220,4.0,3.392032302829005,0.6112999595976069,3.510796081898556,0.4892039181014437,3.510796081898556,0.4892039181014437,3.510796081898556,0.48920391810144376,3.510796081898556,0.4892039181014437,3.510796081898556,0.48920391810144387
2221,1.0,1.0307147644767936,0.030714764476793454,1.0113148024438996,0.011314802443899753,1.0086653249229578,0.008665324922957884,1.0049453982139256,0.0049453982139258,1.0024919261456167,0.0024919261456169627,1.0012711778230985,0.0012711778230985794
2231,2.397940008672037,2.406538762023218,0.10828050508452022,2.3936696062530003,0.10420929043305541,2.3936696062530003,0.10420929043305535,2.3936696062530003,0.10420929043305538,2.3936696062530003,0.10420929043305535,2.3936696062530003,0.10420929043305538
2234,1.0,1.0373881258047823,0.037388125804782346,1.010720652127968,0.010720652127968012,1.016842666140838,0.0168426661408382,1.0094321766684684,0.009432176668468495,1.0077324449041833,0.007732444904183522,1.0106610444026018,0.010661044402601827
2237,2.330413773349191,2.3774172040000865,0.04700343065089561,2.3578131246769782,0.04075687864459312,2.3578131246769782,0.04075687864459312,2.355927002046603,0.0388707560142183,2.3472937280117803,0.04373178478829165,2.3472937280117803,0.04373178478829161
2245,4.397070549959409,4.022216619335215,0.3748539306241935,4.134989308239473,0.262081241719936,4.025610703430945,0.3714598465284641,3.9912926598100333,0.40577789014937515,3.976441578115689,0.4206289718437194,3.9690509004014607,0.4280196495579477
2249,2.2378368550004866,3.785020493995849,1.5471836389953617,3.7166151200098883,1.4787782650094017,3.706836476207941,1.468999621207455,3.706836476207941,1.4689996212074548,3.706836476207941,1.4689996212074548,3.7039785143817463,1.4661416593812593
2252,3.0,3.3704893768984285,0.3704893768984291,3.3146090228515463,0.33494172335472905,3.3146090228515455,0.33494172335472905,3.3146090228515455,0.33494172335472905,3.3182527846185197,0.33858548512170306,3.3182527846185197,0.33858548512170283
2253,2.0293837776852097,2.15908403322799,0.1297002555427803,1.989290434810394,0.06599283873521729,1.989290434810394,0.06599283873521729,1.989290434810394,0.06599283873521733,1.989290434810394,0.06599283873521726,1.9861800673389163,0.06910320620669512
2259,3.4771212547196626,3.31298470159829,0.17129502591944784,3.333418368747652,0.1868168205001238,3.333418368747652,0.18681682050012383,3.3362632250784876,0.18397196416928838,3.318521821692103,0.20390562485078947,3.318521821692103,0.2039056248507895
2260,3.531478917042255,3.5189893899173783,0.14352122398569392,3.526892262293059,0.1427877694027387,3.5422486359442096,0.12550301879346554,3.539438137803576,0.12982709533086476,3.539438137803576,0.12982709533086464,3.539438137803576,0.12982709533086473
2266,1.0,1.0221446210516438,0.022144621051643786,1.010397610852248,0.010397610852248029,1.0152972188861813,0.015297218886181286,1.0284637883365726,0.028463788336572614,1.011779629865907,0.011779629865907127,1.005220096940827,0.0052200969408268795
2268,4.176091259055681,3.729057368217879,0.4561337359299261,3.874282729944175,0.3109083742036308,3.874282729944175,0.31090837420363077,3.874282729944175,0.3109083742036307,3.874282729944175,0.3109083742036307,3.874282729944175,0.3109083742036308
2271,1.0,1.0264977875698742,0.02649778756987431,1.0107960336702242,0.010796033670224104,1.0131370695973927,0.013137069597392604,1.0148427820090098,0.014842782009009603,1.0206955152736987,0.02069551527369893,1.0521454489956787,0.05214544899567898
2274,2.0293837776852097,2.1567191390329308,0.12733536134772155,1.996721578084029,0.04620584849169042,1.996721578084029,0.04620584849169039,1.996721578084029,0.04620584849169044,1.996721578084029,0.04620584849169039,1.996721578084029,0.04620584849169042
2275,3.6989700043360174,3.258343805435389,0.44702097525123285,3.181803100287809,0.5266882100066039,3.181803100287809,0.5266882100066039,3.173914692118842,0.5345766181755711,3.2094770966441772,0.5003741097210337,3.211435776863791,0.4984154295014201
2277,2.762803558542489,3.4786926433205707,0.7158890847780822,3.4840129885875206,0.7212094300450314,3.451768876151216,0.688965317608727,3.4484676771192957,0.6856641185768073,3.4484676771192957,0.6856641185768073,3.4529092812878788,0.6901057227453901
2281,2.998186659236532,4.073089488320888,1.0749028290843565,4.2359671739426785,1.2377805147061467,4.1822280140981185,1.1840413548615865,4.170319314506687,1.172132655270154,4.160210181062967,1.1620235218264345,4.152874924205792,1.1546882649692587
2284,1.0,1.0351666704866567,0.03516667048665639,1.0118601034565986,0.011860103456598502,1.0097049385813943,0.009704938581394151,1.0037568168637134,0.0037568168637135526,1.003998959766644,0.003998959766644161,1.0034366033306175,0.003436603330617538
2287,2.619788758288394,2.714993859444751,0.16189884508900895,2.7014282452412566,0.16018307870443887,2.7014282452412557,0.16018307870443887,2.712461787499668,0.17497175333578702,2.720733889786372,0.17139782131250983,2.709736561916999,0.16467826491033377
2292,2.330413773349191,2.373412207772147,0.04299843442295566,2.3577217077259283,0.039280266669839546,2.3577217077259283,0.03928026666983957,2.3577217077259283,0.039280266669839546,2.3577217077259283,0.03928026666983957,2.3577217077259283,0.039280266669839546
2303,2.619788758288394,2.7272372603302837,0.18097882404714055,2.6496454850379503,0.13289915091081433,2.6496454850379507,0.13289915091081433,2.6496454850379503,0.13289915091081436,2.6679236182155415,0.13933124977842415,2.669979962151219,0.14138759371410164
2306,3.6020599913279625,2.4896986198702,1.1123613714577627,2.4407040209164146,1.1613559704115484,2.501119692384173,1.1009402989437898,2.5224350046011272,1.0796249867268357,2.5220691623018423,1.0799908290261206,2.5732895956451873,1.0287703956827754
2307,1.0,1.0378464986763987,0.037846498676398596,1.015412474956459,0.01541247495645882,1.0126864592809468,0.012686459280946893,1.0069570766822409,0.006957076682240904,1.005014621765983,0.005014621765982941,1.0051948985809265,0.005194898580926377
2310,2.619788758288394,2.7053345213873334,0.11772622110781956,2.653600633621631,0.11603470028302716,2.653600633621631,0.11603470028302729,2.6542527775569504,0.11668684421834667,2.6372899563112244,0.11840533426431703,2.637289956311224,0.11840533426431696
2311,2.765916793966632,2.6638204851173084,0.1687435297425049,2.807121184574091,0.06696577140120989,2.807121184574091,0.06696577140120989,2.807121184574091,0.06696577140120988,2.807121184574091,0.06696577140120999,2.807121184574091,0.06696577140120985
2331,2.619788758288394,2.7239983490438515,0.10420959075545677,2.7239983490438515,0.10420959075545681,2.7239983490438515,0.10420959075545674,2.7206930248842904,0.10090426659589569,2.72069302488429,0.10090426659589571,2.7206930248842904,0.10090426659589566
2332,1.0,1.0319919676363078,0.03199196763630754,1.0123650418243213,0.012365041824321165,1.0107330621422181,0.010733062142217965,1.0058924558777407,0.0058924558777407095,1.004608794241741,0.004608794241740999,1.0050271122805077,0.005027112280507872
2335,2.7781512503836434,1.910333947831558,0.8775873792236268,2.759663587021749,0.07019898540910023,2.7432291819540597,0.08264165947270133,2.759663587021749,0.07019898540910027,2.759663587021749,0.07019898540910033,2.759663587021749,0.07019898540910022
2337,2.397940008672037,2.9162237271579117,0.518283718485875,2.9366663800526895,0.5387263713806527,2.931808324784549,0.5338683161125118,2.941794672645277,0.5438546639732396,2.9419523783698005,0.5440123696977637,2.9419523783698005,0.5440123696977637
2339,1.0,1.035120082448726,0.03512008244872604,1.0118784300410337,0.011878430041033849,1.0077531951843077,0.007753195184307837,1.007491075223865,0.007491075223865018,1.004127178852611,0.004127178852610913,1.003939676176842,0.003939676176842077
2340,2.221848749616356,2.9190600647907754,0.6972113151744199,2.866732201437086,0.6448834518207296,2.8426992986651727,0.621987227311538,2.806248773831736,0.5855367024781017,2.7912225512793625,0.5705104799257285,2.7912225512793625,0.5705104799257283
2343,3.2218487496163566,3.237500735567528,0.17488125480735925,3.1926459756857297,0.20340996612253975,3.22839434231843,0.17440168238629167,3.236125818391568,0.17894195275414015,3.198970013498841,0.17596233442809137,3.1989700134988412,0.17596233442809142
2344,1.3010299956639813,3.385270397704113,2.084240402040132,3.521687238088166,2.220657242424185,3.521687238088166,2.2206572424241853,3.5557141471799847,2.2546841515160034,3.543566331534335,2.2425363358703536,3.543566331534335,2.242536335870354
2345,4.0,3.1554934454604426,0.844506554539557,3.279289182061857,0.7207108179381423,3.279289182061857,0.7207108179381423,3.263561619967306,0.7364383800326936,3.2625337359653033,0.737466264034696,3.2625337359653033,0.7374662640346961
2346,3.2218487496163566,3.042860393523349,0.2509088110091172,3.0616705415262477,0.25998049006836793,3.082063910744341,0.23957127823145785,3.082063910744341,0.2395712782314578,3.0820639107443415,0.2395712782314579,3.1000061367644483,0.2370746337261897
2348,3.318758762624413,3.3559470374136566,0.09765022220877913,3.272740031161157,0.15025546812054974,3.272740031161157,0.15025546812054974,3.2765413246092208,0.15405676156861325,3.3077807520911238,0.13113368240652143,3.3127356453151755,0.13608857563057336
2350,1.0,1.034264100983454,0.03426410098345358,1.0163505400306896,0.016350540030689455,1.0164887125740467,0.01648871257404667,1.0125724976021884,0.012572497602188393,1.0154747847703773,0.01547478477037748,1.011673554619613,0.011673554619613068
2351,1.0,1.0325989732261163,0.032598973226115976,1.009941569887466,0.009941569887466094,1.0108619971622803,0.010861997162280302,1.0085371822427314,0.008537182242731357,1.0079818826901363,0.007981882690136166,1.0086840127134142,0.008684012713414225
2352,3.096910013008056,3.0973759999070225,0.23011276444025172,3.107630486236656,0.25810891503561156,3.107630486236656,0.25810891503561156,3.1234570634678773,0.24228233780439004,3.0852037412274678,0.2151359246038651,3.085203741227468,0.21513592460386502
2353,2.397940008672037,2.7870848910884805,0.4045070668643941,2.7642508559917083,0.38473814081595187,2.7593928007235675,0.37988008554781094,2.7445223264359044,0.3698454203693832,2.743464732684529,0.37285492167830503,2.7434647326845285,0.37285492167830503
2354,2.397940008672037,2.8535703766572826,0.46658152915576867,2.8442091551884876,0.46623527766946127,2.8442091551884876,0.46623527766946127,2.8381223354648935,0.46014845794586706,2.8381223354648935,0.46014845794586706,2.841333899516361,0.46060967149235826
2360,3.0,3.0892066198456063,0.16619908533537026,3.0304601106337223,0.17690162911330273,3.0304601106337223,0.1769016291133027,3.0296561088454843,0.18007702741178505,3.067410257343176,0.20441100715075708,3.067410257343176,0.20441100715075708
2361,2.6989700043360187,2.182673242521413,0.6591733200918968,2.8165116436441453,0.11981683558913907,2.8165116436441453,0.11981683558913916,2.8165116436441453,0.11981683558913911,2.8165116436441453,0.11981683558913918,2.8165116436441453,0.11981683558913911
2362,3.574031267727719,3.2178750425478477,0.35615622517987133,3.1638197724913986,0.41021149523632017,3.163819772491399,0.41021149523632017,3.194110428023489,0.3799208397042299,3.2313198023481093,0.3427114653796097,3.257964392122011,0.31606687560570756
2363,3.464886798302651,3.231139608289132,0.23374719001351824,3.223682667847399,0.241204130455252,3.223682667847399,0.24120413045525205,3.224816262054341,0.24007053624831012,3.2620256363789615,0.20286116192368997,3.270347228500968,0.19453956980168335
2367,3.146128035678238,3.7096083282883066,0.5634802926100677,3.5756092605981364,0.43144456259469355,3.5756092605981364,0.43144456259469344,3.5820600518028307,0.43789535379938804,3.581618911799827,0.43745421379638455,3.5795892102371534,0.43542451223371065
2368,3.4771212547196626,2.5993042122658814,0.8844734977288393,2.702332671651552,0.776602476140142,2.6881392000304505,0.7907959477612436,2.6820523803068563,0.7968827674848379,2.6855076993581077,0.7934274484335866,2.6855076993581077,0.7934274484335866
2369,2.8239087409443187,2.020646999855927,0.8032617410883912,1.978375043484909,0.8455336974594099,1.978375043484909,0.8455336974594099,2.0296999529014057,0.8209331578260552,2.0296999529014057,0.8209331578260555,2.035317322397158,0.8153157883303027
2370,2.6989700043360187,2.163015550742143,0.6514805029857282,2.799140860379466,0.11822114289136314,2.799140860379466,0.11822114289136317,2.799140860379466,0.1182211428913631,2.799140860379466,0.11822114289136317,2.799140860379466,0.1182211428913631
2372,3.096910013008056,3.2233276393371724,0.2106209540914657,3.225513390484089,0.23045378225406593,3.225513390484089,0.23045378225406593,3.2558040460161792,0.22494735331523125,3.253739896164275,0.2228832034633271,3.252101903061194,0.22124521036024594
2373,2.619788758288394,3.0776579660034895,0.4578692077150956,3.015631747325636,0.4626948378746925,2.994953315029213,0.4420164055782701,2.994953315029213,0.4420164055782701,3.032707463526905,0.4797705540759615,3.032707463526905,0.4797705540759615
2374,2.6989700043360187,2.156640502354567,0.6578056637797298,2.783530161021514,0.11742664538811513,2.765542398870421,0.10863379851652577,2.765542398870421,0.10863379851652573,2.783530161021514,0.11742664538811513,2.7655423988704215,0.10863379851652573
2375,3.1249387366083,3.0815216263244682,0.20642349629665838,3.0275027163300363,0.1934935816906789,3.0226446610618956,0.1983516369588198,3.0226446610618956,0.19835163695881977,3.026715043083001,0.19428125493771398,3.026715043083001,0.19428125493771395
2380,1.0,1.0304026677381626,0.03040266773816267,1.0106949278582087,0.010694927858208868,1.008873435861165,0.008873435861165147,1.0053744870685815,0.0053744870685816125,1.0068889484615295,0.006888948461529531,1.0047088888351445,0.0047088888351445755
2381,3.2218487496163566,3.2025918258497073,0.19114824181395174,3.213660320123966,0.16453921560629325,3.213660320123966,0.16453921560629328,3.2439509756560563,0.14653891300662852,3.2439509756560563,0.1465389130066285,3.2855100438790976,0.1349115094456817
2382,3.096910013008056,3.060052251626619,0.17739080641392083,3.046059491111106,0.14671653308568186,3.081308744416712,0.1536570789971146,3.117403852015106,0.15925855395985627,3.1055986760976615,0.15102024346152174,3.105598676097662,0.15102024346152176
2385,2.619788758288394,2.770178955040436,0.27667032493545574,2.783517987688676,0.33961469688999313,2.79959465802237,0.3556913672236869,2.79959465802237,0.3556913672236869,2.763462236891028,0.3636396232011608,2.763462236891028,0.36363962320116083
2389,1.0,1.0290130253732055,0.029013025373205457,1.0140787357922432,0.014078735792243191,1.0135541531829897,0.013554153182989604,1.012778907440387,0.012778907440386922,1.0095770904785648,0.009577090478564986,1.005468214238721,0.005468214238721047
2390,1.0,2.6509861165830055,1.6509861165830055,2.7041364334629976,1.7041364334629983,2.7041364334629976,1.7041364334629985,2.640217570460246,1.6402175704602466,2.622351273417034,1.6223512734170342,2.6021979733104406,1.6021979733104412
2391,3.3679767852945943,3.1890884991777826,0.22912052685399784,3.3013028142125265,0.19646791051472237,3.3013028142125265,0.19646791051472237,3.30011253667285,0.1952776329750458,3.2637005805669888,0.19668038314742214,3.3111940000331734,0.1564365404170886
2392,3.6368220975871743,3.177736600607127,0.46175717887590206,3.191468626288395,0.4453534712987798,3.1706040602492225,0.4662180373379523,3.1595802595725586,0.4772418380146159,3.1786616081458514,0.4581604894413231,3.1786616081458514,0.4581604894413231
2395,2.397940008672037,2.8330337926693594,0.44727963079169175,2.8500256157337907,0.4923729363780728,2.8500256157337907,0.4923729363780726,2.8573335646728326,0.4996808853171144,2.8797463319530245,0.509907805802937,2.9188794182765787,0.5490408921264912
2396,1.0,2.721918983839071,1.7219189838390712,2.733618346324077,1.7336183463240764,2.7366535232637963,1.736653523263796,2.70753760581509,1.7075376058150897,2.731836151743489,1.731836151743488,2.7205690532975604,1.7205690532975602
2400,3.318758762624413,3.0738818677385478,0.3249832576543491,3.14914867733692,0.34334788028296004,3.1532181577653335,0.3407222154407721,3.1687295733886267,0.3252107998174791,3.2083221001088083,0.28838441616611904,3.2095288259514234,0.28717769032350404
2402,3.2218487496163566,2.8411465186617435,0.383982823984276,3.0787854703424182,0.20238703733181557,3.0787854703424182,0.2023870373318155,3.064268347785775,0.20361131240459907,3.079584024110697,0.1882956360796777,3.0795840241106966,0.18829563607967775
2408,3.397940008672037,2.853154565440634,0.6202010394701829,3.173647688639732,0.45114213512134704,3.173647688639732,0.4511421351213471,3.173647688639732,0.45114213512134704,3.0134749878046825,0.5313153896751295,3.0381578501022437,0.5066325273775683
2410,4.066946789630613,1.0123260299853858,3.0546207596452275,1.2410688486461925,2.8258779409844204,1.170684155898219,2.896262633732394,1.2498549686755593,2.8170918209550537,1.180772074565686,2.886174715064927,1.2602277546107263,2.8067190350198867
2412,3.2218487496163566,3.0436435609450028,0.2723876521959925,3.155529994469267,0.2004462227697945,3.155529994469267,0.20044622276979443,3.1263416672145405,0.1858890729029939,3.1263416672145405,0.18588907290299392,3.1161832331329107,0.17608228869539858
2413,3.397940008672037,3.6424089569693088,0.3114120929454587,3.699210505967167,0.3472633550741862,3.6793251014892396,0.35359773709925746,3.618934290060379,0.3498827311091929,3.62515538037549,0.3561038214243045,3.62515538037549,0.35610382142430447
2416,3.795880017344075,3.9914025140012264,0.2721220341423865,3.920534394709074,0.3022794388102267,3.920534394709074,0.3022794388102269,3.897795111143129,0.2875653101811067,3.8978592220209145,0.2875011993033213,3.8978592220209145,0.28750119930332113
2417,2.898542359241223,2.6450064931362016,0.2535358661050219,2.601088230197037,0.29745412904418644,2.631923810858911,0.26661854838231186,2.6010882301970364,0.2974541290441865,2.6010882301970364,0.29745412904418655,2.6341165907737656,0.26442576846745763
2419,1.0,2.112678555928659,1.112678555928659,2.057061770721003,1.0570617707210022,2.057061770721003,1.0570617707210022,2.052512016674103,1.0525120166741029,2.0672601152090064,1.0672601152090058,2.070629679969774,1.0706296799697734
2421,3.397940008672037,3.0271117198404514,0.41818216918924733,3.0388989417393706,0.41976872141193056,3.0388989417393706,0.41976872141193056,3.0605950546329215,0.39807260851837956,3.0878477558912416,0.37081990726006003,3.078932684732571,0.37973497841873016
2422,3.574031267727719,3.3511869609206526,0.23433719391636698,3.3522199568496647,0.2397464734140045,3.3468354415424537,0.2451309887212158,3.36008130417975,0.24052024744436712,3.355598246083857,0.24500330554026056,3.355598246083857,0.24500330554026065
2423,3.464886798302651,3.287304596121713,0.18724550567062875,3.288095771399618,0.23077398361954585,3.288095771399618,0.23077398361954593,3.287721996562348,0.231147758456816,3.2859141931275944,0.23295556189156938,3.2859141931275944,0.23295556189156946
2425,3.4771212547196626,3.283194031000284,0.1951790397936213,3.1095584818634006,0.38568036274369105,3.0609233957442514,0.4343154488628403,3.0609233957442514,0.4343154488628403,3.080469602409994,0.40954045474429435,3.0585653978442835,0.4285718873097841
2428,3.096910013008056,3.3938142375400915,0.30261004814681075,3.2751926315379345,0.2064998599125094,3.274747118074896,0.20605434644947077,3.2700872171554303,0.19564480612678917,3.2700872171554303,0.19564480612678914,3.259928783073801,0.18548637204515972
2432,3.4771212547196626,3.208780656513459,0.3232212945047649,3.194537334838827,0.44021994913200346,3.194537334838827,0.44021994913200346,3.1983386282868906,0.4380785542812329,3.2399953048589767,0.3964218777091471,3.2762548462668177,0.3601623363013061
2436,1.9294189257142929,3.2182507722411287,1.2888318465268358,2.999097818869657,1.069678893155364,2.999097818869657,1.069678893155364,2.998036419736421,1.0686174940221278,3.0091254588531764,1.0797065331388829,2.978243179727161,1.048824254012868
2438,3.619788758288394,3.402713084156803,0.39970188563928866,3.5223692461610545,0.43312236307897856,3.5223692461610545,0.4331223630789787,3.5223692461610545,0.4331223630789787,3.581390303380806,0.3981172840809692,3.581390303380806,0.39811728408096914
2439,4.176091259055681,3.845598116307997,0.3544827458336449,3.8317501674642322,0.36833069467740964,3.8317501674642322,0.3683306946774095,3.8317501674642322,0.36833069467740975,3.8317501674642322,0.36833069467740975,3.8317501674642322,0.36833069467740964
2442,2.6989700043360187,3.3142388441787403,0.6463046061721769,3.3240724168057247,0.6251024124697055,3.3240724168057247,0.6251024124697055,3.319623206084411,0.6206532017483918,3.3196232060844104,0.6206532017483916,3.2821237461051362,0.6053586872192478
2444,1.0,2.2774777729227793,1.27747777292278,2.2222834473547315,1.2222834473547317,2.2222834473547315,1.2222834473547317,2.2222834473547315,1.2222834473547317,2.23389416538584,1.23389416538584,2.244201506120355,1.244201506120355
2446,3.6989700043360174,3.1974890102001896,0.5068830904638941,3.2439987909350747,0.4603733097290082,3.2439987909350747,0.4603733097290082,3.2340031599543018,0.47036894070978175,3.23818001618514,0.46912647188275225,3.2466763439148716,0.460630144153021
2447,3.464886798302651,3.4270421930641297,0.14673158262987523,3.4055766287906595,0.15257918898707307,3.400192113483448,0.15051155766000587,3.413549208502469,0.14884938470027714,3.413549208502469,0.14884938470027712,3.3977419780086655,0.16465661519408076
2448,3.0,3.4138133375201427,0.4422114767209216,3.303067343486748,0.3990746662345375,3.3030673434867475,0.3990746662345375,3.3026935686494774,0.39870089139726733,3.2595260650996574,0.41213390723050336,3.2595260650996574,0.41213390723050336
2449,2.8750612633917,3.2108578368912553,0.4003114544439617,3.2998412117337566,0.44798110058320184,3.2998412117337566,0.4479811005832019,3.2998412117337566,0.44798110058320184,3.2395138253795586,0.4317603599512306,3.2395138253795586,0.4317603599512306
2450,3.0791812460476247,2.63482539154174,0.44435585450588444,2.604427426475187,0.47475381957243795,2.6352630071370613,0.4439182389105632,2.604427426475187,0.47475381957243795,2.604427426475187,0.47475381957243795,2.637455787051916,0.4417254589957089
2455,3.2218487496163566,3.3975986545030006,0.18521915194437938,3.3398437439107993,0.23638066337321922,3.33576437549335,0.23230129495576968,3.335390600656079,0.23267506979303984,3.334949460653076,0.23223392979003643,3.334949460653076,0.23223392979003643
2457,4.544068044350276,3.8600562776455156,0.6840117667047597,3.768937040932685,0.7751310034175904,3.768937040932685,0.7751310034175904,3.7461977573667395,0.7978702869835358,3.746261868244525,0.7978061761057503,3.746261868244525,0.7978061761057503
2459,1.0,2.108732998599688,1.1087329985996879,2.0397744170832306,1.039774417083231,2.0397744170832306,1.039774417083231,2.0352246630363315,1.0352246630363313,2.046315241823952,1.0463152418239519,2.048563046558937,1.048563046558937
2462,2.8239087409443187,3.2453783081895162,0.4719355709909915,3.247314444129138,0.4324989990842746,3.247314444129138,0.4324989990842746,3.2106807569994276,0.3998194569764227,3.2061962088885907,0.39533490886558564,3.2201467504473413,0.4077988834873264
2464,2.6020599913279625,3.3069505283794385,0.704890537051476,3.3051535004648294,0.7030935091368663,3.297879365899572,0.6958193745716097,3.3177739873525938,0.7157139960246308,3.266468518558991,0.6693462060037915,3.266468518558991,0.6693462060037915
2467,3.060697840353612,3.142876725182427,0.16522773336967608,3.130260556613573,0.1853923720492828,3.1302605566135733,0.18539237204928266,3.130260556613573,0.18539237204928266,3.1175978804154534,0.190014799133126,3.1175978804154534,0.19001479913312602
2469,3.6020599913279625,3.3196509682577777,0.3054313963673782,3.368539687446686,0.2736891513856796,3.365579771222072,0.27664906761029406,3.3795372962411867,0.2626915425911799,3.3992693524564794,0.2522912542970984,3.3992693524564794,0.25229125429709853
2479,2.9542425094393248,3.0895709994313933,0.2060624734099977,3.142005918874322,0.2375499248293936,3.1403188222932545,0.23586282824832622,3.1403188222932545,0.23586282824832622,3.1403188222932545,0.2358628282483261,3.1403188222932545,0.23586282824832622
2486,3.041392685158225,3.299423771980508,0.2580310868222832,3.3030247440954774,0.2922374356294185,3.3030247440954774,0.2922374356294184,3.3134669900381866,0.3026796815721277,3.3134669900381875,0.3026796815721277,3.299396847181434,0.2948695300547753
2498,3.318758762624413,3.281676870957481,0.5532249473458122,3.226957468963671,0.48864597719177383,3.190864778799966,0.5247386673554789,3.1730300204801347,0.5425734256753104,3.1730300204801347,0.5425734256753103,3.1730300204801347,0.5425734256753104
2501,2.785329835010767,2.8918094144975712,0.2722364982354556,2.8148040304787156,0.21486666088077627,2.8148040304787156,0.21486666088077638,2.8148040304787156,0.2148666608807765,2.7928773579754838,0.22399903292169765,2.775798601088847,0.25208346098934487
2508,3.230448921378274,3.2539578898510846,0.18448247634074785,3.2957883374905217,0.15617901931602451,3.25680366817643,0.1605035055372512,3.263725257720325,0.15654311842774665,3.263725257720325,0.15654311842774662,3.263725257720325,0.1565431184277467
2513,3.521791649639124,3.3070394944016344,0.25855544344423276,3.4132931257414776,0.27973630152875045,3.4427244758018283,0.25894309455085845,3.4396964458159474,0.26197112453673943,3.4683644834697667,0.23330308688291934,3.4883936324060736,0.25333223581922576
2514,3.521791649639124,3.395904503434724,0.40971788826751165,3.1532137225205132,0.48720436817256896,3.14197107844875,0.4984470122443324,3.14197107844875,0.4984470122443324,3.14197107844875,0.4984470122443326,3.1460701190636122,0.4943479716294701
2515,3.521791649639124,3.5415761041640947,0.21676676902685266,3.413424169210932,0.34979655841721113,3.413424169210932,0.34979655841721113,3.413424169210932,0.3497965584172111,3.4629567461010233,0.3057434158113033,3.4629567461010238,0.30574341581130327
2516,3.6989700043360174,3.4337123130637695,0.30798099253644207,3.6255155082292108,0.21728648351500687,3.6255155082292108,0.21728648351500707,3.6255155082292108,0.21728648351500687,3.635580170271779,0.2072218214724381,3.635580170271779,0.20722182147243817
2517,3.6989700043360174,3.2760829916436642,0.42731862915480096,3.4558479463890572,0.34042082205882457,3.4558479463890572,0.34042082205882457,3.4685142161021587,0.3491204434214877,3.4785788781447273,0.3390557813789189,3.4785788781447273,0.3390557813789189
2518,3.6989700043360174,3.4466049581200884,0.35324019866669587,3.761687023524053,0.2509932101183677,3.761687023524053,0.2509932101183677,3.758711936935634,0.24801812352994773,3.7600044494532945,0.24808550708308447,3.7600044494532945,0.24808550708308444
2521,4.146128035678238,3.6104080188195127,0.5357200168587251,3.727990765609692,0.41813727006854623,3.727990765609692,0.41813727006854623,3.740657035322794,0.40547100035544403,3.7460843758251463,0.40004365985309215,3.7470150960961535,0.3991129395820849
2523,4.477121254719663,3.500653985332743,0.9764672693869194,3.7039055153092777,0.7732157394103849,3.7039055153092777,0.7732157394103851,3.701664140121313,0.7754571145983494,3.7070914806236646,0.7700297740959975,3.7070914806236646,0.7700297740959975
2524,4.6020599913279625,3.4643846765354334,1.1376753147925291,3.5975897259838034,1.004470265344159,3.5975897259838034,1.004470265344159,3.5975897259838034,1.004470265344159,3.533143000567448,1.068916990760515,3.533143000567448,1.068916990760515
2525,3.6989700043360174,3.7688471439038835,0.14641964929733547,3.77580272234549,0.22009019206007024,3.77580272234549,0.22009019206007024,3.766136707907406,0.2104241776219861,3.766136707907406,0.2104241776219859,3.766136707907406,0.210424177621986
2526,3.6989700043360174,3.719368155644544,0.14184070932543555,3.8513826218290346,0.20150318910044268,3.8513826218290346,0.2015031891004427,3.8513826218290346,0.2015031891004427,3.8513826218290346,0.20150318910044268,3.8513826218290346,0.2015031891004427
2527,3.6989700043360174,3.5193817295225345,0.36223377571171433,3.723894974126768,0.3278691173054546,3.723894974126768,0.3278691173054547,3.723894974126768,0.3278691173054547,3.723894974126768,0.3278691173054547,3.723894974126768,0.3278691173054547
2528,3.6989700043360174,3.695084502371448,0.09046710914121765,3.8472103150842747,0.19686521683163116,3.8472103150842747,0.19686521683163113,3.8472103150842747,0.1968652168316312,3.8472103150842747,0.19686521683163125,3.8472103150842747,0.1968652168316312
2529,4.0,3.7840338929388126,0.2341886717947872,3.8301032409647773,0.18141198971087172,3.8301032409647773,0.18141198971087164,3.8323471363880715,0.17916809428757757,3.8323471363880715,0.17916809428757746,3.8323471363880715,0.17916809428757746
2530,4.146128035678238,3.8394194838699227,0.3067085518083154,3.882192099773029,0.26393593590520964,3.882192099773029,0.26393593590520936,3.882192099773029,0.2639359359052095,3.882192099773029,0.26393593590520925,3.8652506362099075,0.28087739946833057
2531,4.301029995663981,3.7791925254620393,0.5218374702019413,3.8555198153487824,0.4455101803151993,3.8555198153487824,0.445510180315199,3.8555198153487824,0.445510180315199,3.8555198153487824,0.445510180315199,3.8555198153487824,0.4455101803151992
2532,4.477121254719663,3.847782879956406,0.6293383747632568,3.9074447476511436,0.5696765070685184,3.9074447476511436,0.5696765070685184,3.889576361612259,0.5875448931074027,3.889576361612259,0.5875448931074027,3.8667717936098542,0.6103494611098074
2544,4.32735893438633,3.649037108050421,0.6783218263359094,3.838263685847455,0.4890952485388761,3.838263685847455,0.48909524853887615,3.832325216094533,0.49503371829179754,3.832325216094534,0.49503371829179743,3.832325216094534,0.49503371829179726
2549,3.823908740944319,3.3073202972859903,0.516588443658329,3.260296165365548,0.5741716323115966,3.2598506519025086,0.5746171457746353,3.241314095993933,0.5873090611621261,3.2524100579912614,0.5762130991647977,3.2558713063251306,0.5727518508309289
2556,2.6020599913279625,3.1202346236875953,0.5181746323596329,3.1058722902494895,0.5038122989215269,3.1058722902494895,0.5038122989215269,3.1110054259890516,0.5089454346610895,3.1110054259890516,0.5089454346610893,3.102791688921883,0.5007316975939207
2560,1.3979400086720375,3.258106179093601,1.8601661704215637,3.3073203017397694,1.909380293067732,3.3073203017397694,1.909380293067732,3.3073203017397694,1.909380293067732,3.3033001771826314,1.9053601685105934,3.3033001771826305,1.9053601685105932
2562,4.390640769930538,3.5926672727199027,0.7979734972106349,3.7611336417155146,0.6295071282150243,3.7611336417155146,0.6295071282150243,3.7611336417155146,0.6295071282150243,3.7611336417155146,0.6295071282150243,3.7611336417155146,0.6295071282150243
2567,4.0,3.649741687976688,0.35683641569940044,3.4223087100593994,0.5776912899406002,3.4223087100593994,0.5776912899406002,3.3934095543467393,0.6065904456532605,3.3758587891488383,0.6241412108511618,3.3906353672330196,0.6093646327669795
2595,3.6110148339808887,3.2846567632991315,0.3309902013781961,3.254632499594261,0.3822284690902012,3.254632499594261,0.3822284690902012,3.2486722030839266,0.3784249428276315,3.2313247677382533,0.3911402474768663,3.233724555115406,0.38874046009971436
2599,2.6989700043360187,3.088088993886547,0.3891189895505282,3.102742238287005,0.40377223395098644,3.102742238287005,0.4037722339509865,3.1147956745243186,0.4158256701883,3.1107755499671805,0.4118055456311617,3.1235565917020613,0.4245865873660423
2616,2.9582452518929987,3.1213454593259335,0.1932377197794339,3.088340166158182,0.19936613252670626,3.088340166158182,0.19936613252670637,3.0835241125248003,0.19182075202644883,3.0835241125248003,0.19182075202644872,3.0970671778008656,0.20536381730251377
2625,2.4327021149312493,3.102363423889036,0.669661308957787,3.0264578751610576,0.593755760229808,3.02477077857999,0.5920686636487404,2.9929050319114117,0.5750132238221285,2.9929050319114117,0.5750132238221285,3.012445237883866,0.5797431229526167
2632,3.210853365314893,3.34760686363593,0.19599600815753596,3.2962551112032363,0.2375584201445559,3.3201590788818285,0.24318341113515132,3.31101267996426,0.24622298519903724,3.31101267996426,0.24622298519903713,3.31101267996426,0.24622298519903713
2643,3.3832167518513314,3.3123352340921515,0.17649917985466085,3.3103666083956718,0.16369499534526227,3.3103666083956718,0.1636949953452622,3.3103666083956718,0.16369499534526225,3.316102137042246,0.15795946669868738,3.323926136506472,0.15833058694975694
2660,3.3521664328326737,1.6962001008595529,1.6559663319731204,1.7466493229039557,1.605517109928718,1.7239852375520623,1.6281811952806113,1.7689663688886976,1.5832000639439763,1.7239852375520623,1.6281811952806116,1.7689663688886976,1.5832000639439763
2664,2.920818753952376,2.256764390873106,0.6880395868476095,2.2986226632692595,0.646181314451456,2.2986226632692595,0.6461813144514561,2.2986226632692595,0.646181314451456,2.2986226632692595,0.646181314451456,2.2986226632692595,0.646181314451456
2665,2.920818753952376,1.9556273847696488,0.9706646418311626,2.1084576180260735,0.817834408574738,2.1084576180260735,0.8178344085747378,2.1281534402688447,0.798138586331967,2.1281534402688447,0.798138586331967,2.1281534402688447,0.798138586331967
2666,2.920818753952376,2.9401858791127173,0.24531905133295787,2.8317586652911104,0.2824794550589741,2.8317586652911104,0.2824794550589741,2.8332933659552246,0.28210058155424,2.823963506112738,0.2691264480478736,2.823963506112738,0.2691264480478736
2667,2.920818753952376,2.9584692260182552,0.38304824104416035,2.7606087551583136,0.5190135476478104,2.760608755158314,0.5190135476478105,2.760608755158314,0.5190135476478105,2.7062118268064532,0.5511064826508185,2.7062118268064532,0.5511064826508184
2668,2.920818753952376,3.110903326649611,0.3094693334374142,3.1000491497748346,0.30046449937982594,3.1000491497748346,0.3004644993798259,3.1000491497748346,0.3004644993798259,3.1000491497748346,0.3004644993798259,3.1000491497748346,0.3004644993798259
2670,3.971971276399756,3.434662346344755,0.600882227275652,3.348561366337756,0.6596188194201578,3.348561366337756,0.6596188194201577,3.352853730952648,0.6553264548052656,3.3528537309526483,0.6553264548052653,3.3980822688823897,0.6100979168755231
2675,1.2196718303620817,2.4579621245117087,1.2382902941496274,2.369867349790954,1.1501955194288724,2.369867349790954,1.1501955194288724,2.3740778971704017,1.1544060668083196,2.3740778971704017,1.15440606680832,2.375430317889542,1.15575848752746
2676,2.920775322332568,2.5128669451305354,0.45759817110422984,2.408735004839258,0.5617301113955073,2.408735004839258,0.5617301113955075,2.408735004839258,0.5617301113955074,2.408735004839258,0.5617301113955073,2.408735004839258,0.5617301113955073
2677,2.6988976158898303,2.436022359205268,0.306962681529947,2.4539159885566386,0.3700841039720162,2.4989473509555364,0.3250527415731178,2.4478632589838707,0.3387039944398481,2.4478632589838707,0.338703994439848,2.4445404935461097,0.34202675987760883
2678,2.3977952197119023,2.557555994755318,0.24630747010015383,2.610657916047011,0.29606485494902335,2.610657916047011,0.2960648549490234,2.610657916047011,0.29606485494902335,2.610657916047011,0.2960648549490232,2.610657916047011,0.29606485494902335
2679,2.7774268223893115,2.4294468274422703,0.3479799949470417,2.436768451191715,0.3406583711975969,2.436768451191715,0.34065837119759684,2.436768451191715,0.34065837119759684,2.4351427168117263,0.3422841055775856,2.4016569930143854,0.3757698293749262
2680,2.6981005456233897,2.5953579889509064,0.3080183542602254,2.616390997925684,0.28233982364855914,2.6163909979256834,0.28233982364855914,2.6163909979256834,0.28233982364855914,2.614765263545695,0.28071408926857033,2.581279539748354,0.3141998130659108
2695,2.920818753952376,1.9614496721825365,1.0785097802770087,2.2239747477504297,0.9252227381468628,2.2239747477504297,0.9252227381468628,2.2239747477504297,0.9252227381468628,2.22397474775043,0.9252227381468631,2.2239747477504297,0.9252227381468628
2723,3.4471580313422194,2.6378885386262763,0.8092694927159434,2.676070671009259,0.7784408585566406,2.6760706710092594,0.7784408585566407,2.676070671009259,0.7784408585566409,2.6760706710092594,0.7784408585566405,2.6760706710092594,0.7784408585566407
2726,3.4471580313422194,2.5659291314714054,0.8812288998708142,2.5788054045283046,0.8774726267049683,2.5788054045283046,0.8774726267049683,2.5788054045283046,0.8774726267049683,2.5788054045283046,0.8774726267049683,2.5788054045283046,0.8774726267049682
2728,3.4471580313422194,2.655800069803861,0.7913579615383579,2.6558000698038615,0.7913579615383577,2.6558000698038615,0.7913579615383581,2.667361659341028,0.7797963720011911,2.6673616593410285,0.7797963720011911,2.6673616593410285,0.7797963720011912
2732,1.845098040014257,1.8153350207751835,0.6941274193043793,2.283593670661757,0.6256511869424891,2.306200129717777,0.6237690549162795,2.3232218939052043,0.5880569658998747,2.3896284579787372,0.5445304179644805,2.39803661653633,0.5529385765220726
2733,2.146128035678238,1.7505010484887282,0.5168867463618384,2.005587126491773,0.4706639653885313,2.0281935855477924,0.4687818333623217,2.1316060798995613,0.38231880489122727,2.165517031770236,0.28063473584968757,2.1643685788464495,0.28501166393624827
2734,2.4471580313422194,2.1265505637393636,0.48099459046544907,2.640198720045428,0.6381178852008297,2.73737272245586,0.606216045717361,2.713474587136066,0.559492923302982,2.8840007169063164,0.5114805128079863,2.8019177418482615,0.4990960922639756
2736,2.845098040014257,2.424953315241919,0.4201447247723372,2.4203276411654437,0.42477039884881285,2.4148044329798526,0.4302936070344037,2.4148044329798526,0.4302936070344038,2.423944087577203,0.42115395243705345,2.4239440875772034,0.42115395243705345
2737,3.5185139398778875,2.956498605475718,0.5620153344021699,2.956498605475718,0.5620153344021699,2.956498605475718,0.5620153344021698,2.956498605475718,0.5620153344021698,2.956498605475718,0.5620153344021699,2.956498605475718,0.5620153344021699
2738,3.5228787452803374,1.768318821535873,1.754559923744464,1.9563517441032912,1.5665270011770462,1.9563517441032914,1.5665270011770465,1.8953041578746668,1.627574587405671,1.8953041578746668,1.6275745874056713,1.8953041578746663,1.6275745874056713
2739,3.5228787452803374,3.0149831893552257,0.5078955559251115,2.991116824033338,0.5317619212470002,2.965809206697716,0.5570695385826223,2.965809206697716,0.5570695385826223,2.991116824033338,0.5317619212470002,2.9918040797507244,0.5496104887172534
2740,3.6989700043360174,3.7791243426052774,0.2944020002449606,3.6939354752062927,0.291005571413302,3.6939354752062927,0.2910055714133021,3.6967483344072036,0.29381843061421364,3.6783788127124284,0.275448908919438,3.6364302325856825,0.29459193895137076
2741,3.9542425094393248,3.5434882550757303,0.4398123311347085,3.5002867016848165,0.4662253300713365,3.500286701684817,0.4662253300713365,3.5030995608857283,0.46341247087042514,3.500543658885359,0.4659683728707941,3.500543658885359,0.4659683728707941
2742,4.3979400086720375,3.402528051476845,0.9954119571951932,3.4649587844117575,0.9329812242602804,3.4649587844117575,0.9329812242602804,3.4482581776263386,0.9496818310456991,3.4482581776263386,0.9496818310456993,3.4482581776263386,0.9496818310456991
2743,4.653212513775344,3.3692122110387004,1.2840003027366433,3.347243721260245,1.3059687925150998,3.347243721260245,1.3059687925150998,3.345399664996619,1.3078128487787253,3.345399664996619,1.3078128487787253,3.345399664996619,1.3078128487787255
2746,4.574031267727719,2.8857408763970342,1.6882903913306848,2.833533030459691,1.7404982372680284,2.833533030459691,1.7404982372680284,2.833533030459691,1.7404982372680284,2.833533030459691,1.7404982372680284,2.833533030459691,1.7404982372680284
2747,2.6989700043360187,1.8128062513321326,0.8861637530038863,1.851311361053624,0.8476586432823945,1.8513113610536245,0.8476586432823945,1.851311361053624,0.8476586432823945,1.851311361053624,0.8476586432823945,1.851311361053624,0.8476586432823945
2749,2.920818753952376,3.1922234640757483,0.6319945690201857,3.09449970149966,0.5126279895391463,3.09449970149966,0.5126279895391463,3.094128483181864,0.5122567712213506,3.0515221622197535,0.4892986370212591,3.0515221622197535,0.4892986370212591
2751,2.397940008672037,2.4497969576751033,0.21704590792532819,2.535772904453193,0.2585651498723195,2.5302496962676018,0.25304194168672844,2.5302496962676018,0.2530419416867285,2.583973670764474,0.2959231069226547,2.583973670764474,0.29592310692265456
2752,2.397940008672037,2.380715925625404,0.1794100532808089,2.472030371890509,0.23720018157620792,2.472030371890509,0.237200181576208,2.472030371890509,0.23720018157620792,2.472030371890509,0.23720018157620792,2.472030371890509,0.237200181576208
2754,2.397940008672037,2.4306074647737885,0.23567825895462163,2.4140023320838995,0.2450326056771787,2.4140023320839,0.2450326056771787,2.4097917847044523,0.24082205829773123,2.409791784704452,0.24082205829773126,2.4097917847044523,0.24082205829773126
2756,2.397940008672037,2.4591241312313348,0.17334791431924831,2.4578383107939468,0.1703986430758655,2.4578383107939468,0.17039864307586547,2.4578383107939468,0.17039864307586547,2.4394255340402142,0.18618785514896827,2.4394255340402142,0.18618785514896827
2758,4.105507346234672,1.535975280700245,2.569532065534427,1.535975280700245,2.569532065534427,1.535975280700245,2.5695320655344274,1.535975280700245,2.569532065534427,1.535975280700245,2.5695320655344274,1.597528695951748,2.5079786502829244
2759,4.208618245245481,1.4986257859856296,2.7099924592598517,1.5553333230510158,2.6532849221944654,1.5553333230510158,2.6532849221944654,1.5553333230510158,2.6532849221944654,1.5553333230510156,2.6532849221944654,1.4991103360506695,2.7095079091948113
2760,1.4065401804339552,2.7323745244069513,1.325834343972996,2.615414753220637,1.2088745727866819,2.6251648777209953,1.2186246972870405,2.5558873219978797,1.1493471415639247,2.5061711401913547,1.0996309597573994,2.51937762782107,1.1128374473871148
2761,1.6989700043360187,2.3605810206810984,0.6847333710985739,2.625346609981889,0.9494989603993644,2.6632330767681545,0.9873854271856297,2.7765613333199353,1.10071368373741,2.751709415898003,1.0758617663154784,2.792693288219987,1.1168456386374621
2763,1.6989700043360187,2.2880304139639134,0.6544665918637211,2.563892589094441,0.9303287669942488,2.5880531893116308,0.9544893672114384,2.6518744484467502,1.0183106263465578,2.7780463431219458,1.1444825210217529,2.8528866588696387,1.219322836769446
2764,1.977723605288848,1.916031768964355,0.14769493527427907,1.9372043883228254,0.14769104594442378,1.9372043883228254,0.1476910459444238,1.9372043883228254,0.14769104594442373,1.9372043883228254,0.14769104594442373,1.9372043883228263,0.14769104594442384
2765,1.977723605288848,1.9150129747043412,0.11132387925293755,1.9334199538372996,0.11013448297263558,1.9334199538372996,0.11013448297263558,1.9334199538372996,0.11013448297263553,1.9334199538372991,0.11013448297263553,1.9334199538372996,0.11013448297263562
2766,1.977723605288848,2.0389370900129506,0.1393063116041879,2.070780800094231,0.15732829213828456,2.070780800094231,0.15732829213828461,2.070780800094231,0.15732829213828456,2.070780800094231,0.15732829213828448,2.070780800094231,0.15732829213828464
2768,1.977723605288848,1.9574815715918799,0.1288634965894857,1.998250769616235,0.14244210252014883,1.9982507696162355,0.14244210252014886,1.998250769616235,0.14244210252014877,1.9982507696162355,0.14244210252014883,1.9982507696162355,0.14244210252014883
2770,1.5835765856339492,2.5260107711885187,0.9424341855545691,2.7191885362141557,1.1356119505802063,2.7191885362141557,1.135611950580206,2.7191885362141557,1.135611950580206,2.7049997228505123,1.121423137216563,2.7049997228505123,1.121423137216563
2772,1.7781512503836436,2.1794194235499416,0.498084239709231,2.217699048903518,0.5363638650628078,2.217699048903518,0.5363638650628078,2.2176990489035178,0.5363638650628078,2.217699048903518,0.5363638650628078,2.217699048903518,0.5363638650628076
2774,3.1760912590556813,2.4905681074061032,0.6983283054591152,2.4767448478249774,0.7121515650402419,2.3749737160742663,0.8011175429814157,2.332157497424061,0.8439337616316209,2.2764487430561813,0.8996425159995006,2.1966826657834657,0.9794085932722159
2775,2.1760912590556813,3.108761819824017,0.9326705607683357,2.778272459523924,0.6059130495600882,2.666784422167622,0.5200543902574486,2.4594916225964036,0.3420173653364244,2.434280623002293,0.3760489128716418,2.383191851426277,0.3125390344544802
2776,3.2430380486862944,3.0955951145790768,0.2323281599243824,3.1007597523913506,0.22716352211210838,3.1007597523913506,0.22716352211210838,3.1007597523913506,0.22716352211210838,3.0991340180113616,0.22878925649209725,3.0991340180113616,0.22878925649209716
2777,3.3010299956639813,2.9254204989676538,0.4415785217954511,2.9254204989676538,0.44157852179545126,2.9254204989676538,0.4415785217954511,2.9254204989676538,0.441578521795451,2.9254204989676538,0.4415785217954511,2.936294225736226,0.4307047950268791
2778,3.1760912590556813,3.0714336035220704,0.33554002147039075,3.0714336035220704,0.33554002147039086,3.0714336035220704,0.33554002147039097,3.0714336035220704,0.3355400214703909,3.0949514012974464,0.31202222369501503,3.094951401297447,0.31202222369501487
2779,3.318758762624413,2.991677832266811,0.4304219731904773,3.026878284533125,0.3952215209241636,3.0270153035991356,0.3950845018581529,3.0270153035991356,0.3950845018581527,3.025389569219146,0.3967102362381416,3.0239435014758267,0.3981563039814608
2786,4.221848749616356,3.5205673356667737,0.7012814139495824,3.3897634001956662,0.8320853494206901,3.374735533818125,0.8471132157982307,3.3821057077852243,0.8397430418311309,3.3821057077852243,0.8397430418311311,3.388149932781355,0.8336988168350004
2795,2.920818753952376,2.843967227441089,0.4213396667108823,2.819327920573838,0.4399019842771737,2.819327920573838,0.4399019842771737,2.819327920573838,0.43990198427717375,2.819327920573838,0.4399019842771737,2.8202586408448456,0.4408327045481807
2801,3.2218487496163566,3.2482133586758017,0.09357365490331652,3.221591346586881,0.1703257861414786,3.221591346586881,0.17032578614147859,3.221591346586881,0.17032578614147859,3.2143481577426187,0.17289500736276947,3.2143481577426187,0.17289500736276942
2802,3.2218487496163566,3.281445258229497,0.09459388138748051,3.1839489617949566,0.14055099554226738,3.1846776469488187,0.1412796806961299,3.184677646948819,0.1412796806961299,3.196498142491579,0.1392064498010133,3.2049944702213105,0.14770277753074448
2803,3.2218487496163566,3.1908542327270206,0.13721316867523442,3.2746992788615694,0.1357122822561026,3.2754279640154316,0.13644096740996509,3.2453001173585214,0.12094429814098037,3.2489453801937125,0.12458956097617087,3.2489453801937116,0.12458956097617084
2804,3.2218487496163566,3.228056800924508,0.12419157236505929,3.270326876329662,0.14911750571496768,3.254457409000498,0.16319441595805081,3.2776721826338737,0.1733295026029164,3.2776721826338737,0.17332950260291635,3.2861685103636047,0.1818258303326476
2805,3.2218487496163566,3.301012115905298,0.09151631087991272,3.173311666323303,0.1285870429733235,3.1733116663233027,0.12858704297332346,3.1638036924543362,0.1337102464922826,3.1438865975761594,0.1562438994178696,3.148497918072134,0.16085521991384508
2806,2.556302500767288,1.3495006099684574,1.2131600804351526,1.3408263027369807,1.2154761980303077,1.3408263027369807,1.2154761980303077,1.3408263027369807,1.2154761980303073,1.3408263027369807,1.2154761980303073,1.3408263027369807,1.2154761980303073
2815,2.5228787452803374,2.9220361976140077,0.4739503799301866,2.942354558426808,0.49426874074298677,2.9220361976140077,0.47395037993018646,2.927114786865614,0.5018626735329661,2.93970488067169,0.4969184184981044,2.9397048806716906,0.4969184184981044
2816,2.5228787452803374,2.4929740501226187,0.2601127012964784,2.3199617880542287,0.3987676063536165,2.296192361615704,0.4225370327921415,2.259906503923952,0.45882289048389324,2.234910928052261,0.5150769562305099,2.0889403329733396,0.5673640875239258
2817,2.221848749616356,2.466922176401831,0.24674133578750207,2.4472581228307537,0.22707728221642526,2.4465902389974308,0.22640939838310192,2.400925556592786,0.18106486238625047,2.349443174374505,0.13756417416956732,2.326732045611329,0.13159812651768316
2819,1.619788758288394,2.5112402747685905,0.8914515164801964,2.5558611831090334,0.9360724248206397,2.5324162522500187,0.9126274939616247,2.539741159336521,0.9199524010481273,2.4270291748337227,0.8072404165453287,2.30088190303285,0.684911235474036
2827,4.096910013008056,3.7525125332298637,0.3497241893363791,3.5411654245337565,0.5557445884743002,3.545531058351829,0.5513789546562275,3.5362208462146385,0.5606891667934187,3.5362208462146385,0.5606891667934185,3.5362208462146385,0.5606891667934185
2828,4.221848749616356,3.5949790726967428,0.6268696769196132,3.4896016957662233,0.7322470538501321,3.4896016957662233,0.7322470538501321,3.489601695766224,0.7322470538501322,3.4896016957662233,0.7322470538501321,3.4864730436000655,0.7353757060162899
2829,4.823908740944319,3.752024880803097,1.071883860141221,3.7839866538610254,1.0399220870832935,3.7839866538610254,1.0399220870832935,3.7901987962012336,1.033709944743085,3.7901987962012336,1.033709944743085,3.7901987962012336,1.033709944743085
2831,4.3979400086720375,3.408213551186236,0.9897264574858011,3.455816295703618,0.9421237129684193,3.458862569133461,0.9390774395385758,3.4416090970052666,0.9563309116667703,3.441609097005267,0.9563309116667703,3.4416090970052666,0.9563309116667703
2832,4.521791649639123,3.459790691147094,1.062000958492028,3.6564483092580495,0.8653433403810737,3.6989363863342604,0.8228552633048629,3.6946510750193227,0.8271405746198012,3.6946510750193218,0.827140574619801,3.6985203161883233,0.8232713334508004
2846,2.397940008672037,2.3314389053440565,0.4163068749067495,2.3097697563394872,0.3985965412416756,2.3246219788566673,0.41344876375885536,2.3144591164204984,0.42361162619502385,2.2996068939033187,0.4087594036778441,2.297636549184698,0.41343458983474485
2847,2.397940008672037,2.888263463354385,0.49032345468234817,2.9811555760311657,0.5832155673591284,2.90161634367612,0.5729359320800388,2.967132550968465,0.6384521393723832,2.9631937598162694,0.6345133482201868,3.0066001226907746,0.677919711094692
2848,2.397940008672037,2.86827427562998,0.48528509678477627,2.8818568497884467,0.5075599601462922,2.861732328469947,0.48743543882779256,2.7672225671955974,0.548712679858045,2.756882195315986,0.5383723079784337,2.7330589282782696,0.5204666412875987
2849,2.397940008672037,2.77642385521052,0.7124912708012591,2.6147449715075677,0.6713706940655995,2.6147449715075677,0.6713706940655995,2.6147449715075677,0.6713706940655995,2.6074701725495704,0.6786454930235968,2.6074701725495704,0.6786454930235968
2850,2.396489942276805,2.4377648160007834,0.26424078958257124,2.4585405752467286,0.267045660600393,2.4585405752467286,0.2670456606003931,2.4585405752467286,0.267045660600393,2.4585405752467286,0.26704566060039314,2.4530212811674454,0.27256495467967634
2851,2.396489942276805,2.495965894405674,0.20194978056971785,2.5049615422387794,0.18361302449712924,2.5049615422387794,0.1836130244971293,2.5049615422387794,0.18361302449712918,2.5049615422387794,0.18361302449712932,2.4994422481594962,0.1891323185764124
2852,2.396489942276805,2.45778615008122,0.20821231067640272,2.4740034918068172,0.2357909857619369,2.4740034918068172,0.2357909857619369,2.472187641325058,0.23397513528017794,2.471405777130743,0.2331932710858629,2.481908532608512,0.24369602656363246
2854,2.396489942276805,2.522595810578152,0.26181276552282784,2.484212082028937,0.2743523203003498,2.4660220680820504,0.27476310388222974,2.4672930473835684,0.27603408318374817,2.4482330500116634,0.269909753621404,2.4381627067908465,0.25983941040058756
2858,1.6711728427150832,1.432726131290797,0.8396568744173468,1.5705353453538646,0.8930669393227824,1.550349656474917,0.8809901882889216,1.647616501658512,0.8938578843148843,1.6881588705379849,0.9344002531943568,1.6605727450874999,0.9068141277438718
2861,2.761551988564182,3.1423327414611757,0.4425049251906694,3.1329591088012885,0.45827030820913245,3.1329591088012885,0.4582703082091323,3.1329591088012885,0.45827030820913245,3.1297632336220005,0.4550744330298446,3.1297632336220005,0.4550744330298446
2862,2.761551988564182,1.5379609534117156,1.2235910351524661,1.8194979710769013,0.9669046683619115,1.6779076466722445,1.108494992766568,1.7916845138845747,1.0088562117062905,1.8321436533525197,0.968397072238346,1.877839280670085,0.9227014449207802
2863,2.761551988564182,1.8899731634993793,0.8810987984574249,1.7590239161161751,1.0120480458406287,1.7744911294921057,0.9965808324646984,1.7899788650487622,0.9810930969080418,1.9161056503472522,0.8832794676378615,1.9348811643911823,0.8645039535939315
2865,2.574031267727719,2.815739832529153,0.266324808726342,2.8107143101908947,0.29774939315492555,2.8107143101908947,0.29774939315492543,2.840746030285742,0.32778111324977327,2.8107143101908947,0.29774939315492555,2.840746030285742,0.32778111324977316
2866,2.401400540781544,2.782986248625645,0.6057191120625502,2.8290018738104115,0.6517347372473161,2.846850199166716,0.6695830626036205,2.846850199166716,0.6695830626036207,2.846850199166716,0.6695830626036205,2.8562805643790123,0.6790134278159176
2878,2.074816440645175,2.237916487082413,0.45059019761846714,2.433019109379035,0.64569281991509,2.433019109379035,0.64569281991509,2.4330191093790354,0.64569281991509,2.470410412957357,0.683084123493412,2.470410412957357,0.683084123493412
2879,2.526339277389844,2.5309808186509857,0.1198886269400579,2.6146085604948466,0.19636568056945472,2.6146085604948466,0.19636568056945475,2.6146085604948475,0.19636568056945464,2.6146085604948466,0.1963656805694547,2.6146085604948466,0.1963656805694547
2880,2.740993931584886,2.5358884270432673,0.31107828030230034,2.5668277451095207,0.3380714363850551,2.58258513064059,0.33839163675832945,2.58258513064059,0.3383916367583293,2.58258513064059,0.33839163675832945,2.5825851306405903,0.33839163675832945
2881,2.074816440645175,1.9801858458712396,0.5145859597228185,2.0228516682450146,0.5876623639077933,2.0228516682450146,0.5876623639077933,2.0299285471864534,0.5947392428492323,2.030764321980397,0.5955750176431759,2.030764321980397,0.5955750176431758
2882,2.526339277389844,2.491864733481647,0.12729342533787175,2.486110377195656,0.19134946009300008,2.486110377195656,0.19134946009300005,2.493187256137095,0.19842633903443901,2.4137838404240908,0.2688471490430695,2.4137838404240908,0.2688471490430696
2883,2.740993931584886,2.551833246751377,0.295423700697589,2.4931355818597543,0.35412136558921165,2.4931355818597543,0.35412136558921176,2.4931355818597543,0.3541213655892116,2.4931355818597543,0.35412136558921165,2.4931640443396086,0.35414982806906625
2884,2.074816440645175,2.1360633941522638,0.5063726620637703,2.113187087583589,0.4871688840826557,2.113187087583589,0.4871688840826557,2.113187087583589,0.4871688840826557,2.0329478970766415,0.5116016356228753,2.0329478970766415,0.5116016356228753
2885,2.526339277389844,2.53554857729531,0.11567488146798896,2.6280198653640334,0.20321184727539152,2.6280198653640334,0.20321184727539157,2.6280198653640334,0.20321184727539152,2.628019865364034,0.20321184727539157,2.628019865364034,0.20321184727539152
2886,2.740993931584886,2.624971477736021,0.3149004797971302,2.713750442578623,0.3245234573474164,2.713750442578623,0.3245234573474165,2.713750442578623,0.3245234573474164,2.713750442578623,0.3245234573474164,2.713778905058478,0.32455191982727094
2919,1.954242509439325,2.7481888907666034,0.9194564146108709,2.439287053245809,0.6910072643012191,2.394190562867172,0.6404452959100035,2.267343360916352,0.5446392539961217,2.227231090843851,0.5805472269403289,2.1665951690661513,0.4554264502533359
2921,2.8750612633917,2.858942013365542,0.06829936695413608,2.858942013365542,0.06829936695413603,2.858942013365542,0.06829936695413608,2.858942013365542,0.06829936695413603,2.858942013365542,0.06829936695413605,2.858942013365542,0.06829936695413605
2922,3.0,2.6875347696355645,0.31246523036443463,2.6692234978073013,0.330776502192698,2.669223497807301,0.330776502192698,2.6692234978073013,0.330776502192698,2.669223497807301,0.3307765021926981,2.669223497807301,0.330776502192698
2926,2.920818753952376,2.311450553943181,0.6232576106925063,2.422898769248525,0.5118093953871622,2.4233637884828956,0.5113443761527915,2.3727328763096245,0.5619752883260626,2.3727328763096245,0.5619752883260624,2.372732876309625,0.5619752883260624
2943,2.444981112087945,2.13267485425694,0.44318313902982,1.982047920093839,0.684054335470271,2.000868124021321,0.6652341315427889,2.024328294745331,0.6417739608187791,2.0390934457923358,0.6270088097717741,2.0390934457923358,0.6270088097717741
2946,2.8750612633917,2.8831969379282674,0.008135674536567161,2.8831969379282674,0.008135674536567161,2.8831969379282674,0.008135674536567161,2.8831969379282674,0.008135674536567161,2.8831969379282674,0.008135674536567161,2.8831969379282674,0.008135674536567161
2948,2.8750612633917,2.879637741611681,0.004576478219981084,2.879637741611681,0.004576478219981084,2.879637741611681,0.004576478219981084,2.879637741611681,0.004576478219981084,2.879637741611681,0.004576478219981084,2.879637741611681,0.004576478219981084
2959,2.8750612633917,2.8613987582718226,0.051972161971103145,2.8613987582718226,0.051972161971103124,2.8613987582718226,0.051972161971103145,2.8613987582718226,0.051972161971103145,2.861398758271822,0.05197216197110317,2.858794037044307,0.049367440743587475
2961,2.920818753952376,3.4407796095327576,0.5199608555803812,3.5086709463783508,0.5878521924259745,3.5086709463783508,0.5878521924259744,3.5086709463783508,0.5878521924259745,3.5086709463783508,0.5878521924259744,3.5086709463783508,0.5878521924259743
2962,2.298853076409707,2.594374512769174,0.3730429604581558,2.4544318384420403,0.34070901125983405,2.4345910395407437,0.3208682123585371,2.45443183844204,0.3407090112598339,2.4454913265778195,0.3317684993956133,2.3921648038791816,0.31750610638620574
2963,2.920818753952376,2.482361941408236,0.46220044124566667,2.4847012951536183,0.45986108750028387,2.4847012951536183,0.45986108750028387,2.4847012951536187,0.4598610875002838,2.484701295153618,0.45986108750028387,2.484701295153619,0.4598610875002838
2964,2.444981112087945,2.063471027946462,0.51307124355825,2.1973775290502493,0.497907929968321,2.198509096828122,0.49677636219044813,2.1999722071387806,0.49531325187978936,2.2293746081906907,0.4659108508278793,2.2410227156125293,0.4542627434060405
2967,2.845098040014257,2.1035784643941247,0.7415195756201329,2.1345065396038314,0.7105915004104255,2.134506539603832,0.7105915004104255,2.1335350482726883,0.7115629917415686,2.1335350482726883,0.7115629917415686,2.1335350482726883,0.7115629917415686
2968,2.8750612633917,2.8834088042398514,0.008347540848151059,2.8834088042398514,0.008347540848151059,2.8834088042398514,0.008347540848151059,2.8834088042398514,0.008347540848151059,2.8834088042398514,0.008347540848151059,2.8837762711122283,0.008715007720528401
2969,2.8750612633917,2.8796120144243327,0.004550751032632361,2.8796120144243327,0.004550751032632361,2.8796120144243327,0.004550751032632361,2.8800024479762336,0.004941184584533298,2.8800024479762336,0.004941184584533298,2.8800024479762336,0.004941184584533298
2973,2.920818753952376,3.4049127858112582,0.49135929945839807,3.4475804190092276,0.5340269326563665,3.4475804190092276,0.5340269326563665,3.4504425584313316,0.5296238044789559,3.4504425584313316,0.5296238044789557,3.4504425584313316,0.5296238044789557
2974,2.920818753952376,3.4035470655392217,0.4889294767509966,3.4150361728139687,0.5004185840257437,3.4150361728139687,0.5004185840257435,3.4150361728139687,0.5004185840257435,3.4150361728139687,0.5004185840257435,3.4150361728139687,0.5004185840257435
2975,2.8750612633917,2.875073833062956,0.004672369700162204,2.875073833062956,0.004672369700162204,2.875073833062956,0.004672369700162204,2.875073833062956,0.004672369700162204,2.875073833062956,0.004672369700162204,2.875073833062956,0.004672369700162204
2978,3.9208187539523753,2.4554996245917406,1.465319129360635,2.3501261715917563,1.5706925823606195,2.343766687472461,1.5770520664799146,2.2013710094338217,1.7194477445185545,2.440448769939011,1.480369984013365,2.23961665558761,1.681202098364766
2980,3.397940008672037,3.091517056024829,0.30642295264720837,3.086175623591187,0.3117643850808506,3.086175623591187,0.31176438508085075,3.086175623591187,0.31176438508085064,3.0861756235911866,0.31176438508085064,3.086572812756798,0.311367195915239
2983,2.8750612633917,2.886373835001797,0.01597237163900338,2.886373835001797,0.01597237163900338,2.886373835001797,0.01597237163900338,2.886373835001797,0.01597237163900338,2.886373835001797,0.01597237163900338,2.8867413018741743,0.01633983851138072
2985,2.8750612633917,2.8849588538421895,0.014557390479396193,2.879682591579368,0.009281128216574897,2.879682591579368,0.009281128216574897,2.879682591579368,0.009281128216574897,2.879682591579368,0.009281128216574897,2.879682591579368,0.009281128216574897
2986,2.8750612633917,2.8713153807702967,0.02337745317136051,2.8713153807702967,0.02337745317136051,2.8713153807702967,0.02337745317136053,2.8713153807702967,0.02337745317136051,2.8713153807702967,0.02337745317136053,2.8713153807702967,0.02337745317136053
2987,2.8750612633917,2.877385467180244,0.0023242037885438547,2.877385467180244,0.0023242037885438547,2.877385467180244,0.0023242037885438547,2.877385467180244,0.0023242037885438547,2.877385467180244,0.0023242037885438547,2.877385467180244,0.0023242037885438547
2988,2.8750612633917,2.8898514908718633,0.019450027509069677,2.8898514908718633,0.019450027509069677,2.8898514908718633,0.019450027509069677,2.8902419244237643,0.019840461060970614,2.8902419244237643,0.019840461060970614,2.8902419244237643,0.019840461060970614
2989,2.920818753952376,3.429722073610094,0.5089033196577178,3.430170559252994,0.5093518053006184,3.430170559252994,0.5093518053006184,3.428822151295651,0.5080033973432754,3.428822151295651,0.5080033973432752,3.428822151295651,0.5080033973432754
2990,2.8750612633917,2.8963478508268703,0.021286587435170624,2.891071588564049,0.016010325172349328,2.8884668673365335,0.013405603944833634,2.89146202211595,0.016400758724250265,2.89146202211595,0.016400758724250265,2.8888573008884344,0.01379603749673457
2995,2.920818753952376,3.1677940357671845,0.27906783310196326,3.078442671417445,0.35169710092343565,3.078442671417445,0.3516971009234356,3.078442671417445,0.35169710092343565,3.093188636024002,0.33701449840035613,3.093188636024002,0.3370144984003562
2996,2.444981112087945,2.0442137962786537,0.49044176564205505,1.976775807828671,0.6757792501460548,1.9908965866195014,0.6616584713552246,2.006333771625532,0.6462212863491932,2.021683098347501,0.6308719596272243,2.034538759830718,0.6180162981440074
2997,2.8750612633917,2.8788612000970595,0.003799936705359075,2.8788612000970595,0.003799936705359075,2.8788612000970595,0.003799936705359075,2.8788612000970595,0.003799936705359075,2.8788612000970595,0.003799936705359075,2.879228666969437,0.004167403577736417
3006,2.8750612633917,2.8815143544404607,0.0064530910487605505,2.8815143544404607,0.0064530910487605505,2.8815143544404607,0.0064530910487605505,2.8815143544404607,0.0064530910487605505,2.8815143544404607,0.0064530910487605505,2.8815143544404607,0.0064530910487605505
3007,2.8750612633917,2.8907900957781707,0.020388632415377427,2.8957375718920226,0.025336108529229517,2.893132850664507,0.022731387301713823,2.8957375718920226,0.025336108529229517,2.8957375718920226,0.025336108529229517,2.893132850664507,0.022731387301713823
3012,2.8750612633917,2.884293821637516,0.009232558245815547,2.8892412977513677,0.014180034359667637,2.8892412977513677,0.014180034359667637,2.889631731303269,0.014570467911568574,2.889631731303269,0.014570467911568574,2.889631731303269,0.014570467911568574
3014,2.920818753952376,1.8077168549204388,1.1131018990319368,1.9243783371594787,0.9964404167928966,1.9243783371594787,0.9964404167928963,1.9243783371594787,0.9964404167928963,1.9243783371594787,0.9964404167928963,1.9243783371594787,0.9964404167928966
3018,2.920818753952376,2.0162784159116005,0.920103363048448,2.096163271477907,0.8402185074821414,2.096163271477907,0.8402185074821414,2.0961632714779066,0.8402185074821414,2.096163271477907,0.8402185074821416,2.0961632714779066,0.8402185074821416
3021,2.8750612633917,2.879669599852612,0.009268136489818325,2.879669599852612,0.009268136489818325,2.879669599852612,0.009268136489818325,2.879669599852612,0.009268136489818325,2.879669599852612,0.009268136489818325,2.879669599852612,0.009268136489818325
3022,2.920818753952376,3.1480212826170804,0.4349716209416717,3.1219140743338465,0.4385821544567826,3.121914074333847,0.4385821544567827,3.121914074333847,0.4385821544567827,3.1219140743338465,0.4385821544567826,3.121914074333847,0.4385821544567826
3025,2.8750612633917,2.884370033537864,0.009308770146164158,2.884370033537864,0.009308770146164158,2.884370033537864,0.009308770146164158,2.884760467089765,0.009699203698065095,2.884760467089765,0.009699203698065095,2.884760467089765,0.009699203698065095
3026,2.8750612633917,2.877590615402951,0.002529352011250996,2.877590615402951,0.002529352011250996,2.877590615402951,0.002529352011250996,2.877590615402951,0.002529352011250996,2.877590615402951,0.002529352011250996,2.877590615402951,0.002529352011250996
3027,2.8750612633917,2.8890601058322796,0.013998842440579539,2.8890601058322796,0.013998842440579539,2.8890601058322796,0.013998842440579539,2.8890601058322796,0.013998842440579539,2.8890601058322796,0.013998842440579539,2.8894275727046566,0.014366309312956882
3028,2.920818753952376,2.994300864310973,0.3897421991184893,2.994300864310973,0.38974219911848945,2.994300864310973,0.3897421991184894,2.994300864310973,0.38974219911848923,2.9943008643109725,0.38974219911848923,2.994300864310973,0.38974219911848934
3029,2.8750612633917,2.8805812186560855,0.01017975529329227,2.8805812186560855,0.01017975529329227,2.8805812186560855,0.01017975529329227,2.8805812186560855,0.01017975529329227,2.8805812186560855,0.01017975529329227,2.8805812186560855,0.01017975529329227
3030,2.920818753952376,2.9760035760820993,0.3506978871741489,2.889178629062827,0.4108250965346644,2.889178629062827,0.41082509653466437,2.889178629062827,0.41082509653466437,2.889178629062827,0.41082509653466426,2.889178629062827,0.4108250965346644
3035,3.3521664328326737,1.8008556597290042,1.551310773103669,1.8071536379877216,1.5450127948449515,1.8071536379877216,1.5450127948449515,1.8071536379877216,1.545012794844952,1.8071536379877216,1.5450127948449515,1.807153637987722,1.5450127948449515
3036,3.051136437168693,1.8322493674376303,1.2188870697310628,1.8438983555627129,1.2072380816059798,1.8438983555627129,1.2072380816059798,1.8438983555627129,1.2072380816059802,1.8438983555627129,1.2072380816059802,1.8438983555627129,1.2072380816059802
3037,2.8750451781130115,1.7944326686306264,1.0806125094823853,1.8020368576933887,1.0730083204196235,1.8020368576933883,1.0730083204196235,1.8020368576933887,1.073008320419623,1.8020368576933887,1.0730083204196235,1.8020368576933887,1.073008320419623
3071,2.574031267727719,2.1790236768747917,0.4324339175144381,2.353538130953497,0.46209965833644284,2.3535381309534977,0.46209965833644284,2.3689675972522215,0.44667019203771885,2.360225516234258,0.4554122730556827,2.3689675972522215,0.44667019203771885
3072,2.3521825181113627,2.1251838311084534,0.26394546800671914,2.230713679288927,0.3372635562955396,2.230713679288927,0.3372635562955395,2.230713679288927,0.3372635562955396,2.2219715982709634,0.3384197959997395,2.230713679288927,0.33726355629553967
3074,1.3010299956639813,1.7208485584236453,0.41981856275966417,1.6574892936676342,0.35645929800365295,1.7127477859038496,0.41171779023986843,1.6688316651032253,0.3678016694392438,1.6302960907487747,0.3292660950847933,1.6519535838098833,0.35092358814590163
3075,0.8239087409443188,1.7553223698787506,0.9314136289344322,1.637636429987727,0.8137276890434089,1.6688293086325676,0.8449205676882492,1.6688293086325676,0.8449205676882492,1.6430594938969354,0.819150752952617,1.6408291797393417,0.8169204387950231
3076,0.5228787452803376,1.7258363079078194,1.2029575626274818,1.6372777166847974,1.11439897140446,1.6357277555539382,1.1128490102736008,1.6053374948303365,1.0824587495499989,1.598614492979943,1.0757357476996057,1.6328785414152445,1.109999796134907
3078,1.9890046156985368,1.8897460801928077,0.2537950691181342,1.8408925926158042,0.24224175673392895,1.8408925926158042,0.24224175673392906,1.8408925926158042,0.24224175673392884,1.8408925926158037,0.242241756733929,1.8375698271780432,0.24556452217168978
3080,1.5740312677277188,1.8468917664558049,0.31170476378429823,1.876641023204579,0.32456338252172534,1.876641023204579,0.32456338252172523,1.8820840450485121,0.3300064043656584,1.882084045048512,0.3300064043656585,1.882084045048512,0.3300064043656584
3081,1.3979400086720375,2.0255716141088476,0.6276316054368101,2.0104848107471476,0.6125448020751098,2.010484810747147,0.6125448020751098,2.0084761128388715,0.6105361041668338,2.0084761128388715,0.6105361041668338,2.0084761128388715,0.6105361041668338
3082,2.4770488662734738,2.062403708046287,0.49638991118877734,2.080262981480483,0.47853063775458154,2.080262981480483,0.4785306377545814,2.080262981480483,0.47853063775458154,2.081386414912367,0.47740720432269745,2.081386414912367,0.47740720432269745
3083,1.999927611553812,2.1771874578738917,0.3052869581889097,2.130894799035697,0.28601086091533173,2.130894799035697,0.28601086091533173,2.130894799035697,0.28601086091533173,2.130894799035697,0.28601086091533173,2.130894799035697,0.2860108609153317
3084,1.69889761588983,2.1862629370540825,0.4873653211642524,2.229389349415616,0.530491733525786,2.229389349415616,0.530491733525786,2.2293893494156163,0.5304917335257858,2.229389349415616,0.530491733525786,2.230741770134756,0.531844154244926
3085,1.3978676202258489,2.277423278705207,0.8795556584793586,2.210130903366919,0.8122632831410701,2.210130903366919,0.8122632831410701,2.210130903366919,0.8122632831410701,2.210130903366919,0.8122632831410701,2.211483324086059,0.8136157038602102
3087,1.999927611553812,2.5207263430231244,0.6190627542254963,2.3119142097501797,0.799456085853663,2.334903093487348,0.7764672021164953,2.3621959633053407,0.7826240229347627,2.3414338683881346,0.7699364272157082,2.342919355039892,0.7684509405639511
3089,1.3978676202258489,2.6760658916476125,1.278198271421764,2.159912945914123,1.0201695701615185,2.1810025689285557,1.0374973946938708,2.187289366394398,1.026242840317504,2.220082167209333,1.0030882922889885,2.2377461130442224,0.9854243464540995
3090,2.4770488662734738,1.9005371107114972,0.5765117555619763,1.949608734984805,0.5274401312886686,1.949608734984805,0.5274401312886687,1.949608734984805,0.5274401312886687,1.949608734984805,0.5274401312886687,1.949608734984805,0.5274401312886686
3091,1.999927611553812,1.8214414315107568,0.3087994970274791,1.8862265143613777,0.2553432316679657,1.8862265143613777,0.2553432316679658,1.889660838297035,0.25830968281478917,1.889660838297035,0.25830968281478917,1.889660838297035,0.25830968281478905
3092,1.69889761588983,2.0455917889366786,0.3752707522640809,2.0512589044628924,0.3752403920055373,2.051258904462893,0.37524039200553744,2.0492502065546168,0.3732316940972614,2.0492502065546168,0.37323169409726153,2.0492502065546168,0.3732316940972614
3093,1.3978676202258489,2.0896389774498374,0.7120707780915521,2.070679072738769,0.6931108733804834,2.070679072738769,0.6931108733804835,2.070679072738769,0.6931108733804835,2.070679072738769,0.6931108733804835,2.070679072738769,0.6931108733804836
3094,3.5185139398778875,3.060101718059835,0.4584122218180527,3.1097762492097747,0.40873769066811255,3.1097762492097747,0.4087376906681127,3.1097762492097747,0.40873769066811294,3.1097762492097747,0.4087376906681127,3.1121760365869267,0.40633790329096053
3095,3.2174839442139063,3.2357240653590438,0.19402044739164548,3.1860126886651052,0.13102156377339558,3.1860126886651057,0.13102156377339552,3.1860126886651052,0.13102156377339563,3.1860126886651052,0.13102156377339563,3.1884124760422576,0.1305069083388132
3096,2.916453948549925,3.1370329200150873,0.3338972514104212,3.1060956526724413,0.2930193091571602,3.1119872627351697,0.29891091921988827,3.1119872627351697,0.2989109192198881,3.1119872627351692,0.29891091921988827,3.1119872627351697,0.29891091921988827
3097,2.615423952885944,3.229370469664012,0.6139465167780676,3.265660739004134,0.6502367861181899,3.257760380656768,0.642336427770824,3.2650095603528806,0.6495856074669364,3.2390264950262746,0.6236025421403308,3.2390264950262746,0.6236025421403308
3106,4.574031267727719,3.091131032349027,1.4829002353786924,3.0932224213502812,1.4808088463774378,3.0932224213502812,1.4808088463774376,3.0932224213502817,1.4808088463774376,3.0932224213502812,1.4808088463774376,3.0932224213502812,1.4808088463774376
3107,4.314393957221963,3.1908360963145954,1.1235578609073675,3.2004269506898,1.1139670065321634,3.2004269506898,1.1139670065321639,3.2004269506898,1.1139670065321636,3.2004269506898,1.1139670065321634,3.2004269506898,1.1139670065321636
3108,4.138302698166282,3.261107187595985,0.8771955105702963,3.2756274864232635,0.8626752117430184,3.2756274864232635,0.8626752117430181,3.2756274864232635,0.8626752117430181,3.215314548767881,0.9229881493984005,3.215314548767881,0.9229881493984005
3109,3.916453948549925,3.345484154066604,0.5709697944833205,3.3459155338400053,0.5705384147099192,3.3459155338400053,0.5705384147099195,3.3459155338400053,0.5705384147099195,3.3459155338400053,0.5705384147099193,3.3459155338400053,0.5705384147099192
3110,3.0,2.8242708609501306,0.4496404307183958,2.865009241337096,0.4414860010603321,2.865009241337096,0.4414860010603321,2.865009241337096,0.4414860010603319,2.865009241337096,0.4414860010603321,2.8685539999264797,0.4124036100733587
3111,2.5228787452803374,2.610197186854541,0.22876905807339015,2.6826599619405505,0.2550467020920574,2.6826599619405505,0.2550467020920574,2.683400018700113,0.25578675885161956,2.6571884675479405,0.24198368941076992,2.6571884675479405,0.2419836894107698
3112,2.221848749616356,2.6437131131248304,0.42186436350847406,2.657449427167962,0.43560067755160575,2.657449427167962,0.43560067755160575,2.6244153104320755,0.4025665608157195,2.6359713630983332,0.4141226134819768,2.684081348538928,0.46223259892257185
3113,1.9208187539523751,2.8391230840173067,0.9183043300649312,2.826922641357367,0.9061038874049911,2.8269226413573674,0.9061038874049911,2.845796568601103,0.9249778146487273,2.846702673451569,0.925883919499193,2.846408728997796,0.9255899750454203
3119,2.8920946026904804,1.5944005250480608,1.2976940776424195,1.5915665523483693,1.3005280503421113,1.593633184983884,1.2984614177065965,1.5997414204166107,1.2923531822738696,1.6586681976943474,1.2441513845096042,1.6586681976943474,1.2441513845096042
3120,2.290034611362518,1.8590399790954995,0.43389211273753087,1.9479319046430743,0.43553931560894876,1.8074707893411035,0.48256382202141423,1.8130355690277216,0.4769990423347962,1.8339026052492624,0.45613200611325516,1.819572475862812,0.4704621354997055
3121,1.812913356642856,1.9976192434442346,0.288707034348179,2.036267127519902,0.347669147780822,2.0511808129341547,0.3625828331950749,2.087617476726579,0.3802408418174057,2.0889410287336374,0.3815643938244644,2.1173747064732327,0.40999807156405943
3122,1.5118833609788744,1.9997584396070323,0.5142698774795149,2.0683747406006816,0.5828861784731643,2.0683747406006816,0.5828861784731643,2.059228909551362,0.5800088460300008,2.07136547512044,0.59214541159908,2.0951109469639597,0.6158908834425987
3123,1.2108533653148932,2.0987772118859835,0.8879238465710898,2.1931837066230973,0.9823303413082041,2.2291909929311875,1.0183376276162943,2.2666715750258257,1.055818209710932,2.2885230680207016,1.0776697027058089,2.2885230680207016,1.0776697027058089
3126,1.977723605288848,1.965250194061343,0.10191176855860948,1.9652501940613434,0.10191176855860955,1.965250194061343,0.10191176855860953,1.965250194061343,0.10191176855860937,1.965250194061343,0.10191176855860948,1.965250194061343,0.10191176855860958
3127,1.8016323462331665,1.8785696882072898,0.07897786216821753,1.8990017761704898,0.10327232707019722,1.8990017761704903,0.10327232707019726,1.8990017761704898,0.10327232707019718,1.8990017761704903,0.10327232707019726,1.8990017761704898,0.10327232707019715
3128,1.5006023505691857,1.9919455420962007,0.49134319152701467,1.9889763943063123,0.4883740437371268,1.9889763943063126,0.4883740437371268,1.9889763943063123,0.4883740437371268,1.9889763943063123,0.48837404373712656,1.9889763943063123,0.48837404373712656
3129,1.977723605288848,1.8862813256185191,0.12386612457831184,1.8952039329594157,0.12293152207129246,1.8952039329594157,0.1229315220712925,1.8952039329594157,0.1229315220712925,1.8952039329594157,0.1229315220712924,1.8952039329594157,0.1229315220712925
3130,1.8016323462331665,1.9556566680925105,0.15672151925415645,1.95565666809251,0.1567215192541564,1.9556566680925105,0.1567215192541564,1.95565666809251,0.1567215192541564,1.95565666809251,0.15672151925415637,1.9556566680925105,0.1567215192541563
3131,1.5006023505691857,1.9244069931019272,0.42380464253274164,1.9339749268023083,0.43337257623312275,1.9339749268023088,0.43337257623312286,1.9339749268023083,0.43337257623312275,1.9339749268023088,0.43337257623312275,1.9339749268023083,0.43337257623312286
3132,1.977723605288848,1.9439601749853892,0.12078261032366436,1.941446454473914,0.12327777370017161,1.941446454473914,0.12327777370017164,1.941446454473914,0.12327777370017157,1.941446454473914,0.12327777370017164,1.941446454473914,0.12327777370017161
3133,1.8016323462331665,2.0100474139685174,0.2115838018104637,2.002857421716428,0.2143889084870385,2.002857421716428,0.21438890848703857,2.002857421716428,0.21438890848703845,2.002857421716428,0.21438890848703845,2.002857421716428,0.2143889084870385
3134,1.5006023505691857,1.9708003168609909,0.4701979662918053,1.9365508960322848,0.43594854546309947,1.9365508960322848,0.43594854546309936,1.9365508960322848,0.43594854546309936,1.9365508960322848,0.43594854546309936,1.9365508960322848,0.43594854546309925
3138,1.977723605288848,1.9855407114856227,0.12396578492404578,2.0121427854100467,0.1367461293012862,2.0121427854100467,0.13674612930128616,2.0121427854100467,0.1367461293012861,2.0121427854100467,0.136746129301286,2.012142785410046,0.1367461293012862
3139,1.8016323462331665,1.9176772646291105,0.11921365247105657,1.9114045757688465,0.11992576258281659,1.9114045757688465,0.11992576258281665,1.9114045757688465,0.11992576258281659,1.9114045757688465,0.11992576258281655,1.9114045757688465,0.11992576258281665
3140,1.5006023505691857,1.9680149369329154,0.4674125863637298,1.9956593906133164,0.49505704004413104,1.9956593906133169,0.4950570400441313,1.9956593906133164,0.49505704004413104,1.9956593906133164,0.49505704004413104,1.9956593906133169,0.4950570400441312
3142,1.5835765856339492,2.5932913518606973,1.0097147662267474,1.986735511055303,0.8700201939285132,2.0651200091290853,0.8900470334389006,1.986735511055303,0.8700201939285132,2.0651200091290858,0.8900470334389003,1.986735511055303,0.8700201939285132
3145,1.5519376953648372,0.9816196909862042,0.5703180043786331,0.9816196909862039,0.5703180043786331,0.9816196909862039,0.5703180043786331,0.9816196909862039,0.570318004378633,0.9816196909862042,0.5703180043786331,0.9816196909862039,0.570318004378633
3146,1.250907699700856,0.9738419921675618,0.2770657075332944,0.9738419921675616,0.2770657075332944,0.9738419921675616,0.2770657075332945,0.9738419921675616,0.2770657075332944,0.9738419921675618,0.2770657075332944,0.9738419921675616,0.2770657075332944
3147,0.9498777040368748,1.050052388127608,0.11168668674745567,1.050052388127608,0.11168668674745567,1.050052388127608,0.1116866867474556,1.0500523881276083,0.11168668674745574,1.050052388127608,0.11168668674745567,1.050052388127608,0.11168668674745574
3148,1.246498580795801,1.0064444237707533,0.25855366458935325,1.0064444237707533,0.25855366458935325,1.0064444237707533,0.2585536645893532,1.0064444237707533,0.25855366458935325,1.0488321832129937,0.2847111391960909,1.0488321832129937,0.2847111391960909
3149,0.9454685851318196,1.0169476140507805,0.09111770079661038,1.0169476140507803,0.09111770079661036,1.0169476140507805,0.09111770079661034,1.0169476140507805,0.09111770079661038,1.01694761405078,0.09111770079661033,1.0169476140507803,0.09111770079661041
3150,0.6444385894678385,1.0909296947794347,0.4464911053115964,1.0914672996802726,0.4470287102124339,1.0914672996802728,0.447028710212434,1.0914672996802728,0.447028710212434,1.0882408344965782,0.44380224502873994,1.0842822882539287,0.4398436987860904
3151,1.0877814178095424,1.0129988379413062,0.09182322706964181,1.012998837941306,0.0918232270696418,1.012998837941306,0.09182322706964183,1.0129988379413064,0.09182322706964179,1.012998837941306,0.09182322706964181,1.0129988379413064,0.09182322706964172
3153,0.48572142648158,1.0344378810203287,0.5487164545387486,1.0344378810203287,0.5487164545387486,1.0344378810203287,0.5487164545387486,1.0344378810203287,0.5487164545387488,1.0344378810203287,0.5487164545387486,1.0344378810203287,0.5487164545387488
3154,0.8350561017201162,1.0640662969253332,0.2290101952052169,1.0489648941422598,0.21390879242214358,1.0489648941422598,0.2139087924221436,1.04896489414226,0.2139087924221436,1.0489648941422598,0.21390879242214353,1.04896489414226,0.21390879242214358
3155,0.534026106056135,1.0767757466815824,0.5427496406254474,1.0767757466815824,0.5427496406254472,1.0767757466815826,0.5427496406254473,1.0767757466815826,0.5427496406254473,1.0767757466815824,0.5427496406254474,1.0767757466815824,0.5427496406254474
3157,0.5105450102066121,2.090160358280884,1.5796153480742718,2.090160358280884,1.5796153480742716,2.0902973773468947,1.5797523671402827,2.0902973773468947,1.5797523671402824,2.0902973773468947,1.5797523671402824,2.090297377346895,1.5797523671402824
3159,-0.0915149811213502,1.9015593079491602,1.9930742890705098,1.9015593079491602,1.9930742890705098,1.9015593079491597,1.9930742890705098,1.9015593079491597,1.9930742890705098,1.9015593079491602,1.9930742890705098,1.8976007617065105,1.98911574282786
3160,1.7294887691795613,0.9708330747697753,0.758655694409786,0.9708330747697753,0.758655694409786,0.9708330747697753,0.758655694409786,0.9708330747697753,0.758655694409786,0.9708330747697754,0.758655694409786,0.9708330747697753,0.758655694409786
3161,1.42845877351558,0.9760510736424827,0.4524076998730971,0.9760510736424827,0.45240769987309715,0.9760510736424829,0.4524076998730971,0.9760510736424829,0.4524076998730971,0.9760510736424827,0.4524076998730971,0.9760510736424829,0.4524076998730971
3162,1.1274287778515988,1.03506070265334,0.12277456305698489,1.0350607026533396,0.12277456305698498,1.0350607026533398,0.12277456305698493,1.0350607026533398,0.12277456305698498,1.0350607026533398,0.12277456305698493,1.0350607026533398,0.12277456305698493
3181,4.176091259055681,3.764723549001073,0.4113677100546087,3.6956375455304133,0.4804537135252688,3.6956375455304125,0.4804537135252687,3.7121803334619394,0.4639109255937425,3.7121803334619385,0.46391092559374264,3.7121803334619385,0.46391092559374264
3182,3.8750612633917,3.6948408690667014,0.2018869603688888,3.599593165559871,0.2969634985489509,3.5995931655598716,0.29696349854895077,3.618370716014776,0.27818594809404595,3.6200207772679294,0.2765358868408924,3.62002077726793,0.2765358868408924
3184,3.2730012720637376,3.8126506668345526,0.5396493947708147,3.6822249318213935,0.4529206996990885,3.6822249318213935,0.4529206996990885,3.6822249318213935,0.45292069969908866,3.6822249318213935,0.45292069969908866,3.6822249318213935,0.45292069969908855
3209,3.0,2.5339713038786873,0.5001020013844556,2.454564065111751,0.5698038804333049,2.454564065111751,0.5698038804333047,2.52150540007215,0.5028625454729061,2.454564065111751,0.5698038804333049,2.52150540007215,0.502862545472906
3210,2.5228787452803374,2.571232661373881,0.22848692404992238,2.5726650681957124,0.22903222055080247,2.5726650681957124,0.22903222055080255,2.5726650681957124,0.22903222055080247,2.5726650681957124,0.22903222055080247,2.5726650681957124,0.22903222055080247
3211,2.221848749616356,2.5091679533993507,0.3735651423681939,2.559940050722764,0.4234501293706561,2.5599400507227634,0.4234501293706561,2.5599400507227634,0.4234501293706561,2.555002723510842,0.41851280215873476,2.555002723510842,0.41851280215873476
3213,3.0,2.4909076871571907,0.5331393050639686,2.4852148543897874,0.5388321378313725,2.4852148543897874,0.5388321378313725,2.4852148543897874,0.5388321378313725,2.4852148543897874,0.5388321378313724,2.485214854389787,0.5388321378313724
3215,2.221848749616356,2.668267673132088,0.4840324568608546,2.662631949042001,0.47839673277076766,2.662631949042001,0.4783967327707675,2.662631949042001,0.4783967327707675,2.6576946218300797,0.47345940555884614,2.6576946218300797,0.47345940555884614
3225,4.301029995663981,3.566294362275311,0.7347356333886698,3.4580369148414634,0.8429930808225183,3.4580369148414625,0.8429930808225181,3.419073689444758,0.8819563062192227,3.419073689444758,0.8819563062192224,3.419073689444758,0.8819563062192225
3226,3.823908740944319,3.615635949691857,0.2641966979056715,3.570267641276959,0.310224136969086,3.569052120556767,0.31143965768927817,3.569052120556768,0.311439657689278,3.573723219650568,0.30676855859547725,3.5815472191147935,0.2989445591312523
3227,3.5228787452803374,3.8350773796195297,0.33475515670721423,3.764856257241778,0.2905118346812714,3.7532548951208318,0.27931754657051416,3.7538263791337783,0.27988903058346104,3.753826379133778,0.2798890305834611,3.7538263791337783,0.27988903058346104
3266,2.574031267727719,2.896386630440676,0.3533082052625834,2.8938486546696964,0.3558461810335631,2.8938486546696964,0.3558461810335632,2.8938486546696964,0.3558461810335632,2.8938486546696964,0.3558461810335631,2.8938486546696964,0.3558461810335631
3267,2.2730012720637376,2.855557316366961,0.5825560443032236,2.7629274681074456,0.5326989923121946,2.7629274681074456,0.5326989923121946,2.7629274681074456,0.5326989923121944,2.7629274681074456,0.5326989923121946,2.7629274681074456,0.5326989923121946
3268,2.096910013008056,2.822624648449506,0.7525942326878239,2.6794761627332164,0.6094457469715336,2.6794761627332164,0.6094457469715336,2.691037752270383,0.6210073365087003,2.6910377522703834,0.6210073365087003,2.6910377522703834,0.6210073365087003
3269,1.8750612633917,2.986448728719902,1.1113874653282025,2.9455408207399865,1.0704795573482868,2.945540820739986,1.0704795573482868,2.9455408207399865,1.0704795573482868,2.9455408207399865,1.0704795573482868,2.9455408207399865,1.070479557348287
3270,2.401400540781544,2.9776896663064365,0.6343828031218062,2.9641665730132156,0.6208597098285862,2.964166573013216,0.6208597098285862,2.9641665730132165,0.6208597098285862,2.9641665730132165,0.6208597098285861,2.964166573013216,0.6208597098285861
3272,1.7781512503836436,2.9971116259188166,1.2189603755351723,2.995229316465635,1.2170780660819918,2.9952293164656356,1.2170780660819918,2.9952293164656356,1.2170780660819918,2.995229316465635,1.2170780660819918,2.9888250447387117,1.2106737943550683
3273,1.4771212547196624,3.010925956978702,1.533804702259039,2.994893579630479,1.5177723249108168,2.994893579630479,1.5177723249108168,2.994893579630479,1.5177723249108168,2.994893579630479,1.5177723249108168,2.994893579630479,1.5177723249108166
3331,1.9208187539523751,1.50423069786582,0.4165880560865552,1.559359313108366,0.4491059484264867,1.559359313108366,0.4491059484264869,1.708826867110106,0.4159073069127883,1.7352002041270296,0.38953396989586464,1.7670023621788384,0.3614258472337576
3332,1.619788758288394,1.6705039796227381,0.1437915359490974,1.9701544283074746,0.3670344389892725,1.936878412320968,0.33375842300276604,1.9623729933118486,0.3592530039936469,2.0145656939539647,0.40534888369423683,2.0664564526471128,0.45353230205059203
3333,1.4436974992327127,1.7909224192072482,0.34722491997453536,1.854176773427954,0.4838498760813096,1.946276912789686,0.5025794135569736,1.9627665331764128,0.5190690339437004,1.971929779795985,0.5282322805632723,1.9912076406266555,0.5475101413939432
3334,1.2218487496163564,1.6568871618154695,0.5111366542648865,1.865888771796083,0.675822651717884,1.8373575713037504,0.6472914512255511,1.8751223838904636,0.6850562638122646,1.9078451226764659,0.7177790025982669,1.9343326395102516,0.7442665194320525
3351,2.3679767852945943,2.5570045064437514,0.2856109578475465,2.4797943689293094,0.24187543682891494,2.4797943689293094,0.24187543682891482,2.4668166749848686,0.22889774288447412,2.46599064668973,0.2236969836181289,2.46599064668973,0.2236969836181289
3352,2.066946789630613,2.698948414723135,0.6320016250925219,2.6692622472192564,0.602315457588643,2.6692622472192564,0.6023154575886431,2.5849916886125035,0.5180448989818904,2.5849916886125035,0.5180448989818904,2.590477275870485,0.5235304862398724
3381,4.380211241711606,2.719480600691806,1.6607306410198004,2.6099707617127392,1.7702404799988678,2.6099707617127392,1.7702404799988678,2.6134682521003736,1.7667429896112332,2.7067399868255575,1.6734712548860489,2.6305082755591322,1.7497029661524741
3386,2.9186418346981005,2.1265555201613893,0.8656332601590504,2.081896604807244,0.8708440453399874,2.093209282355898,0.8629329039749347,2.141888722652071,0.8150293891660508,2.1904228435575055,0.7466959261422262,2.205210963836555,0.7319078058631764
3387,2.9186418346981005,2.542399023943346,0.43749997332837653,2.21040491894554,0.7125720722505493,2.3226604367146537,0.6003165544814355,2.3580474471513493,0.5657054695320284,2.248070539115653,0.675682377567725,2.234417627643813,0.6893352890395649
3388,2.9186418346981005,1.9602892142922552,0.9868102671411222,1.9503001015133694,0.9967993799200086,2.009095027800403,0.9380044536329745,2.0840193572424366,0.8630801241909415,2.1253855086884466,0.8217139727449313,2.1721343438659027,0.7749651375674752
3389,2.9186418346981005,2.846518101576046,0.20117260475829218,2.7932970064722955,0.19310690016906115,2.6792240534981384,0.3069387100039465,2.6692725390672516,0.3215960186666149,2.6032744148767284,0.3656464350221359,2.525996399121424,0.42638616396226237
3390,2.9186418346981005,2.942828609259213,0.13049811810437414,2.9127379153436164,0.15341693922844205,2.9211080367566606,0.16607136146752952,2.948644478122644,0.14503466040332907,2.8810304658681,0.19611038584269544,2.7890530200114583,0.24603072073447568
3391,2.9186418346981005,2.8941452203992473,0.13976840870851998,2.902554989738022,0.14448008268327764,2.936079819647165,0.16729418712474792,2.9414307136496243,0.1601484950439398,2.8434111471289136,0.23538723501827316,2.798686670709242,0.2682314034455159
3392,2.9186418346981005,2.8797338637306313,0.14725170093103906,2.9042012339438723,0.13857039135379579,2.8768285392066213,0.1659430860910475,2.857601298277801,0.16217606362507403,2.8511334375752164,0.1652084975182464,2.759024718576266,0.21700097784866967
3393,2.9186418346981005,2.9131644576003177,0.13730295205074117,2.8013294706488736,0.1720768724433573,2.806664786250925,0.16674155684130565,2.814350001554615,0.15548247631972537,2.8143500015546152,0.15548247631972528,2.831226072614766,0.1496365335839168
3395,2.9186418346981005,3.0353525322099766,0.13486946080997803,3.024946035512717,0.16741700167702908,3.0184633260246763,0.17365856802579877,2.985845701813914,0.15723995153935735,2.9882465353971774,0.15641373585379842,2.935232372973613,0.14984349831354274
3396,2.9186418346981005,3.0216342498784696,0.13483710257053996,2.9193278581354534,0.1523023122396615,2.9338245242321213,0.1280842823723848,2.9309985103414666,0.11119184229154175,2.9409923644063047,0.11795864708755743,2.9375070928471536,0.12144391864670867
3398,2.9186418346981005,2.9571442433518262,0.14274151366248272,2.9774666543177903,0.14866759607022423,2.9716807669802257,0.14288170873265932,2.954117948136181,0.13994699915159664,2.961942760573257,0.14026511279617015,2.9948162353595373,0.1338375937714569
3399,2.9186418346981005,3.005277382299668,0.11417599168975537,3.002389602726569,0.11418213662190316,2.89129466448836,0.20871738126244913,2.8616224303768507,0.19665339571232068,2.8623644873701446,0.20350604023395666,2.860100585986717,0.19945851902554307
3400,2.9186418346981005,3.056800127824224,0.14827617998294956,3.0529714588712755,0.14444751103000045,3.0529714588712755,0.14444751103000059,3.0239136060082763,0.12255521528046016,3.028796303913613,0.12421086391697427,3.013616201300009,0.11527031521770885
3402,2.9186418346981005,3.0496949883161584,0.15759493230926724,3.0279322732342853,0.17079541560348446,3.055958088266619,0.1791212399677103,3.03547652395872,0.16781804253858065,3.030748768745401,0.16309028732526218,3.0175640980502907,0.15036573918255097
3403,2.9186418346981005,2.984754189081657,0.20567038949899233,2.9632949049397705,0.19406415984076308,2.969864041913212,0.18749502286732223,2.94961579724653,0.17621355062911806,2.9493843071809236,0.1759820605635119,2.9650907506187822,0.16450717352354244
3404,2.9186418346981005,2.9871457202746403,0.14655771460144312,2.945585355441147,0.15142335038393734,2.768829999939946,0.32457873699784384,2.741145772592246,0.30760811558700213,2.754706223545838,0.2791586642555467,2.742559370900426,0.2992152567148375
3405,2.9186418346981005,3.007466930758566,0.1379370516596447,3.003856662221963,0.1499232161030652,3.0021778017564547,0.1482443556375569,2.9615731226645403,0.12662516516698424,2.9615731226645403,0.12662516516698424,2.97036573342462,0.12927677674371812
3406,2.9186418346981005,3.052893599009921,0.15613508349586558,3.0127448489353488,0.17425200210277647,3.0197471726063148,0.15567790375667998,2.9947791793887757,0.12526016815492755,2.9890220448358265,0.1119963348094759,2.995081876502409,0.10593650314289296
3407,2.9186418346981005,3.0270967718562027,0.13341937808044438,2.9959818420069766,0.1288118194085403,2.8946543058043765,0.19416438612659626,2.8690806318967597,0.1911409759481852,2.854923623695798,0.18410720745393153,2.831838790505688,0.2079855632810017
3408,2.9186418346981005,1.105207605064822,1.8134342296332782,2.1940542422557683,0.724587592442332,2.268502491893128,0.6501393428049725,2.2806697524891217,0.637972082208979,2.2207742736829963,0.6978675610151038,2.281865592912644,0.6367762417854566
3409,2.9186418346981005,1.5617026924448822,1.3569391422532182,2.597655715495633,0.3209861192024676,2.598527915739153,0.3201139189589477,2.5965363918497824,0.3221054428483182,2.5965363918497824,0.3221054428483182,2.5965363918497824,0.3221054428483182
3410,2.9186418346981005,2.3630547674905626,0.555587067207538,2.5079351431161934,0.410706691581908,2.5079351431161934,0.410706691581908,2.5079351431161934,0.41070669158190787,2.508594793294834,0.410047041403267,2.5088527042665363,0.4097891304315649
3411,2.9186418346981005,2.398912212115131,0.5197296225829691,2.577170584619024,0.341471250079076,2.5987762652404296,0.3198655694576711,2.5709350342254798,0.347706800472621,2.571594684404121,0.3470471502939801,2.578088145769368,0.34055368892873294
3413,2.9186418346981005,2.297923375298301,0.6207184593998003,2.5895409737632176,0.32910086093488317,2.5895409737632176,0.32910086093488317,2.5895409737632176,0.3291008609348831,2.5902006239418585,0.32844121075624216,2.5904585349135605,0.32818329978454014
3414,2.9186418346981005,2.301660107403427,0.6169817272946738,2.5148481219847194,0.4037937127133812,2.5148481219847194,0.4037937127133812,2.5148481219847194,0.4037937127133812,2.5155077721633607,0.40313406253474027,2.5157656831350623,0.40287615156303824
3423,1.0,2.1749092370533694,1.1749092370533696,2.6660256449741926,1.6660256449741926,2.854880584584086,1.8548805845840857,3.0316492556624386,2.0316492556624386,3.061711776836704,2.0617117768367033,3.080701042451614,2.080701042451614
3425,2.0,2.1781960065430725,0.4747241325509748,2.131152744593207,0.5348989415601155,2.131152744593207,0.5348989415601155,2.131152744593207,0.5348989415601155,2.131152744593207,0.5348989415601155,2.131152744593207,0.5348989415601155
3426,2.3010299956639813,2.411452531963883,0.2576386352516711,2.4534803245302164,0.27963879468728076,2.447957116344625,0.27411558650168977,2.447957116344625,0.2741155865016897,2.389744197108907,0.33232850573740824,2.389744197108907,0.33232850573740824
3427,2.6989700043360187,2.4413920469601633,0.278778549434391,2.499133853141692,0.22103674325286296,2.499133853141692,0.22103674325286296,2.499133853141692,0.221036743252863,2.5082735077390423,0.21189708865551263,2.5082735077390423,0.2118970886555127
3428,3.0,2.505999140068185,0.5523374231718267,2.497057357995506,0.5612792052445055,2.497057357995506,0.5612792052445057,2.497057357995506,0.5612792052445057,2.497057357995506,0.5612792052445057,2.497057357995506,0.5612792052445057
3453,2.0791812460476247,2.325331418342894,0.24840238991908015,2.2406136500623837,0.18102668749247092,2.2406136500623837,0.18102668749247097,2.203795978792445,0.15329751230682523,2.199350744266714,0.14885227778109433,2.190681273997358,0.14018280751173773
3454,2.0791812460476247,2.305583628353616,0.22793002226137976,2.285683831070386,0.20842611740095238,2.2816619731148564,0.20440425944542265,2.2300245745677127,0.16185535698257217,2.2326366008628673,0.16446738327772703,2.2296529005614447,0.1614836829763045
3455,2.255272505103306,2.25463725674504,0.14114850433939435,2.2433767820836934,0.10205933864952141,2.2317109849776355,0.10666240119901811,2.1961801296654344,0.0930706143690959,2.193966764082881,0.09958173532495948,2.195685756634096,0.08542852034644811
3456,2.0791812460476247,2.3590135416837525,0.27983229563612744,2.298673540673214,0.22908189674993942,2.2906993505899664,0.22110770666669186,2.255968958591146,0.19390253047140432,2.238681038378884,0.17661461025914266,2.2356895647340727,0.17362313661433063
3459,2.0791812460476247,2.3308748973921,0.27363756009477136,2.1834587126431053,0.22035101135366242,2.1687753730228216,0.21626946253094453,2.1475436830013286,0.18013441015372197,2.147543683001328,0.180134410153722,2.1475436830013286,0.18013441015372192
3460,2.0791812460476247,2.3145439228299334,0.23536267678230843,2.2817595786554596,0.2025783326078343,2.2584897929731227,0.19472708040120723,2.222703119317136,0.15894040674522014,2.2191667530186625,0.155404040446747,2.227017182973529,0.1632544704016134
3461,2.255272505103306,2.323640304804381,0.16045464407369128,2.2207477632653694,0.17270917131991412,2.1617730152167023,0.20130637940329152,2.1424201994615872,0.20214454977508184,2.1420824898733364,0.20180684018683107,2.14572719209099,0.18938734241346894
3462,2.0791812460476247,2.2609160011712524,0.18263120783168157,2.2885508003844093,0.20936955433678386,2.2700673897806465,0.20148793453058747,2.20961837933864,0.15012742017287412,2.2048656783218217,0.14537471915605577,2.2115262801185223,0.15988111476919634
3463,2.0791812460476247,2.2703984093452196,0.1921136160056492,2.241071522624593,0.16955578122864193,2.2594512972691163,0.18793555587316496,2.2488643065887373,0.17734856519278624,2.2171377927471525,0.15792994529654042,2.220887940863609,0.16168009341299697
3466,2.0791812460476247,2.3406910202293543,0.26150977418172905,2.275072366339329,0.19589112029170375,2.2606339991750173,0.18145275312739215,2.246945857883403,0.16776461183577857,2.268427248196004,0.18924600214837958,2.2612506974981836,0.18206945145055914
3467,2.0791812460476247,2.2970818640544763,0.2194282579622394,2.248419488519192,0.17116177484975767,2.2418254343033626,0.16588516185680105,2.2112616737598976,0.13532140131333567,2.1870590770926666,0.11111880464610484,2.1822424460406156,0.1063021735940537
3470,2.0791812460476247,2.299549189470513,0.22414780100208792,2.2550660469266672,0.18006055088104536,2.247867268744174,0.17286177269855174,2.2522580238179684,0.1772525277723465,2.239792698127552,0.16478720208193037,2.239811301107141,0.1726515988779589
3471,2.0791812460476247,2.289778892262225,0.2105976462145999,2.205499253845037,0.14303467326910385,2.218315274736546,0.16058958961332914,2.15831671812318,0.10967952908425642,2.1166727667045855,0.11576494993514752,2.1166727667045855,0.11576494993514748
3472,2.0791812460476247,2.304387334058549,0.22520608801092434,2.214547556567243,0.1593581689596405,2.2033791091135138,0.15879151230347704,2.235646424183979,0.1670669689339201,2.2316087927515262,0.16302933750146723,2.228516977205337,0.1599375219552776
3483,3.7323937598229686,1.858790180264321,1.8736035795586474,1.920400880237953,1.8119928795850153,1.9152320297637235,1.8171617300592449,1.9316620550846584,1.8007317047383105,1.973916532140478,1.7584772276824907,1.9811643258108333,1.7512294340121346
3487,3.9208187539523753,2.3492167368795394,1.5716020170728364,2.2823947564224065,1.6384239975299686,2.2908846857750422,1.629934068177333,2.2592666439352955,1.6615521100170796,2.200021862179703,1.7207968917726721,2.2244714449610106,1.6963473089913648
3488,2.7781512503836434,1.9769858500487811,0.8195496152642965,1.9252215633672922,0.8713139019457852,1.953064953429762,0.8434705118833158,1.8752668761863975,0.9212685891266797,1.813232175652318,0.9833032896607594,1.9872562639013722,0.8092792014117055
3495,3.6020599913279625,2.3864211498563255,1.2156388414716368,2.4181250128344383,1.195078262996908,2.418198189987089,1.1950050858442567,2.3381114471715447,1.2639485441564182,2.276945366111878,1.3251146252160837,2.2415153985637284,1.3605445927642337
3497,1.3979400086720375,2.233777786343129,0.8472117238218327,2.252072055451312,0.8541320467792739,2.3262287816002125,0.9282887729281748,2.3315789334685424,0.9336389247965045,2.247740837146902,0.853472888584335,2.1788321338377825,0.7845641852752159
3528,3.4771212547196626,1.702372545647015,1.7747487090726477,1.3787143013720184,2.0984069533476437,1.2623636799626283,2.2147575747570336,1.138026961923326,2.339094292796336,1.0162298213218255,2.460891433397837,0.9747739850535833,2.502347269666079
3533,3.6989700043360174,2.011502160705091,1.6874678436309263,1.3680610659731716,2.330908938362845,1.1978908086536144,2.5010791956824026,1.111953915668009,2.5870160886680083,1.053528238141682,2.6454417661943355,1.0518827087803373,2.6470872955556803
3547,2.6989700043360187,0.879258984738884,1.8197110195971349,1.4694527663885328,1.2297728481872632,1.6090510236048146,1.2036693625842407,1.6835781700333563,1.1291422161556992,1.8783085101580668,0.9344118760309887,2.0310739441065224,0.781646442082533
3566,2.3521825181113627,2.7159738380282947,0.5637400689710657,2.8570564665996097,0.6329665549208512,2.779868895934089,0.6349978780799252,2.7640045950698555,0.6191335772156915,2.752297934508358,0.6074269166541937,2.7547568757914553,0.633801475903802
3570,2.9537596917332287,2.254357147406865,0.7019306271523547,2.3254796005111706,0.6308081740480495,2.3254796005111706,0.6308081740480492,2.32547960051117,0.6308081740480492,2.3254796005111706,0.6308081740480495,2.3254796005111706,0.6308081740480492
3612,2.6020599913279625,3.08521936136425,0.5337054901444154,3.0904201706310976,0.5389062994112628,3.0919330552020527,0.5404191839822181,3.0969133427988966,0.5453994715790618,3.0904201706310976,0.5389062994112628,3.099220494255891,0.5477066230360566
3619,1.845098040014257,1.7272498196030448,0.4408266227616323,1.970524877281185,0.5536918729711926,1.9865757125563999,0.5539937683342038,1.9781554871960907,0.5624139936945134,1.9586243636361338,0.5367860491930312,2.1997322096120087,0.5042131219111878
3620,2.1760912590556813,2.6292422492031045,0.453150990147423,2.544409174945309,0.38678482663403535,2.544409174945309,0.38678482663403546,2.5088791258747496,0.3604816116627035,2.4719619394666266,0.32492299281040105,2.4560571688920283,0.3090182222358028
3621,2.6020599913279625,2.4742116700753036,0.2214851276890398,2.3990555499365245,0.2696837310546457,2.3990555499365245,0.26968373105464594,2.393462394016357,0.2784579557824075,2.3538592760055326,0.302376401101985,2.357393253987211,0.29506384388483936
3623,2.6020599913279625,2.5538846272143867,0.17121259754211912,2.444077983762616,0.21957891671956536,2.442026820807617,0.22163007967456436,2.4176252862737244,0.22763845689274537,2.427712905745329,0.22505367166578977,2.4256000537532576,0.22716652365786105
3624,2.4149733479708178,2.5112626553389927,0.2336635741411271,2.4328946026056335,0.23100086247038082,2.424999289455549,0.23423815692155592,2.3982544606086322,0.24095584732210393,2.281915246956656,0.24437850215675755,2.280708782134012,0.24558496697940183
3626,2.903089986991944,2.412651418377044,0.4904385686149008,2.1661520341592357,0.7369379528327092,2.1623914750741786,0.7406985119177663,2.0882217440962316,0.8148682428957128,2.0990930447002953,0.8039969422916494,2.0657003641409704,0.8373896228509745
3628,2.0,2.4710125285084183,0.48203921774059244,2.1061989300077943,0.6539594311371578,2.065543149334226,0.6227121022555314,1.9746074722412803,0.5803708293511562,2.012797243051676,0.47656467949120584,1.993617594079328,0.45738503051885787
3629,1.99563519459755,1.6125755391594574,0.4963590482780008,1.809447856788515,0.49869587821903333,1.935486496327042,0.4158790588231023,2.0060854917198787,0.46888226197046984,2.1277637370781117,0.36966852933821015,2.0585712673173786,0.4494741276186446
3630,1.99563519459755,2.5332981258786713,0.5390376103106482,2.3182472451368,0.33037434248070674,2.3182472451368,0.33037434248070663,2.27873318228803,0.2908602796319364,2.275567430481593,0.2876945278254991,2.2581673877987885,0.2689198061131677
3631,1.99563519459755,2.5346047597283983,0.5403442441603754,2.388735765078932,0.4008628624228382,2.3887357650789314,0.400862862422838,2.3865583506187287,0.3986854479626353,2.349518668139813,0.3616457654837192,2.3214937537676397,0.3322461720820186
3632,2.298853076409707,2.5884907299509363,0.31855065007748096,2.259855628903046,0.26163101310444736,2.3156251826761056,0.18032563162236,2.2939546587632007,0.16936226520356124,2.285332230799999,0.15776532833013088,2.23490832533432,0.1394388685229416
3633,2.298853076409707,2.560974872047927,0.28366723771394386,2.3186937211279917,0.2690944848323163,2.3736975090205528,0.18702333746973007,2.306345738086719,0.14258659319441294,2.306345738086719,0.14258659319441302,2.306345738086719,0.14258659319441305
3635,3.066946789630613,3.429278613681354,0.36233182405074155,3.3716511035299144,0.3047043138993012,3.3716511035299144,0.3047043138993012,3.3703026955725712,0.30335590594195816,3.3703026955725712,0.30335590594195816,3.3703026955725712,0.30335590594195816
3639,1.062581984228163,3.120905846993258,2.0583238627650946,3.120905846993258,2.0583238627650946,3.120905846993258,2.0583238627650946,3.120905846993258,2.0583238627650946,3.120905846993258,2.0583238627650946,3.120905846993258,2.0583238627650946
3640,1.9855013201808869,2.8490899778537653,1.0604337512044417,2.7715109775485525,1.0277589116042387,2.7715109775485525,1.0277589116042387,2.771510977548553,1.0277589116042387,2.733075468018251,0.9893234020739372,2.7330754680182516,0.9893234020739374
3641,2.559567511673805,2.8200616927125703,0.6906050495540625,2.7003108051403473,0.6935778744418155,2.7003108051403477,0.6935778744418155,2.7003108051403477,0.6935778744418156,2.7003108051403473,0.6935778744418156,2.700310805140348,0.6935778744418158
3642,1.462397997898956,2.670979780330038,1.2680442896166817,2.6518999505345286,1.2489644598211729,2.6518999505345286,1.2489644598211727,2.6518999505345286,1.2489644598211727,2.6518999505345286,1.2489644598211727,2.6518999505345286,1.2489644598211727
3649,1.7708520116421442,2.0196040255783267,0.6695981919021844,2.174466887026964,0.7129296747855807,2.2075026964212494,0.6604801309426721,2.3191756734827282,0.619683432718739,2.2748972256918587,0.5754049849278694,2.2642042831053857,0.564712042341396
3651,1.99563519459755,2.985461165870401,0.9898259712728509,2.873186024891803,0.8852872216276048,2.886909152942062,0.8990103496778639,2.9029431498842344,0.9150443466200364,2.9109257978935097,0.9153746953064144,2.901253422175052,0.9057023195879568
3653,2.5151007827641814,2.5113645619142817,0.009876878753933348,2.5099216291307256,0.009494066823884494,2.5099216291307256,0.009494066823884383,2.511465590046137,0.009775850622077665,2.511465590046137,0.009775850622077531,2.5114655900461376,0.00977585062207762
3654,2.290961601003477,2.3252615933673964,0.04312351709871896,2.331857342445203,0.04580111076333526,2.331857342445203,0.04580111076333533,2.331857342445203,0.04580111076333528,2.330914816362812,0.044858584680944724,2.330914816362812,0.044858584680944814
3655,2.152543137280892,2.1490809625307636,0.010394518807769471,2.1528090931726602,0.014267311044248365,2.151446086505311,0.014483938559038668,2.1519157851917674,0.014423206691081436,2.1535622019529117,0.012595683870089757,2.1613872065105064,0.01820516809645061
3658,2.187990482355389,2.18642989606212,0.005047766173804313,2.187374396719075,0.004830674425361869,2.1877658456054743,0.005201494429017272,2.1874673620647473,0.004737709079689201,2.1874673620647473,0.004737709079689201,2.1872198437410253,0.004578167470044092
3660,3.067938329974341,3.0687083867360325,0.01013593019143939,3.0714409712536708,0.011895304849666877,3.071440971253671,0.011895304849666676,3.0714409712536703,0.011895304849666766,3.0714409712536703,0.011895304849666766,3.0714409712536708,0.011895304849666655
3662,2.290034611362518,2.3222246751137985,0.03878217095871419,2.317679441385672,0.04929680739712787,2.317679441385672,0.04929680739712785,2.3151970298939597,0.0468143959054159,2.3151970298939597,0.046814395905415716,2.3144962346009965,0.046113600612452954
3664,2.05595140532915,2.0591649585126093,0.008078070605437238,2.0641868484893733,0.011772773631466648,2.0637818031158806,0.01136772825797321,2.063076802681521,0.01112057079248976,2.0618217085562174,0.010216514732934745,2.0747877427095807,0.023182548886298227
3665,2.591064607026499,2.5972787887048643,0.020348495354653485,2.5972787887048643,0.020348495354653506,2.5972787887048643,0.02034849535465344,2.5972787887048647,0.02034849535465342,2.5972787887048647,0.02034849535465344,2.601198006477034,0.024267713126823208
3667,1.702574128604844,1.6824236932111938,0.03506944853472086,1.7124447671444858,0.06251816592560795,1.711407263821655,0.061951520341902176,1.7227329247844776,0.07280679287482761,1.7297668554806287,0.07560556574716046,1.7178016864249934,0.06478227033262489
3668,1.414973347970818,1.5140308821996447,0.11285328903968801,1.5064282293533713,0.10221916117740348,1.505136859971131,0.09785146222002139,1.5045209336193028,0.09846738857184957,1.485434528760699,0.08839213883843308,1.4910885027999266,0.09402790243459644
3669,2.4158077276355434,2.4307279219524576,0.018309585833771024,2.4295765146274118,0.018854624398304053,2.4295765146274113,0.018854624398303987,2.429576514627411,0.018854624398304008,2.4295765146274118,0.018854624398304078,2.429576514627412,0.0188546243983041
3671,1.3170181010481117,1.1564176738467,0.1700320483151035,1.1133661431420367,0.21183624781094626,1.0833947753475175,0.2395041428423476,1.078896316272277,0.24400260191758835,1.1164320386286941,0.20725124912825402,1.0725085710887594,0.26146284259257324
3674,1.6864873087113892,1.6891703866894368,0.019172238385211593,1.6917658829478377,0.02356238324475295,1.6917658829478377,0.023562383244753005,1.695297595640671,0.03504356646571335,1.6995650352271063,0.03507086070761324,1.7042501441167013,0.035942584737626536
3676,1.5471591213274176,1.469578093863174,0.0917324310084709,1.4404750062557825,0.108881961522005,1.4466010260990985,0.10513177646280987,1.456979863559758,0.10625056905177602,1.4760134623904615,0.11514602035065705,1.4736345459444073,0.11752493679671124
3687,1.784141614072831,1.7957967778856094,0.05465557838884257,1.781666549187166,0.07125499962411706,1.7823184829384968,0.07190693337544753,1.786935363630585,0.07036125895262804,1.785214511356148,0.06864040667819131,1.7929976090447615,0.06305567007369392
3694,0.9164539485499252,1.0270036096051112,0.13232727472826772,1.0269079744863845,0.14772246386788018,1.0257870440784664,0.15053331602232284,1.0177737802321452,0.14252005217600167,1.0421426095189399,0.1564088505348807,1.0343103236015385,0.14857656461747942
3696,1.3028357965272437,1.203783116038019,0.1135449482348233,1.2555732767337162,0.1385208856680879,1.2618675358175933,0.13222662658421092,1.2215724330733746,0.1486747898054423,1.2330537208325336,0.15840875503661223,1.2160321287148097,0.14614480946527555
3697,2.796516515932583,2.7948890768197363,0.05842316936068832,2.7948890768197368,0.05842316936068832,2.794310428631448,0.059001817548977084,2.7943104286314475,0.05900181754897704,2.7943104286314475,0.05900181754897704,2.7943104286314475,0.059001817548977
3699,1.9800033715837464,1.9509452019941373,0.03750700224300314,1.9725549818587915,0.05371795601370118,1.9719348260654286,0.05433811180706453,1.9726129242579897,0.05366001361450318,1.9763186100266938,0.042028036334225624,1.9763186100266938,0.042028036334225596
3700,2.2317243833285163,2.227092772121831,0.016691395272665478,2.2285214635520982,0.01812008670293199,2.2285214635520982,0.018120086702932102,2.228931579127607,0.018194499189425683,2.228931579127607,0.018194499189425572,2.228931579127607,0.018194499189425572
3702,0.870208760597288,1.0430971607520294,0.17554839685755402,1.004116243421629,0.1453267571840816,0.9947613114547258,0.13738611679042295,0.9925131216768872,0.13513792701258429,1.009841608527155,0.14661090173020075,0.9886602847158201,0.13051774193124827
3703,3.301337512022805,3.126568283640693,0.185312602203336,3.0674643342181183,0.24300318101624646,3.0674643342181183,0.24300318101624652,3.0674643342181183,0.24300318101624646,3.0674643342181183,0.24300318101624646,3.0674643342181183,0.24300318101624646
3704,3.0514741029744057,3.068898916120276,0.01742481314587061,3.0703420066952316,0.01886790372082594,3.0703420066952316,0.018867903720825852,3.070342006695232,0.01886790372082601,3.070342006695231,0.018867903720825897,3.0721730850666935,0.020698982092288244
3709,3.183056203693958,3.15601860603859,0.06599327120128551,3.1468420288614167,0.07613175849164282,3.1468420288614167,0.07613175849164282,3.1468420288614167,0.07613175849164278,3.1468420288614167,0.07613175849164273,3.143690047522608,0.07363883958070765
3710,2.853444697974157,2.8567661158279165,0.006889349561523428,2.8571951140595067,0.007318347793113267,2.8571951140595067,0.007318347793113356,2.8571951140595067,0.0073183477931131335,2.8571951140595067,0.007318347793113422,2.8571951140595067,0.007318347793113267
3713,2.5416832292174965,2.562933417529212,0.026799074730445425,2.562933417529213,0.026799074730445516,2.562933417529213,0.026799074730445405,2.562933417529212,0.026799074730445425,2.562933417529212,0.026799074730445425,2.5651050471314023,0.02774756896520796
3714,2.3150952807201968,2.335200490847399,0.02502918974673738,2.3383135721773343,0.027391633676892947,2.3383135721773343,0.027391633676893012,2.3358311606856224,0.027046150395330405,2.3358311606856224,0.027046150395330405,2.335831160685622,0.02704615039533047
3715,1.8798601462734688,1.8599190215186567,0.033099319175990315,1.8770683615659318,0.021250324870997817,1.8786747228448366,0.023379692429693545,1.8817717545753598,0.03294152656847321,1.8817717545753598,0.03294152656847318,1.8817717545753598,0.03294152656847319
3716,2.148191196242012,2.1590101550891356,0.01942332576953123,2.154727525118179,0.014796048892804437,2.147598919184502,0.010047992866739696,2.1462422532094996,0.00994690973973511,2.1533337819018787,0.01557025847853919,2.153640682292294,0.016011747016831723
3718,2.713210443450629,2.7267877188899896,0.021684596170667158,2.7267877188899896,0.02168459617066707,2.72678771888999,0.021684596170667113,2.7267877188899896,0.021684596170667113,2.7267877188899896,0.021684596170667158,2.7267877188899896,0.021684596170667158
3720,2.5623920071305504,2.5413555872407647,0.021293635168382584,2.5414971835803977,0.021152038828750296,2.5414971835803977,0.021152038828750296,2.541355587240765,0.021293635168382452,2.5413555872407656,0.021293635168382542,2.5405808160586205,0.021811191071930323
3721,2.6398183918310933,2.6118143289743982,0.03306896934029402,2.6153099531909665,0.03517685052543458,2.6153099531909665,0.0351768505254346,2.6153099531909665,0.03517685052543455,2.6153099531909665,0.03517685052543449,2.624175345020949,0.026311458695452393
3722,2.8555191556678,2.8532350028679874,0.00635458941812026,2.854176712720908,0.006585867507325971,2.854176712720908,0.0065858675073261486,2.854176712720908,0.006585867507325949,2.854176712720908,0.006585867507326171,2.854176712720908,0.00658586750732606
3723,2.179456036676452,2.186104778352429,0.007704194234471151,2.184330904572898,0.007615677677118881,2.1843309045728976,0.007615677677118948,2.1838632459024545,0.00862607163072453,2.1883019455553727,0.013064771283642806,2.1870861095234946,0.013115789593553728
3724,2.561598231297232,2.5611153112427223,0.015368120898394611,2.5611153112427223,0.0153681208983945,2.5611153112427223,0.015368120898394566,2.5611153112427223,0.0153681208983945,2.5611153112427223,0.015368120898394632,2.5611153112427223,0.0153681208983945
3725,2.2135177569963047,2.177651010741117,0.059286655373771334,2.1663989011264886,0.0726363005966366,2.1663989011264886,0.07263630059663663,2.1663989011264886,0.07263630059663664,2.1663989011264886,0.07263630059663659,2.1663989011264886,0.0726363005966366
3726,2.0276892984310293,2.057310802667834,0.029647037739609396,2.0617323260321263,0.03418796265878012,2.0672445421895564,0.03970017881621064,2.0710571483058744,0.04351278493252788,2.073678227401125,0.04613386402777919,2.0666237522282183,0.039079388854871853
3728,2.9048056759175647,2.915867546271632,0.011081674473749081,2.913038903785708,0.012092058468551792,2.913038903785708,0.01209205846855177,2.913038903785708,0.012092058468551792,2.913038903785708,0.01209205846855177,2.913038903785708,0.012092058468551724
3743,3.2945213361777705,3.204849098524484,0.09930900197400035,3.1807010587865294,0.12036053820674593,3.1800260200485573,0.1210355769447176,3.1800260200485573,0.12103557694471774,3.1989800604094243,0.10208153658385104,3.1989800604094243,0.10208153658385102
3745,2.598151905372277,2.603603433961858,0.005451528589581289,2.603603433961858,0.005451528589581334,2.6036034339618586,0.005451528589581356,2.603603433961858,0.0054515285895812005,2.603603433961858,0.0054515285895814,2.603603433961858,0.005451528589581378
3746,2.8642638029774057,2.856120060459286,0.008894960037103217,2.8565490586908764,0.009268029417986035,2.8565490586908764,0.009268029417986101,2.8565490586908764,0.009268029417986257,2.856529832341648,0.009287255767213698,2.856529832341649,0.009287255767213454
3747,2.7249581862877257,2.7296353288282047,0.012503371752354563,2.7290164557796603,0.013122244800898363,2.7290164557796603,0.013122244800898474,2.729016455779661,0.01312224480089843,2.729016455779661,0.013122244800898363,2.7290164557796603,0.01312224480089832
3751,2.6082585284982693,2.594480390467965,0.02480001364451643,2.5944803904679654,0.024800013644516405,2.5944803904679654,0.024800013644516405,2.5944803904679654,0.02480001364451634,2.594480390467965,0.024800013644516318,2.6033457822979473,0.015934621814534155
3763,2.204119982655925,2.1863881680889254,0.01773181456699995,2.1867611090526253,0.017358873603299685,2.1857620271573306,0.018357955498594314,2.185054759852648,0.01906522280327714,2.184429375175859,0.019690607480065504,2.18442937517586,0.01969060748006546
3767,2.4119001673755625,2.4396449612312425,0.028902715361418373,2.4352917813262023,0.025072494970176495,2.4352917813262023,0.02507249497017654,2.4352917813262023,0.02507249497017656,2.4352917813262023,0.025072494970176516,2.4352917813262023,0.025072494970176495
3769,2.4740948000894747,2.478588942891895,0.016747641563089655,2.4787638547188555,0.017030459823457432,2.4787638547188555,0.017030459823457366,2.4787638547188555,0.017030459823457345,2.4787638547188555,0.01703045982345739,2.474796470426151,0.020071854739972306
3785,2.500373714353374,2.5037472393153504,0.005671110290552584,2.504098668566177,0.005880531898451636,2.504098668566177,0.005880531898451435,2.5041996966980333,0.005981560030307298,2.504199696698033,0.00598156003030732,2.504199696698033,0.005981560030307387
3787,2.404406050921269,2.430004637809781,0.0383712494004236,2.4251627569236325,0.03620481053702176,2.4251627569236334,0.03620481053702178,2.425162756923633,0.03620481053702194,2.4254865206316345,0.03652857424502391,2.4254865206316354,0.03652857424502387
3788,1.9803821718536427,1.9602008240635285,0.021595318774271743,1.9631833939967565,0.018576802019193584,1.9631833939967567,0.01857680201919356,1.9624254907816099,0.01842300401026765,1.96242549078161,0.01842300401026762,1.9590011764450508,0.02159856686066446
3793,3.10271948214878,3.1190702667601338,0.034092700443178824,3.1160615506151363,0.0311581803053278,3.116061550615136,0.031158180305327778,3.1160615506151363,0.031158180305327778,3.1160615506151363,0.031158180305327667,3.116061550615136,0.03115818030532782
3799,2.650469422288295,2.637993744209128,0.014975973829174927,2.641489368425696,0.016018751968595348,2.641489368425696,0.01601875196859539,2.6414893684256957,0.016018751968595323,2.641489368425696,0.016018751968595348,2.641489368425696,0.01601875196859537
3800,2.605215232371396,2.604820720780653,0.005246169300696902,2.604820720780653,0.005246169300696923,2.604820720780653,0.005246169300696923,2.604820720780653,0.005246169300696879,2.6048207207806526,0.005246169300696879,2.604820720780653,0.0052461693006968565
3801,2.850237679666668,2.8549220534579915,0.0066610457772543485,2.855633048789463,0.006874012624693826,2.8556330487894623,0.006874012624693848,2.8556330487894623,0.006874012624693826,2.8556330487894623,0.006874012624693959,2.8556330487894623,0.006874012624693981
3802,2.3292283324208047,2.345416100701221,0.02425606226060717,2.3460372460557872,0.026160686913787434,2.3460372460557872,0.02616068691378748,2.3460372460557872,0.026160686913787413,2.345094719973396,0.025861541531533905,2.3450947199733965,0.025861541531533926
3806,2.53959877845859,2.5709957053169785,0.03266829764651451,2.562798440366722,0.024471032696257722,2.5627984403667217,0.0244710326962577,2.5627984403667217,0.024471032696257656,2.5627984403667217,0.024471032696257566,2.5627840898595213,0.024456682189057034
3809,2.486430478854434,2.4823448978072657,0.00894874982960805,2.4831042341412233,0.008398602392494747,2.4831042341412233,0.00839860239249488,2.4831042341412233,0.008398602392494814,2.4839565002998922,0.008318986924851491,2.4839565002998922,0.008318986924851446
3814,2.4097922786788835,2.4319959867237713,0.026015258192245795,2.4263105125002764,0.020308704124334675,2.426310512500277,0.020308704124334675,2.426310512500277,0.02030870412433474,2.4263105125002764,0.020308704124334654,2.4246269127555617,0.018625104379619527
3816,2.5060538173181506,2.5033451313998594,0.008371662451926599,2.5035250626658008,0.008551593717869089,2.5035250626658017,0.008551593717869043,2.5035250626658017,0.008551593717868977,2.5035250626658017,0.008551593717869,2.505089163361778,0.007028827039464569
3819,3.0779731938586568,3.0670912372747496,0.016708778982812755,3.065481963485604,0.017579370129039918,3.065481963485604,0.017579370129039963,3.065481963485604,0.017579370129039984,3.065481963485604,0.01757937012904003,3.065481963485604,0.017579370129039828
3824,0.870208760597288,1.1248191370247798,0.2917535913612025,1.162454433590893,0.31211547077119167,1.1632561149989784,0.3129171521792774,1.145008015064452,0.2946690522447507,1.1497800658196857,0.29596701378454104,1.1205461568129496,0.255188249360968
3829,2.360309344342059,2.354974827080094,0.02572757814023725,2.360211486529443,0.025889702198325315,2.3602114865294435,0.02588970219832527,2.360211486529443,0.02588970219832527,2.360211486529443,0.025889702198325336,2.3602114865294435,0.02588970219832527
3834,1.8598385304010416,1.8704333344402664,0.04490935057445487,1.8490259828717548,0.047063904019836754,1.8521290192854263,0.046390562459562676,1.8516265531176768,0.04689302862731254,1.8545439489877158,0.045379083446761906,1.8580720763434162,0.04469048689581016
3840,2.0869527242574843,2.1003114013509463,0.026001830362330614,2.09909373977798,0.026184971592498996,2.0990937397779805,0.02618497159249893,2.0953374530780304,0.020750928995066587,2.093593367706743,0.020653502414863502,2.094375294720989,0.019399476244897528
3845,1.271066772286538,1.2168697262419306,0.09921922010291946,1.2032304498953537,0.10845959318652595,1.2032304498953537,0.10845959318652594,1.1581522892571794,0.13488021212904142,1.1504001753754634,0.16618137977522557,1.1630134317073164,0.15952817775283346
3847,1.933655978657548,1.8497587909085862,0.08992038254694198,1.8561656037160628,0.09190189902994862,1.8561656037160628,0.09190189902994864,1.8699445555963394,0.0781229471496718,1.879480608136081,0.06858689460992992,1.8867868382531736,0.06106127659492037
3848,0.870208760597288,1.0592567792288068,0.1890480186315187,1.0638324321972334,0.2013810667689928,1.0592997199157128,0.1990617389896693,1.026502752092837,0.16927864866392078,1.008518747095088,0.15473247033600254,0.9944129742073191,0.14062669744823333
3851,2.498884637788467,2.5065832227264404,0.01086054744257916,2.5065832227264404,0.010860547442579072,2.5065832227264404,0.010860547442579138,2.5066842508582963,0.010961575574434824,2.5066842508582963,0.010961575574435,2.506684250858296,0.010961575574434935
3853,1.893484346218486,1.8836696886625248,0.024574978095747345,1.894820604878698,0.02229753759008679,1.8974703269823128,0.023404571497877336,1.893547188281434,0.029562423487363675,1.8967256457476087,0.03174257504241723,1.9013001478262002,0.034661262313122186
3854,2.0307346169761686,2.03832011397109,0.010055261619323751,2.045393774949304,0.017441168726963198,2.044924969825586,0.0169723636032449,2.054010745429607,0.02578230690385941,2.049367620408368,0.021139181882620473,2.048955790126596,0.020727351600848376
3855,2.6822203114510064,2.72153882352825,0.042743537849243673,2.7209199504797064,0.042124664800699964,2.7252070865430076,0.04362401062028574,2.7252070865430076,0.04362401062028574,2.7252070865430076,0.04362401062028578,2.7252070865430076,0.04362401062028583
3858,1.3847117429382825,1.4934815581541234,0.1175052577871661,1.5099220198624341,0.13394571949547682,1.5160480397057499,0.14007173933879252,1.5181138380555348,0.14213753768857748,1.5397268701803246,0.16375056981336739,1.5397268701803246,0.1637505698133675
3860,1.748833818176352,1.6986933233619834,0.07017974388935673,1.6845554070039317,0.09058276857353974,1.6799398599887918,0.08596722155839988,1.6834356154647836,0.09138147639504345,1.6847693915283675,0.08898488924404829,1.6904289266828474,0.0833253540895683
3862,2.1295287738587763,2.1479586392015055,0.04232689604589244,2.133512576335977,0.04021902346635255,2.13796352273068,0.037598869040369534,2.1487926180233172,0.0403799213867226,2.1403927424836255,0.03531087971892013,2.15116958002763,0.0398981902826939
3864,2.926170890438592,2.926209955471276,0.010322226672887801,2.926209955471276,0.010322226672887758,2.926209955471276,0.010322226672887869,2.9262099554712755,0.010322226672887647,2.924870236544125,0.01055949174361539,2.9248702365441246,0.010559491743615434
3865,2.2712606104874364,2.3036744298507186,0.045235999944973494,2.2950149419304804,0.05771293456526787,2.2950149419304795,0.057712934565267826,2.2972507320871913,0.059948724721978916,2.2972507320871913,0.059948724721978895,2.2972507320871913,0.059948724721978874
3866,2.2481776883387057,2.245762315641092,0.012403387059804283,2.2468929825865596,0.012057886282860465,2.2468929825865596,0.012057886282860485,2.2468929825865596,0.01205788628286053,2.2468929825865596,0.012057886282860465,2.2468929825865596,0.012057886282860508
3870,2.4955443375464483,2.505764010798868,0.011790398593036478,2.5062597356141487,0.012286123408317117,2.5062597356141487,0.01228612340831714,2.5061154400496948,0.012141827843863284,2.5055484073708914,0.011713530343235589,2.5047492422717137,0.011584255746882311
3871,1.923848224505993,1.836745750178451,0.09921960449167212,1.8540381489199542,0.08810056654461061,1.8516742854878303,0.08829471514236478,1.8600948817514655,0.07987411887872953,1.8604455152184367,0.08030866055267374,1.8712270054856872,0.07313441568831586
3873,2.5623920071305504,2.5462360761567533,0.016413146252394584,2.5476977337863005,0.01670125663044808,2.5476977337863005,0.016701256630448035,2.547697733786301,0.01670125663044797,2.5476977337863005,0.016701256630448035,2.546908612096955,0.017233163041196375
3874,1.4259687322722812,1.4850558151461422,0.07163771953014066,1.499294467296165,0.08686674385107168,1.4903322640309837,0.07676060356410766,1.4917809189494506,0.07820925848257446,1.513879984182377,0.09357500916440917,1.5200123061439883,0.09714437470513934
3877,2.769992387051202,2.7292868044527596,0.047493238206210854,2.729286804452759,0.047493238206210875,2.7292868044527596,0.047493238206210944,2.7292868044527596,0.047493238206210875,2.7292868044527596,0.047493238206210805,2.7292868044527596,0.047493238206210875
3878,1.986398468680824,1.9460984175783498,0.04030005110247391,1.9472686853044021,0.03912978337642178,1.9411573694847692,0.04524109919605459,1.9411482992074625,0.04525016947336109,1.9388851378317944,0.04751333084902891,1.9388851378317944,0.04751333084902892
3886,2.124395528930348,2.11580189674807,0.043145431547651956,2.1165233028025443,0.033195836091613605,2.1165233028025443,0.03319583609161356,2.1044205699395624,0.03081686899251601,2.104542691154175,0.030508123554071332,2.1041698706834064,0.03034292226351818
3887,1.59659709562646,1.4446484112295177,0.15311568899630457,1.4819293825491138,0.14601975964227978,1.480978016309837,0.14697112588155647,1.4871008585964485,0.15242979859354647,1.4887590349984379,0.15193490616907918,1.5015156980077262,0.15173046390793074
3889,1.827153795757466,1.8238379414748649,0.03354387043258281,1.8438206647049813,0.04157124266717431,1.8427177789520486,0.042674128420107094,1.8519533782414075,0.05190972770946618,1.8765635175172275,0.07052773411479282,1.8765635175172275,0.07052773411479282
3891,2.0764583877121514,2.0822855653380445,0.01937237855659455,2.0779017295673823,0.023051839433175125,2.075553475740679,0.022169784432281993,2.0747078004149837,0.022896687704215202,2.0747078004149837,0.02289668770421529,2.073273594470855,0.023589506548252225
3892,1.9008221255361213,1.8839762697096034,0.027809285116282,1.8862302543800709,0.03183055928958667,1.8862302543800709,0.03183055928958671,1.895187886717124,0.03339351353999507,1.9042574967397208,0.037512583247288525,1.9105879137013493,0.04036364469943878
3893,2.5456163329131365,2.5585646089580267,0.030461151384949446,2.55036734400777,0.02226388643469266,2.55036734400777,0.02226388643469266,2.55036734400777,0.022263886434692615,2.55036734400777,0.02226388643469268,2.5503673440077703,0.02226388643469277
3894,2.240757193932684,2.238691146681284,0.007337500209446212,2.238775444215884,0.007795101716957542,2.238775444215884,0.007795101716957587,2.238114811554934,0.008455734377908076,2.2381148115549334,0.00845573437790823,2.2381148115549334,0.00845573437790823
3896,2.9362623419034777,2.9299075723647343,0.010588005390083399,2.9299075723647343,0.010588005390083444,2.9300445914307454,0.010725024456094268,2.930044591430745,0.010725024456094223,2.9300445914307454,0.0107250244560942,2.9300445914307454,0.0107250244560942
3897,2.033758730036455,2.0413584951723887,0.012646613181002709,2.0355873624019987,0.006697322909144132,2.039966614001997,0.011076574509142479,2.03949909209528,0.011171268219518216,2.035104700386422,0.00647747983145488,2.034969346101255,0.005942018386588544
3899,2.625312450961674,2.6241862082948133,0.027501339484693754,2.6241862082948133,0.027501339484693688,2.6241862082948133,0.0275013394846938,2.6241862082948133,0.027501339484693733,2.624186208294813,0.027501339484693643,2.6241862082948133,0.027501339484693688
3900,1.661181443446619,1.659417636516891,0.05361066855417088,1.6600767285273617,0.06205711854882334,1.677549268491391,0.05499653731894494,1.685009338387483,0.06632239505703791,1.685102221071822,0.06217513239684145,1.6876412914649304,0.0634314044568453
3903,2.1709947020363,2.1697877016277607,0.012171651709958774,2.1667419197444167,0.012143081349871344,2.166948429358064,0.012349590963518287,2.171730736975033,0.012867018079988468,2.173209307248272,0.012647360273203923,2.1727554230408392,0.013101244480637365
3905,2.0488947666210904,2.0432146469223946,0.010369700378545166,2.048691755959678,0.013332944497490673,2.048691755959678,0.01333294449749065,2.0521915597070626,0.013013102088077178,2.052265983580577,0.011535915550400455,2.054067180559482,0.012589773479787736
3909,2.1837442232842066,2.185832244790975,0.004674812308169085,2.185673220012906,0.004055768253355918,2.185673220012905,0.004055768253355896,2.186141543826012,0.0043213624929335556,2.186141543826012,0.004321362492933622,2.1860965132800843,0.004276331947006118
3910,0.9927007612585006,0.9922388155523943,0.10747897237769852,0.9812645269620897,0.10055087438502915,0.9860754559216302,0.09487075134433412,0.9773578530262158,0.08808883977885812,1.0416881145883938,0.10955889147904405,1.0319635308965986,0.09527755725314069
3913,2.3092752066526416,2.3320638451929145,0.02739018392316439,2.3336825167141537,0.02942721237147201,2.3336825167141537,0.02942721237147212,2.3336825167141537,0.029427212371472056,2.3336825167141537,0.029427212371471966,2.3336825167141537,0.029427212371472077
3914,1.0997957012455446,1.0564132973651712,0.09006178151791336,1.0566148008964884,0.12750950428654367,1.055335242982649,0.1283709711138103,1.0528742490099723,0.130831965086487,1.0776332908073563,0.12449284299745822,1.0827348479901602,0.11984841870752838
3916,2.229596527617096,2.240384253451302,0.011390177960616565,2.2413427855020815,0.012348710011396391,2.2413427855020815,0.012348710011396435,2.2413427855020815,0.012348710011396369,2.2413427855020815,0.012348710011396324,2.2413427855020815,0.012348710011396346
3917,2.167071066251697,2.1642321906319024,0.010749760124895369,2.1644216947907973,0.010581691534385994,2.1657155323315136,0.010899780351490706,2.167111027594626,0.011211906824991092,2.167111027594626,0.01121190682499107,2.167111027594626,0.01121190682499107
3920,3.0501863496753607,3.0663908773933044,0.016204527717943784,3.066779275273093,0.016592925597732577,3.066779275273093,0.016592925597732577,3.066779275273093,0.016592925597732577,3.066779275273093,0.016592925597732733,3.0667792752730936,0.016592925597732754
3923,2.0320812676114404,2.0392251441704934,0.010639524969051494,2.043614767260492,0.015505167105791884,2.0485237486771495,0.019968538520564526,2.0534319907444485,0.024465367728280073,2.053431948775811,0.02369432155515685,2.068147299541839,0.0380117840702773
3954,1.805614117901356,1.7913001162952409,0.04357180421464065,1.7912783721418222,0.03177051122715398,1.7917030465897046,0.03134583677927157,1.7982770148660705,0.03779831055523656,1.7948446996452465,0.0412306257760605,1.80054119409385,0.045722092947289225
3972,2.013188453581496,2.024963955027614,0.02760810111875054,2.0118874602462755,0.02823094279860546,2.0147312842075866,0.03414562203729178,2.0195816834434175,0.02739111685687019,2.0117085084236783,0.025139064963152012,2.0088654348999797,0.025842455644366814
3974,2.045648903366234,2.0438498646211203,0.011155301165803832,2.0451463097716127,0.009352321085626203,2.044218714824251,0.009167640082309836,2.053138182308672,0.016309095769088212,2.053138182308672,0.016309095769088212,2.052768312752341,0.01673327009562906
3978,1.7981900998221492,1.7926459440258344,0.05110738900951996,1.7891699987229532,0.03775753450524585,1.7886211456248897,0.036359332511417895,1.7908457895334287,0.04121438195883451,1.7880968800129686,0.04102220714149213,1.7937933744615724,0.046256076120641546
3983,2.0390834800418545,2.0628464113833496,0.0344237367905144,2.0578200080149776,0.030103977261381143,2.0583841161190355,0.02960862573212133,2.0583577588504407,0.029634983000716188,2.0656219629669312,0.03583598909490131,2.058567487794024,0.029425254057133275
3984,1.4246094370095563,1.4825189397542078,0.08650472077744259,1.4988733638577407,0.10285914488097572,1.4904751023897644,0.09446088341299927,1.4973548470987632,0.08740377210649121,1.4944552244998617,0.09031947380058096,1.509328831733963,0.09906159797129369
3987,3.283489683678042,3.2635389288629204,0.08722120919197911,3.2471248533917345,0.10083245246641197,3.2471248533917345,0.10083245246641184,3.2471248533917345,0.10083245246641184,3.2471248533917345,0.10083245246641181,3.2354021466272216,0.11255515923092511
3988,2.6673751153627445,2.654080933476794,0.03404344952806084,2.654080933476794,0.03404344952806089,2.654080933476794,0.03404344952806089,2.654080933476794,0.0340434495280608,2.6540809334767936,0.03404344952806089,2.654080933476794,0.03404344952806097
3989,2.4772418753236605,2.4760016722209324,0.008378604645603738,2.4766654227321263,0.0077148541344096875,2.4766654227321268,0.007714854134409754,2.4766654227321263,0.007714854134409643,2.4766654227321263,0.007714854134409666,2.4766654227321263,0.007714854134409777
4001,2.547569607635768,2.548354920207095,0.01725888702731835,2.548354920207095,0.01725888702731835,2.548354920207095,0.01725888702731837,2.548354920207095,0.017258887027318436,2.548354920207095,0.01725888702731828,2.548354920207095,0.017258887027318415
4003,3.1781372670500136,3.186848236692242,0.04068940124885321,3.1813312786663643,0.04358423825962652,3.1806562399283926,0.04290919952165475,3.1806562399283926,0.04290919952165471,3.1806562399283926,0.0429091995216546,3.1847681701031,0.04379969466188223
4007,2.4430020715710614,2.442440565116203,0.011870457983137506,2.438977710055498,0.012535787788695352,2.438977710055498,0.012535787788695463,2.4389777100554983,0.01253578778869533,2.438977710055498,0.012535787788695352,2.437294110310783,0.01376031877922399
4009,2.012837224705172,2.0226531571004416,0.02694334177383718,2.0142446828550034,0.029851574127523216,2.0186239344550017,0.034230825727521806,2.020754558381992,0.03416885570819454,2.008359788353597,0.029905359562054746,2.0055657777404177,0.03063499891603185
4011,2.485366465708323,2.4830021693443896,0.006238314032352599,2.4823237643063942,0.006060536418833196,2.4823237643063942,0.006060536418833196,2.4823237643063942,0.006060536418833151,2.4823237643063942,0.006060536418833151,2.4824521999941433,0.006279997412072413
4012,3.131458260106525,3.1247886992250096,0.028625174310685075,3.1191454103318494,0.03153180968235956,3.1191454103318494,0.03153180968235973,3.1191454103318494,0.03153180968235958,3.1191454103318494,0.03153180968235954,3.115718627379245,0.033512126975095
4014,2.5504321993305585,2.566111396977191,0.015799728687693748,2.566111396977191,0.015799728687693748,2.5707591182634166,0.020447449973919184,2.5707591182634166,0.020447449973919184,2.5707591182634166,0.020447449973919098,2.5707591182634166,0.02044744997391914
4017,2.201397124320452,2.214284185729627,0.030495056948117917,2.2092874699449534,0.026168034660718598,2.2086692583864624,0.02641449270764291,2.2126832371536436,0.029505428424190284,2.216703631488937,0.032961702084192114,2.2167036314889375,0.032961702084192204
4022,2.383516162054092,2.3947069759092567,0.03123391208970121,2.395392016485469,0.02921723760290702,2.395392016485469,0.02921723760290711,2.395392016485469,0.029217237602907176,2.395392016485469,0.029217237602907085,2.395392016485469,0.02921723760290702
4023,2.50537611447805,2.5006523947455146,0.0062756552171586485,2.500953410139376,0.0059746398232972675,2.500953410139376,0.005974639823297334,2.5008091145749223,0.006118935387751057,2.5008091145749223,0.006118935387751101,2.502161535294062,0.004766514668611155
4024,2.463519723400486,2.466904140385158,0.016942042191643636,2.467238363638424,0.01624811163225437,2.467238363638424,0.016248111632254415,2.467238363638424,0.01624811163225439,2.467238363638424,0.01624811163225439,2.467238363638424,0.01624811163225435
4025,1.9323891975496528,1.8509939682572534,0.1054446482563804,1.8561730648772188,0.10026555163641497,1.8675439693197304,0.09619513343269236,1.8674189580787879,0.08773609707936944,1.880997911733393,0.0741571434247643,1.8842641222136973,0.06630590287464105
4026,2.250420002308894,2.242180207322104,0.0113367648119042,2.24503434724475,0.01285665327750014,2.24503434724475,0.012856653277500185,2.24503434724475,0.01285665327750023,2.24503434724475,0.01285665327750023,2.24503434724475,0.01285665327750023
4028,2.901685308534454,2.9290959612517264,0.027410652717272367,2.903968413782039,0.02517145320198626,2.903968413782039,0.025171453201986306,2.903968413782039,0.02517145320198626,2.903968413782039,0.025171453201986348,2.903968413782039,0.025171453201986306
4029,2.997459197622717,2.948872180894364,0.06569937611959926,2.925330292004141,0.07487610048411567,2.9229080419534825,0.07729835053477467,2.9229080419534816,0.07729835053477471,2.9229080419534816,0.07729835053477474,2.9229080419534816,0.0772983505347747
4030,2.189864463609998,2.2222267742488384,0.03406735603890285,2.2342265037595683,0.04525941361089227,2.230538820653936,0.04157173050525946,2.2358822500106736,0.046915159861997215,2.235742843532429,0.04685778910843237,2.240779917097465,0.05189486267346912
4032,2.6163004304425725,2.610303089487491,0.022603398049881207,2.6095270765681,0.02241535786184774,2.6095270765680993,0.02241535786184763,2.6095270765680993,0.022415357861847694,2.609527076568099,0.022415357861847673,2.6095270765681,0.022415357861847673
4035,3.3171750465952883,3.1052192970170336,0.2119557495782546,3.11804056661571,0.20112090231352447,3.11804056661571,0.2011209023135243,3.11804056661571,0.20112090231352422,3.11804056661571,0.2011209023135244,3.11804056661571,0.2011209023135244
4036,3.419501400709392,3.1114363420179534,0.3080650586914385,3.1339433794480986,0.285558021261293,3.1339433794480986,0.28555802126129326,3.1339433794480986,0.2855580212612931,3.1339433794480986,0.28555802126129315,3.1339433794480986,0.28555802126129304
4042,3.06289521502566,3.1921270406949254,0.13140380312322006,3.1977784241626286,0.1447261728239941,3.1977784241626286,0.14472617282399394,3.197778424162629,0.14472617282399414,3.1977784241626286,0.14472617282399425,3.1977784241626286,0.14472617282399416
4044,2.010723865391773,2.1800345368338574,0.1693106714420843,2.17206592809105,0.16134206269927748,2.164937322157373,0.15421345676560033,2.179654399405761,0.16893053401398794,2.1870571206759064,0.17633325528413354,2.1870571206759064,0.17633325528413352
4048,2.8766988401777507,2.9387573776034146,0.062058537425663626,2.934265226127545,0.05756638594979428,2.934265226127545,0.05756638594979422,2.9342652261275446,0.05756638594979431,2.934265226127545,0.05756638594979415,2.934265226127545,0.05756638594979426
4049,1.4510184521554574,1.4832553525621168,0.06942396051196352,1.4555504404524917,0.07537078177074916,1.4614542208721764,0.08127456219043364,1.4670774829804551,0.08419006333361415,1.4712768506311265,0.08838943098428544,1.4868694041916277,0.09354104452442526
4050,1.8716702128409213,1.9645167396682663,0.09284652682734487,1.9644386199610442,0.09276840712012316,1.9652320087482729,0.09356179590735136,1.9637058930454725,0.09203568020455116,1.9637058930454725,0.09203568020455118,1.9637058930454725,0.09203568020455116
4052,3.4505826579924928,3.1455730503868002,0.30500960760569223,3.1701267341516184,0.280455923840875,3.1701267341516184,0.280455923840875,3.1701267341516184,0.2804559238408749,3.1701267341516184,0.280455923840875,3.1701267341516184,0.2804559238408749
4055,2.5151007827641814,2.5098765067571573,0.009479856480767235,2.5098765067571573,0.009479856480767235,2.5098765067571573,0.009479856480767324,2.5098765067571573,0.00947985648076719,2.5098765067571573,0.009479856480767324,2.5085746665528537,0.00934658740716623
4060,2.187990482355389,2.188853522726306,0.0038645789890709103,2.1890083627355397,0.0038692785018020317,2.188617302799483,0.004109585614478028,2.1880423073203548,0.0040769971088174374,2.187522213977291,0.004104387059983528,2.187522213977291,0.004104387059983483
4064,2.290034611362518,2.322948566711447,0.039893854202959655,2.3246060359465575,0.04074796988928997,2.324606035946558,0.04074796988929001,2.3246060359465575,0.04074796988929001,2.3246060359465575,0.0407479698892899,2.323905240653594,0.040047174596327076
4066,2.05595140532915,2.0628483309164225,0.01058031341610477,2.06123099605739,0.009539814054107998,2.0619366962229373,0.009682766964078526,2.0625900759441755,0.009867198996157867,2.0621131004386735,0.009656523197845624,2.061463702985688,0.009052592683148753
4067,2.591064607026499,2.603269867981168,0.012205260954668451,2.603269867981168,0.012205260954668474,2.6052200277287025,0.014155420702203126,2.6052200277287025,0.014155420702203037,2.6052200277287025,0.014155420702203126,2.6052200277287025,0.014155420702203058
4069,1.702574128604844,1.6983378710236248,0.0188640530921542,1.7221189344349213,0.04011021975592347,1.714183540229305,0.04757204937904782,1.7140100317311577,0.05058531751265825,1.7256312244290064,0.04976836311930403,1.7208385407267683,0.047557814236775096
4070,1.414973347970818,1.4903060379835054,0.09835000327866113,1.494307626916918,0.10301901098907637,1.4852686412262996,0.09398002529845786,1.492148385935298,0.08788652289582358,1.4921483859352982,0.0878865228958237,1.507740939495799,0.1002471572728914
4071,2.4158077276355434,2.4405587023941933,0.025179948132977904,2.4358963762348123,0.021537752908707786,2.4358963762348123,0.02153775290870772,2.4364964029449103,0.022137779618805874,2.436820166652912,0.02246154332680783,2.4357131986466465,0.021354575320542125
4073,1.3170181010481117,1.2233646787740466,0.11923334411487656,1.149760190441146,0.18701016735953518,1.1190110233258677,0.2154558617116958,1.119718639113132,0.2147482459244317,1.1667225979718059,0.16774428706575772,1.139456503133233,0.20529850782871498
4078,1.5471591213274176,1.4800497152455727,0.08748761686269982,1.4813522460146287,0.09380510068761198,1.4800453199624055,0.08994751317704296,1.4929032126970294,0.09361493287092462,1.5092976961576614,0.09658613924864244,1.514922389840703,0.0993175609589426
4089,1.784141614072831,1.8043666616614036,0.04182473665335914,1.8072549461642375,0.04151675002454168,1.8072549461642375,0.04151675002454167,1.802075027786676,0.041459702556816226,1.7911197610205172,0.049415581331975544,1.7925192975221893,0.05697812666856885
4098,1.3028357965272437,1.192480883363145,0.11407661637930322,1.2087737534524325,0.15243413140725043,1.20885053587787,0.15251091383268772,1.1844874102090373,0.14713150356122892,1.1904170596443715,0.18016560208163507,1.154837462887269,0.17290618281691789
4100,2.6007006960652377,2.6052714578801255,0.0051154779835877575,2.605863957487353,0.005494979082735862,2.6058198186274026,0.0054508402227851915,2.605819818627403,0.005450840222785258,2.6058198186274026,0.005450840222785258,2.6058198186274026,0.005450840222785214
4101,1.9800033715837464,1.9574250999152905,0.031201819917799255,1.9596275489053103,0.03700442247417809,1.9562081840294074,0.033585057598275556,1.9572658403995185,0.03136107943357097,1.9530487248098076,0.02765190351170843,1.9530487248098076,0.02765190351170844
4102,2.2317243833285163,2.229170492354215,0.01824563199782412,2.2294633681379943,0.01873016942214507,2.2294633681379943,0.018730169422145136,2.229873483713503,0.018804581908638696,2.229873483713503,0.018804581908638606,2.229873483713503,0.018804581908638672
4103,2.0974886866205247,2.1048558711696703,0.036547990079470585,2.1091391926387315,0.038660063694139365,2.1091391926387315,0.038660063694139365,2.109618564050913,0.03818069228195735,2.1095339613700284,0.0391072480258637,2.110440193230005,0.04201624892807043
4104,0.870208760597288,1.0435484416159677,0.2078228992495777,1.0173363067032164,0.16670559397795215,1.0173363067032164,0.16670559397795215,0.9806954456304469,0.13307861040231017,0.9945971967661398,0.14698036153800312,1.0000034548348817,0.14084176418990837
4105,3.301337512022805,3.1103298407776836,0.19727957657737646,3.0879511245664877,0.21894307381464656,3.0879511245664877,0.21894307381464645,3.0879511245664877,0.21894307381464637,3.081136234161118,0.22575796422001665,3.0811362341611175,0.22575796422001648
4106,3.0514741029744057,3.0672534129373332,0.015779309962927625,3.067687762096664,0.016213659122258185,3.0676877620966634,0.01621365912225825,3.067687762096664,0.01621365912225825,3.0630614546623915,0.015811635643152754,3.0630614546623915,0.0158116356431528
4107,2.7662268935741685,2.7356554965810123,0.03804283589115265,2.7356554965810123,0.03804283589115276,2.7356554965810127,0.03804283589115272,2.7356554965810123,0.03804283589115274,2.7356554965810123,0.03804283589115267,2.7356554965810123,0.03804283589115265
4108,2.0569048513364727,2.05904994334914,0.008018013908017907,2.064091856500955,0.01303884653869647,2.063684287465958,0.012508739238170686,2.064716993865878,0.012984252958944186,2.065751524910356,0.01345826223375759,2.064860193883773,0.01270774274619475
4109,2.7481233950421102,2.73143384663518,0.020712525031928573,2.73143384663518,0.020712525031928643,2.730855198446892,0.020937703319863176,2.730855198446892,0.02093770331986311,2.730855198446892,0.02093770331986313,2.730855198446892,0.02093770331986302
4111,3.183056203693958,3.1456011268678443,0.058729848769372414,3.1510296823292,0.05330129330801616,3.1510296823292,0.05330129330801612,3.1510296823292,0.0533012933080161,3.1510296823292,0.05330129330801616,3.1510296823292006,0.0533012933080161
4112,2.853444697974157,2.854726171067376,0.006087499274748454,2.852546420226327,0.009125246578977841,2.852546420226327,0.009125246578977796,2.852546420226327,0.009125246578977819,2.847634462352064,0.01403720445324077,2.8476344623520644,0.014037204453240637
4114,2.515542700362122,2.512132201783232,0.010079782161357098,2.5104577487987685,0.009962677062317548,2.5104577487987685,0.009962677062317593,2.5104577487987685,0.009962677062317593,2.5104577487987685,0.009962677062317593,2.5104577487987685,0.009962677062317637
4116,2.3150952807201968,2.337428918142058,0.02291978074874057,2.3335762473085544,0.021820461571895256,2.3335762473085544,0.021820461571895256,2.3335762473085544,0.021820461571895145,2.3335762473085544,0.02182046157189519,2.336325597776124,0.024569812039464557
4118,2.148191196242012,2.1501089043991586,0.010085050339148128,2.150791503234305,0.011329407146341541,2.150791503234305,0.011329407146341518,2.1501560039786622,0.01098682763772505,2.1602915668038873,0.021022926960591028,2.1609143662465526,0.0213894894265668
4120,2.713210443450629,2.7347536952004816,0.023495314070653327,2.7347536952004816,0.02349531407065324,2.734175047012193,0.02291666588236454,2.734175047012193,0.022916665882364583,2.734175047012193,0.022916665882364583,2.734175047012193,0.022916665882364608
4121,2.918860018315804,2.913155499233465,0.007808331379850553,2.9070996743324558,0.013864156280859885,2.9070996743324558,0.013864156280859973,2.9070996743324558,0.01386415628085993,2.9070996743324553,0.013864156280859907,2.9070996743324558,0.013864156280859907
4122,2.5623920071305504,2.547841888080007,0.02437563446454092,2.547554803450529,0.024662719094019382,2.5475548034505286,0.024662719094019448,2.5475548034505286,0.024662719094019382,2.5475548034505286,0.024662719094019403,2.547554803450529,0.024662719094019358
4123,2.6398183918310933,2.6297911860429073,0.02591275020708097,2.6332868102594755,0.02802063139222155,2.6332868102594755,0.028020631392221506,2.6332868102594755,0.02802063139222155,2.6332868102594755,0.028020631392221596,2.642152202089458,0.019155239562239367
4124,2.8555191556678,2.855532852144292,0.006740022367708209,2.85577927501883,0.006808590972116835,2.85577927501883,0.006808590972116857,2.85577927501883,0.006808590972116879,2.8557792750188304,0.006808590972116923,2.85577927501883,0.006808590972116923
4127,2.2135177569963047,2.190322702634042,0.049601268489426385,2.1947283885999482,0.045517800323409796,2.194728388599948,0.045517800323409796,2.195138504175457,0.045927915898918516,2.1951385041754565,0.045927915898918426,2.1951385041754565,0.04592791589891847
4128,2.0276892984310293,2.044544335975564,0.017087819252899438,2.048847941607085,0.021641631329115407,2.051667491401321,0.02446118112335143,2.0537578750837313,0.02656765340773546,2.053757875083731,0.026567653407735325,2.053857617742483,0.026667396066487648
4130,2.9048056759175647,2.918083547655459,0.01331387922822469,2.918083547655459,0.013313879228224645,2.918083547655459,0.013313879228224756,2.918083547655459,0.013313879228224645,2.918083547655459,0.013313879228224756,2.918083547655459,0.013313879228224601
4134,2.2457182510046887,2.2403860142731267,0.00929743660291642,2.243344862014401,0.010396350929537146,2.243344862014401,0.010396350929537146,2.243344862014401,0.010396350929537146,2.243344862014401,0.01039635092953708,2.243344862014401,0.010396350929537168
4145,3.2945213361777705,3.13404065374089,0.17029398798681394,3.127573359673875,0.17830496617670202,3.127573359673875,0.17830496617670205,3.127573359673875,0.17830496617670197,3.127573359673875,0.17830496617670205,3.127573359673875,0.17830496617670208
4146,2.8889746911023457,2.8875462005348256,0.027542081594425595,2.884767792022139,0.028249204911269275,2.8847677920221386,0.028249204911269345,2.8847677920221386,0.02824920491126932,2.8847677920221386,0.02824920491126932,2.8847677920221386,0.028249204911269345
4147,2.598151905372277,2.604064531235256,0.005912625862978471,2.604064531235256,0.005912625862978538,2.604064531235256,0.005912625862978471,2.604064531235256,0.005912625862978449,2.604064531235256,0.005912625862978515,2.604064531235256,0.005912625862978471
4153,2.6082585284982693,2.6102575280596,0.01036641580963693,2.6102575280595994,0.010366415809636908,2.6102575280595994,0.01036641580963682,2.6102575280595994,0.01036641580963693,2.6102575280595994,0.010366415809636842,2.6102575280595994,0.01036641580963682
4165,2.204119982655925,2.1868566937146587,0.017263288941266365,2.1869678131529997,0.017152169502925106,2.187359262039399,0.01676072061652607,2.187214458553825,0.01690552410209987,2.18695270226936,0.01716728038656523,2.18695270226936,0.01716728038656521
4168,2.183507098254072,2.1857281983614825,0.0060525890298039455,2.1852523818464027,0.006391664562135291,2.1852523818464027,0.006391664562135269,2.1851191087089004,0.006258391424632847,2.1847384218440813,0.0059768494439119465,2.18424157918773,0.0056712037038014525
4169,2.4119001673755625,2.432040388763425,0.024565062017516938,2.4353491467624897,0.02462921504840656,2.4353491467624897,0.024629215048406428,2.4359491734725873,0.025229241758504474,2.43627293718059,0.02555300546650672,2.4362729371805893,0.025553005466506695
4173,1.6797306463503487,1.6843747550898804,0.02851293307860352,1.687079179570133,0.038969088813247246,1.686465620013978,0.03835552925709207,1.6860105966918852,0.03624644724605808,1.686731799564568,0.032732492294922755,1.6890759555864734,0.035076648316827774
4187,2.500373714353374,2.502757182718697,0.0060493249868281305,2.502757182718697,0.006049324986827975,2.502757182718697,0.006049324986827998,2.502757182718697,0.006049324986828064,2.502757182718697,0.006049324986828175,2.502757182718697,0.006049324986828042
4189,2.404406050921269,2.4266139421739057,0.028779170619445238,2.424848433391682,0.028578095725471007,2.424848433391682,0.028578095725470987,2.4254484601017805,0.02917812243556901,2.425772223809782,0.029501886143570966,2.4235511012048767,0.027280763538665865
4190,1.9803821718536427,1.9643339319805442,0.024730137559781363,1.9647575654077554,0.023997679045301912,1.9647575654077554,0.023997679045301944,1.963104614322783,0.025650630130274375,1.958887498733072,0.021979334235401392,1.9601347142001413,0.02073211876833204
4196,1.934498451243568,1.826364493867589,0.1140893196260326,1.8392940017117003,0.10115981178192128,1.850664906154212,0.0966675428394156,1.875599056773278,0.06744283485152094,1.8845886627281867,0.0584532288966124,1.8967038186126388,0.04699746518121737
4201,2.650469422288295,2.640734195483746,0.01902014544640431,2.6407341954837458,0.019020145446404336,2.640026354897962,0.01934068735963268,2.640026354897962,0.01934068735963259,2.640026354897962,0.019340687359632635,2.640026354897962,0.0193406873596327
4202,2.605215232371396,2.604038174848626,0.00345581082760964,2.604038174848626,0.0034558108276096845,2.604038174848626,0.0034558108276096624,2.604038174848626,0.0034558108276097066,2.604038174848626,0.003455810827609751,2.604038174848626,0.0034558108276095735
4203,2.850237679666668,2.856722486971041,0.0074294480454083715,2.857151485202631,0.00785844627699821,2.857151485202631,0.007858446276998299,2.857151485202631,0.007858446276998077,2.857151485202631,0.007858446276998277,2.857151485202631,0.00785844627699821
4204,2.3292283324208047,2.3391923909236167,0.024213021502381648,2.3396747314632207,0.02343800274046832,2.339674731463221,0.023438002740468367,2.3396747314632202,0.023438002740468276,2.3396747314632202,0.023438002740468276,2.3396747314632202,0.0234380027404683
4208,2.53959877845859,2.557156749923199,0.019186711482289363,2.5573961777864267,0.018812089619372818,2.5573961777864267,0.018812089619372772,2.5573961777864267,0.018812089619372818,2.5573961777864267,0.018812089619372706,2.550108123672142,0.010509345213552557
4211,2.486430478854434,2.4821446456387783,0.007227952070071364,2.4826788428201185,0.0069029437855751665,2.4826788428201185,0.006902943785575144,2.4826788428201185,0.0069029437855751,2.4835311089787875,0.00682332831793171,2.4835311089787875,0.006823328317931665
4216,2.4097922786788835,2.4295671860208463,0.027166717232518667,2.4291331038511537,0.023330210620851676,2.4291331038511537,0.02333021062085159,2.4273101193763416,0.02177614748056602,2.4273101193763416,0.02177614748056591,2.427310119376342,0.02177614748056591
4218,2.5060538173181506,2.5078439891253743,0.003627177321128028,2.5078439891253743,0.003627177321128072,2.5078439891253743,0.0036271773211279832,2.5078439891253743,0.0036271773211279832,2.5078439891253743,0.00362717732112805,2.5078439891253743,0.0036271773211279832
4220,2.8716702128409217,2.852564400981948,0.019105811858973552,2.8637589458168495,0.027659074892417833,2.8637589458168495,0.027659074892417857,2.8637589458168495,0.02765907489241779,2.8637589458168495,0.027659074892417812,2.8547686422678455,0.036649378441421535
4221,3.0779731938586568,3.0625387375101845,0.01821155939547201,3.0635913540383184,0.01635815582373652,3.0635913540383184,0.016358155823736543,3.0635913540383184,0.016358155823736453,3.0635913540383184,0.0163581558237365,3.065422432409781,0.016686684115673513
4226,0.870208760597288,1.0677554300474466,0.20022322994466685,1.1197205673169899,0.24952837051139753,1.0997847339832356,0.2373757105606762,1.088553248748089,0.22614422532552947,1.057508801080394,0.1950997776578344,1.0584881277504512,0.19607910432789183
4231,2.360309344342059,2.345766395799382,0.03357134854727195,2.346030340702579,0.03330740364407543,2.346030340702579,0.03330740364407536,2.346030340702579,0.03330740364407538,2.346030340702579,0.03330740364407543,2.3460303407025784,0.03330740364407534
4236,1.8598385304010416,1.8832285641104156,0.03045440131784658,1.8911235698155693,0.04366588537598602,1.8879277068021174,0.04047002236253413,1.8854734842078542,0.03880164119023723,1.8831233073660214,0.03645146434840465,1.8884230772340653,0.03753451030979631
4242,2.0869527242574843,2.089294153867843,0.0223125063332968,2.088048983741274,0.02227431709178702,2.086756468386768,0.022770389947148594,2.08096126050651,0.017087079251983363,2.090840936451825,0.02570897990855292,2.090840936451825,0.0257089799085529
4247,1.271066772286538,1.1792810987628937,0.10488200524155593,1.1674067303465077,0.12215430652057901,1.1745459503036468,0.11501508656343977,1.1693645005874345,0.12019653627965243,1.1557833775399,0.1324274050105581,1.1705680680692754,0.13252597328172488
4250,0.870208760597288,0.9993733476912425,0.18440768393338774,0.9869920933689602,0.15584372551353992,0.987793774777046,0.15664540692162562,0.9664999640688461,0.13535159621342546,1.0227493977323467,0.1788049250769435,0.9693865172807765,0.12118666531850093
4253,2.498884637788467,2.5056727302675603,0.010246157058782446,2.5056727302675603,0.010246157058782379,2.5056727302675603,0.010246157058782335,2.5056727302675603,0.010246157058782467,2.5056727302675603,0.010246157058782557,2.506138249397389,0.010711676188611196
4255,1.893484346218486,1.8759989770629784,0.01993129746270267,1.881460770301897,0.031106199433509996,1.8808438699051209,0.03172309983028656,1.8944269163591336,0.03621435110745495,1.8997569726093761,0.040761217416633265,1.909904973409149,0.04775538368296419
4257,2.6822203114510064,2.7208274315542478,0.04154859846581538,2.7208274315542478,0.04154859846581527,2.7208274315542478,0.04154859846581527,2.7208274315542478,0.04154859846581527,2.7208274315542478,0.04154859846581534,2.7208274315542473,0.04154859846581527
4260,1.3847117429382825,1.4526289599630084,0.07682689076803798,1.5223046261733693,0.1635522688617889,1.5223046261733693,0.16355226886178884,1.5223046261733697,0.16355226886178884,1.537931082695449,0.17552822701376397,1.5483725555345007,0.1859696998528153
4262,1.748833818176352,1.6849397916045858,0.06456075272140809,1.7082129426619184,0.05444965290907193,1.7051267807291588,0.05343849762197363,1.714287671378792,0.05549312313109902,1.714287671378792,0.055493123131099,1.7143447650608472,0.055436029449044
4264,2.1295287738587763,2.142512412602117,0.03762503169160312,2.1363332910677704,0.03285494939174398,2.1448752410689047,0.037935736931893095,2.1439775341618437,0.030309565436144315,2.1408676541817604,0.030530519327949944,2.140941583577373,0.03253626543736012
4266,2.926170890438592,2.923794322164933,0.009035414571678512,2.924010048816947,0.008819687919665208,2.924010048816947,0.00881968791966523,2.924010048816947,0.008819687919665208,2.922670329889795,0.009056952990392952,2.9226703298897956,0.009056952990393042
4267,2.2712606104874364,2.3140604258105375,0.06229546619846549,2.3113561861572114,0.05272249036232497,2.3113561861572114,0.05272249036232497,2.3113561861572114,0.052722490362325014,2.3113561861572114,0.0527224903623249,2.3113561861572114,0.052722490362325035
4268,2.2481776883387057,2.2473794266673535,0.012406221915273675,2.2450830711534926,0.009852142247539896,2.2450830711534926,0.009852142247539875,2.247475522622791,0.012243562685097164,2.2474755226227905,0.012243562685097232,2.2474755226227905,0.01224356268509721
4272,2.4955443375464483,2.5036936804782783,0.012657518765715303,2.5036936804782783,0.012657518765715237,2.5036936804782783,0.012657518765715258,2.5036936804782783,0.01265751876571528,2.503693680478278,0.01265751876571528,2.5036936804782783,0.012657518765715303
4275,2.5623920071305504,2.546779012591097,0.015870209818050783,2.548382266560276,0.016016723856472036,2.548382266560276,0.01601672385647206,2.548382266560276,0.016016723856472036,2.548382266560276,0.016016723856472015,2.547607495378131,0.016534279760019845
4280,1.986398468680824,1.9622561279804933,0.02414234070033052,1.9599343790696941,0.02646408961112947,1.95757051563757,0.028827953043253696,1.9568035691696952,0.02959489951112826,1.9568166818893242,0.029581786791499264,1.9550428326843459,0.03135563599647793
4286,1.1487054585660488,1.0383912629276704,0.11031419563837841,1.0766418572442964,0.19407830110249744,1.0782884995256443,0.194121580567674,1.0770185776111236,0.19539150248219464,1.137086344825112,0.22938046846538612,1.1443100537402255,0.23593207289395807
4288,2.124395528930348,2.1251283142769566,0.05433834134007831,2.1325260549748317,0.050285232604139106,2.133269777072159,0.05102895470146655,2.1320688652735025,0.051098779854321874,2.1365629798968278,0.052084347113212213,2.1404695905881344,0.05024452705619755
4289,1.59659709562646,1.4697353889630083,0.1363524978558969,1.4919268787344122,0.11647941175628469,1.4905052927850155,0.12557529327402112,1.486043199171351,0.13003738688768568,1.4922402637438839,0.15000496567095128,1.4983179240977877,0.1439273053170474
4291,1.827153795757466,1.8209378310829571,0.04193188589126595,1.8349028822357347,0.04866939404016707,1.8342859818389585,0.0480524936433905,1.8343688339191886,0.04813534572362085,1.8415852883654271,0.05404996999239432,1.8469252393136149,0.05690100672432972
4293,2.0764583877121514,2.0774465373482487,0.009504939570112447,2.0798556218125825,0.01038979190269398,2.077008112593532,0.010388516613390486,2.07470708897598,0.01170794150870622,2.0739267157421977,0.012488314742488483,2.085464860316935,0.02343553660297728
4294,1.9008221255361213,1.8745217365002396,0.026300389035881867,1.8805930646697568,0.02913304860719207,1.8829498424796647,0.02677627079728422,1.883413695911797,0.029972861897241465,1.8834136959117973,0.02997286189724152,1.8845565507616466,0.02949716790374829
4295,2.5456163329131365,2.558838891406001,0.01604344114200762,2.558838891406001,0.01604344114200762,2.558838891406001,0.01604344114200762,2.558838891406001,0.016043441142007685,2.558838891406001,0.01604344114200773,2.558838891406001,0.01604344114200773
4296,2.240757193932684,2.2389513811190183,0.005609618052262499,2.2423611833037413,0.007200153150984656,2.242361183303741,0.007200153150984545,2.242361183303741,0.007200153150984545,2.242361183303741,0.007200153150984589,2.242361183303741,0.007200153150984568
4298,2.9362623419034777,2.930371201344106,0.008084188441574458,2.929302122247507,0.008836448619576952,2.929302122247507,0.008836448619576952,2.929302122247507,0.008836448619576864,2.929302122247507,0.008836448619576932,2.929302122247507,0.008836448619576975
4299,2.033758730036455,2.0400544217893697,0.012328441407776069,2.04181199784247,0.015581802650614374,2.0442332315502343,0.017915612215229325,2.0419972711918857,0.016074950282109413,2.0422922460500366,0.01577997542395828,2.0429019369670094,0.015452425021478167
4300,2.41899141458892,2.44110433633901,0.024558972857956517,2.436109979846923,0.02019433349826245,2.4361099798469232,0.02019433349826254,2.4361099798469237,0.020194333498262516,2.436109979846923,0.020194333498262385,2.4407932323964077,0.024877586047746703
4302,1.661181443446619,1.6739087302844777,0.0545028196552075,1.6621230894693735,0.06680787305041852,1.6795956294334027,0.05974729182054005,1.6756420622099768,0.066057675717568,1.6796759633189406,0.06665835529718231,1.677887645727272,0.06487003770551351
4305,2.1709947020363,2.1720788606012276,0.011915870004850837,2.169255084697331,0.01192100606269535,2.1750209042094584,0.016988048251840658,2.1753249002495996,0.017223310416743364,2.1734455015137892,0.017197137688306396,2.180628707706933,0.02310345540711305
4307,2.0488947666210904,2.041507770377471,0.01360552731528033,2.0438252740934497,0.012403329145544761,2.0460520794286277,0.012912680187101788,2.0459861299298763,0.012978629685852972,2.046390724631883,0.010297679581985509,2.048725408458516,0.011090980476229384
4311,2.1837442232842066,2.1872950948323977,0.004380586770492556,2.187301666739538,0.005005983207700559,2.1867330977678754,0.0051705551549882985,2.1870283154460815,0.005452085731408518,2.187034681078663,0.005779502622873767,2.186966335108824,0.0057111566530352095
4312,0.9927007612585006,1.0135338700205312,0.10842536076578688,1.0177324444134688,0.08429270414861974,1.0220608122161654,0.09255285451367701,1.0139156163997225,0.09192216667314321,1.0178166855275363,0.10666826204565014,1.0267578061464797,0.10406452724775658
4315,2.3092752066526416,2.334535283292033,0.029830867075739766,2.3317079770524853,0.02600801398064101,2.3317079770524853,0.02600801398064099,2.3317079770524853,0.02600801398064092,2.3317079770524853,0.026008013980640877,2.329592050486085,0.023892087414240492
4318,2.229596527617096,2.229498695540076,0.018041555497451123,2.230853318831703,0.023647995519147934,2.230853318831703,0.02364799551914798,2.230853318831703,0.023647995519147848,2.230853318831703,0.023647995519147914,2.230853318831703,0.023647995519147914
4319,2.167071066251697,2.1656778253928457,0.011616717892887918,2.170728443180117,0.01646220620012675,2.171611937333196,0.01703928660868421,2.17030946727371,0.016621341445075277,2.1708337142699814,0.0162802852903323,2.1710654290312474,0.017600234299501572
4322,3.0501863496753607,3.065673129628421,0.01834136755801228,3.0676393311343877,0.02030756906397868,3.067639331134388,0.020307569063978702,3.067639331134388,0.020307569063978702,3.067639331134388,0.02030756906397897,3.067639331134388,0.020307569063978858
4325,2.0320812676114404,2.047339913528787,0.018340881895507068,2.060668363933781,0.03166544357193368,2.0606683639337815,0.03166544357193355,2.0649695692829,0.03568425896613623,2.071966166413028,0.04195040805687626,2.077151111599364,0.04622903108875851
4356,1.805614117901356,1.802001795437188,0.022315179225529537,1.7909504321416747,0.031285121288867526,1.7807005855564135,0.04153496787412884,1.7796701055914759,0.04256544783906667,1.7796701055914759,0.042565447839066683,1.7871211440710308,0.050832689571166066
4376,2.045648903366234,2.04300821151124,0.01194530131892264,2.0459270727973378,0.010804980206819127,2.045927072797338,0.010804980206819238,2.0511898600813625,0.015238838775964946,2.0527474354327135,0.013791720793532502,2.053359517240548,0.01388560099842262
4385,2.0390834800418545,2.03971048642113,0.02080188963494802,2.04363760228245,0.02249174661106499,2.04363760228245,0.022491746611064966,2.04572798596486,0.024618043377970154,2.060337625357762,0.03505631875142301,2.0653892571180568,0.03854905269454105
4386,1.4246094370095563,1.503665602733512,0.09045197392424932,1.539659851221658,0.1264462224123951,1.5053735944784195,0.09401777019791499,1.5381314962168227,0.12491786740755999,1.5396285626165818,0.12641493380731889,1.5499184759081222,0.12716684342732426
4389,3.283489683678042,3.2430581285934275,0.0986865576696937,3.2446554682189443,0.09708921804417729,3.2439804294809726,0.09776425678214902,3.2439804294809726,0.09776425678214902,3.2439804294809726,0.09776425678214909,3.2439804294809726,0.09776425678214917
4390,2.6673751153627445,2.661970174507005,0.03652935884152699,2.6619701745070046,0.03652935884152704,2.661970174507005,0.03652935884152701,2.661970174507005,0.03652935884152708,2.6619701745070046,0.03652935884152717,2.661970174507005,0.03652935884152701
4391,2.4772418753236605,2.4776675899942893,0.00810394557502181,2.4784401623769687,0.007398791048962061,2.4784401623769687,0.007398791048962172,2.4784401623769687,0.007398791048962105,2.4784401623769683,0.007398791048962039,2.4784401623769687,0.007398791048962105
4405,3.1781372670500136,3.1853457787765658,0.04229418341761069,3.1853457787765658,0.04229418341761075,3.1853457787765658,0.04229418341761071,3.1853457787765658,0.04229418341761078,3.1853457787765658,0.04229418341761075,3.184181072491743,0.042324521103229575
4409,2.4430020715710614,2.450310336421622,0.017653051521517506,2.4461801420869,0.018204512087855784,2.4461801420869005,0.01820451208785574,2.446780168796998,0.018079618827406253,2.446780168796998,0.018079618827406253,2.446780168796998,0.018079618827406142
4413,2.485366465708323,2.4811118194254194,0.006408749306542849,2.479726168032115,0.006938218048332168,2.4797261680321148,0.00693821804833219,2.479726168032115,0.006938218048332101,2.4797261680321148,0.006938218048332145,2.479726168032115,0.006938218048332101
4414,3.131458260106525,3.137112573346695,0.04086313554811864,3.1360154630699624,0.040537598308572266,3.136628014581961,0.03992504679657401,3.1366280145819605,0.03992504679657387,3.136628014581961,0.039925046796573896,3.1366280145819605,0.03992504679657398
4419,2.201397124320452,2.2069438695715013,0.02445199401942979,2.2161800459422585,0.030477598747409896,2.2126988724502725,0.027161801334581903,2.22145351085049,0.03447220781665663,2.220883019667613,0.035042698999532475,2.217113667482401,0.03230584651635295
4420,2.281412167517624,2.317464811048833,0.0402765518381351,2.319430878072097,0.042242618861398906,2.319430878072097,0.042242618861398976,2.3216666682288074,0.044478409018110066,2.3216666682288074,0.044478409018109975,2.3216666682288074,0.044478409018110066
4424,2.383516162054092,2.375333915700018,0.03173761332247702,2.3747836592970333,0.03377612596460562,2.3752486785314035,0.034241145198976294,2.375248678531404,0.03424114519897625,2.3752486785314044,0.034241145198976454,2.3752486785314044,0.03424114519897634
4425,2.50537611447805,2.5050050196878475,0.005822318833748352,2.5050050196878475,0.005822318833748352,2.5050050196878475,0.00582231883374833,2.5050050196878475,0.005822318833748352,2.5050050196878475,0.00582231883374833,2.505086940837453,0.005849501985724803
4426,2.463519723400486,2.473103042628296,0.013800259038875806,2.4730490894115924,0.013854212255579545,2.4730490894115924,0.013854212255579656,2.4730490894115924,0.013854212255579545,2.473049089411592,0.013854212255579501,2.4746489944767314,0.01386142089196254
4427,1.9323891975496528,1.81305804047799,0.12036425517646596,1.834773336144216,0.11120687741025873,1.8397178935834777,0.10562219274400934,1.863544574493541,0.08412995040089041,1.8638952079605122,0.08456449207483477,1.8638952079605122,0.08456449207483484
4428,2.250420002308894,2.2468759966512395,0.011990806562567902,2.2482443245764694,0.013945395112629932,2.2482443245764694,0.013945395112629978,2.2482443245764694,0.013945395112629978,2.2482443245764694,0.013945395112629955,2.2482443245764694,0.013945395112629978
4430,2.901685308534454,2.9151765837194996,0.013491275185045736,2.9151765837194996,0.013491275185045693,2.9151765837194996,0.013491275185045759,2.9151765837194996,0.013491275185045736,2.9151765837194996,0.013491275185045693,2.9151765837194996,0.013491275185045715
4432,2.189864463609998,2.2252429354726617,0.03539382774790967,2.2252498217296655,0.03540071400491316,2.225249821729665,0.03540071400491318,2.234712723999115,0.04486361627436282,2.2385632679819616,0.04886360586405196,2.2432169150070838,0.05373248710001519
4434,2.6163004304425725,2.6173480836373004,0.01325186500825346,2.6173480836373004,0.013251865008253505,2.6173480836373004,0.013251865008253417,2.6173480836373004,0.013251865008253483,2.6173480836373004,0.013251865008253417,2.6173480836373004,0.013251865008253394
4438,3.419501400709392,3.1823706920316877,0.2371307086777042,3.200825687100096,0.21867571360929605,3.200825687100097,0.2186757136092959,3.200825687100096,0.21867571360929605,3.200825687100096,0.21867571360929605,3.200825687100096,0.2186757136092961
4446,2.010723865391773,2.176753985434736,0.16603012004296325,2.167821264117028,0.15709739872525408,2.1763632141181612,0.16563934872638852,2.189141075754566,0.1784172103627929,2.182332967083346,0.17160910169157276,2.2078791272573013,0.1971552618655281
4448,3.03154310833328,3.117318886430218,0.0857757780969384,3.1190058681416772,0.08746275980839688,3.1190058681416772,0.08746275980839688,3.119005868141677,0.0874627598083969,3.119005868141677,0.0874627598083969,3.119005868141677,0.08746275980839682
4450,2.8766988401777507,2.944246290696041,0.06754745051829059,2.9396450109468235,0.06294617076907275,2.9396450109468235,0.06294617076907279,2.9396450109468235,0.06294617076907275,2.9396450109468235,0.06294617076907272,2.9386871860116948,0.06198834583394406
4451,1.4510184521554574,1.4895172316574583,0.07558900917183375,1.4910797773563034,0.08326062677890238,1.4936347237084282,0.08232022897180127,1.4840858097452347,0.07534980958736999,1.4818379886186457,0.07327894546156564,1.4884194360053704,0.06754604057081967
4452,1.8716702128409213,1.9694148947673331,0.09774468192641136,1.9713631279164339,0.099692915075513,1.9721565167036625,0.10048630386274118,1.9717605848810007,0.10009037204007928,1.9717605848810007,0.10009037204007935,1.9695576988742207,0.09788748603329919
4454,3.4505826579924928,3.160648196543797,0.2899344614486961,3.1693423485182484,0.2812403094742454,3.169342348518248,0.2812403094742454,3.169342348518248,0.2812403094742454,3.169342348518248,0.2812403094742454,3.169342348518248,0.2812403094742454
4456,3.361066449753942,3.3059293342087672,0.058073449565652566,3.23093263691342,0.13307014686099944,3.230932636913419,0.13307014686099944,3.230932636913419,0.13307014686099944,3.230932636913419,0.13307014686099944,3.2310478224891988,0.1329549612852199
4457,2.5151007827641814,2.5107737934899808,0.009401473965485718,2.5091619820038877,0.00918754073797352,2.5091619820038877,0.009187540737973565,2.5107059429192993,0.009469324536166779,2.5107059429192993,0.009469324536166845,2.5107059429192993,0.009469324536166756
4459,2.152543137280892,2.1528422401888987,0.009880848106693652,2.153049059940171,0.015516234867661339,2.153049059940171,0.015516234867661382,2.15142076556945,0.015960023422360047,2.148879623452789,0.013418881305699104,2.157181236290991,0.01850823784106319
4462,2.187990482355389,2.1876750296666563,0.004317587504683473,2.1885455175174977,0.004163973203666682,2.1881131827147904,0.004468816639022766,2.1868868274953424,0.004322137115146907,2.1868931931279234,0.004389725822008317,2.1867616261798433,0.004285994959307727
4464,3.067938329974341,3.0683857816162896,0.013315758491988983,3.0752046231579984,0.014769843364519319,3.075817174669997,0.015382394876517736,3.0758171746699965,0.015382394876517824,3.071190867235724,0.01662679409740566,3.071190867235724,0.01662679409740562
4466,2.290034611362518,2.311024172755932,0.035518638982621975,2.321000891099396,0.03624242181964732,2.321000891099396,0.03624242181964728,2.321000891099396,0.03624242181964734,2.321000891099396,0.0362424218196473,2.321000891099396,0.03624242181964719
4468,2.05595140532915,2.061196181525623,0.01028053375074447,2.0621924141489045,0.010288598984501606,2.061670974557477,0.009204412137496098,2.0606033016147958,0.008622342769843704,2.0598229283810134,0.008108269243251542,2.059713447125065,0.007998787987303024
4469,2.591064607026499,2.604504253766702,0.013439646740202616,2.604504253766702,0.013439646740202638,2.604504253766702,0.013439646740202616,2.604504253766702,0.013439646740202548,2.604504253766702,0.013439646740202682,2.604504253766702,0.013439646740202548
4471,1.702574128604844,1.6694121813658185,0.03316194723902528,1.668498016628438,0.053568235104014664,1.6684980166284376,0.05356823510401467,1.6800593395197836,0.045581643804995985,1.6886259038796112,0.041710061073621386,1.6961276124668287,0.039155875560032895
4472,1.414973347970818,1.4895090460747362,0.08021488987282333,1.5013540129896366,0.0942573297478951,1.5013540129896366,0.09425732974789507,1.5013540129896366,0.09425732974789504,1.5198089620874513,0.11271227884570942,1.519287011156481,0.11217211747167473
4473,2.4158077276355434,2.437435363106375,0.022285883703539143,2.435291657133477,0.021060443366038163,2.435291657133477,0.021060443366038118,2.434068699368763,0.020707951831516504,2.434068699368763,0.02070795183151648,2.4329617313624965,0.01960098382525057
4475,1.3170181010481117,1.2069297140760085,0.12097812319159573,1.1288963222653376,0.2030833856957261,1.1288963222653376,0.203083385695726,1.1246202368066673,0.19239786424144445,1.1519176283936559,0.18489749519269807,1.1585219641444846,0.17829315944186933
4478,1.6864873087113892,1.6807452774359433,0.030354108664990886,1.6687358281153926,0.04450767466497235,1.6687690309351755,0.04454087748475492,1.6687690309351755,0.044540877484754916,1.673941238185105,0.04547792691086624,1.6792969082758358,0.04291354814893726
4480,1.5471591213274176,1.4948427688409547,0.09085721106019223,1.526608481217361,0.10668338076004229,1.5125918231426998,0.09528886093135544,1.5168612047684291,0.09693610431111054,1.5020498143862693,0.10864414105673086,1.5234369583412035,0.10475301527984078
4491,1.784141614072831,1.79360220868226,0.03913471719590891,1.779354270124551,0.0494538734570101,1.7691761220188957,0.06062476741764228,1.7636683379299842,0.06052875602900337,1.7427816379206924,0.0764455921911764,1.7680014381407048,0.07307890120226564
4498,0.9164539485499252,1.027891008167844,0.12198578102723948,1.0365730275490819,0.12953688363309507,1.0333275783540623,0.13022321700043588,1.0219573753700044,0.11885301401637793,1.0014124234434871,0.10637040755495475,1.0080097431840298,0.11296772729549727
4500,1.3028357965272437,1.2241148453874806,0.1302158650867214,1.230488897286131,0.1330700861576631,1.230488897286131,0.13307008615766308,1.1743877143864634,0.13450202609934436,1.2026224969894983,0.14910625951812917,1.162825488115112,0.14472447816047335
4502,2.6007006960652377,2.602942773751272,0.003422160404718899,2.602942773751272,0.003422160404718966,2.6029427737512725,0.003422160404718921,2.602942773751272,0.00342216040471901,2.602942773751272,0.0034221604047189437,2.602942773751272,0.0034221604047189437
4503,1.9800033715837464,1.9539202773191544,0.03238383396380562,1.9654016525605442,0.04007910692030629,1.9654016525605442,0.0400791069203064,1.9663384593605788,0.039142300120272165,1.975095556562429,0.030385202918421637,1.9758073186626475,0.029673440818203133
4506,0.870208760597288,1.0356729664310915,0.17355961050563334,0.9974266743498944,0.14491709896185515,1.0097815650901607,0.15326743709804397,1.0046329791316062,0.14811885113948955,1.0212059563846032,0.16121773917704302,1.0323077156303186,0.17231949842275857
4507,3.301337512022805,3.1779512961509147,0.13934397170150473,3.1367257330274416,0.17969602499371798,3.1367257330274416,0.17969602499371812,3.1367257330274416,0.179696024993718,3.1299108426220714,0.18651091539908815,3.1299108426220714,0.18651091539908815
4508,3.0514741029744057,3.0674159208915426,0.015941817917137113,3.0701433636923157,0.018669260717909354,3.070143363692315,0.018669260717909288,3.0701433636923157,0.018669260717909242,3.0701433636923148,0.018669260717909218,3.070540552857927,0.019066449883521065
4510,2.0569048513364727,2.0647782039890594,0.010600024795748664,2.0772853512638787,0.02310717207056796,2.0772853512638787,0.02310717207056796,2.069036089710834,0.014700410663951358,2.068367469516425,0.014098509880657062,2.068367469516425,0.014098509880657039
4511,2.7481233950421102,2.7221200517067214,0.02641023632984265,2.7215011786581775,0.027029109378386384,2.7215011786581775,0.02702910937838643,2.721501178658177,0.027029109378386585,2.7215011786581775,0.027029109378386474,2.7215011786581775,0.027029109378386474
4512,2.2196718303620817,2.221093032971951,0.028643025968241885,2.2172098388817307,0.03592955162469676,2.2172098388817307,0.03592955162469669,2.2172098388817307,0.03592955162469676,2.2176421828328357,0.03636189557580176,2.2176421828328357,0.036361895575801786
4513,3.183056203693958,3.150710270140267,0.07140020818671958,3.140179139705678,0.08018414221966093,3.1401791397056784,0.08018414221966108,3.1401791397056775,0.080184142219661,3.1401791397056784,0.08018414221966101,3.144291069880386,0.08058274369549408
4514,2.853444697974157,2.854054342060994,0.0050494691961925795,2.8508963048250977,0.007446227983348086,2.8508963048250977,0.007446227983348286,2.8508963048250977,0.007446227983348175,2.8508963048250977,0.007446227983348264,2.8508963048250973,0.00744622798334813
4516,2.515542700362122,2.5071895025397555,0.01242992811911603,2.5056839282578287,0.012143944317539535,2.505683928257829,0.012143944317539578,2.505784956389685,0.012042916185683672,2.505784956389685,0.012042916185683827,2.505784956389685,0.012042916185683917
4517,2.5416832292174965,2.5721653471503982,0.03556053214746426,2.5726870748165576,0.03524975988189658,2.5726870748165576,0.035249759881896714,2.5721653471503982,0.03556053214746433,2.5721653471503982,0.03556053214746426,2.572150996643198,0.03554618164026384
4518,2.3150952807201968,2.317899566646328,0.02057508011525704,2.3284139220956335,0.022516403785077865,2.328413922095633,0.02251640378507793,2.3259315106039207,0.022170920503515434,2.3259315106039207,0.022170920503515414,2.3286808610714904,0.024920270971084867
4519,1.8798601462734688,1.8745196857157183,0.025209725613306276,1.876140000607807,0.028828444681556577,1.878789722711422,0.03129789858384892,1.8988488487471433,0.036396927648038535,1.8992384077716467,0.03678648667254182,1.8950727202905326,0.04223144869691645
4520,2.148191196242012,2.148827800945212,0.010031171012406869,2.147359743061629,0.011200291321754818,2.147359743061629,0.01120029132175493,2.148695683574951,0.0113368141169486,2.148695683574951,0.011336814116948557,2.1484135434570746,0.01045118401855365
4523,2.918860018315804,2.9131370838384725,0.009566834017149351,2.909169679935842,0.013428301194815662,2.909169679935842,0.013428301194815816,2.909169679935842,0.013428301194815728,2.9015126158715727,0.021085365259085685,2.8898292070961844,0.032768774034474
4524,2.5623920071305504,2.546414166037656,0.015977841092894195,2.546414166037656,0.015977841092894175,2.5510618873238813,0.019435293256494825,2.5510618873238813,0.019435293256494714,2.5510618873238817,0.019435293256494714,2.551828237671501,0.019718188954522153
4527,2.179456036676452,2.1834782309615215,0.0075776989019997075,2.1865150794905954,0.010455666784845307,2.1862892543015344,0.010229841595784528,2.185067723785091,0.006741933329433958,2.1895064234380093,0.01118063298235219,2.1894108249798885,0.011085034524231641
4528,2.561598231297232,2.553776652652492,0.009511768681514043,2.553776652652492,0.009511768681513932,2.5584243739387174,0.013048598428446457,2.5584243739387174,0.013048598428446367,2.5584243739387174,0.013048598428446523,2.558410023431517,0.013062948935646922
4529,2.2135177569963047,2.136030438097783,0.09096078333456617,2.146718531519549,0.08549715449258646,2.146718531519549,0.08549715449258644,2.146718531519549,0.0854971544925865,2.146718531519549,0.08549715449258637,2.146718531519549,0.08549715449258644
4536,2.2457182510046887,2.242397985931193,0.013382555509519034,2.2387762388557038,0.009658413448461012,2.2387762388557038,0.009658413448460922,2.2387762388557038,0.009658413448460967,2.239208582806809,0.009226069497355915,2.239208582806809,0.009226069497355915
4547,3.2945213361777705,3.167846537202746,0.1366918277798495,3.170787669292758,0.13375069568983763,3.1707876692927575,0.1337506956898376,3.170787669292758,0.13375069568983763,3.1707876692927575,0.13375069568983772,3.1676356879539482,0.13690267702864678
4548,2.8889746911023457,2.8965052014732837,0.026848511808193053,2.8897115551633332,0.029861860142169495,2.889711555163333,0.029861860142169495,2.889711555163333,0.029861860142169537,2.8897115551633332,0.029861860142169582,2.8897115551633332,0.029861860142169384
4549,2.598151905372277,2.6035498731727524,0.007383521767737933,2.603549873172753,0.007383521767737977,2.603505734312802,0.007339382907787351,2.603505734312802,0.007339382907787395,2.6035057343128023,0.007339382907787373,2.603505734312802,0.007339382907787373
4550,2.8642638029774057,2.853021174717573,0.011242628259832244,2.853464273616607,0.010799529360798043,2.853464273616607,0.010799529360798043,2.8534642736166065,0.01079952936079811,2.853464273616607,0.010799529360798065,2.853464273616607,0.01079952936079811
4555,2.6082585284982693,2.5876562015329228,0.026946658431383264,2.5876562015329228,0.026946658431383153,2.587612062672972,0.026990797291333735,2.587612062672972,0.02699079729133378,2.587612062672972,0.02699079729133367,2.5964774545029545,0.018125405461351662
4567,2.204119982655925,2.187920940175099,0.018369782226234754,2.188287019553478,0.018003702847855997,2.187895959617421,0.018394762783912878,2.188142605018246,0.018148117383087657,2.187830834601141,0.01845988780019294,2.18760366919494,0.018687053206393876
4571,2.4119001673755625,2.4387422765074156,0.02722742460666592,2.435945890894417,0.025001797912670563,2.435945890894417,0.02500179791267043,2.435945890894417,0.025001797912670452,2.435945890894417,0.02500179791267034,2.435945890894417,0.025001797912670477
4575,1.6797306463503487,1.6950454854135384,0.03546993035481485,1.6759170567695274,0.0528020650363174,1.693389596733557,0.04258775341270996,1.6888643545493143,0.04856156327485987,1.6868371645613855,0.046534373286931274,1.691595078403139,0.051292287128685075
4589,2.500373714353374,2.5060138525351894,0.006635095905112176,2.506618084703499,0.007239328073422225,2.506618084703499,0.007239328073422269,2.506618084703499,0.007239328073422202,2.506618084703499,0.007239328073422246,2.506618084703499,0.007239328073422225
4591,2.404406050921269,2.429905739913756,0.027705336089773592,2.42988683069562,0.027784878820386938,2.42988683069562,0.027784878820386848,2.42988683069562,0.027784878820386917,2.42988683069562,0.027784878820386917,2.427665708090715,0.02556375621548166
4592,1.9803821718536427,1.9580260979569328,0.02994841689004003,1.9596436939267996,0.02771138811234656,1.9577139226416698,0.030509343691465296,1.9556719276499657,0.032405350342508396,1.9556462032708946,0.032431074721579266,1.9565210580024524,0.03130746850385966
4597,3.10271948214878,3.114369752672527,0.029998268935128403,3.1183063011982695,0.030195707490625633,3.1189188527102676,0.029583155978627353,3.1189188527102676,0.029583155978627262,3.1189188527102676,0.029583155978627394,3.1189188527102676,0.029583155978627373
4598,1.934498451243568,1.8349459920823565,0.11499031024068311,1.836810604067884,0.11312569825515613,1.844832362457113,0.10556850479955152,1.8542751725890945,0.09612569466757061,1.8750362299816257,0.07689815057672991,1.8817014074229337,0.07023297313542179
4603,2.650469422288295,2.6436679100434253,0.013999323207987047,2.6436679100434253,0.01399932320798707,2.642960069457641,0.014319865121215391,2.642960069457641,0.014319865121215436,2.642960069457641,0.014319865121215369,2.642960069457641,0.014319865121215436
4605,2.850237679666668,2.8541265508565123,0.006136739208389086,2.854639262477843,0.006467166666117996,2.8546392624778427,0.0064671666661180625,2.8546392624778427,0.0064671666661180625,2.8546200361286154,0.006486393015345615,2.8546200361286154,0.006486393015345549
4606,2.3292283324208047,2.327262159076416,0.017126955084289984,2.326936458973092,0.01775014197710769,2.326936458973092,0.01775014197710776,2.326936458973092,0.01775014197710765,2.326936458973092,0.01775014197710767,2.326936458973092,0.017750141977107736
4610,2.53959877845859,2.5520873091084977,0.019151161223359782,2.5520873091084977,0.019151161223359848,2.5520873091084972,0.019151161223359848,2.5520873091084977,0.019151161223359824,2.5520873091084977,0.019151161223359824,2.5531454645169154,0.019194626340241893
4613,2.486430478854434,2.4872087446815843,0.009589409651175407,2.486435390890002,0.010034968631552954,2.4864353908900023,0.010034968631553088,2.486435390890002,0.010034968631552931,2.4864353908900023,0.010034968631552888,2.486435390890002,0.010034968631552977
4618,2.4097922786788835,2.4248423661674936,0.01990186091240089,2.425734125937467,0.019730248909385684,2.4257341259374674,0.019730248909385663,2.4239111414626553,0.018176185769100052,2.423911141462655,0.018176185769100028,2.42222754171794,0.016492586024384838
4620,2.5060538173181506,2.5082074276572266,0.003810846913062793,2.5089683796549442,0.004258359251965227,2.5089683796549442,0.004258359251965271,2.5089683796549442,0.004258359251965271,2.5089683796549442,0.004258359251965271,2.5089683796549442,0.004258359251965271
4623,3.0779731938586568,3.071357714050636,0.015149834920089544,3.071950376005602,0.015709801960627212,3.0725629275176,0.01632235347262545,3.0725629275176,0.01632235347262556,3.0725629275175996,0.016322353472625516,3.0725629275175996,0.01632235347262545
4633,2.360309344342059,2.348222321251927,0.029860012467918518,2.340278669060547,0.029040932162770195,2.340278669060547,0.029040932162770216,2.340278669060547,0.029040932162770327,2.3393361429781563,0.02998345824516071,2.3393361429781563,0.029983458245160754
4638,1.8598385304010416,1.8885720794900596,0.030623429388041568,1.8944044909432833,0.036455840841265276,1.8944044909432833,0.03645584084126521,1.906262149977454,0.04642361957641232,1.9115922062276962,0.0517536758266546,1.8992294222841022,0.04301573813037479
4644,2.0869527242574843,2.079967749844894,0.016841121659915137,2.0751526177391155,0.01877590046710944,2.075359953158308,0.01856856504791673,2.0760147568791845,0.017913761327040412,2.0747636289166995,0.017358899113825554,2.073844891616551,0.017635551393261138
4649,1.271066772286538,1.2100560137231173,0.07956047742583441,1.1964540112770545,0.10677525667598031,1.1972989721503169,0.10593029580271804,1.195574180104146,0.10873485534359655,1.2561144014283467,0.11054075335935383,1.2247214033217457,0.10015503229605291
4651,1.933655978657548,1.8507094035641678,0.09862553273296668,1.8622938299767007,0.08823004573964875,1.86064330406242,0.0886916322347148,1.884446073257235,0.0653652601693819,1.8934356792121434,0.056375654214473506,1.888929316356516,0.06088201707010103
4652,0.870208760597288,1.0582984047081414,0.1989975071313423,1.0233224253672162,0.17599355512508547,1.0233224253672162,0.1759935551250855,0.9729217670130874,0.13428025070419525,0.9559009635373329,0.11218739758668597,0.9487867589676675,0.10507319301702078
4657,1.893484346218486,1.8807197158673727,0.025046918532219686,1.8793884921918795,0.025865284922757338,1.8784508993630127,0.02680287775162471,1.8818692240514607,0.0368717118902222,1.8849626380880178,0.03598143127609723,1.8895371401666092,0.03890011854680222
4658,2.0307346169761686,2.0396060225285226,0.011174499464170396,2.034122749163542,0.0066045400314882485,2.0409232344713044,0.013405025339250764,2.045805119270008,0.018116618846499177,2.0414107275611504,0.013418541072890955,2.052224257711326,0.024232071223066653
4662,1.3847117429382825,1.462390604867878,0.0829380373028035,1.4887937283672905,0.10587150789380054,1.4887937283672905,0.10587150789380048,1.4919129427667805,0.10899072229329047,1.5119868622951167,0.12906464182162652,1.5176408363343445,0.13471861586085437
4664,1.748833818176352,1.7131260701874556,0.04852989577788053,1.7024448286896283,0.0606328363686785,1.7024448286896283,0.06063283636867843,1.7014143487246909,0.05960235640374069,1.6979515705659824,0.061087336717486375,1.7001547027445245,0.058884204538944905
4666,2.1295287738587763,2.1420461182838926,0.03458059792258934,2.127337039075333,0.025124365222114163,2.137041108902713,0.029436897106744707,2.133846925033282,0.02999289411856081,2.131941774004672,0.029299979676567722,2.1274717863650072,0.032072133717395236
4668,2.926170890438592,2.9236901856511297,0.0061164982019154875,2.9238696675292952,0.005937016323750011,2.9238696675292952,0.005937016323750077,2.9238696675292952,0.005937016323750055,2.9238696675292952,0.005937016323749966,2.9238696675292952,0.005937016323750033
4670,2.2481776883387057,2.2407920493501408,0.00890881834971644,2.2428136013658926,0.010609627709280556,2.2428136013658926,0.0106096277092806,2.2428136013658926,0.010609627709280622,2.2432459453169975,0.010177283758175526,2.2432459453169975,0.010177283758175526
4674,2.4955443375464483,2.505656899247214,0.013842839324832856,2.5058854891689304,0.014071429246548939,2.5058854891689304,0.01407142924654885,2.5058854891689304,0.014071429246548917,2.505318456490127,0.01364313174592131,2.505318456490127,0.01364313174592111
4675,1.923848224505993,1.7997979201791519,0.1253634929161614,1.8062528548662022,0.12327289115381204,1.8087115176029034,0.12234381602449318,1.8285915474932133,0.09678626462016213,1.8388590947609937,0.08651871735238177,1.8421370038616227,0.08702800855768758
4677,2.5623920071305504,2.555493938372783,0.02283789877924556,2.5569555960023305,0.023126009157299076,2.5569555960023305,0.02312600915729901,2.55695559600233,0.02312600915729901,2.5569555960023305,0.02312600915729899,2.5561808248201854,0.023643565060846816
4678,1.4259687322722812,1.5160462473390404,0.0961499524911351,1.5471904543716046,0.13035301969769703,1.54974540072373,0.1319175938789135,1.55743114675673,0.1376785391385746,1.5574311467567301,0.13767853913857467,1.5576005186986737,0.13784791108051828
4682,1.986398468680824,1.9455373171106642,0.040861151570159585,1.9461903861647916,0.0402080825160324,1.9462851854693692,0.040113283211455374,1.945553221553613,0.04084524712721117,1.945943240543563,0.04045522813726086,1.945943240543563,0.04045522813726081
4688,1.1487054585660488,1.0543545884970478,0.09587951812313936,1.2666871529558954,0.3611236958399516,1.2007679708003978,0.31685845641524946,1.1878506177863593,0.32977580942928814,1.2287333851156863,0.37035160956780505,1.2268798596420976,0.36858180448282246
4689,2.9745884435516845,2.9276933414783946,0.04689510207329055,2.9277496707146615,0.04683877283702283,2.9253274206640025,0.04926102288768184,2.9253274206640025,0.04926102288768188,2.9253274206640025,0.04926102288768188,2.9253274206640025,0.04926102288768182
4690,2.124395528930348,2.141954293570599,0.044441410160793636,2.1404654034377266,0.034768072437273735,2.140465403437726,0.034768072437273735,2.126495754565677,0.025353483703983805,2.1324430668932375,0.03090545115427812,2.1396668411975517,0.03599147602330912
4691,1.59659709562646,1.4912631667008314,0.12363487632333184,1.4853325055218258,0.12684944324196992,1.481353387411211,0.13082856135258497,1.4746183369631984,0.13756361180059748,1.4891796031406312,0.14916698897896324,1.499387977761922,0.1515108351058127
4693,1.827153795757466,1.832899796914249,0.035848196157632406,1.8357256688004249,0.03467914715701775,1.8357256688004249,0.03467914715701774,1.8504007096436355,0.05432845806561717,1.857617164089873,0.06024308233439054,1.857617164089873,0.06024308233439054
4695,2.0764583877121514,2.077832309246093,0.011729977644782497,2.0746309184893503,0.013610101465123337,2.0715194699580275,0.01334488686354791,2.071974542402136,0.012066667471595682,2.0719134079237356,0.012127801949996141,2.071534857343295,0.011749251369555203
4696,1.9008221255361213,1.882158577569458,0.026961193646667058,1.877194240359175,0.030846685470045366,1.8765773399623988,0.03146358586682192,1.8851721011747447,0.037974631165285974,1.8845927791121464,0.03739530910268757,1.871123837251245,0.039252558974100835
4697,2.5456163329131365,2.557881093539402,0.014649422361177899,2.5575943215251398,0.014432174205192893,2.5575943215251398,0.01443217420519285,2.5575943215251398,0.014432174205192872,2.5575943215251398,0.014432174205192827,2.5575943215251398,0.014432174205192872
4701,2.033758730036455,2.0428731939504337,0.01687749504779492,2.0514210693232586,0.02662830514719845,2.046573012599542,0.021826646458192257,2.0573133527196874,0.03226004496894504,2.0652712684140733,0.036417308830779024,2.065547744410678,0.0361408328341742
4702,2.41899141458892,2.4396560752333163,0.02311970215241508,2.437788787052405,0.022448013682904035,2.4377887870524044,0.022448013682904056,2.437788787052405,0.02244801368290412,2.438112550760407,0.02277177739090617,2.438112550760407,0.022771777390906255
4707,2.1709947020363,2.173113380530445,0.010950479178545969,2.1718597820548697,0.01061036626375842,2.174067925152726,0.010163597151103954,2.1717238896731943,0.010704201861502515,2.1726782129501627,0.011008791050989331,2.1704712212068937,0.011108537087367521
4709,2.0488947666210904,2.0428301675081117,0.010149604606394625,2.0510704426712185,0.010896278981695696,2.0510704426712185,0.01089627898169574,2.051621993195764,0.009507867951717208,2.0504505462626286,0.009958655423061713,2.0481044818375063,0.00993940643477791
4713,2.1837442232842066,2.185052232859091,0.004296444069276384,2.1852179753721335,0.00460491717288376,2.1848559160141177,0.004975998733818399,2.1851940248553836,0.004395035964789118,2.1846909899848157,0.003908040752556819,2.1844638245786143,0.0038720722625969818
4717,2.3092752066526416,2.319331682251783,0.02064001643078983,2.323364577786514,0.022031490019098078,2.323364577786514,0.022031490019098078,2.3233645777865135,0.02203149001909819,2.3233645777865135,0.0220314900190981,2.3233645777865144,0.022031490019098165
4718,1.0997957012455446,1.0428254955787153,0.08849785417058574,1.043964664528529,0.10621680486480933,1.0311718018819511,0.11900966751138728,1.0084264679067723,0.14175500148656622,1.0101916549794276,0.1399898144139107,1.008289966851645,0.1418915025416933
4724,3.0501863496753607,3.067998624639846,0.017812274964485186,3.0696718002989547,0.019485450623594348,3.0696718002989547,0.019485450623594303,3.069671800298955,0.019485450623594525,3.065045492864683,0.018954651814584313,3.0668765712361448,0.02078573018604688
4725,2.1230345297535065,2.171522240329578,0.08846724893234788,2.169405051263443,0.08260097572945153,2.1806096444669416,0.09099383088249195,2.1873747756280224,0.09588529170476696,2.1892653136886295,0.09629076840953658,2.1991097190854374,0.10377552732066911
4776,2.013188453581496,2.0300006069015515,0.02437453695337479,2.0289339907236106,0.022860192261308154,2.0317778146849212,0.02877487149999445,2.026493486816805,0.030692000209141646,2.021850361795566,0.0260488751879027,2.0218503617955665,0.02604887518790272
4778,2.045648903366234,2.0454783036549324,0.010925856249854916,2.0513534444897363,0.013451101372980178,2.053142159096528,0.013963374503645043,2.053142159096528,0.013963374503645043,2.0522089576762186,0.014327821162330046,2.053539052115096,0.015380349733655652
4782,1.7981900998221492,1.7995695635612097,0.029772158357695665,1.7972902794886232,0.03408980167170863,1.7956662953265763,0.03571378583375543,1.7912423325152074,0.04355939296810594,1.7900256878196785,0.04920737871422497,1.7900256878196785,0.04920737871422489
4787,2.0390834800418545,2.043666389524733,0.01662598252263494,2.052030125095438,0.02308953527949733,2.056409376695436,0.02726598877588011,2.0564133564834046,0.02726200898791189,2.058518095279912,0.02910497457636465,2.059355525439485,0.030627724569988836
4792,2.6673751153627445,2.657992547035837,0.033609762457683434,2.657992547035837,0.033609762457683524,2.657992547035837,0.033609762457683524,2.657992547035837,0.033609762457683504,2.657992547035837,0.033609762457683524,2.657992547035837,0.033609762457683615
4805,2.547569607635768,2.539493230815892,0.016353952741513633,2.5394932308158915,0.016353952741513612,2.539493230815891,0.016353952741513456,2.5394932308158915,0.016353952741513633,2.5394932308158915,0.016353952741513522,2.5387184596337464,0.015579181559368549
4807,3.1781372670500136,3.1892435606929888,0.04335163586210553,3.193814312997684,0.043189632051534387,3.1938143129976835,0.043189632051534456,3.1938143129976835,0.043189632051534387,3.1938143129976835,0.04318963205153441,3.1958015880516704,0.046204782312482685
4815,2.485366465708323,2.4839161283074467,0.008974186068192646,2.483793288978336,0.008851346739081944,2.483793288978336,0.008851346739081922,2.483793288978336,0.008851346739081967,2.484645555137005,0.008878132586049702,2.484645555137005,0.008878132586049548
4816,3.131458260106525,3.133934323383511,0.034968157238379295,3.1328372131067788,0.03464261999883289,3.1328372131067788,0.03464261999883293,3.1328372131067783,0.03464261999883287,3.132837213106779,0.03464261999883282,3.132837213106779,0.03464261999883293
4821,2.201397124320452,2.2011593893022474,0.021938863638108996,2.2012696952890143,0.021828557651342173,2.2055047998397996,0.025738420434417163,2.2099673430700313,0.02875254519948032,2.209842782128898,0.02887710614061323,2.2094789313107626,0.028765776121226615
4822,2.281412167517624,2.3298355414133676,0.050322375146489254,2.3229247781134514,0.04341161184657305,2.3229247781134514,0.04341161184657294,2.320442366621739,0.04092920035486096,2.320442366621739,0.040929200354860876,2.320442366621739,0.04092920035486092
4827,2.50537611447805,2.4992205391295643,0.008987925726666957,2.4992083802564347,0.008662327194722463,2.4992083802564347,0.008662327194722685,2.4992083802564347,0.00866232719472242,2.4992083802564347,0.008662327194722551,2.500560800975575,0.007309906475582495
4828,2.463519723400486,2.491599789803197,0.03758239268899508,2.5173704949231546,0.0700075948569985,2.5173704949231546,0.0700075948569984,2.524447373864594,0.07708447379843753,2.5237187197899034,0.07645393395404487,2.5124763495802918,0.06870249963834021
4829,1.9323891975496528,1.8400952689382752,0.09495724735794894,1.8604732001960655,0.08721106857481467,1.8605679995006426,0.08647614204324985,1.8742808194758767,0.07276332206801601,1.8894523172745985,0.0614671929796935,1.893314305879032,0.05451501080577635
4830,2.250420002308894,2.2461674207866222,0.011961909670521331,2.248112921519104,0.013745336056989488,2.248112921519104,0.013745336056989466,2.248112921519104,0.013745336056989443,2.248112921519104,0.013745336056989488,2.248112921519104,0.01374533605698942
4832,2.901685308534454,2.952086298626073,0.05040099009161878,2.9285444097358506,0.04787003031787631,2.9285444097358506,0.04787003031787629,2.9285444097358506,0.04787003031787631,2.9285444097358506,0.04787003031787638,2.9285444097358506,0.04787003031787631
4833,2.997459197622717,2.9397287843280577,0.07703347865389813,2.9224414715920917,0.07995562686415761,2.9224414715920917,0.07995562686415754,2.9224414715920917,0.07995562686415751,2.9260432633130877,0.07753104172316409,2.9260432633130877,0.0775310417231639
4836,2.6163004304425725,2.6190938068919585,0.014385009112588332,2.6190938068919585,0.014385009112588332,2.619093806891958,0.01438500911258831,2.6190938068919585,0.014385009112588398,2.6190938068919585,0.014385009112588287,2.6190938068919585,0.014385009112588287
4839,3.3171750465952883,3.130763012862293,0.20532133580869258,3.1536353272462447,0.1834270014526425,3.1536353272462443,0.18342700145264243,3.1536353272462443,0.18342700145264237,3.1536353272462447,0.1834270014526425,3.1537505128220245,0.1833118158768629
4840,3.419501400709392,3.2026218569738503,0.2168795437355416,3.2251288944039955,0.19437250630539613,3.225128894403995,0.19437250630539643,3.225128894403995,0.19437250630539635,3.225128894403995,0.1943725063053962,3.225128894403995,0.19437250630539632
4846,3.06289521502566,3.143884263542725,0.08354343435722722,3.1438842635427258,0.08354343435722729,3.1438842635427258,0.08354343435722725,3.1438842635427253,0.08354343435722726,3.1438842635427253,0.08354343435722722,3.1438842635427258,0.08354343435722737
4850,3.03154310833328,3.1153986818476214,0.08715966329935365,3.1168079569565306,0.08856893840826303,3.1168079569565306,0.088568938408263,3.1168079569565306,0.08856893840826292,3.1168079569565306,0.088568938408263,3.1168079569565306,0.08856893840826305
4852,2.8766988401777507,2.9344683473711486,0.057769507193397795,2.9336149949265637,0.05691615474881313,2.9336149949265637,0.056916154748813216,2.9336149949265637,0.05691615474881313,2.9336149949265637,0.056916154748813154,2.9336149949265637,0.056916154748813154
4856,3.4505826579924928,3.050708773386638,0.3998738846058549,3.1331991405718354,0.31738351742065796,3.1331991405718354,0.317383517420658,3.1331991405718354,0.31738351742065796,3.1331991405718354,0.31738351742065796,3.1524050963393497,0.29817756165314313
4858,3.361066449753942,3.3224848511904588,0.05546453333442143,3.3212053951775085,0.05674398934737253,3.3212053951775085,0.05674398934737228,3.3212053951775085,0.05674398934737237,3.3212053951775085,0.056743989347372216,3.321320580753288,0.05662880377159283
4859,2.5151007827641814,2.5069615693245373,0.009414640591501966,2.5069615693245373,0.0094146405915021,2.5069615693245373,0.00941464059150201,2.5069615693245373,0.0094146405915021,2.5069615693245373,0.009414640591501988,2.507043490474143,0.00933271944189642
4860,2.290961601003477,2.3320191337800114,0.04507400287323491,2.338429696391537,0.05148456548476019,2.338429696391537,0.05148456548476008,2.3384296963915365,0.051484565484760124,2.3384296963915365,0.05148456548476001,2.3384296963915365,0.05148456548476006
4861,2.152543137280892,2.1478205177211356,0.010685269775016404,2.147536645614068,0.012039179513371434,2.147536645614068,0.012039179513371412,2.146492559623362,0.011939000274133638,2.1474657508498876,0.012392758744037202,2.148884454632717,0.012392471770439051
4864,2.187990482355389,2.1824146718057884,0.010850160712642354,2.1867239500970532,0.007391499171175986,2.1845372263613787,0.009450731539499158,2.184714650632222,0.009355169964329235,2.1824350755959943,0.011348153781365089,2.1824350755959943,0.011348153781365333
4866,3.067938329974341,3.0731394675587835,0.012639835692763146,3.068797766443963,0.008418585835655334,3.0687977664439634,0.008418585835655246,3.068797766443963,0.008418585835655334,3.06417145900969,0.009662985056543328,3.064568648175302,0.010060174222155039
4870,2.05595140532915,2.06019388672961,0.01146632647180681,2.059010366692511,0.008965726347892233,2.0592177021117033,0.0091730617670849,2.0590695266884884,0.00855593865471076,2.0581626609812536,0.007649072947475788,2.0581626609812536,0.00764907294747581
4874,1.414973347970818,1.4686567162215947,0.07246524716136793,1.4737868761321933,0.08428884325324876,1.4540249007002468,0.06542106344618705,1.4775778989564539,0.08807986607750934,1.4707524425340734,0.09026556478031658,1.4883427495387382,0.09250759013439497
4875,2.4158077276355434,2.4327227422408217,0.01901628167081788,2.433522653017122,0.018953310984922988,2.433522653017122,0.018953310984923123,2.433522653017122,0.018953310984923123,2.433522653017122,0.018953310984923078,2.430415850070868,0.016464169410550712
4877,1.3170181010481117,1.2533396745323535,0.08695487559345151,1.157304879696357,0.15971322135175484,1.1412520652004874,0.17576603584762443,1.1412520652004874,0.17576603584762446,1.1740115348229243,0.1669203335412664,1.178238566129297,0.16269330223489403
4880,1.6864873087113892,1.697569692550046,0.01985479643906347,1.687829797526322,0.0299361447554104,1.701465189706181,0.02288331467986866,1.702071624117351,0.024012213747234622,1.7025558298620465,0.024496419491929933,1.7042189910315186,0.026159580661402317
4882,1.5471591213274176,1.4375327701918557,0.12324831123034366,1.4384796854465767,0.13153885880911287,1.438479685446577,0.1315388588091129,1.438479685446577,0.13153885880911287,1.4286065544427715,0.1300855637602672,1.4427476649047153,0.11938932626484115
4893,1.784141614072831,1.8186696150833974,0.03452800101056648,1.8108314195613964,0.02711279632605431,1.811327792488885,0.02760916925354292,1.8036244622667343,0.03201631352220925,1.7896145671625554,0.043026820635389054,1.796770887947385,0.050472043210655
4902,1.3028357965272437,1.2321667263598133,0.08297703683900995,1.2236852893699002,0.12481588221144282,1.20891203278787,0.13958913879347304,1.1991818839741089,0.13293945024219522,1.2198567685501829,0.15510358168794097,1.1706337059275171,0.1322020905997266
4903,2.796516515932583,2.799008732314343,0.058946874361409704,2.799008732314343,0.05894687436140977,2.7990087323143427,0.05894687436140973,2.799008732314343,0.05894687436140964,2.799008732314343,0.05894687436140962,2.799008732314343,0.05894687436140968
4904,2.6007006960652377,2.604547505550112,0.0042863127295798,2.6045475055501126,0.004286312729579822,2.604503366690162,0.004242173869629218,2.604503366690162,0.004242173869629262,2.604503366690162,0.004242173869629306,2.6045033666901616,0.0042421738696292845
4905,1.9800033715837464,1.9520917749958056,0.04057935618496476,1.961365583001887,0.04736747513245917,1.9607454272085243,0.047987630925822464,1.9630643426684933,0.04566871546585323,1.969558278494676,0.039174779639670775,1.970242714895846,0.03849034323850028
4907,2.0974886866205247,2.0815580189023644,0.023943135097611055,2.0957154971937797,0.03066348907112839,2.095979436506052,0.03039954975885628,2.0963121081366936,0.030848361222040977,2.0963121081366936,0.030848361222040998,2.0969719625845853,0.03141302440316769
4909,3.301337512022805,3.1270640684689135,0.18283578824782748,3.0951260239872718,0.2137557833671926,3.095126023987272,0.21375578336719245,3.095126023987272,0.21375578336719253,3.0951260239872718,0.21375578336719264,3.104671574775349,0.20421023257911602
4910,3.0514741029744057,3.0634006111592216,0.01947499795695351,3.0652863610589134,0.01895006741473333,3.065898912570912,0.019562618926731612,3.0658989125709124,0.019562618926731768,3.065898912570912,0.019562618926731723,3.065898912570912,0.019562618926731657
4911,2.7662268935741685,2.7393363774029553,0.04310886833139858,2.7387175043544114,0.04372774137994249,2.7387175043544114,0.04372774137994249,2.7387175043544114,0.04372774137994247,2.7387175043544114,0.0437277413799424,2.7387175043544114,0.043727741379942356
4912,2.0569048513364727,2.065725374126392,0.0117845110112903,2.0766242426180206,0.023264526463308698,2.0762191972445274,0.02285948108981526,2.0765283782332657,0.022655229727835867,2.0765283782332657,0.022655229727835867,2.0765283782332657,0.022655229727835825
4913,2.7481233950421102,2.7174178345852313,0.030705560456878955,2.716798961536688,0.03132443350542284,2.716798961536688,0.03132443350542284,2.716798961536688,0.03132443350542289,2.716798961536688,0.03132443350542289,2.716798961536688,0.03132443350542282
4914,2.2196718303620817,2.2348974560087536,0.03021029833327409,2.2320451330475697,0.03628101776907335,2.2320451330475697,0.03628101776907326,2.2320451330475697,0.03628101776907335,2.2324774769986746,0.03671336172017836,2.232477476998674,0.03671336172017832
4915,3.183056203693958,3.1332629912632255,0.07674437186277136,3.1367665834690577,0.07551988541577817,3.1367665834690572,0.07551988541577814,3.1367665834690577,0.07551988541577817,3.1367665834690572,0.07551988541577818,3.1336146021302484,0.07302696650484312
4916,2.853444697974157,2.857929334371909,0.006503359879756565,2.857142168048961,0.01093485518735906,2.8571421680489606,0.010934855187358905,2.85714216804896,0.010934855187358905,2.8571421680489606,0.010934855187358972,2.857142168048961,0.010934855187359038
4919,2.5416832292174965,2.554695681952187,0.031087891524395662,2.554695681952187,0.031087891524395637,2.554695681952187,0.031087891524395637,2.554695681952187,0.03108789152439575,2.554695681952187,0.03108789152439575,2.548521102031674,0.023690176236456018
4920,2.3150952807201968,2.326895534776026,0.01883350938629542,2.326521000279485,0.020463976511879412,2.326521000279485,0.0204639765118793,2.3265210002794845,0.020463976511879367,2.3265210002794845,0.020463976511879412,2.3265210002794845,0.020463976511879388
4921,1.8798601462734688,1.8836049678788473,0.012602062007284486,1.8842280168578014,0.01993422171048518,1.88031674582225,0.023381570297642807,1.8818750916098188,0.01912163935872101,1.8874545134025227,0.018576242322268267,1.887454513402523,0.018576242322268288
4922,2.148191196242012,2.1492628255156037,0.01122584176994652,2.154154637681673,0.015811959400917286,2.1527916310143236,0.015593392811819484,2.1518380873173744,0.011840139488714652,2.156636656804093,0.016411906460737535,2.1612116998889332,0.021121537693455282
4924,2.713210443450629,2.7235704612562346,0.021344217449843293,2.7235704612562346,0.021344217449843227,2.7235704612562346,0.021344217449843227,2.7235704612562346,0.021344217449843182,2.7235704612562346,0.021344217449843293,2.7235704612562346,0.021344217449843272
4925,2.918860018315804,2.9128204064402206,0.008905906269900243,2.912820406440221,0.008905906269900177,2.9128204064402206,0.008905906269900222,2.9128204064402206,0.008905906269900265,2.9128204064402206,0.0089059062699002,2.9128204064402206,0.008905906269900132
4926,2.5623920071305504,2.533028322436212,0.029363684694338497,2.533028322436212,0.029363684694338386,2.533028322436212,0.029363684694338456,2.533028322436212,0.02936368469433841,2.533028322436212,0.02936368469433852,2.533028322436212,0.029363684694338497
4928,2.8555191556678,2.8567710396101975,0.005853661257325804,2.8573424175224136,0.0061330676889301385,2.8573424175224136,0.00613306768893016,2.857342417522413,0.006133067688930094,2.857342417522413,0.006133067688930227,2.8573424175224136,0.006133067688930183
4929,2.179456036676452,2.1831221422237927,0.008074778904133417,2.181672616534856,0.008729053408686526,2.1811040475631933,0.008464806695198756,2.181294944941055,0.008351381814885128,2.182087313854373,0.008095256735660583,2.184423475351108,0.009374938082955886
4931,2.2135177569963047,2.2220395750525244,0.023292673452361145,2.212521430344818,0.02770097448070725,2.212521430344818,0.02770097448070723,2.212521430344818,0.02770097448070725,2.212953774295923,0.02813331843181228,2.212953774295923,0.028133318431812306
4932,2.0276892984310293,2.058680884270641,0.030991585839611768,2.056705563612291,0.029040553848646743,2.0595251134065267,0.03186010364288272,2.0636395573236515,0.03597454756000704,2.0675175667651278,0.039852557001483914,2.078541087516718,0.05087607775307459
4934,2.9048056759175647,2.913831126279212,0.010025343488477922,2.913831126279212,0.010025343488477922,2.913831126279212,0.010025343488477856,2.913831126279212,0.010025343488477945,2.9138311262792116,0.010025343488477967,2.91467340291313,0.01070727257873214
4949,3.2945213361777705,3.1719933372839693,0.14118412334955263,3.1498692494003047,0.16246830279137953,3.1498692494003047,0.16246830279137942,3.1498692494003047,0.16246830279137953,3.1498692494003047,0.16246830279137958,3.1499844349760844,0.16258348836715916
4951,2.598151905372277,2.6052818505717346,0.007463155649046471,2.6052818505717346,0.007463155649046494,2.6052818505717346,0.007463155649046471,2.6052818505717346,0.007463155649046471,2.6052818505717346,0.007463155649046515,2.6052818505717346,0.007463155649046515
4952,2.8642638029774057,2.8539634702044214,0.011104272946870464,2.8551390488148245,0.010730761948940116,2.8551390488148245,0.010730761948940182,2.8551390488148245,0.01073076194894016,2.855119822465597,0.010749988298167557,2.855119822465597,0.01074998829816758
4957,2.6082585284982693,2.591594824884719,0.027802128104117575,2.5908188119653275,0.027026115184726373,2.590818811965328,0.027026115184726328,2.590818811965328,0.027026115184726373,2.5908188119653275,0.027026115184726352,2.5996842037953103,0.018160723354744234
4972,2.183507098254072,2.187492670695676,0.00867163966412079,2.1897584707924436,0.006613667308850002,2.1897584707924436,0.006613667308850046,2.188232865570911,0.005996933720459263,2.1877127722278473,0.005575985261493566,2.187581205279767,0.005444418313413135
4973,2.4119001673755625,2.4275082671773514,0.02167458826607325,2.430135279989149,0.01871371509408095,2.4301352799891496,0.01871371509408095,2.4283122955143375,0.017370440823463305,2.4283122955143375,0.017370440823463194,2.428312295514338,0.01737044082346333
4977,1.6797306463503487,1.6951403889357166,0.02910858003706528,1.699381950396506,0.033350141497854736,1.6963639012177363,0.03033209231908509,1.6941460324912743,0.029873746045290594,1.699254009535395,0.03498172308941089,1.7041529472205124,0.039880660774528356
4991,2.500373714353374,2.504642754650515,0.006630607580911207,2.504943932324108,0.006789777611576553,2.504943932324108,0.006789777611576597,2.504943932324108,0.006789777611576531,2.504943932324108,0.0067897776115765085,2.504943932324108,0.006789777611576442
4993,2.404406050921269,2.43063584761956,0.03338675222132255,2.430135330398618,0.03335602992583977,2.430135330398618,0.03335602992583973,2.430135330398618,0.03335602992583982,2.430135330398618,0.03335602992583986,2.4262306080489977,0.029451307576219343
4994,1.9803821718536427,1.964061512500089,0.02345907894627768,1.9582740207231175,0.02904193022242387,1.9587081128701125,0.029476022369418264,1.9607109785936807,0.027473156645850226,1.9606721414949804,0.027511993744550156,1.9603344323060288,0.02760095144733977
4999,3.10271948214878,3.114699616259721,0.032297908527622064,3.1129590318412523,0.03174223679547419,3.100256538570398,0.04444473006632961,3.1002565385703975,0.04444473006632961,3.1002565385703975,0.04444473006632956,3.1002565385703975,0.04444473006632958
5005,2.650469422288295,2.6425043325210704,0.023492952860024154,2.64250433252107,0.023492952860024174,2.64250433252107,0.023492952860024306,2.6425043325210704,0.02349295286002413,2.6425043325210704,0.023492952860024174,2.64250433252107,0.02349295286002424
5006,2.605215232371396,2.6035728095852297,0.00482893462556957,2.6035728095852297,0.0048289346255695476,2.6035728095852297,0.00482893462556957,2.6035728095852297,0.004828934625569747,2.6035728095852297,0.004828934625569703,2.604007092321816,0.004625961293022574
5007,2.850237679666668,2.8555418126706305,0.006094103882975798,2.8552755239238374,0.006360392629768574,2.8552755239238374,0.006360392629768552,2.8552755239238374,0.006360392629768463,2.855275523923838,0.006360392629768596,2.8552755239238374,0.006360392629768619
5008,2.3292283324208047,2.3386191555628413,0.01991571863615076,2.340348025484567,0.023543752906058944,2.340348025484567,0.023543752906058944,2.340348025484567,0.023543752906058923,2.3394054994021762,0.023244607523805437,2.3394054994021767,0.023244607523805416
5015,2.486430478854434,2.482008715099222,0.008973616479222835,2.482206220388999,0.008530432531224185,2.4822062203889983,0.008530432531224296,2.4822062203889983,0.008530432531224185,2.4822062203889987,0.008530432531224253,2.4819657577512695,0.009395588865423177
5020,2.4097922786788835,2.435185476613193,0.02539319793430921,2.4324214007765472,0.026010466695221824,2.4324214007765472,0.026010466695221668,2.432421400776547,0.026010466695221713,2.4327451644845484,0.02633423040322378,2.4327451644845492,0.026334230403223913
5022,2.5060538173181506,2.5068968535420426,0.003704453441218991,2.5070281756242405,0.00352949530235398,2.507028175624241,0.0035294953023540243,2.507028175624241,0.0035294953023539354,2.507028175624241,0.0035294953023540243,2.506729724674655,0.003827946251939651
5024,2.8716702128409217,2.850297061777133,0.021373151063788055,2.858882857539395,0.032535163169872,2.858882857539395,0.03253516316987195,2.8588828575393945,0.03253516316987202,2.8588828575393945,0.032535163169872,2.8588828575393945,0.03253516316987204
5025,3.0779731938586568,3.0652679597138883,0.01624433011219071,3.071126853375376,0.013663408057688708,3.071739404887375,0.014275959569686903,3.071739404887375,0.014275959569687057,3.0671130974531025,0.016523845179006624,3.0671130974531025,0.016523845179006513
5035,2.360309344342059,2.353249728433553,0.03214761694145898,2.3522024271965156,0.029780002664648066,2.3526674464308868,0.030245021899018808,2.3526674464308863,0.030245021899018808,2.351724920348496,0.031187547981409235,2.351724920348496,0.03118754798140917
5036,1.958643504540717,1.9401319855212904,0.03196135840720595,1.9340232721670563,0.043715788357504934,1.9316594087349324,0.04607965178962925,1.934962740222027,0.04292628109510001,1.9431795865863937,0.034709434730733,1.939828138572906,0.03688568287355363
5046,2.0869527242574843,2.0902001965297945,0.022562751601461928,2.0892003877528404,0.022637704768859533,2.0862962746407105,0.023214588402624536,2.0862962746407105,0.023214588402624536,2.07689041258921,0.016368275890253338,2.0771323461628084,0.016126342316655152
5051,1.271066772286538,1.2002203719601245,0.087258041596936,1.178141626539545,0.11611543033835303,1.184001288582845,0.1102557682950533,1.1936564218785057,0.1019032499369394,1.191388714072812,0.10417095774263303,1.2012311793945785,0.10717069840646358
5053,1.933655978657548,1.847979625181771,0.09191548836348302,1.840770415989213,0.09912469755604125,1.840770415989213,0.09912469755604116,1.8534295450990854,0.08473420511949589,1.8554622460012553,0.08270150421732611,1.8698995039653497,0.07473836724027179
5054,0.870208760597288,1.0432391285574174,0.1732027041639712,1.0527244521229453,0.18268802772949913,1.0423427173699629,0.17787608185735254,1.0423427173699629,0.1778760818573525,1.0319370048150893,0.16747036930247883,1.0208819323120815,0.16150346081185377
5057,2.498884637788467,2.5042176393313387,0.008275610460920135,2.5042176393313387,0.008275610460920091,2.5042176393313387,0.008275610460920135,2.5042176393313387,0.008275610460920046,2.5042176393313387,0.008275610460920157,2.5042995604809444,0.008357531610525815
5059,1.893484346218486,1.884529454260419,0.019607475825334796,1.895436860090549,0.022381254135334594,1.8921424894517742,0.025675624774109774,1.8921424894517742,0.025675624774109774,1.905795654328585,0.030706447940192415,1.9124281434468666,0.034818053558149244
5060,2.0307346169761686,2.0402999111769797,0.010961365581246874,2.054955947909819,0.026753482620173297,2.054955947909819,0.026753482620173297,2.0557589242128858,0.02720489949080105,2.0558076132311105,0.02715621047257639,2.0584040758874074,0.029275639671735586
5061,2.6822203114510064,2.720457709861868,0.044286827923373774,2.7204577098618685,0.044286827923373816,2.720457709861868,0.044286827923373774,2.720457709861868,0.044286827923373774,2.720457709861869,0.04428682792337393,2.720457709861868,0.044286827923373816
5064,1.3847117429382825,1.5077167484625063,0.12319255376133878,1.4649193103939422,0.08055683365353769,1.471045330237258,0.08668285349685349,1.4748988271944403,0.09037463249327263,1.4748988271944403,0.09037463249327261,1.489682827155018,0.10497108421673514
5066,1.748833818176352,1.7070082189857476,0.06252593983038039,1.668198750892873,0.09355827806151343,1.6686234253407555,0.09313360361363102,1.666518863831779,0.09523816512260753,1.6749511830621924,0.08918473935365617,1.6709930019057828,0.08866991781494048
5068,2.1295287738587763,2.1322623151686453,0.023824004862748095,2.1334899769242046,0.02328215576002344,2.1337452095230534,0.023537388358872223,2.130551025653623,0.02409338537068828,2.1237919085076435,0.0193550163560809,2.146954446925581,0.037520486507538545
5070,2.926170890438592,2.9235028784508637,0.00952442238624709,2.9235028784508637,0.009524422386247,2.9235028784508637,0.009524422386247133,2.9235028784508637,0.009524422386246978,2.914153441485211,0.017771405495476688,2.914153441485211,0.017771405495476712
5071,2.2712606104874364,2.306287740991121,0.056844313646212494,2.2882716546802153,0.06103921955537526,2.2882716546802153,0.06103921955537524,2.2882716546802153,0.06103921955537524,2.2882716546802153,0.06103921955537517,2.2882716546802153,0.06103921955537521
5072,2.2481776883387057,2.2484538352411,0.01178964887710383,2.24608883657566,0.011327359138348814,2.2460888365756597,0.011327359138348748,2.24608883657566,0.011327359138348748,2.24608883657566,0.011327359138348791,2.2460888365756597,0.011327359138348769
5076,2.4955443375464483,2.507772733322048,0.013772273731182482,2.507917028886502,0.013916569295636338,2.507917028886502,0.01391656929563625,2.507772733322048,0.013772273731182528,2.507772733322048,0.013772273731182439,2.507772733322048,0.013772273731182482
5077,1.923848224505993,1.8376483328017978,0.09859106922196628,1.8427964523157994,0.09267948335735679,1.8498139697426879,0.08935161061276328,1.8662845894973987,0.07237988204706744,1.871400225209354,0.06625386528878897,1.8769791258141542,0.055235837309803734
5083,2.769992387051202,2.73244332140655,0.04550522527666363,2.7318244483580063,0.046124098325207516,2.7318244483580063,0.046124098325207516,2.7318244483580063,0.04612409832520763,2.7318244483580063,0.046124098325207544,2.7318244483580063,0.046124098325207516
5084,1.986398468680824,1.9571427142901368,0.03699381784867097,1.9573314068391476,0.03680512529965988,1.9573314068391476,0.0368051252996599,1.9575657178093007,0.03611953267338882,1.9612142666927064,0.02518420198811757,1.963859103059424,0.022539365621399732
5090,1.1487054585660488,1.0766766054854646,0.09509182780600342,1.1520904214829637,0.1908105208924687,1.0986448529742119,0.13576158956754542,1.1317123567838603,0.1924301537585424,1.1324640236576413,0.1976111246048659,1.1332206785249932,0.1947848419095447
5091,2.9745884435516845,2.9337485107934422,0.04806490899887876,2.9338048400297096,0.0480085797626109,2.9313825899790507,0.05043082981327,2.9313825899790507,0.05043082981326998,2.9313825899790507,0.05043082981326998,2.9313825899790507,0.05043082981327003
5092,2.124395528930348,2.127343443360315,0.034391374156362974,2.1184219198940677,0.03015581374018601,2.113779562986455,0.02551345683257251,2.1210368100846004,0.028173403557368505,2.1210368100846004,0.02817340355736848,2.1278890475664847,0.03256899470614596
5095,1.827153795757466,1.8357494519524742,0.05480315657432648,1.8490939868890117,0.052183679267484115,1.8490939868890117,0.05218367926748407,1.8525094344984467,0.057936240326675714,1.8643599668431077,0.06748633974496936,1.86033491831238,0.06595020543049415
5098,1.9008221255361213,1.8858670706958491,0.020300669118255888,1.880499517753553,0.026035563476216505,1.883473195960238,0.023061885269532022,1.8850479914428433,0.02148708978692667,1.8940115267006203,0.026926453145378927,1.8942849374125719,0.024046029323888374
5102,2.9362623419034777,2.932924354466225,0.00789352518373938,2.9319116046058946,0.008589456125474149,2.932048623671906,0.008726475191484817,2.9320486236719057,0.00872647519148495,2.932048623671906,0.00872647519148484,2.9310907987367774,0.009390111130774769
5103,2.033758730036455,2.0324686427932104,0.007100123381610613,2.0369377013898844,0.01266003860819349,2.036937701389884,0.012660038608193513,2.0425411269090143,0.017106061415803196,2.0615925671431423,0.03149144095237784,2.0602413132503217,0.030376517753741485
5104,2.41899141458892,2.4358045388023712,0.020109270178738627,2.435251017319982,0.01955574869634984,2.435251017319982,0.019555748696349705,2.4358510440300796,0.02015577540644784,2.43585104403008,0.020155775406447862,2.4341674442853645,0.018979240698762202
5105,2.625312450961674,2.627956998548905,0.014495233090525672,2.627956998548905,0.014495233090525672,2.6279569985489046,0.01449523309052556,2.6279569985489046,0.014495233090525672,2.6279569985489046,0.014495233090525672,2.6279569985489046,0.014495233090525583
5106,1.661181443446619,1.6853209773065405,0.049696535034119284,1.6970401272050988,0.05564337815910725,1.6944824131304372,0.053588259135453745,1.6989667277800062,0.05645275442058858,1.7018558895763192,0.05934191621690197,1.703390442980504,0.06087646962108645
5109,2.1709947020363,2.1732556563447734,0.01355523900996205,2.174998449101044,0.012160749397195714,2.1741235752243555,0.013035623273884366,2.175238708943498,0.012279220864748353,2.175822955747125,0.013499914493810916,2.1746050817713725,0.013478517638224542
5111,2.0488947666210904,2.045045296165577,0.010493936510663415,2.045298191781616,0.010186502538191578,2.0466668769639798,0.01037126095901606,2.046434956640555,0.010535665457398013,2.0486069392052553,0.008080720283835085,2.047766777522164,0.008472021744714753
5115,2.1837442232842066,2.1865176971257427,0.008485980361106971,2.186350103554651,0.007888782074473855,2.186350103554651,0.007888782074473832,2.185600555509489,0.0070134728231527445,2.1854611490312443,0.0068740663449079475,2.184970878779781,0.006383796093443905
5116,0.9927007612585006,1.0153512582561208,0.10584424714654754,1.0000481550376796,0.10828566789366309,1.0016947973190276,0.10832894735883966,0.9719534237874621,0.09385065139052298,0.9892390327755767,0.10735066364000126,0.9899730800317494,0.09653985547933709
5119,2.3092752066526416,2.3286647895999755,0.026354371812309974,2.331054860956632,0.026422615540889073,2.331054860956632,0.026422615540889028,2.331054860956632,0.026422615540888962,2.3310548609566313,0.026422615540889004,2.328938934390231,0.024306688974488556
5120,1.0997957012455446,1.055540820095195,0.07860745796069848,1.042179657778123,0.09218951957991496,1.0262493533984227,0.10980974570613958,1.0127689168057261,0.12329018229883637,0.994522348465272,0.14153675063929025,0.9787710462161583,0.14399162896941017
5126,3.0501863496753607,3.0638408046421297,0.01953944642683487,3.0638408046421306,0.01953944642683485,3.0638408046421306,0.019539446426834674,3.0638408046421306,0.019539446426834806,3.06384080464213,0.019539446426834896,3.065671883013593,0.021370524798297375
5160,1.805614117901356,1.812523612822956,0.046470733547746515,1.809775628420652,0.03756138496960591,1.8081516442586054,0.03918536913165273,1.8057302519616023,0.03807420047771113,1.8090582755010363,0.04963839893759472,1.802341772308894,0.04450220252756816
5178,2.013188453581496,2.020103246348051,0.026394522715086677,2.0218403603659256,0.02572656848067596,2.018466557826587,0.03811138104130794,2.015433611750985,0.03944129585495365,2.0076449537067704,0.036346519364805915,2.004936340115427,0.03757015876848052
5180,2.045648903366234,2.044043882941957,0.009517584800539413,2.0541133724218317,0.016551955401394026,2.051966758591872,0.013128900095307672,2.059104846538456,0.018595834919622155,2.05998953939493,0.018770017449057354,2.0603313931705434,0.01960507132450049
5184,1.7981900998221492,1.7969641993402015,0.031548738611338153,1.8175296125653382,0.024995500782657422,1.8175296125653382,0.024995500782657387,1.806947116341203,0.03266622230571522,1.8020697694927237,0.05830354950571429,1.7896567718519776,0.04793348411653832
5189,2.0390834800418545,2.035276754162018,0.009711563127346046,2.045370698402187,0.01724998545097465,2.0405226416784696,0.012980801762508376,2.049999607486777,0.021838407150627147,2.050294582344928,0.021543432292475927,2.0558311293652802,0.02666077068851209
5193,3.283489683678042,3.2246419756090474,0.07770349486329216,3.214113000026783,0.0862106572210263,3.2141130000267837,0.08621065722102617,3.2141130000267837,0.08621065722102632,3.214113000026783,0.0862106572210263,3.2142281856025625,0.086325842796806
5195,2.4772418753236605,2.479111558319481,0.006449616268432901,2.478995241038349,0.00663335140618404,2.4789952410383496,0.006633351406184063,2.4789952410383496,0.006633351406184129,2.478995241038349,0.00663335140618404,2.4789952410383496,0.006633351406184085
5201,2.3332793013823365,2.3325164545038897,0.027516202384696476,2.330668940323523,0.026094739871689688,2.330668940323523,0.026094739871689643,2.3306689403235223,0.026094739871689622,2.3323330707913654,0.02443060940384667,2.3302171442249646,0.02427267216267237
5207,2.547569607635768,2.5545087585398356,0.026167197531908347,2.5542216739103574,0.025880112902429843,2.5542216739103574,0.02588011290242982,2.5542216739103574,0.02588011290242982,2.5542216739103574,0.02588011290242982,2.5542216739103574,0.025880112902429843
5209,3.1781372670500136,3.16722050880825,0.04704441126866086,3.1650691298779883,0.050529564617432056,3.1650691298779883,0.05052956461743208,3.1650691298779883,0.05052956461743212,3.1650691298779874,0.05052956461743217,3.1691810600526953,0.05142005975765958
5213,2.4430020715710614,2.449139676630531,0.016099596722065446,2.4471153151168976,0.01615073996699614,2.4471153151168976,0.0161507399669961,2.4481666946894274,0.017202119539525818,2.4481666946894274,0.01720211953952593,2.4464830949447123,0.018426650530054413
5215,2.012837224705172,2.0252437364686426,0.020659485501374652,2.0285093651838286,0.019656184404634604,2.0285093651838286,0.01965618440463467,2.0293827279393613,0.025478851980529727,2.030266891930153,0.026363015971321412,2.0228511513531604,0.02793736619217103
5217,2.485366465708323,2.4838125999023197,0.009139830931511782,2.4836897605732093,0.009016991602401237,2.483689760573209,0.009016991602401169,2.483689760573209,0.009016991602401192,2.483689760573209,0.009016991602401192,2.484217575065422,0.009220272121268969
5218,3.131458260106525,3.14136447428441,0.030024756630147566,3.1346865296168174,0.03209965602430862,3.1346865296168174,0.03209965602430853,3.1346865296168174,0.032099656024308684,3.1346865296168174,0.03209965602430851,3.1346865296168174,0.0320996560243086
5220,2.5504321993305585,2.549573180811339,0.005810379531963328,2.5495731808113384,0.005810379531963306,2.5495731808113384,0.005810379531963239,2.5495731808113384,0.005810379531963328,2.5495731808113384,0.005810379531963283,2.5492260569651863,0.005463255685811163
5223,2.201397124320452,2.1893659379186254,0.02646016327939533,2.2006760958992495,0.031340861025176636,2.21207977292049,0.036125664684348656,2.225234367447983,0.04162254471891498,2.2293066197584945,0.0450269604036988,2.229306619758494,0.04502696040369887
5224,2.281412167517624,2.332275258094419,0.05668136345255468,2.3347532093454246,0.05909897550191871,2.3347532093454237,0.05909897550191865,2.3347532093454246,0.0590989755019188,2.3347532093454237,0.05909897550191867,2.3347532093454246,0.05909897550191874
5228,2.383516162054092,2.3561320834976205,0.04513712886776842,2.3283697748639303,0.07377916645597818,2.3283697748639303,0.07377916645597833,2.3283697748639303,0.07377916645597818,2.3283697748639303,0.07377916645597825,2.3283697748639303,0.07377916645597823
5229,2.50537611447805,2.504460485655179,0.005766965406641833,2.504425504464588,0.005653150358397863,2.5044255044645882,0.005653150358397929,2.5042812089001343,0.00579744592285174,2.5042812089001343,0.005797445922851785,2.5042812089001343,0.00579744592285174
5230,2.463519723400486,2.4649462898819587,0.02046465700924629,2.4670711523556177,0.019411957309021767,2.4670711523556177,0.019411957309021878,2.4670711523556177,0.019411957309021878,2.4670711523556177,0.019411957309021767,2.4686710574207567,0.01941916594540487
5232,2.250420002308894,2.2639588868017024,0.028602100578872115,2.262590930030256,0.029845312013011015,2.262590930030256,0.029845312013011126,2.2566933106783655,0.02394769266112089,2.2475897979969632,0.015675640025579817,2.2475897979969632,0.01567564002557984
5234,2.901685308534454,2.915754272364115,0.017059896866381784,2.9157542723641146,0.017059896866381697,2.915754272364115,0.017059896866381784,2.915754272364114,0.017059896866381697,2.915754272364115,0.017059896866381763,2.915754272364115,0.017059896866381763
5235,2.997459197622717,2.9308187609212695,0.06938763156698768,2.924564184767012,0.07564220772124475,2.922141934716353,0.07806445777190381,2.922141934716353,0.07806445777190385,2.922141934716353,0.07806445777190377,2.922141934716353,0.07806445777190381
5236,2.189864463609998,2.2046889337479048,0.028804020279924836,2.2120951150346673,0.03193450564878977,2.214155536957014,0.02987408372644327,2.209962819929415,0.025681366698844466,2.20965104951231,0.025437006163901855,2.20965104951231,0.025437006163901897
5241,3.3171750465952883,3.094150837003707,0.22573065502222125,3.11567942042286,0.20420207160306836,3.11567942042286,0.20420207160306822,3.11567942042286,0.20420207160306827,3.11567942042286,0.20420207160306827,3.135867091578729,0.18401440044719913
5242,3.419501400709392,3.162010614449508,0.2873745497018584,3.180589248114642,0.2687959160367249,3.180589248114642,0.26879591603672487,3.180589248114642,0.2687959160367249,3.1805892481146416,0.2687959160367249,3.180589248114642,0.26879591603672476
5250,2.010723865391773,2.1568183649784856,0.14609449958671245,2.1593481060133373,0.14862424062156449,2.1593481060133373,0.14862424062156449,2.158936532539416,0.14821266714764264,2.167671868559055,0.15694800316728136,2.1858553994088643,0.17513153401709097
5252,3.03154310833328,3.1128838535904735,0.08448545512330603,3.0919030714651194,0.09366653235083926,3.0919030714651194,0.09366653235083928,3.091903071465119,0.0936665323508393,3.091903071465119,0.09366653235083933,3.091903071465119,0.09366653235083924
5254,2.8766988401777507,2.9382788392873724,0.0615799991096216,2.933607205933337,0.056908365755586686,2.9336072059333373,0.056908365755586776,2.933607205933337,0.05690836575558671,2.924257768967684,0.060208143838732166,2.924257768967684,0.06020814383873232
5255,1.4510184521554574,1.4521010026297143,0.051908672212232033,1.4645823536855798,0.04424360940165748,1.4629981175941549,0.04996111076411219,1.4681736539183294,0.06317245861080438,1.4662232446653813,0.06452902424335188,1.4638443282193272,0.0669079406894061
5256,1.8716702128409213,1.976097251668192,0.10442703882727096,1.9639198421582218,0.09485393528962285,1.9647132309454503,0.09564732407685102,1.9695498194060064,0.09787960656508515,1.9695498194060064,0.09787960656508507,1.970085272772857,0.09841505993193596
5257,1.1222158782728269,1.3042430956276039,0.18761602416510845,1.1205297703229793,0.2525016323091724,1.075040591092042,0.2864073669273366,1.1111466443036018,0.25293983857254326,1.0963850599901257,0.19964864125906484,1.1195594056872538,0.2133065067496302
5258,3.4505826579924928,3.1092851504535584,0.3412975075389343,3.1522531310020176,0.29832952699047505,3.152253131002017,0.2983295269904752,3.152253131002017,0.298329526990475,3.152253131002017,0.2983295269904751,3.152253131002017,0.2983295269904752
5264,2.619788758288394,2.585244554147791,0.19428977157894,2.5478003985627913,0.21611041133723213,2.547800398562791,0.21611041133723213,2.546035457122663,0.22105642158495392,2.5838560662567023,0.2102718465719442,2.609823324978087,0.18430458785055917
5270,0.795184589682424,2.5848239198932683,1.7896393302108435,2.537835427441021,1.7426508377585967,2.5378354274410206,1.7426508377585967,2.528602629844081,1.733418040161657,2.553428653914732,1.7582440642323085,2.509813592323975,1.7146290026415514
5271,1.0962145853464051,2.663561626550476,1.5673470412040702,2.5762766580331267,1.4800620726867215,2.576276658033127,1.4800620726867215,2.563546756487231,1.467332171140826,2.5211264556079502,1.424911870261545,2.4305397565886118,1.3343251712422062
5272,1.0962145853464051,1.732164443311819,1.092165992844285,2.2687300541138975,1.251029071994091,2.2679563664927525,1.250255384372946,2.2576508580909778,1.2399498759711716,2.3855889237016554,1.2893743383552507,2.3584061786705792,1.262191593324174
5273,1.3972445810103864,1.8661238896722092,1.0577720615495636,2.0902434653766826,1.0186883871836834,2.1504852802838124,0.9728703475411196,2.372994621396911,0.9757500403865244,2.3832004089828067,0.9859558279724201,2.3403934174821632,0.9431488364717767
5274,1.795184589682424,2.499492923906156,0.704308334223732,2.3966061048068115,0.6014215151243872,2.3904735283741223,0.5952889386916982,2.387558591703094,0.59237400202067,2.388996797882725,0.5938122082003008,2.301365228882836,0.5061806392004118
5275,2.0962145853464054,2.5026407751635142,0.4078654270396479,2.4584422365673904,0.4691823782375725,2.461991957851913,0.4727320995220955,2.5095405314915444,0.4396548592905608,2.4877228372362206,0.4195821074144684,2.442642856413572,0.38701283866388325
5277,2.3972445810103866,1.6485896099953308,0.8913802300887885,1.9329176205725784,0.5591440470620017,2.0008347159194897,0.4912269517150901,2.097062012450838,0.39499965518374136,2.1680693826340884,0.32399228500049043,2.259164223793129,0.3308272470711832
5278,2.0962145853464054,2.345149775356964,0.2631352793613201,2.2896886896025173,0.22019310494031158,2.2889150019813718,0.2209667925614566,2.29446364004085,0.21944936100119036,2.3045571276487684,0.22954284860910912,2.339851618337857,0.26483733929819725
5279,2.3972445810103866,2.3567700725339735,0.18696307369375556,2.274271220130815,0.2694611074165588,2.2591443091676844,0.28458801837968933,2.1649292184730484,0.31897965441613624,2.126649089851927,0.2889434591561777,2.128380295188875,0.28721225381922977
5281,2.6982745766743674,1.6793964836789936,1.1185942538066198,2.0770445282654464,0.7793660690189257,2.1775774152032086,0.6788331820811637,2.1619025580122293,0.6945080392721426,2.1728195177535587,0.6270297872184133,2.263914358912599,0.6037617497227078
5282,2.494154594018443,2.398147998978699,0.26978725929656805,2.3252524688734417,0.3219551816379675,2.3191198924407526,0.3280877580706566,2.27783145882328,0.36325917135291774,2.267440778026774,0.37364985214942437,2.29790981484164,0.37290621618756736
5283,2.795184589682424,2.314438972453504,0.4851196168572615,2.254216501053235,0.5453420882575302,2.256992534716613,0.5425660545941517,2.2644930351080825,0.5350655542026825,2.2123292963667693,0.5872292929439961,2.2099264632302122,0.6028182095326108
5284,2.795184589682424,1.7098552836677559,1.0864947809095047,2.513966142451653,0.7235176004026547,2.7453707094313957,0.657310610202299,3.114526854907292,0.6365134221005501,3.0874443849999826,0.5738041172352503,3.1273394530455687,0.5670028387825902
5285,3.0962145853464054,1.763089498268482,1.3498923785231196,2.3536110273245976,0.8625620273748185,2.604205939066426,0.7132724961955277,2.850883639213174,0.6135570402309003,2.9045927818794026,0.571434862469855,3.0360649139169333,0.4888302511858721
5286,2.795184589682424,2.3552358661459345,0.44128153589855224,2.2269549855597823,0.5682296041226419,2.230504706844305,0.5646798828381188,2.2187217469035247,0.5764628427788996,2.1981536270073416,0.5970309626750826,2.1893772222527623,0.6058073674296619
5287,3.0962145853464054,2.3811435819523012,0.715071003394104,2.2979594729276314,0.7982551124187737,2.292272195727594,0.8039423896188111,2.310624796195177,0.785589789151228,2.2308434583819077,0.8653711269644976,2.1799044047415137,0.9163101806048919
5288,3.0962145853464054,2.0007034588906576,1.1737320027544431,2.6591640528586833,0.721335296133742,2.73924008773976,0.6957447501193201,3.0242976217159936,0.5455010056853211,3.087607060513396,0.5535193896275568,3.1502537266188377,0.5340075644675579
5289,3.397244581010386,2.167830943200126,1.2452578506023257,2.8727103221106183,0.5991541803569604,2.9478243481236217,0.544443243557494,3.2528629505294253,0.3097945880907428,3.2685708791076253,0.3319424601195859,3.241611536699979,0.39374730317763473
5290,3.494154594018443,2.2849813310126557,1.2091732630057865,2.5837566921839317,0.969972968412977,2.6838111106007716,0.8806306379088685,2.816441229916947,0.7486646176766063,2.875143507363919,0.6899623402296344,3.0559918448508583,0.5181875226290391
5291,3.795184589682424,2.365204050637556,1.4299805390448683,2.554872297562625,1.2403122921197993,2.554872297562624,1.2403122921197995,2.740116884816994,1.0591501045185487,2.7344750572383085,1.0647919320972343,2.6983326815566846,1.1009343077788576
5293,4.096214585346405,2.6526613493473894,1.4435532359990166,3.0744949174716534,1.0217196678747513,3.1040800694694406,0.9921345158769641,3.0929223033529043,1.0032922819935004,3.099684038217745,0.9965305471286602,3.2373690578967187,0.8588455274496862
5294,3.795184589682424,2.749256147526842,1.045928442155582,3.0283876016256803,0.766796988056744,3.037090208131919,0.7580943815505046,3.0862286607871567,0.7089559288952674,3.1159084699536135,0.6792761197288109,3.153445256915317,0.6417393327671066
5295,4.096214585346405,2.7559438759137844,1.34027070943262,2.974583589221354,1.1216309961250508,3.02171870763656,1.0744958777098448,3.0532192168961414,1.042995368450263,3.157518373074011,0.9386962122723943,3.29311657845629,0.8030980068901143
5296,4.096214585346405,2.9296608584686856,1.1665537268777189,3.180345703185994,0.9158688821604105,3.1803457031859943,0.9158688821604107,3.301234345848001,0.7949802394984034,3.300754620241064,0.7954599651053413,3.300754620241064,0.7954599651053413
5297,4.397244581010386,2.9270544298060166,1.4701901512043694,3.003152833205193,1.3940917478051937,3.0205909979243932,1.3766535830859927,3.0562999612693442,1.3409446197410415,3.1128389539137045,1.284405627096682,3.215141613502361,1.1821029675080248
5299,4.795184589682424,2.8504852569399795,1.944699332742445,3.06197631887433,1.7332082708080936,3.0296126042557843,1.765571985426639,2.9870947985924268,1.8080897910899967,3.0352035591900974,1.7599810304923256,3.0979881362113204,1.697196453471103
5300,4.795184589682424,3.2412480233264858,1.5539365663559377,3.2412480233264858,1.5539365663559377,3.2412480233264858,1.5539365663559377,3.2412480233264858,1.5539365663559375,3.2412480233264858,1.5539365663559377,3.241593527138131,1.5535910625442924
5301,5.096214585346405,3.1918324616943172,1.9043821236520881,3.191832461694317,1.9043821236520881,3.1918324616943172,1.9043821236520881,3.191832461694317,1.9043821236520881,3.191832461694317,1.9043821236520877,3.191832461694317,1.9043821236520881
5302,0.6020599913279624,0.2689009527694203,0.3331590385585421,0.328264872556727,0.2737951187712354,0.3765295438243047,0.2948240996600918,0.3942800609167195,0.33056588368645573,0.3433466542845639,0.31299849251573864,0.3149632708812969,0.3255025598840459
5303,0.6020599913279624,0.3109512534442752,0.2963981470762141,0.2769106265503554,0.32514936477760703,0.27548216879611004,0.3265778225318523,0.3070743486788522,0.363486440451983,0.24406945672994063,0.35799053459802177,0.22836792759504218,0.3736920637329203
5311,-1.0457574905606752,0.30932440879628326,1.3550818993569584,0.34383702438904773,1.389594514949723,0.3548569806644958,1.4006144712251711,0.3990000159446133,1.4447575065052884,0.3996464537933479,1.4454039443540236,0.34971506421783577,1.3954725547785112
5316,-1.5228787452803376,0.3570692211009002,1.8799479663812377,0.37043325899291346,1.8933120042732507,0.3614409716385944,1.8843197169189316,0.33875000605140115,1.8616287513317384,0.35728986672465346,1.8801686120049912,0.32729081751230704,1.8501695627926444
5317,-1.5228787452803376,0.40248549237253456,1.9253642376528721,0.44332537305974895,1.9662041183400862,0.4238713833497171,1.946750128630054,0.4154922531617256,1.9383709984420627,0.42875208776089646,1.9516308330412335,0.42262851087383124,1.9455072561541684
5319,1.6020599913279625,0.23765072286936811,1.3644092684585942,0.2610338087791039,1.3410261825488585,0.2558204482285361,1.3462395430994265,0.2707643493349704,1.3312956419929924,0.2931835413982426,1.30887644992972,0.2931835413982426,1.30887644992972
5320,1.6020599913279625,0.2702843916296163,1.331775599698346,0.22003417026704802,1.3820258210609146,0.19948667214457608,1.402573319183387,0.20806253780246609,1.3939974535254964,0.21874770502896657,1.3833122862989962,0.21565876757959684,1.3864012237483654
5328,-0.0457574905606751,0.2525776040264999,0.30217394122968533,0.30315310627835046,0.35274944348153586,0.2767525118128345,0.32634884901601985,0.3098803901812173,0.35579973169849366,0.30592459578677106,0.35184393730404745,0.2854029097683551,0.33132225128563136
5329,0.380211241711606,0.28798682836181144,0.10648714751348447,0.3412797403343844,0.08742424494710792,0.31885316721448,0.10699390255852168,0.31142997385030685,0.1130953867033369,0.30634457126946535,0.12464235634648935,0.2730166082293307,0.13239459681817234
5332,-0.5228787452803376,0.2893521220396116,0.8122308673199493,0.300832687102173,0.8237114323825105,0.29940422934792765,0.8222829746282654,0.29500082438752095,0.8178795696678586,0.2924703334357395,0.8153490787160772,0.2857635051466588,0.8086422504269966
5334,-0.5228787452803376,0.3935604923318419,0.9164392376121796,0.3809936299924624,0.9038723752728002,0.42747754568042584,0.9503562909607638,0.5263678951183209,1.0492466403986584,0.4422927971004418,0.9651715423807795,0.4484668745633055,0.9713456198436431
5337,1.9030899869919435,0.21759257805886886,1.6854974089330745,0.1894721120498371,1.7136178749421063,0.1932099669961098,1.7098800199958337,0.22141619375507263,1.6816737932368706,0.21940976955651342,1.68368021743543,0.220244910760723,1.6828450762312204
5345,0.255272505103306,0.3433058606049098,0.1275016359376213,0.32277964998972586,0.1304445588338779,0.3503691210560611,0.15073030410446914,0.39520907360748014,0.19491077061769252,0.3399942789818941,0.14966260218025856,0.3508622704187387,0.16053059361710315
5346,0.6812412373755872,0.25342556923270376,0.42781566814288335,0.28439046199887963,0.39972579967635175,0.26766814937120753,0.41357308800437964,0.26861041389642304,0.4126308234791642,0.2918566879612193,0.3893845494143679,0.25646272503030737,0.4247785123452797
5349,-0.2218487496163564,0.27940933530253265,0.501258084918889,0.29831120408379774,0.5201599537001541,0.314036632820235,0.5358853824365915,0.31941538207991066,0.5412641316962671,0.3249459524593009,0.5467947020756574,0.3081738248837473,0.5300225745001038
5350,-0.2218487496163564,0.3131560349692905,0.5350047845856469,0.346395453576024,0.5682442031923804,0.41618350130309956,0.6380322509194558,0.47335574505025485,0.695204494666611,0.39455718356835484,0.6164059331847112,0.3539165700687839,0.5757653196851403
5351,-0.2218487496163564,0.3210583809171753,0.5429071305335317,0.3532238373311697,0.5750725869475262,0.3587355854791682,0.5805843350955245,0.33385681190537675,0.5557055615217331,0.33928959598261776,0.5611383455989741,0.33204655731403776,0.553895306930394
5354,2.3010299956639813,0.5434493786875442,1.757580616976437,0.5256739080347665,1.7753560876292152,0.4237702518858203,1.8772597437781608,0.426937665028032,1.8740923306359494,0.3502268818533811,1.9508031138106006,0.3346809711801265,1.9663490244838546
5362,0.6532125137753437,0.7135791070441153,0.3795764035759423,0.5511904427276886,0.3434791819756327,0.5497619849734432,0.34490763972987815,0.4854621904281619,0.3544346935681925,0.5049837620665172,0.3898199906228108,0.45532478602091403,0.36209278867664285
5363,1.0791812460476249,0.5781232200760328,0.6144349767959193,0.5577554938349183,0.6059417902758304,0.43886624516551975,0.7029424129781093,0.35315676902366144,0.764713202541728,0.3322386418489077,0.7856313297164818,0.3150377075081754,0.8028322640572141
5367,0.1760912590556812,0.6048343842108865,0.42874312515520535,0.4217218690898156,0.24563061003413442,0.4463217664537719,0.2702305073980908,0.39284548992785767,0.21714795087687996,0.377406591602394,0.2017090525514163,0.4353648521901511,0.25927359313447
5368,0.1760912590556812,0.5967913240859254,0.4215469037363245,0.6351093888336385,0.45901812977795736,0.5751780195270944,0.4047873494718871,0.6145371347428379,0.44414646468763064,0.6423908274909523,0.4744420003397485,0.6043240390961591,0.43637521194495543
5379,0.9542425094393248,0.6487968569816516,0.476106778371329,0.4995184263316451,0.5452895527750224,0.5119668403613385,0.5328411387453291,1.2037780771639661,1.0152395572670152,1.1572168423271474,1.011239749890772,1.6848453565091919,1.30016351972302
5383,0.4771212547196624,0.6433865814321632,0.3082219101946776,0.5645643675773722,0.23893867212714487,0.5732171904045713,0.24759149495434393,0.5485005942918997,0.271012389026685,0.5467833424861726,0.2727296408324119,0.521569982255408,0.2971913320710654
5384,0.4771212547196624,0.5878157108698229,0.3563715701522208,0.5315210459202511,0.2606192576535692,0.5536810415253338,0.31291794919618493,0.5017594464673849,0.29038085710643535,0.528324721996815,0.32114604523386603,0.49846832460018947,0.35065713226422535
5385,0.4771212547196624,0.6253349393460413,0.3174592926646512,0.5913476827146377,0.2588122400995653,0.6436515396235769,0.30203917003480324,0.624714783458052,0.303916159396977,0.6616597020361644,0.3738822721105337,0.5955302080168543,0.34674627210311304
5388,2.903089986991944,1.9033927166234033,0.999697270368541,1.78501261607791,1.118077370914034,1.664331717793963,1.2387582691979813,1.7050207894950993,1.1980691974968445,1.7213822180822849,1.1817077689096593,1.8202909351303962,1.0827990518615482
5396,1.255272505103306,2.435641498457695,1.180368993354389,2.2471267860781854,0.9918542809748793,2.284825901373774,1.0295533962704677,2.08567412483811,0.8304016197348041,2.092823233596736,0.8375507284934303,2.040925004385992,0.7856524992826862
5397,1.6812412373755872,2.4024112046334287,0.7492507333748161,2.3707278288428113,0.7100597603415479,2.3161559967917746,0.6554879282905114,2.195723397150659,0.5375259314132506,2.131931173490462,0.4737337077530529,2.09742290704729,0.4392254413098808
5401,0.7781512503836436,2.5016150301685505,1.7234637797849064,2.3081010221104794,1.5299497717268358,2.247429747619548,1.4692784972359045,2.143915400101844,1.3657641497182003,2.120030263259877,1.341879012876233,2.120030263259877,1.341879012876233
5404,3.3010299956639813,2.0498721203799337,1.2511578752840478,2.0030250308836552,1.2980049647803267,1.9401242675523467,1.3609057281116346,1.8858354502222703,1.4151945454417114,1.847905079777225,1.4531249158867563,1.847905079777225,1.4531249158867563
5405,3.3010299956639813,2.0611359565103617,1.2398940391536197,1.9642939578565162,1.3367360378074653,1.9566410754819343,1.344388920182047,1.935092021850025,1.3659379738139563,1.9599577692919703,1.3410722263720107,1.8622576646849438,1.4387723309790377
5413,1.6532125137753435,2.206461391036677,0.5719632785163408,2.1604408646565143,0.5259427521361781,2.1652867198401893,0.530788607319853,2.1188691418048515,0.48437102928451486,2.1129669508780657,0.478468838357729,2.0847235570697125,0.4502254445493758
5414,2.0791812460476247,2.217681784532217,0.2364244776700311,2.1427479502801448,0.15041856421003105,2.0635165398458613,0.2183648388397701,2.0900924038678705,0.15996346014724205,1.9655247788677492,0.1974083149087002,1.9737699048498325,0.15496028873690226
5417,1.1760912590556811,2.165576717734747,0.9894854586790658,2.1806380489928596,1.004546789937178,2.162569065282519,0.9864778062268371,2.136618380237992,0.9605271211823109,2.081831120371392,0.9057398613157108,2.068288140816125,0.8921968817604439
5418,1.1760912590556811,2.2413738335421227,1.0652825744864414,2.23725330925566,1.0611620501999783,2.192421529634692,1.016330270579011,2.1549916826086077,0.9789004235529264,2.078354821055003,0.9022635619993216,2.0476122815262086,0.8715210224705269
5419,1.1760912590556811,2.153406376274078,0.977315117218397,2.1057657075057064,0.9296744484500253,2.0981128251311243,0.9220215660754434,2.0760349771463678,0.8999437180906866,2.0112134223225584,0.8351221632668766,1.9779818233541615,0.8018905642984802
5421,3.6020599913279625,2.0857137425684558,1.5163462487595063,2.033820895584516,1.5682390957434464,2.0304610528742995,1.5715989384536626,2.1780798108393453,1.4239801804886172,2.338650729138114,1.2634092621898496,2.4886089048124607,1.1134510865155018
5422,3.6020599913279625,2.2773299635461632,1.3247300277817988,2.1581633970797127,1.4438965942482498,2.080408927134994,1.5216510641929684,2.1159867874759195,1.4860732038520428,2.0107334961949066,1.5913264951330555,2.0313656990867015,1.5706942922412608
5430,1.954242509439325,2.4725795745302697,0.5248384750909093,2.3613329845932762,0.4173566588296632,2.2855953359540258,0.36283173916299677,2.2309711171278055,0.3749249743450397,2.2156933087967987,0.3028875878394765,2.1439683771931026,0.29806593572067064
5431,2.380211241711606,2.1931955470279343,0.28751490188559786,2.1625810075619945,0.2607351186377122,2.161724552598331,0.34976294120169804,2.1962992510798456,0.48949577636051905,2.4147507658208713,0.4762020797895876,2.5561762929611573,0.4493941412460377
5435,1.4771212547196624,2.3623795541799235,0.8852582994602614,2.1721756417070286,0.6950543869873665,2.115044073774828,0.6634641319074681,2.1648294593081387,0.7067135331247745,2.203838457153173,0.7267172024335112,2.074645375650579,0.6167152749438409
5439,4.301029995663981,3.184679675130599,1.1163503205333822,3.184679675130599,1.116350320533382,3.184679675130599,1.1163503205333822,3.184679675130599,1.1163503205333822,3.184679675130599,1.1163503205333822,3.203530466238938,1.097499529425043
5447,2.6532125137753435,3.308100656725725,0.6548881429503813,3.308100656725725,0.6548881429503812,3.308100656725724,0.654888142950381,3.308100656725725,0.654888142950381,3.308100656725725,0.654888142950381,3.308100656725725,0.6548881429503812
5448,3.0791812460476247,3.2875366361682135,0.23588532685161448,3.2875366361682135,0.2358853268516145,3.2875366361682135,0.2358853268516142,3.2875366361682135,0.23588532685161434,3.2875366361682135,0.23588532685161442,3.2875366361682126,0.23588532685161426
5451,2.1760912590556813,3.345704548429377,1.1696132893736961,3.345704548429377,1.1696132893736961,3.345704548429377,1.1696132893736961,3.345704548429377,1.1696132893736961,3.345704548429377,1.1696132893736961,3.345704548429377,1.1696132893736961
5452,2.1760912590556813,3.3334774192682652,1.157386160212584,3.3334774192682652,1.1573861602125841,3.3334774192682652,1.157386160212584,3.3334774192682652,1.1573861602125841,3.3334774192682652,1.157386160212584,3.3334774192682652,1.157386160212584
5453,2.1760912590556813,3.318747209306276,1.142655950250595,3.318747209306276,1.1426559502505953,3.318747209306276,1.142655950250595,3.318747209306276,1.1426559502505949,3.318747209306276,1.142655950250595,3.318747209306276,1.142655950250595
5455,4.6020599913279625,3.219137680242421,1.3829223110855415,3.219137680242421,1.3829223110855415,3.219137680242421,1.3829223110855415,3.219137680242421,1.3829223110855415,3.219137680242421,1.3829223110855413,3.219137680242421,1.3829223110855415
5456,4.6020599913279625,3.237409783202364,1.3646502081255985,3.237409783202364,1.3646502081255985,3.237409783202364,1.3646502081255985,3.237409783202364,1.3646502081255985,3.237409783202364,1.3646502081255985,3.237409783202364,1.3646502081255985
5464,2.9542425094393248,3.254550904249205,0.31534445788007637,3.254550904249205,0.3153444578800765,3.254550904249205,0.3153444578800765,3.254550904249205,0.31534445788007637,3.254550904249206,0.31534445788007637,3.254550904249206,0.3153444578800764
5465,3.380211241711606,3.2379808779298456,0.14922910525310795,3.2379808779298456,0.14922910525310795,3.2379808779298456,0.1492291052531079,3.2379808779298456,0.14922910525310787,3.2379808779298456,0.1492291052531079,3.2379808779298456,0.14922910525310779
5468,2.4771212547196626,3.337097432303706,0.8599761775840438,3.337097432303706,0.8599761775840437,3.337097432303706,0.8599761775840434,3.337097432303706,0.8599761775840434,3.337097432303706,0.8599761775840437,3.337097432303706,0.8599761775840437
5469,2.4771212547196626,3.3137142685891803,0.8365930138695177,3.3137142685891803,0.8365930138695177,3.3137142685891803,0.8365930138695177,3.3137142685891803,0.8365930138695177,3.3137142685891803,0.8365930138695175,3.3137142685891803,0.8365930138695177
5470,2.4771212547196626,3.2922409793727736,0.8151197246531117,3.2922409793727736,0.8151197246531117,3.2922409793727736,0.8151197246531116,3.2922409793727736,0.8151197246531117,3.2922409793727736,0.8151197246531117,3.2922409793727736,0.8151197246531117
5472,3.397940008672037,3.41918117931154,0.03572198843107368,3.424204149829552,0.06590601555263069,3.424204149829552,0.06590601555263068,3.424204149829552,0.06590601555263072,3.424204149829552,0.06590601555263072,3.424204149829552,0.06590601555263068
5475,3.795880017344075,3.4168554114586174,0.3790246058854576,3.429179302965627,0.36670071437844787,3.4291793029656277,0.36670071437844787,3.4291793029656277,0.36670071437844803,3.4291793029656277,0.36670071437844787,3.4291793029656277,0.36670071437844787
5481,3.7166987712964494,3.408227151848128,0.308471619448322,3.4056157925404245,0.31108297875602553,3.4056157925404245,0.3110829787560253,3.4056157925404245,0.3110829787560253,3.4056157925404245,0.3110829787560254,3.4056157925404245,0.3110829787560253
5486,3.795880017344075,3.4022126677993483,0.3936673495447271,3.422196131905957,0.37368388543811887,3.422196131905957,0.37368388543811887,3.422196131905957,0.37368388543811887,3.422196131905957,0.37368388543811887,3.422196131905957,0.37368388543811887
5487,2.619788758288394,2.073378335145354,0.6094174118433249,2.0995878571855733,0.5887153749829752,2.0995878571855733,0.5887153749829752,2.099587857185573,0.5887153749829752,2.0995878571855733,0.5887153749829752,2.0995878571855733,0.5887153749829752
5489,3.3010299956639813,3.4317510052960656,0.13072100963208394,3.4468198334881253,0.14578983782414395,3.4468198334881253,0.14578983782414398,3.4468198334881253,0.14578983782414404,3.4468198334881253,0.14578983782414395,3.4468198334881253,0.14578983782414393
5490,3.9208187539523753,3.396245411793516,0.5245733421588602,3.441446223180143,0.47937253077223285,3.441446223180143,0.47937253077223296,3.441446223180143,0.47937253077223285,3.441446223180143,0.4793725307722328,3.441446223180143,0.47937253077223296
5491,3.795880017344075,3.4236901543047105,0.37218986303936463,3.370029862925697,0.42585015441837737,3.3700298629256977,0.42585015441837726,3.370029862925697,0.42585015441837737,3.366613427737692,0.42926658960638253,3.366613427737692,0.4292665896063827
5492,3.795880017344075,3.418396690428646,0.37748332691542946,3.367383428193473,0.4284965891506019,3.367383428193474,0.4284965891506018,3.36603502023613,0.42984499710794494,3.362618585048125,0.4332614322959502,3.362618585048124,0.43326143229595016
5493,3.397940008672037,3.4203362222963634,0.03800172520774585,3.41771919757545,0.06682069466267926,3.41771919757545,0.0668206946626793,3.41771919757545,0.06682069466267923,3.4143027623874453,0.06340425947467392,3.4143027623874453,0.06340425947467396
5494,3.397940008672037,3.4135041013964034,0.03860061994680601,3.4749537885079547,0.10230427402701565,3.4749537885079547,0.10230427402701567,3.4749537885079547,0.10230427402701565,3.4749537885079547,0.10230427402701556,3.4749537885079547,0.10230427402701556
5495,3.397940008672037,3.408143429060883,0.0354270407298124,3.4652530774057633,0.08784746981913671,3.4652530774057624,0.08784746981913663,3.4652530774057624,0.08784746981913669,3.4652530774057624,0.08784746981913664,3.4652530774057624,0.08784746981913669
5496,3.397940008672037,3.19021163909902,0.22180522828392296,3.3484183351071044,0.15506265866956684,3.3549860746274596,0.16163039818992272,3.3549860746274596,0.16163039818992278,3.366987721182914,0.16866077632558915,3.354218904984119,0.16408029823014086
5497,3.2218487496163566,3.366655740775143,0.21731670802487651,3.3876190349952244,0.23828000224495752,3.3876190349952244,0.2382800022449576,3.3862706270378817,0.23693159428761454,3.3862706270378817,0.23693159428761454,3.3862706270378817,0.23693159428761454
5498,3.397940008672037,3.4125034444604303,0.028285831457796083,3.4482326872224727,0.075294341186623,3.4482326872224727,0.07529434118662306,3.4482326872224727,0.07529434118662304,3.4482326872224727,0.07529434118662306,3.4482326872224727,0.07529434118662295
5500,2.619788758288394,3.426895308416623,0.8071065501282286,3.402168552139026,0.7823797938506313,3.402168552139026,0.7823797938506313,3.402168552139026,0.7823797938506313,3.4021685521390252,0.7823797938506313,3.402168552139026,0.7823797938506313
5503,4.8750612633917,3.386933341414218,1.4881279219774821,3.3966774978876315,1.478383765504069,3.3966774978876315,1.478383765504069,3.3966774978876315,1.4783837655040692,3.3966774978876315,1.4783837655040688,3.3966774978876315,1.478383765504069
5504,3.397940008672037,3.4212659158901593,0.03858576983297135,3.430163475655294,0.07004587325921907,3.430163475655294,0.07004587325921904,3.430163475655294,0.07004587325921903,3.4267470404672893,0.06662943807121371,3.4267470404672893,0.06662943807121376
5505,3.397940008672037,3.4232202307326327,0.029026010583835516,3.4546657059664923,0.07673414933437164,3.4546657059664923,0.07673414933437164,3.453317298009149,0.07744368784748219,3.4499008628211443,0.07402725265947685,3.4499008628211443,0.0740272526594767
5506,3.397940008672037,3.432601161731243,0.03630120357710729,3.4431871940862337,0.07268648979769157,3.443187194086234,0.07268648979769159,3.4418387861288906,0.07339602831080194,3.4418387861288906,0.07339602831080194,3.4418387861288906,0.07339602831080201
5507,3.397940008672037,3.423263509863662,0.039937835710599744,3.4406258521721815,0.06749292242427893,3.4406258521721815,0.06749292242427896,3.4406258521721815,0.06749292242427907,3.4406258521721815,0.06749292242427882,3.4406258521721815,0.06749292242427893
5508,3.397940008672037,3.42535992315234,0.03578708855261623,3.439339489011874,0.060385260082718474,3.439339489011874,0.060385260082718516,3.439339489011874,0.060385260082718516,3.435923053823869,0.05696882489471311,3.435923053823869,0.05696882489471307
5509,3.397940008672037,3.4101011588182124,0.02675277049431892,3.393794677673204,0.07305750596360405,3.393794677673204,0.0730575059636041,3.393794677673204,0.07305750596360401,3.393794677673204,0.07305750596360408,3.393794677673204,0.07305750596360397
5510,3.397940008672037,3.429209161752182,0.039994984325652336,3.383744487975391,0.10264637931126952,3.383744487975391,0.10264637931126959,3.383744487975391,0.1026463793112696,3.380328052787385,0.09922994412326429,3.380328052787385,0.09922994412326427
5512,1.7708520116421442,3.4421495652268925,1.6712975535847487,3.5140106722191526,1.7431586605770086,3.5140106722191526,1.7431586605770089,3.5140106722191526,1.7431586605770089,3.5105942370311474,1.7397422253890036,3.510594237031147,1.7397422253890038
5515,3.397940008672037,3.4192909495558035,0.03949936313187021,3.471825262003655,0.09573196709407525,3.471825262003656,0.09573196709407542,3.471825262003656,0.09573196709407536,3.471825262003656,0.09573196709407528,3.471825262003656,0.09573196709407525
5516,3.795880017344075,3.4163306462278995,0.37954937111617565,3.432488958762793,0.3633910585812824,3.432488958762793,0.36339105858128234,3.432488958762793,0.3633910585812824,3.432488958762793,0.36339105858128234,3.432488958762793,0.3633910585812824
5517,3.795880017344075,3.414851058290163,0.38102895905391204,3.4486149899919427,0.3472650273521328,3.4486149899919427,0.3472650273521329,3.4486149899919427,0.3472650273521328,3.4486149899919427,0.3472650273521328,3.4486149899919427,0.3472650273521329
5519,3.733732110595231,3.40740084216132,0.3263312684339108,3.444545928560424,0.28918618203480817,3.444545928560423,0.28918618203480817,3.4431975206030807,0.2905345899921512,3.44319752060308,0.29053458999215126,3.44319752060308,0.2905345899921511
5521,3.795880017344075,3.4228390241682876,0.3730409931757877,3.3825000477335663,0.4133799696105081,3.3825000477335663,0.41337996961050827,3.382500047733566,0.41337996961050816,3.3790836125455606,0.41679640479851343,3.3790836125455606,0.41679640479851354
5525,4.096910013008056,3.4035781649951256,0.6933318480129309,3.4283940695314437,0.6685159434766131,3.4283940695314437,0.6685159434766133,3.4283940695314437,0.6685159434766133,3.4283940695314437,0.6685159434766133,3.4283940695314437,0.6685159434766134
5526,3.765916793966632,3.407718402458392,0.35819839150823995,3.360447633124162,0.4054691608424707,3.360447633124162,0.4054691608424707,3.360447633124162,0.4054691608424707,3.360447633124162,0.4054691608424707,3.360447633124162,0.4054691608424707
5536,3.397940008672037,3.424859812716437,0.04216442678424166,3.365758892332944,0.08957646097177971,3.365758892332944,0.08957646097177965,3.365758892332944,0.08957646097177978,3.365758892332944,0.0895764609717796,3.365758892332944,0.08957646097177965
5539,3.795880017344075,3.4137531546544544,0.38212686268962043,3.4318569841716444,0.36402303317243034,3.4318569841716453,0.36402303317243023,3.4318569841716444,0.36402303317243034,3.4318569841716444,0.36402303317243034,3.4318569841716444,0.36402303317243023
5540,3.9208187539523753,3.4208316700637993,0.49998708388857593,3.3761369863959096,0.544681767556466,3.3761369863959096,0.5446817675564659,3.3761369863959096,0.5446817675564658,3.372720551207904,0.5480982027444713,3.372720551207904,0.5480982027444713
5547,3.9208187539523753,3.396895135673038,0.5239236182793376,3.4194364894846565,0.5013822644677187,3.4194364894846574,0.5013822644677187,3.4194364894846565,0.5013822644677187,3.4194364894846565,0.5013822644677187,3.4194364894846565,0.5013822644677187
5549,3.619788758288394,3.4078129414441514,0.21197581684424255,3.4690312872972475,0.15240064832005357,3.4690312872972475,0.15240064832005368,3.4690312872972475,0.15240064832005362,3.4690312872972475,0.15240064832005354,3.4690312872972475,0.1524006483200536
5550,3.795880017344075,3.407214631631998,0.3886653857120764,3.405824128567354,0.39005588877672137,3.405824128567353,0.3900558887767214,3.405824128567354,0.3900558887767215,3.405824128567354,0.39005588877672137,3.405824128567354,0.3900558887767215
5552,3.795880017344075,3.40459460804244,0.3912854093016347,3.4398884157450014,0.3559916015990738,3.4398884157450014,0.3559916015990738,3.4398884157450014,0.3559916015990738,3.4398884157450014,0.3559916015990737,3.4398884157450014,0.3559916015990737
5555,1.661181443446619,3.4595309978645377,1.7983495544179189,3.4909070736197405,1.829725630173121,3.4909070736197405,1.829725630173121,3.4909070736197405,1.829725630173121,3.500473092146156,1.8392916486995357,3.500473092146156,1.8392916486995357
5558,2.920818753952376,3.4217403494300505,0.5009215954776745,3.4155716182093,0.4947528642569242,3.4155716182093,0.49475286425692444,3.4155716182093,0.49475286425692444,3.4121551830212944,0.49133642906891895,3.4121551830212953,0.49133642906891895
5559,2.765916793966632,3.430417660554549,0.664500866587918,3.4585530403203313,0.6926362463536991,3.458553040320331,0.6926362463536992,3.458553040320331,0.6926362463536991,3.4551366051323256,0.6892198111656939,3.4551366051323256,0.6892198111656939
5561,3.397940008672037,3.4074506495157193,0.031151007356209105,3.376318841165857,0.09235009706934598,3.376318841165857,0.09235009706934598,3.376318841165857,0.09235009706934598,3.3763188411658573,0.09235009706934597,3.3763188411658573,0.09235009706934594
5563,3.6989700043360174,2.673477573969116,1.0254924303669015,2.6971163819709933,1.0018536223650236,2.6638191370171156,1.0351508673189014,2.6713268918803976,1.0276431124556198,2.648233729191435,1.0507362751445821,2.61653819182497,1.082431812511048
5568,2.6989700043360187,3.432500325158415,0.7335303208223967,3.397462824910884,0.6984928205748645,3.397462824910884,0.6984928205748645,3.397462824910884,0.6984928205748645,3.397462824910883,0.6984928205748645,3.397462824910884,0.6984928205748645
5569,3.397940008672037,3.43089509950945,0.03834738317251141,3.4189468916397474,0.0624972487531241,3.418946891639748,0.062497248753124235,3.417598483682405,0.06320678726623452,3.417598483682405,0.06320678726623455,3.4175984836824043,0.0632067872662345
5571,3.795880017344075,3.417113570139546,0.3787664472045291,3.437527408967753,0.3583526083763225,3.437527408967753,0.35835260837632243,3.437527408967753,0.35835260837632243,3.437527408967753,0.35835260837632243,3.437527408967753,0.3583526083763223
5574,3.397940008672037,3.4198133844183567,0.03952118712464794,3.454558040705172,0.08779850451665938,3.454558040705172,0.08779850451665949,3.454558040705172,0.08779850451665942,3.454558040705172,0.08779850451665945,3.454558040705172,0.08779850451665952
5576,3.397940008672037,3.4138838498924002,0.029825566325019447,3.4311089825439183,0.048623497265506764,3.431108982543919,0.048623497265506764,3.429760574586576,0.04933303577861716,3.429760574586576,0.04933303577861714,3.429760574586575,0.04933303577861705
5579,3.397940008672037,3.4236949921942483,0.03471785034554138,3.4549195640643164,0.07608063818817819,3.4549195640643164,0.07608063818817812,3.4549195640643164,0.07608063818817819,3.451503128876311,0.07266420300017284,3.451503128876311,0.07266420300017293
5819,-0.2218487496163564,1.425631175900682,1.6474799255170378,1.4530679618384479,1.6749167114548045,1.4546899294149367,1.676538679031293,1.4610750507900605,1.6829238004064169,1.4667721635326867,1.6886209131490433,1.3284238563666189,1.5502726059829752
5821,1.4771212547196624,1.2274902612645922,0.3707022430187371,1.176419996149336,0.44223516604194596,1.182714255233213,0.4359409069580689,1.1788106388348538,0.43984452335642815,1.154738987216699,0.46391617497458276,1.0787622394595477,0.46396802708711204
5823,2.255272505103306,2.589641649466222,0.8312835509382058,2.2755307251280947,0.752550199823356,2.2773558530636167,0.6762805444012697,1.9972919666253783,0.6622962572653582,2.028319281484193,0.6323907101533319,2.018021104667785,0.5892327293019969
5824,2.4771212547196626,2.713819203988863,0.6014513329750375,2.5839015680300017,0.49234397303847055,2.509504932997563,0.4846961937177454,2.297546229193116,0.3973508666706742,2.155718829247274,0.474206676744443,2.1569836077125912,0.405879403964511
5825,2.7781512503836434,2.604874208126379,0.5369052036027855,2.480882170989093,0.6087848905598479,2.420865678566307,0.6162022283058924,2.3355942198461603,0.6096525310365353,2.2859222926512763,0.5614900454997367,2.2515566419233455,0.5265946084602973
5827,3.4771212547196626,2.678808721158969,0.7983125335606936,2.7305970238872637,0.746524230832399,2.7576252801089374,0.7194959746107255,2.7576252801089374,0.7194959746107252,2.6955013360965268,0.781619918623136,2.7576252801089374,0.7194959746107255
5828,-2.0457574905606752,0.7332062987705033,2.7789637893311787,0.7332062987705031,2.7789637893311787,0.7332062987705033,2.7789637893311787,0.7332062987705033,2.7789637893311787,0.7332062987705033,2.7789637893311787,0.7332062987705033,2.7789637893311787
5829,-1.0457574905606752,0.5453283746716744,1.5910858652323498,0.5453283746716744,1.5910858652323498,0.5453283746716743,1.5910858652323496,0.5453283746716744,1.5910858652323498,0.5453283746716744,1.5910858652323498,0.5453283746716743,1.5910858652323496
5830,-0.3467874862246563,0.7180955141895098,1.064883000414166,0.7176917224686429,1.064479208693299,0.7176917224686429,1.064479208693299,0.7176917224686429,1.064479208693299,0.7176917224686429,1.064479208693299,0.7176917224686429,1.064479208693299
5831,-0.0457574905606751,0.6454511557913695,0.6912086463520446,0.6454511557913695,0.6912086463520445,0.6454511557913694,0.6912086463520445,0.6454511557913694,0.6912086463520446,0.6454511557913694,0.6912086463520445,0.6454511557913695,0.6912086463520445
5832,0.4313637641589873,0.6007801371888293,0.2671085898039635,0.6007801371888294,0.26710858980396346,0.6007801371888293,0.2671085898039635,0.6007801371888294,0.26710858980396346,0.6007801371888294,0.2671085898039635,0.6007801371888293,0.26710858980396346
5834,0.9542425094393248,1.5205990301771406,1.0488781610157836,1.5234485442558836,1.0517276750945268,1.5234485442558838,1.0517276750945268,1.5234485442558838,1.0517276750945268,1.5234485442558838,1.0517276750945268,1.5234485442558838,1.0517276750945268
5836,1.6532125137753435,1.4496322325077187,0.8638352815045607,1.4872429800673888,0.9014460290642308,1.4872429800673888,0.9014460290642308,1.4872429800673888,0.9014460290642307,1.4872429800673888,0.9014460290642307,1.4872429800673888,0.9014460290642308
5891,1.619788758288394,2.0753781109370317,0.7140423225996722,1.819544214683073,0.6315053866025481,1.7681669362507122,0.613102048036514,1.7532552050260688,0.5416358897739891,1.8110738090807632,0.5476951037649983,1.7194368838807712,0.5019892672222304
5892,1.619788758288394,2.047832750837558,0.5938648858136433,1.8884617083378938,0.578376709754878,1.898814385452667,0.5709905399894499,1.83543006123906,0.5477072537996734,1.9102904460357277,0.5403589507994546,1.8535809772250462,0.5166234218550996
5893,2.199572354905204,2.613653286635458,0.5101987367214766,2.4033856363909485,0.373500391284285,2.2678011438653045,0.39928557947531973,2.256871075885257,0.3313973924674351,2.19185591658555,0.3964125517671424,2.200144738600195,0.3556954032939238
5894,2.4771212547196626,2.899689483188209,0.5319781999712914,2.6377222794973703,0.3743609657698983,2.550594362411432,0.37944446850267366,2.5318754168551214,0.3229560342352503,2.539023464851816,0.34706647611348124,2.4417361819181322,0.3216894702274513
5895,2.7533276666586115,2.7264781266975078,0.45514803469925075,2.464462550088631,0.5430036231534888,2.462692557114112,0.544773616128008,2.379482555038844,0.5311732767379322,2.376866235822285,0.5337895959544916,2.2583502126786863,0.5789371201721825
5896,3.028028723600244,2.7865182937937663,0.4124785945706848,2.7865182937937663,0.41247859457068464,2.7865182937937663,0.4124785945706847,2.7865182937937663,0.4124785945706847,2.7865182937937663,0.4124785945706849,2.7865182937937663,0.4124785945706847
5897,3.2430380486862944,2.6377463540716968,0.6220063408041623,2.6377463540716968,0.6220063408041623,2.6377463540716968,0.6220063408041624,2.6377463540716968,0.6220063408041623,2.6377463540716968,0.6220063408041624,2.6377463540716968,0.6220063408041624
5898,3.40936947045282,2.786041846209934,0.6271168990587426,2.7860418462099337,0.6271168990587428,2.7761406078681174,0.6370181374005595,2.785659554271373,0.6274991909973033,2.7808927959991037,0.6322659492695724,2.7907940343409203,0.6223647109277557
5925,0.255272505103306,1.2723830784201902,1.0171105733168844,1.313821740506075,1.058549235402769,1.368585458564875,1.1133129534615687,1.3383847844891132,1.0831122793858075,1.358922365861386,1.1036498607580802,1.3600311945976553,1.1047586894943495
5926,0.5563025007672873,1.2723345717356098,0.7160320709683223,1.3405766003344242,0.784274099567137,1.3422407511324408,0.7859382503651535,1.2996791852892235,0.7433766845219363,1.3304884307936922,0.774185930026405,1.3378116676822578,0.7815091669149707
5927,1.0334237554869496,1.998306662532101,0.9648829070451518,2.013716601043993,0.9802928455570431,2.00284891574659,0.9694251602596404,1.9639797386370315,0.9305559831500823,1.9849089234964357,0.951485168009486,2.0032271503870684,0.9698033949001189
5928,1.255272505103306,2.0410430560564996,0.7857705509531933,2.037003796176905,0.7817312910735992,2.002759155486046,0.7474866503827398,2.04416329415434,0.7888907890510338,2.0628293858621465,0.8075568807588402,2.049081789323048,0.7938092842197417
5929,1.5563025007672873,2.2875310109697833,0.7312285102024965,2.173788479448981,0.6483063247124441,2.1822737959975003,0.6567916412609633,2.1927914648533813,0.6673093101168448,2.208351191048576,0.6828690363120391,2.2834014201678197,0.7496385402167023
5930,2.03342375548695,2.9486659911363167,0.9152422356493666,2.9486659911363167,0.9152422356493665,2.9486659911363167,0.9152422356493665,2.9486659911363167,0.9152422356493665,2.9486659911363167,0.9152422356493665,2.9486659911363167,0.9152422356493665
5931,2.255272505103306,2.9153636214277983,0.660091116324492,2.915363621427798,0.6600911163244918,2.9153636214277983,0.660091116324492,2.9153636214277983,0.660091116324492,2.9153636214277983,0.660091116324492,2.915363621427798,0.660091116324492
5998,1.619788758288394,2.5252831522474017,0.9054943939590071,2.39731895455738,0.7897087385964731,2.3942144016821287,0.7866041857212224,2.4077659754454506,0.7879772171570563,2.4294028169527833,0.809614058664389,2.374697623174953,0.7549088648865586
5999,1.9208187539523751,2.4396348984250933,0.5512536932079551,2.23073644317805,0.44531168721202363,2.210891272215134,0.4172115303629488,2.195406529561399,0.4017267877092139,2.190543951010269,0.3968642091580842,2.195984300693555,0.40230455884136973
6020,1.334453751150931,2.310576068289457,1.0184380556748376,2.310576068289457,1.0184380556748376,2.3105760682894565,1.0184380556748376,2.310576068289457,1.0184380556748371,2.310576068289457,1.0184380556748374,2.310576068289457,1.0184380556748376
6021,1.6354837468149122,2.2800324287061295,0.8028234220820922,2.2800324287061287,0.8028234220820923,2.2800324287061295,0.8028234220820922,2.2800324287061287,0.8028234220820922,2.2800324287061295,0.8028234220820922,2.2800324287061295,0.8028234220820922
6023,2.3344537511509307,2.039282731482929,0.6599506364180174,2.039282731482929,0.6599506364180174,2.039282731482929,0.6599506364180174,2.039282731482929,0.6599506364180174,2.039282731482929,0.6599506364180172,2.039282731482929,0.6599506364180174
6024,2.635483746814912,2.070742419803184,0.6299038981135852,2.0707424198031834,0.6299038981135849,2.070742419803184,0.629903898113585,2.0707424198031834,0.629903898113585,2.070742419803184,0.6299038981135852,2.070742419803184,0.6299038981135852
6025,3.03342375548695,2.000903915987652,1.0325198394992978,2.000903915987652,1.0325198394992978,2.000903915987652,1.0325198394992978,2.000903915987652,1.0325198394992978,2.000903915987652,1.0325198394992976,2.000903915987652,1.0325198394992978
6026,3.3344537511509307,2.855204606759713,0.47924914439121746,2.8885032993088133,0.485436621796569,2.8885032993088138,0.4854366217965689,2.8885032993088133,0.485436621796569,2.8885032993088138,0.485436621796569,2.8885032993088138,0.485436621796569
6028,4.033423755486949,3.1779507514548078,0.8554730040321417,3.1922881338470717,0.841135621639878,3.1922881338470717,0.841135621639878,3.1922881338470717,0.841135621639878,3.192288133847072,0.841135621639878,3.192288133847072,0.841135621639878
6030,0.7323937598229685,2.1802406175451403,1.447846857722172,2.1802406175451403,1.4478468577221717,2.1802406175451403,1.4478468577221717,2.1802406175451403,1.4478468577221715,2.1802406175451403,1.4478468577221717,2.1802406175451403,1.4478468577221721
6031,1.0334237554869496,2.0249860193754667,0.9983398967957132,2.0249860193754667,0.9983398967957132,2.0249860193754667,0.9983398967957132,2.0249860193754667,0.9983398967957132,2.0249860193754667,0.9983398967957132,2.0249860193754667,0.9983398967957132
6033,1.7323937598229686,1.896869229635683,0.5594833409505118,1.896869229635683,0.5594833409505116,1.8968692296356828,0.5594833409505116,1.8968692296356828,0.5594833409505116,1.8968692296356828,0.5594833409505116,1.896869229635683,0.5594833409505116
6034,2.03342375548695,1.849243090333405,0.4290004428328885,1.8492430903334047,0.4290004428328885,1.8492430903334047,0.4290004428328884,1.8376815007962382,0.41743885329572183,1.8376815007962382,0.4174388532957217,1.8376815007962382,0.4174388532957217
6035,2.431363764158988,2.4501112457072542,0.776908957156335,2.367018493354122,0.8600017095094679,2.367018493354122,0.8600017095094676,2.367018493354122,0.8600017095094676,2.3670184933541214,0.8600017095094676,2.367018493354122,0.8600017095094676
6036,2.7323937598229686,3.0297333861275026,0.45551397994089343,3.061523051676598,0.48730364548998895,3.0615230516765988,0.4873036454899887,3.061523051676598,0.4873036454899887,3.0615230516765988,0.48730364548998895,3.0615230516765988,0.48730364548998895
6037,3.03342375548695,3.175554002056795,0.251771919423982,3.1959238173784716,0.27214173474565806,3.1959238173784716,0.27214173474565795,3.1959238173784708,0.2721417347456581,3.1959238173784716,0.27214173474565795,3.1959238173784716,0.272141734745658
6038,3.431363764158988,3.207003535464807,0.24622440539011273,3.175590775478995,0.29713087518752124,3.175590775478995,0.2971308751875211,3.175590775478995,0.297130875187521,3.175590775478995,0.2971308751875211,3.175590775478995,0.2971308751875211
6039,3.7323937598229686,3.1607284770334685,0.5716652827895006,3.1628050190363615,0.569588740786607,3.1628050190363615,0.569588740786607,3.1628050190363615,0.5695887407866073,3.1628050190363615,0.5695887407866073,3.1628050190363615,0.5695887407866069
6040,0.7323937598229685,1.9582599392294384,1.2258661794064698,1.9429960933768153,1.210602333553847,1.9429960933768153,1.2106023335538467,1.9429960933768153,1.210602333553847,1.9429960933768153,1.2106023335538467,1.9429960933768151,1.2106023335538467
6041,1.0334237554869496,1.7236684582060389,0.8307781312661208,1.7231911149661179,0.8303007880261998,1.7231911149661179,0.8303007880261998,1.7231911149661179,0.8303007880261998,1.7231911149661179,0.8303007880261998,1.7231911149661177,0.8303007880261998
6042,1.4313637641589874,1.5545986343999525,0.6155059866017346,1.5404004016969615,0.6013077538987435,1.5404004016969615,0.6013077538987435,1.5404004016969615,0.6013077538987434,1.5404004016969615,0.6013077538987435,1.5404004016969615,0.6013077538987435
6045,2.431363764158988,2.257484863908478,0.870947510078975,2.2872253759045025,0.9006880220749993,2.2872253759045025,0.900688022074999,2.2872253759045025,0.9006880220749991,2.2872253759045025,0.9006880220749993,2.2872253759045025,0.9006880220749991
6046,2.7323937598229686,2.7507416128433313,0.7751231080670546,2.79398263123836,0.8174073710545757,2.79398263123836,0.817407371054576,2.79398263123836,0.8174073710545757,2.79398263123836,0.817407371054576,2.7939826312383595,0.817407371054576
6047,3.03342375548695,2.970947314312157,0.41797692495011685,3.0253209579095612,0.4438312784177351,3.0253209579095617,0.44383127841773495,3.0253209579095612,0.44383127841773506,3.0253209579095612,0.44383127841773523,3.0253209579095617,0.44383127841773506
6049,3.7323937598229686,3.052018790566657,0.6803749692563116,3.092839241603403,0.6395545182195654,3.134947579595223,0.5974461802277461,3.134947579595223,0.5974461802277461,3.0928392416034036,0.6395545182195654,3.0928392416034036,0.6395545182195654
6050,2.9542425094393248,2.8791289730957743,0.16994051396905063,2.9415181112594064,0.22243527299348273,2.9235591647440033,0.2240513735654782,2.9300932045257033,0.23596765578093576,2.935330607517025,0.2207734721423466,2.9331116181595744,0.22299246149979726
6051,3.255272505103306,2.9596991486400777,0.30746003511268327,3.0000198225568853,0.29253296496304,2.984637630445519,0.3079151570744056,2.985795136126904,0.30675765139302136,3.0605140564875137,0.273125469072128,3.1185161408084547,0.23049224178825645
6052,3.4771212547196626,2.8650214765946678,0.6120997781249945,2.9069236270906127,0.5701976276290496,2.885513870937417,0.5916073837822451,2.9838300374957476,0.5088398086328445,2.9756216286591317,0.5170482174694606,3.0076561904268315,0.4850136557017608
6053,3.7781512503836434,2.63568925576376,1.142461994619883,2.65116915247403,1.1269820979096128,2.7041788126964716,1.0739724376871709,2.750406396573891,1.027744853809752,2.752406215852099,1.0257450345315444,2.8537415711330896,0.9244096792505531
6055,3.255272505103306,2.535291486739765,0.719981018363541,2.7559708647034467,0.5196180692080701,2.774043117015937,0.5015458168955795,2.805146684159468,0.4782237049514316,2.883000843633166,0.46408304495043395,2.9080504834941534,0.4390334050894463
6056,3.4771212547196626,2.481030449897011,0.9960908048226521,2.839188779117422,0.6450716462087391,2.8832763913657278,0.6097132587189902,3.0494863757047055,0.4842529061729663,3.081265547367761,0.4556409843518156,3.1076318820244295,0.4292746496951472
6057,3.7781512503836434,2.4180978732607135,1.3600533771229304,2.6874078324996087,1.0907434178840347,2.692169763115439,1.085981487268204,2.760682015284435,1.0174692350992078,2.849872059028268,0.9282791913553752,2.9485244236858863,0.829626826697757
6058,2.9542425094393248,2.4509374425008295,0.5330484559642191,2.6973439291878196,0.4008993602623617,2.7326646927318667,0.40443809620344284,2.8280439616251067,0.30905882731020295,2.8733835323800756,0.263719256555234,2.8469068341335415,0.2757927408617625
6059,3.255272505103306,2.485176591119966,0.7700959139833403,2.811289592924299,0.4643982400489229,2.845358101475375,0.4303297314978466,2.9076197676092317,0.3680680653639903,2.9268719014688225,0.3488159315043992,2.9331911620158584,0.3551351920514351
6060,3.4771212547196626,2.4532577384211507,1.0238635162985124,2.86520376220248,0.6119174925171835,2.875201276715639,0.6019199780040239,2.892490504555242,0.5846307501644208,2.887429038944872,0.5896922157747909,3.0110095974480027,0.46611165727165993
6061,3.7781512503836434,2.406238634088669,1.3719126162949749,2.4622564641962255,1.3158947861874182,2.502089610483125,1.2760616399005187,2.6386647004921793,1.1501331821180205,2.80238539459167,0.9967456754823782,2.80238539459167,0.9967456754823779
6062,3.845098040014257,2.9400213529740116,0.9050766870402457,2.906911186100933,0.938186853913324,2.917584739310956,0.927513300703301,2.8838638903688394,0.9612341496454176,2.9097924855903163,0.9353055544239408,2.894796172384094,0.9503018676301631
6064,4.544068044350276,2.814088458287515,1.7299795860627605,2.8188968254861084,1.7251712188641677,2.809841066143492,1.7342269782067834,2.809841066143492,1.7342269782067834,2.7882378544919906,1.755830189858285,2.787160965182286,1.7569070791679895
6110,-0.2218487496163564,0.579940449608362,0.8017891992247185,0.579940449608362,0.8017891992247185,0.579940449608362,0.8017891992247185,0.579940449608362,0.8017891992247185,0.579940449608362,0.8017891992247185,0.579940449608362,0.8017891992247185
6111,0.0791812460476248,0.5768733531640899,0.4976921071164654,0.5768733531640899,0.49769210711646544,0.5768733531640899,0.4976921071164653,0.5768733531640898,0.49769210711646544,0.57687335316409,0.49769210711646544,0.5768733531640899,0.49769210711646544
6113,0.7781512503836436,1.8246023026493614,1.2186359272273535,1.7591319732742154,1.153165597852207,1.7591319732742154,1.153165597852207,1.7591319732742154,1.1531655978522073,1.7591319732742154,1.153165597852207,1.7591319732742154,1.1531655978522073
6118,0.9030899869919436,0.44283814382770953,0.47770538873879775,0.44283814382770964,0.4777053887387977,0.44283814382770953,0.47770538873879775,0.44283814382770964,0.4777053887387977,0.4428381438277097,0.47770538873879775,0.44283814382770953,0.47770538873879775
6119,1.2041199826559248,0.6718598740668347,0.6316472833425155,0.6491209468327765,0.6089083561084571,0.6491209468327765,0.608908356108457,0.6491209468327765,0.6089083561084572,0.6491209468327765,0.6089083561084572,0.6491209468327765,0.6089083561084572
6120,1.6020599913279625,1.0430221700021847,0.988267050791565,1.0248337879910736,0.9784918733432061,1.0248337879910736,0.9784918733432061,1.0248337879910736,0.9784918733432061,1.0248337879910738,0.9784918733432063,1.0248337879910736,0.9784918733432061
6121,1.9030899869919435,1.419906867333014,0.9830017863258339,1.3971679400989556,0.9987790632209258,1.3971679400989558,0.9987790632209258,1.3971679400989558,0.9987790632209258,1.3971679400989558,0.9987790632209258,1.3971679400989558,0.9987790632209258
6122,0.7297046213121873,2.5806659313757736,1.8509613100635864,2.584646895539855,1.8549422742276676,2.584646895539855,1.8549422742276676,2.5842646036012935,1.8545599822891066,2.591222923820702,1.861518302508515,2.591222923820702,1.861518302508515
6124,1.2068258760318495,2.5588578883655484,1.3520320123336989,2.558857888365549,1.3520320123336989,2.558857888365549,1.3520320123336986,2.558857888365549,1.3520320123336989,2.558857888365549,1.3520320123336989,2.557898750194751,1.3510728741629008
6126,1.574802661326444,2.376042731685076,0.8315790239812155,2.360941328902003,0.8466804267642889,2.360941328902003,0.8466804267642889,2.360941328902003,0.8466804267642889,2.360941328902003,0.8466804267642889,2.360941328902003,0.8466804267642889
6133,1.0,2.275132111335542,1.2751321113355416,2.291134519748281,1.2911345197482809,2.3772215931533207,1.3772215931533207,2.37207659389649,1.3720765938964898,2.3562527039242207,1.356252703924221,2.210039944808625,1.2100399448086252
6137,2.397940008672037,2.375654900307003,0.22357878257699246,2.3364347191423267,0.2723921592915894,2.3364347191423267,0.27239215929158933,2.3348081671511838,0.2707656073004464,2.3348081671511833,0.2707656073004464,2.3348081671511838,0.2707656073004464
6141,1.3979400086720375,2.0906835198271967,0.7701328733420654,2.0279567894950232,0.7074061430098924,2.0278263604789797,0.7072757139938485,2.0278263604789797,0.7072757139938486,2.0278263604789792,0.7072757139938485,2.0278263604789792,0.7072757139938487
6142,1.6989700043360187,2.0302707143325804,0.5395768861360238,1.9527202729771644,0.5688964490126537,1.9527202729771644,0.5688964490126539,1.9527202729771644,0.5688964490126537,1.9527202729771644,0.5688964490126537,1.9516247191809253,0.5678008952164145
6143,2.0,2.259153472718041,0.3105962172195978,2.1439552360910588,0.3810054164051117,2.1439552360910588,0.3810054164051117,2.16365105833383,0.4007012386478828,2.16365105833383,0.4007012386478829,2.16365105833383,0.4007012386478829
6144,2.397940008672037,2.4527858281550703,0.24605940300096493,2.402111983597817,0.27062607923323884,2.402111983597817,0.27062607923323895,2.402111983597817,0.2706260792332388,2.402111983597817,0.27062607923323884,2.4021119835978175,0.27062607923323884
6145,2.6989700043360187,2.4393547768834596,0.2596152274525587,2.3888071764698173,0.3101628278662007,2.383283968284227,0.3156860360517916,2.383283968284227,0.3156860360517917,2.383283968284227,0.31568603605179163,2.383283968284227,0.3156860360517916
6182,0.9242792860618816,2.0130061789077263,1.0887268928458451,2.04784279163757,1.153533670337137,2.054547728498944,1.1602386071985111,2.01096132524618,1.116652203945747,2.047123658482806,1.1528145371823726,2.104149748061095,1.209840626760662
6183,1.9242792860618816,1.4747627716170804,0.5303351919876682,1.4602737815644935,0.6337372667581953,1.458177998069248,0.635833050253441,1.5976098801482848,0.481545297559518,1.626605750394384,0.4750123727387562,1.7342854541578987,0.3975575233981656
6184,2.9242792860618816,1.4963810351979454,1.4278982508639364,1.509023978067414,1.4152553079944679,1.5069281945721684,1.4173510914897134,1.5693603217839356,1.3549189642779462,1.5834506909552997,1.3408285951065824,1.5951605038719008,1.329118782189981
6185,3.6232492903979,2.1812241622546185,1.4420251281432814,2.12335021425594,1.4998990761419602,2.154604705382458,1.4686445850154417,2.1638987206411198,1.45935056975678,2.0354849244552637,1.5877643659426366,1.9360480517371275,1.6872012386607724
6203,1.99563519459755,2.873638831353946,0.8780036367563959,2.861622910688385,0.8659877160908349,2.837405558997876,0.8417703644003263,2.84444567860602,0.8488104840084703,2.758457570604728,0.7628223760071781,2.725918123241061,0.7306450509781918
6204,1.99563519459755,3.088353036506298,1.0927178419087489,2.9671010656431,0.97146587104555,2.9264641805057376,0.9330761715607465,2.9216702774165566,0.9282822684715655,2.9216702774165566,0.9282822684715655,2.7884067744439407,0.8391199821140655
6205,1.99563519459755,2.6995518708586212,0.7957521319345491,2.5017993910233,0.7224521251580309,2.5645094498838166,0.769800913238772,2.5536777888657243,0.7589692522206801,2.54550832744268,0.750799790797635,2.5596430629869764,0.7649345263419317
6206,1.99563519459755,2.966472859568126,0.9708376649705764,2.926592768616941,0.9309575740193912,2.7819548615279848,0.9003653228020545,2.7336391260411292,0.8527834782544849,2.703457234065193,0.8226015862785483,2.6840584234692666,0.8032027756826222
6208,1.99563519459755,2.335395403103844,0.5317387815311025,2.0947550335539753,0.4568321942341954,2.14626278389395,0.4967463562830362,2.078598297984656,0.4813305135344269,2.0444906816145845,0.45056149956933006,1.9633923115813807,0.46116787539180965
6233,-1.0457574905606752,0.7566959587620425,1.802453449322718,0.8507142441711485,1.8964717347318238,0.8548417371142282,1.9005992276749033,0.8453700158626466,1.891127506423322,0.9352849516997805,1.9810424422604558,0.9565298579046824,2.002287348465358
6234,-0.0457574905606751,0.5090392470325515,0.5586355842357369,0.6418644048294945,0.6914607420326798,0.7242370666149409,0.7738334038181263,0.8092213764812511,0.8549788670419259,0.8186141015799302,0.8643715921406052,0.8420094155746616,0.8877669061353369
6235,0.9542425094393248,0.635779845862424,0.3827901842272435,0.7443130489691336,0.26738773086245204,0.7523000164752587,0.2542057765267538,0.7916824901743952,0.20220865560514906,0.9101021950569876,0.0902056215193745,0.9484810030445943,0.11855720913896683
6236,1.6532125137753435,0.5774097864457277,1.0758027273296158,0.8099093160578109,0.8433031977175325,0.801528794938182,0.8516837188371614,0.8486324456974785,0.8045800680778648,0.8390629119726519,0.8141496018026917,0.8711301439851191,0.7820823697902244
6237,1.954242509439325,2.2448608004468236,0.5532226967532914,2.1209613896465123,0.565585526748892,2.121038172071949,0.5655087443234548,2.0725224234780355,0.5622617443137158,1.992704884392173,0.5693418324801336,1.9036069685875732,0.5194862908853636
6240,-0.8538719643217619,0.6819282775784823,1.5358002419002446,0.9423780182243314,1.7962499825460934,0.9537972951988534,1.8076692595206154,0.9682536316677363,1.8221255959894982,0.9604455083258866,1.8143174726476488,0.9761447329556319,1.8300166972773941
6241,0.146128035678238,0.7733736035329237,0.6416852393421053,0.9078796847547179,0.7737183172968659,0.9487044606020992,0.8030882294391921,0.8803790098511237,0.7347627786882167,0.8807015963759388,0.7350853652130317,0.9152642484311114,0.7696480172682042
6242,1.146128035678238,0.873636165417117,0.29005545409340716,0.8969416991785006,0.2550768318203446,0.8963325991186923,0.27284907910992284,0.8885916607734051,0.2634268702254402,0.8885916607734051,0.26342687022544037,0.9451500644560502,0.2513941735647643
6243,1.845098040014257,0.6624767754057813,1.182621264608476,0.8971475175248222,0.9479505224894347,0.8971475175248222,0.9479505224894347,0.8794063469579159,0.9656916930563411,0.8872751401236718,0.9578228998905851,0.9361288236466677,0.9089692163675892
6244,2.146128035678238,2.163290937042329,0.514847602291794,2.1088380995795317,0.5159425152271077,2.1255988681028564,0.5148669845340595,2.1652559393499144,0.4582971292986885,2.061425636793755,0.5621274318548476,1.9991017415996921,0.5654346593209886
6245,2.845098040014257,2.404617713962667,0.4520951196135673,2.3527781574348614,0.5147295971799928,2.3322364195554726,0.5352713350593807,2.3267466754372372,0.5407610791776172,2.1816757762085444,0.6858319784063099,2.122346295788092,0.7451614588267619
6246,3.146128035678238,2.269206905087844,0.8769211305903948,2.2145118559298744,0.931616179748364,2.21670964511404,0.9294183905641983,2.1323167687923883,1.0138112668858503,2.12678777053634,1.0193402651418983,2.102507519306528,1.0436205163717098
6255,0.6989700043360189,2.7865539991301196,2.087583994794101,2.7575377792734237,2.058567774937405,2.7528912435746236,2.053921239238605,2.763712376255701,2.0647423719196825,2.766137950887208,2.0671679465511894,2.7640250988951367,2.065055094559118
6256,1.6989700043360187,2.6565423784415976,0.9575723741055786,2.6325868553607865,0.9336168510247671,2.6325868553607865,0.9336168510247671,2.699955228479795,1.0009852241437762,2.6466727632760323,0.9477027589400133,2.673069182508963,0.9740991781729441
6258,2.397940008672037,2.6508251422166693,0.28187665893323993,2.6253910112392553,0.31172599133605666,2.6253910112392553,0.31172599133605644,2.593384635271951,0.30303997646841074,2.5747184656678668,0.29732072140369226,2.5578173806784057,0.2798545723312053
6259,2.6989700043360187,2.7367491347895276,0.10264953409463529,2.685925054078216,0.19550751010363723,2.685925054078216,0.19550751010363718,2.656096535150628,0.23175380507607252,2.6537856237790294,0.259241226585676,2.657494428269908,0.2671757350606973
6260,3.0,2.6174643271023994,0.3825356728976005,2.586080630960568,0.41391936903943166,2.5976665915599115,0.4023334084400882,2.672871507487983,0.32712849251201687,2.6460397150222685,0.35396028497773124,2.6323096136008735,0.3676903863991265
6261,3.397940008672037,2.4971648353104685,0.900775173361569,2.4136337748482264,0.9843062338238106,2.440049140587804,0.9578908680842331,2.4214838354152484,0.9764561732567889,2.40815302447812,0.9897869841939174,2.4668406134661707,0.9310993952058666
6262,3.6989700043360174,2.482013039285452,1.2169569650505658,2.40518951869275,1.2937804856432673,2.4051895186927505,1.2937804856432673,2.420491300372059,1.278478703963959,2.3787147934446566,1.3202552108913608,2.4282661230164013,1.2707038813196165
6331,1.6283889300503114,1.128960167809547,0.49942876224076455,1.2338734569490126,0.39451547310129886,1.2338734569490126,0.3945154731012988,1.2258224264941406,0.40256650355617085,1.266492465160288,0.36189646489002325,1.285718613744152,0.3426703163061594
6332,1.6283889300503114,1.3132353514411277,0.3987118958428645,1.3528085043662599,0.31923770051593786,1.390445409690371,0.3021106158854818,1.3577772071219676,0.31426899776023015,1.385289978045688,0.28675622683650975,1.385289978045688,0.28675622683650975
6334,2.1139433523068365,2.0803475238785,0.07424919051813131,2.068986027823205,0.08368715050244332,2.0684882673246237,0.09017659554027199,2.0528190615292514,0.1087876928622531,2.0281271869330952,0.12540512349489114,2.0258968727755016,0.12720572543206918
6335,2.337459261290656,2.3281455001072944,0.03994844675959428,2.327699464157941,0.040439344260872034,2.327699464157941,0.040439344260871965,2.3285087326987126,0.04124861280164358,2.3330052945731223,0.04559277501048566,2.332976328322549,0.04603227548522808
6336,2.5993371329924893,2.5629257852961755,0.08180047261850727,2.5629257852961755,0.08180047261850727,2.5629257852961755,0.08180047261850724,2.5629257852961755,0.08180047261850727,2.555114613060632,0.08961164485405057,2.555114613060632,0.0896116448540506
6337,2.713910354128956,2.689697599129464,0.053417602051922544,2.689697599129464,0.053417602051922544,2.689697599129464,0.053417602051922496,2.689697599129464,0.053417602051922496,2.689697599129464,0.053417602051922586,2.6900431029411087,0.05376310586356738
6339,-0.3767507096020995,1.3885469078633512,1.765297617465451,1.4139223608510778,1.7906730704531775,1.4376635236240114,1.814414233226111,1.4337353541974514,1.8104860637995515,1.443742880972438,1.820493590574538,1.3708767547520262,1.7476274643541252
6340,0.6232492903979004,1.33010231260385,0.7068530222059498,1.352957486096574,0.7297081956986742,1.3937319865181788,0.7704826961202786,1.3754479168389726,0.7521986264410726,1.390804266402099,0.7675549760041989,1.3124884960006062,0.6892392056027057
6342,1.6232492903979006,1.1672969201273955,0.455952370270505,1.2200560504937612,0.40319323990413913,1.2133531225302547,0.4098961678676458,1.204333554296284,0.41891573610161636,1.2081269248308273,0.41512236556707316,1.1958147363511826,0.4274345540467178
6343,1.9242792860618816,2.007552571300658,0.25436265509990663,2.0211803167106934,0.24073490968987127,2.0211803167106934,0.24073490968987138,2.0083243177149868,0.23670225001175077,2.0054139489196023,0.23050979741137195,1.9445332999934695,0.1878934087696455
6344,2.322219294733919,1.9793855455023284,0.36605220111874975,1.9527053224886894,0.3927324241323893,1.9874071559055768,0.35803059071550153,2.0068873318020253,0.3385504148190532,1.9813968571506695,0.34082243758324965,2.024747561137196,0.297471733596723
6345,2.6232492903979003,2.2953094560479474,0.3279398343499525,2.2519047852907157,0.3713445051071843,2.2564013471651254,0.3668479432327748,2.2091589935559353,0.41409029684196524,2.1635719308556918,0.45967735954220823,2.1294976686404827,0.49375162175741744
6407,1.6283889300503114,1.6444139751248101,0.01611104679211871,1.6404255615146552,0.0191236576487549,1.640592491634904,0.019290587769003588,1.6424287229576404,0.02112681909173971,1.6461011856031127,0.024799281737212065,1.6461011856031127,0.024799281737212086
6408,1.9030899869919435,1.927665668237457,0.049804889566062036,1.9195979812877746,0.024565671544426383,1.9128494256023,0.031314227229900835,1.9143827438370828,0.029780908995118073,1.9143827438370828,0.029780908995118073,1.9187618330108702,0.03415999816890532
6409,2.1139433523068365,2.0647319149979637,0.07043213509676931,2.1040645479601325,0.03579960764420705,2.088355456515463,0.054672964101976196,2.084415165791184,0.05580994738977414,2.080892270580927,0.052287052179517055,2.0767597750519586,0.054336788284214246
6410,2.337459261290656,2.3433328400427547,0.02221494774647399,2.344650903189721,0.02013759483160136,2.3374368035000432,0.02039870651714475,2.336354119559938,0.025960056201496086,2.335820706057445,0.029554520644062186,2.339453116148446,0.031637911135205934
6411,2.5993371329924893,2.601174614387105,0.04104385203085172,2.601174614387105,0.04104385203085172,2.601174614387105,0.041043852030851743,2.601174614387105,0.0410438520308517,2.5815970364612104,0.060621429956746686,2.5815970364612104,0.060621429956746686
6412,2.713910354128956,2.6828895607087264,0.0310207934202295,2.682492004356479,0.03141834977247655,2.682492004356479,0.031418349772476484,2.6824920043564795,0.03141834977247646,2.6824920043564795,0.03141834977247646,2.6867571783654625,0.027153175763493364
6413,2.858462001572238,2.9040280391948934,0.04612461403050636,2.904350027741458,0.046140286482442394,2.904350027741457,0.04614028648244237,2.8865391177950483,0.04673198773449094,2.8949798916429783,0.055172761582420925,2.880979100649737,0.0691735525756623
6422,1.6283889300503114,1.6327295631285874,0.004340633078277289,1.6302251613730465,0.0018362313227365922,1.630225161373047,0.0018362313227365146,1.630225161373047,0.0018362313227365036,1.630225161373047,0.0018362313227365146,1.630225161373047,0.0018362313227365478
6423,1.6283889300503114,1.6283889300503105,5.440092820663267e-16,1.6283889300503105,3.774758283725532e-16,1.6283889300503105,3.108624468950438e-16,1.6283889300503105,2.7755575615628914e-16,1.6283889300503105,3.3306690738754696e-16,1.6283889300503105,3.3306690738754696e-16
6424,1.9030899869919435,1.9502432970416859,0.05661001889422007,1.9313566286121755,0.040789986934275345,1.9313566286121755,0.040789986934275324,1.9328899468469587,0.039256668699492604,1.937502364213222,0.04386908606575588,1.9345299174660746,0.040896639318608416
6428,2.713910354128956,2.7009030303607457,0.01300732376821021,2.7009030303607457,0.013007323768210299,2.7009030303607457,0.013007323768210255,2.7009030303607457,0.013007323768210278,2.7009030303607457,0.013007323768210233,2.7009030303607457,0.01300732376821021
6429,2.858462001572238,2.8789534637282297,0.021061521056039624,2.8789534637282297,0.02106152105603958,2.8789534637282297,0.021061521056039624,2.8789534637282297,0.0210615210560396,2.8789534637282297,0.0210615210560396,2.8789534637282297,0.0210615210560396
6430,1.6283889300503114,1.251113082819298,0.459193310504749,1.3248690575002249,0.38449114115026173,1.3294527710823512,0.37990742756813567,1.3287011403961868,0.3806590582542998,1.338531401320237,0.36727128976393436,1.3067915039929385,0.37003481737546035
6431,1.6283889300503114,1.2553881716274922,0.42503757345941395,1.2807680758744624,0.36777574465084273,1.2865987038036448,0.3619451167216606,1.3223309066833324,0.34259531762763284,1.3122076352022816,0.34916108154236825,1.312490828597292,0.34887788814735804
6432,1.9030899869919435,1.9353796582959082,0.13657096031726593,1.9489504609333388,0.15014176295469656,1.9421035777473459,0.1462686902053401,1.9383739295903788,0.1527989820798446,1.9439897855810837,0.16712054462897882,1.9683842760320762,0.16365810840599143
6433,2.1139433523068365,2.033459532691883,0.13097019536654528,1.9868982074411048,0.15001451809683372,1.9868982074411048,0.15001451809683372,2.003717222028231,0.13390743542506822,2.022755166848277,0.12860648386365497,2.0176988648589917,0.13366278585294078
6434,2.337459261290656,2.3098855119948576,0.05793361638320353,2.307447818686735,0.06037130969132618,2.298097329467434,0.06972179891062691,2.3024141560010962,0.07018423275055578,2.321244238702614,0.054212050340109764,2.329878466185483,0.050011627049562815
6435,2.5993371329924893,2.5864762897538496,0.04434089123773475,2.5864762897538496,0.04434089123773475,2.5864762897538496,0.04434089123773475,2.5864762897538496,0.04434089123773475,2.571733084868825,0.052775904909220975,2.571414754590672,0.05309423518737377
6436,2.713910354128956,2.754523951485593,0.11908654426598946,2.756169661120854,0.11744083463072823,2.756169661120854,0.11744083463072827,2.756169661120854,0.11744083463072827,2.756169661120854,0.11744083463072827,2.7347940289735613,0.10961161972559023
6437,2.858462001572238,2.888000610788633,0.05054829747888199,2.888322599335198,0.05056396993081795,2.888322599335198,0.05056396993081791,2.8881537688359478,0.050395139431567836,2.8881537688359478,0.050395139431567815,2.8881537688359478,0.050395139431567836
6449,1.6283889300503114,1.181354617489664,0.4725789706449791,1.2660805372749073,0.38785305085973565,1.28488943630702,0.36904415182762323,1.2698302123802354,0.38410337575440784,1.284774736661746,0.3691588514728976,1.290348718122158,0.3635848700124854
6450,1.6283889300503114,1.2304444034852167,0.4298264511266952,1.235348433999676,0.3930404960506353,1.2353484339996763,0.3930404960506352,1.2628126993315576,0.38195863450441375,1.2719847284137025,0.3727866054222689,1.2904817693013204,0.35428956453465105
6452,2.1139433523068365,2.057095991567385,0.13739322959219663,2.040715620321108,0.1374858196793073,2.0407156203211083,0.13748581967930734,2.0437193937206564,0.13526308106386103,2.064817441684911,0.1308057909115963,2.026955272434466,0.1613519788065486
6453,2.337459261290656,2.3317893324218497,0.04932606349159191,2.2897048750584825,0.06548296280758745,2.302474296352274,0.057100159957579166,2.3030749676410602,0.057700831246365346,2.3030749676410602,0.057700831246365325,2.3451009800127625,0.02389374990406019
6454,2.5993371329924893,2.5632042355649336,0.05361844672907494,2.5632042355649336,0.05361844672907494,2.5632042355649336,0.05361844672907494,2.5632042355649336,0.05361844672907492,2.58226677869639,0.0480017953387748,2.5819484484182373,0.048320125616927626
6455,2.713910354128956,2.7005188749169475,0.07423488745086104,2.7005188749169475,0.07423488745086115,2.7005188749169475,0.07423488745086101,2.702810325698866,0.07194343666894269,2.702810325698866,0.07194343666894269,2.684433937071894,0.061114978243484
6456,2.858462001572238,2.908436383164004,0.11151864534382279,2.908436383164004,0.11151864534382286,2.908436383164004,0.11151864534382276,2.908436383164004,0.11151864534382286,2.908436383164004,0.11151864534382286,2.887060751016711,0.11814459518301294
6465,1.6283889300503114,1.155203566669347,0.4731853633809644,1.2339350673751217,0.3988657852415527,1.2570733076344092,0.3908094804714718,1.2887138289306734,0.3755513629608674,1.29872135570566,0.3655438361858807,1.307819107319284,0.3564460845722565
6466,1.6283889300503114,1.1453783506156934,0.4830105794346182,1.2258332129677767,0.4288544674587925,1.2578615670729127,0.4173359340473115,1.2670317282265227,0.4425617763161867,1.2691959379513127,0.44039756659139667,1.2782155061852831,0.43137799835742624
6467,1.9030899869919435,1.9258560744970974,0.17281818346881295,1.892067760585142,0.15261416657784305,1.8704651550875984,0.13398537151693563,1.858273582255666,0.18391132663680754,1.8498747619642035,0.18638522913082936,1.8448184599749176,0.19144153112011514
6468,2.1139433523068365,2.148163557898555,0.08956086699605346,2.085021415296969,0.12743980421141402,2.0656181215841274,0.13425980122834608,2.0492482567036,0.1144883672745621,2.0528222478567657,0.11806235842772776,2.088590038313057,0.08021180854716552
6469,2.337459261290656,2.3415474869094064,0.020865534639897064,2.3261669405866696,0.041854343431135664,2.3261669405866696,0.04185434343113564,2.321084954729998,0.0469693723570514,2.321084954729998,0.04696937235705147,2.3462481662812165,0.03106923759593383
6470,2.5993371329924893,2.5488346004508236,0.08410774459706291,2.5488346004508236,0.0841077445970629,2.5488346004508236,0.08410774459706291,2.564074372012018,0.0688679730358684,2.5488346004508236,0.0841077445970629,2.553893311148746,0.07904903389914064
6471,2.713910354128956,2.7536089525466694,0.09022558680695547,2.7536089525466694,0.09022558680695547,2.7536089525466694,0.09022558680695539,2.7536089525466694,0.09022558680695544,2.7536089525466694,0.0902255868069555,2.7536089525466694,0.0902255868069555
6472,2.912487761332324,2.93473575518824,0.08167305497256314,2.93473575518824,0.08167305497256316,2.93473575518824,0.08167305497256316,2.93473575518824,0.08167305497256312,2.93473575518824,0.08167305497256312,2.9351429564698877,0.08208025625421093
6473,1.6283889300503114,1.619315334577756,0.014082398983636512,1.634544851071827,0.006155921021516542,1.6267012383286736,0.010660931359695047,1.6300582312527983,0.0016693012024877718,1.6199455642993805,0.011781968155905365,1.6300582312527983,0.0016693012024877718
6474,1.6283889300503114,1.632451088244934,0.004098869906426805,1.6320984882780603,0.003709558227750276,1.630429187075573,0.002040257025262815,1.6342406292991363,0.005851699248826159,1.6342406292991367,0.005851699248826092,1.6342406292991367,0.005851699248826126
6475,1.9030899869919435,1.949751080472225,0.06913311061014213,1.9418445570891802,0.046448495606503895,1.9418445570891798,0.04644849560650384,1.9354211720551233,0.0323311850631797,1.9094981597211043,0.01573451932847203,1.9094981597211043,0.01573451932847201
6476,2.1139433523068365,2.088729547807281,0.03237308552484895,2.0969156304058014,0.018515407204085167,2.0969156304058014,0.018515407204085187,2.0969156304058014,0.018515407204085167,2.1146871949583614,0.0007438426515253172,2.1146871949583614,0.0007438426515253172
6477,2.337459261290656,2.340819741373934,0.0033604800832788273,2.340819741373935,0.003360480083278805,2.340819741373935,0.003360480083278805,2.340736007526883,0.0032767462362271347,2.3371555495235876,0.006857204239522097,2.3371555495235876,0.006857204239522097
6478,2.5993371329924893,2.608042519196807,0.018988749177536034,2.6013195733262293,0.012265803306957857,2.6013195733262293,0.012265803306957878,2.6013195733262293,0.012265803306957878,2.601319573326229,0.0122658033069579,2.6013195733262293,0.012265803306957878
6480,2.858462001572238,2.897453074196502,0.0389910726242646,2.897453074196502,0.03899107262426456,2.897453074196502,0.03899107262426458,2.897453074196502,0.03899107262426462,2.897453074196502,0.03899107262426462,2.9060309205272796,0.047568918955042006
6481,1.6283889300503114,1.6294090585629415,0.0010201285126316684,1.6325567337254807,0.004167803675170079,1.6354765105980362,0.007087580547725947,1.6354765105980362,0.0070875805477258694,1.632556733725481,0.004167803675169957,1.6325567337254807,0.0041678036751700235
6482,1.6283889300503114,1.630429187075573,0.0020402570252628927,1.6304291870755734,0.002040257025262793,1.6304291870755734,0.0020402570252627595,1.6304291870755734,0.0020402570252627374,1.6304291870755734,0.0020402570252626593,1.6304291870755734,0.002040257025262726
6483,1.9030899869919435,1.909003816590051,0.019648882445189208,1.9170028452102599,0.013912858218316415,1.9169405237424073,0.01385053675046366,1.9168698927455072,0.013779905753563849,1.9104819179207797,0.007391930928836299,1.9104819179207797,0.007391930928836288
6484,2.1139433523068365,2.0567292516182376,0.05721410068859887,2.0897654204660667,0.0252741210114381,2.0897654204660667,0.0252741210114381,2.0983173435651183,0.021174842191595898,2.1051647617238967,0.014327424032817527,2.0881855065634563,0.031306679193258025
6486,2.5993371329924893,2.6107156810360634,0.013249907183382991,2.6039927351654852,0.006526961312804858,2.6039927351654852,0.006526961312804858,2.6039927351654852,0.006526961312804858,2.5821527924692065,0.028366904009083527,2.577818827436163,0.03270086904212732
6487,2.713910354128956,2.702055573947683,0.011854780181273505,2.699686032831581,0.014224321297375298,2.699686032831581,0.014224321297375275,2.699686032831581,0.014224321297375298,2.699686032831581,0.014224321297375298,2.699686032831581,0.014224321297375253
6488,2.858462001572238,2.8945333202051424,0.036782197799476224,2.894855308751707,0.036797870251412255,2.894855308751707,0.036797870251412276,2.894855308751707,0.036797870251412304,2.894855308751707,0.036797870251412304,2.894855308751707,0.036797870251412235
6520,1.6283889300503114,1.63523810061795,0.006885882279442724,1.6215966998996716,0.006792230150639333,1.6215966998996716,0.006792230150639278,1.6215966998996716,0.006792230150639312,1.6128454767072344,0.015543453343076575,1.6215966998996716,0.0067922301506393
6521,1.9030899869919435,1.9508214094953296,0.05771350406144541,1.9326588851673439,0.0376265754239953,1.9325965636994908,0.037564253956142546,1.9298093624250345,0.03171041621212074,1.933059661139445,0.03496071492653126,1.9283740307991142,0.030275084586200308
6522,2.1139433523068365,2.080670288455474,0.034875186485416446,2.113943352306836,0.0,2.113943352306836,2.2204460492503132e-17,2.113943352306836,2.2204460492503132e-17,2.113943352306836,2.2204460492503132e-17,2.115214320458894,0.004226865655311052
6523,2.337459261290656,2.3438967835281415,0.012746860248832138,2.344538967483926,0.009993628142776777,2.3424914236273944,0.00794608428624577,2.341284667750879,0.0075651177788322865,2.341284667750879,0.0075651177788322865,2.337583779912995,0.009678283232787166
6524,2.5993371329924893,2.6168636233330593,0.01971661705086063,2.610140677462481,0.012993671180282496,2.610140677462481,0.012993671180282496,2.6032899807046688,0.01984436793809503,2.581768368286543,0.0413659803562209,2.581768368286543,0.0413659803562209
6526,2.858462001572238,2.8941062490152314,0.03591227402579418,2.8941062490152314,0.03591227402579418,2.8941062490152314,0.03591227402579418,2.893937418515981,0.035743443526544016,2.893937418515981,0.035743443526543996,2.9025152648467585,0.04432128985732133
6553,1.9030899869919435,2.04801845191446,0.17001831389407623,1.9993391036531851,0.12685891127801882,1.987576505110734,0.11509631273556811,1.9924905651258904,0.11018225272041197,1.9694709419076655,0.08010810818354815,1.9695267032210073,0.08016386949689014
6554,2.1139433523068365,2.0835960423707025,0.08160734595577585,2.106560725362605,0.06560738103229413,2.1239347040285588,0.05551818594407656,2.122310652892228,0.053894134807745894,2.1211051444375615,0.05268862635307903,2.1036279981025974,0.06744784795245269
6555,2.337459261290656,2.349360216411996,0.018057011547993152,2.3560706547163237,0.018611393425667845,2.3560706547163237,0.018611393425667845,2.3578133112690223,0.02035404997836652,2.3606128724464357,0.0281072784699413,2.3753919842450597,0.037932722954403975
6556,2.5993371329924893,2.514994607873247,0.08434252511924178,2.538808578874535,0.060528554117954325,2.538808578874535,0.060528554117954304,2.538808578874535,0.060528554117954325,2.524174396729628,0.07516273626286085,2.5212498720378003,0.07808726095468899
6557,2.713910354128956,2.638349861448776,0.08165195371148089,2.637952305096529,0.0820495100637278,2.637952305096529,0.08204951006372778,2.637952305096529,0.08204951006372778,2.637952305096529,0.08204951006372782,2.637952305096529,0.0820495100637278
6567,1.6283889300503114,1.6594409372062615,0.04374373870596956,1.645296839844494,0.026432596048374758,1.6455316152644255,0.02213180658535796,1.6455316152644255,0.022131806585357926,1.6422593830987426,0.018859574419675153,1.6386221669404228,0.010233236890112329
6568,1.6283889300503114,1.6888000541130779,0.06383838782709553,1.64159266064043,0.029207131032747725,1.64159266064043,0.029207131032747746,1.6428021307111051,0.027997660962072467,1.636454826723329,0.021650356974296202,1.627335188800536,0.01253071905150358
6570,2.1139433523068365,2.1019351003979123,0.01394561877987075,2.1093194822074652,0.008794071329758447,2.1093194822074652,0.008794071329758447,2.109719786658693,0.009194375780986452,2.12063232319584,0.02010691231813346,2.1150095667874433,0.025729668726530576
6571,2.337459261290656,2.33658805022116,0.008642694317149502,2.33658805022116,0.008642694317149502,2.336175155536609,0.009055589001700537,2.3313071985084495,0.010831665597997798,2.3317200931930007,0.010418770913446762,2.330926232001036,0.009624909721482222
6572,2.5993371329924893,2.5387161236725087,0.060621009319980754,2.5387161236725087,0.06062100931998069,2.5507118886041673,0.048625244388322074,2.5507118886041673,0.048625244388322074,2.576421004445476,0.07313126536173713,2.560227851166265,0.08932441864094802
6573,2.713910354128956,2.651644164157584,0.06804825586910321,2.663864742676534,0.05582767735015346,2.663864742676534,0.05582767735015341,2.663864742676534,0.05582767735015348,2.663864742676534,0.05582767735015344,2.663864742676534,0.05582767735015344
6584,1.6283889300503114,1.6676117101161896,0.04962823500966076,1.6588046587308174,0.05163291960332354,1.6531679577805298,0.0459962186530359,1.6488579008885254,0.04086325005742477,1.6488579008885254,0.04086325005742475,1.6475393410121615,0.03954469018106079
6585,1.9030899869919435,2.0086470812634705,0.13333306068124634,1.9839234435227684,0.10853714009762938,1.998533502274162,0.12314719884902292,1.9713881744780561,0.09600187105291731,1.9573226110020545,0.08193630757691556,1.9573226110020545,0.08193630757691557
6586,2.1139433523068365,2.131346803151347,0.030821392273640558,2.126538497155491,0.02601308627778447,2.123015601945234,0.022490191067527365,2.120664837024644,0.02013942614693709,2.121364174719443,0.020838763841736642,2.12021891825352,0.019693507375813192
6588,2.5993371329924893,2.522603042927285,0.07673409006520411,2.522603042927285,0.07673409006520411,2.5226030429272854,0.07673409006520411,2.522857904219659,0.07647922877283027,2.522857904219659,0.07647922877283031,2.522857904219659,0.07647922877283028
6589,2.713910354128956,2.642798145074961,0.07689427495172658,2.642798145074961,0.0768942749517266,2.642798145074961,0.07689427495172658,2.642798145074961,0.07689427495172656,2.642798145074961,0.07689427495172658,2.642798145074961,0.0768942749517266
6590,2.858462001572238,2.8168050370493516,0.06706739685446902,2.8387915695558177,0.04541852534650368,2.8387915695558177,0.0454185253465037,2.8387915695558177,0.04541852534650368,2.8387915695558177,0.0454185253465037,2.8387915695558177,0.0454185253465037
6591,1.6283889300503114,2.2012924084082797,0.5745213834059236,1.811187027111116,0.2690391036650263,1.809221135829936,0.27100499494620656,1.7737154702022757,0.23549932931854672,1.7963048738411154,0.24676615735730642,1.737355117259454,0.20864803456844622
6592,1.6283889300503114,2.246803389956365,0.6184144599060533,1.8489862556241992,0.2503016874400787,1.7598636334986775,0.16117906531455736,1.7265079130372658,0.12782334485314634,1.6944866584188614,0.09580209023474152,1.6647106459925372,0.06602607780841749
6593,1.9030899869919435,2.032930990130068,0.1338782698607342,2.0231624487410604,0.124109728471726,2.0235164271498496,0.12446370688051536,2.041710278186569,0.14265755791723475,2.044346674092622,0.1463804974462028,2.044346674092622,0.1463804974462028
6594,2.1139433523068365,2.100973710242933,0.08854132781690194,2.104301432371014,0.09269947328421761,2.1256606704220316,0.08335654161191203,2.125606854297104,0.07482388240165115,2.125918951416446,0.07950515899946893,2.125918951416446,0.07950515899946892
6595,2.337459261290656,2.3524650956411843,0.040309110630626276,2.367134739387345,0.029675478096689377,2.367134739387345,0.029675478096689377,2.3716512781731294,0.03466048360778873,2.372028296342817,0.035037501777476575,2.3657721309726654,0.028781336407325785
6596,2.5993371329924893,2.483595686001025,0.11828057216215038,2.483595686001025,0.11828057216215035,2.483595686001025,0.11828057216215035,2.483595686001025,0.11828057216215035,2.483914016279178,0.11796224188399755,2.483595686001025,0.11828057216215038
6597,2.713910354128956,2.649023834169764,0.09409136701162238,2.648626277817517,0.0944889233638693,2.648626277817517,0.09448892336386923,2.648626277817517,0.09448892336386924,2.648626277817517,0.09448892336386924,2.648971781629162,0.09483442717551409
6599,1.6283889300503114,1.684013396765407,0.05562446671509565,1.6709544807042362,0.04256555065392535,1.6656669390145837,0.04962663204560459,1.6595775454027542,0.031188615352443237,1.6553435990058243,0.026954668955513617,1.6430027694536424,0.014613839403331719
6600,1.6283889300503114,1.7209775707241424,0.09652975323446535,1.686749353632349,0.059183335285644866,1.6815134714194542,0.05394745307275013,1.6813410693291437,0.052952139278832966,1.6824434872164602,0.05405455716614952,1.6486206464201392,0.02023171636982881
6602,2.1139433523068365,2.110472074149355,0.04022961889299663,2.122773797670269,0.01751264275875173,2.1251245625908592,0.019863407679342047,2.1236822164157023,0.018421061504185144,2.1236822164157023,0.018421061504185144,2.118059460007305,0.02404381791258232
6603,2.337459261290656,2.3259272281169237,0.0178927538078014,2.32900525633025,0.014814725594474965,2.3285923616456996,0.015227620279025977,2.3274584695370453,0.014773790003750542,2.324290906218301,0.01794135332249447,2.324290906218301,0.01794135332249447
6604,2.5993371329924893,2.4939254001459004,0.10541173284658892,2.50887791256896,0.09045922042352947,2.50887791256896,0.09045922042352954,2.50887791256896,0.09045922042352954,2.4939254001459004,0.10541173284658892,2.5001105443171197,0.09922658867536985
6605,2.713910354128956,2.6787018476446547,0.03520850648430105,2.676332306528553,0.03757804760040282,2.676332306528553,0.0375780476004028,2.676332306528553,0.03757804760040282,2.676332306528553,0.0375780476004028,2.676332306528553,0.03757804760040282
6607,1.6283889300503114,1.6688744950935699,0.05947270082743874,1.6649615847807038,0.04777189517794482,1.6649615847807038,0.047771895177944834,1.657035371346711,0.03824965330620859,1.6589967714460805,0.040211053405577915,1.6342154214125872,0.024225675990896568
6608,1.6283889300503114,1.6894649244907973,0.06362742681174346,1.641706010544437,0.029330846947412958,1.6481567800555492,0.03358588817915783,1.6495423830995464,0.03497149122315524,1.6407652880709578,0.026194396194566472,1.642434589273445,0.027863697397053966
6609,1.9030899869919435,1.972955874691704,0.11822402107876769,1.945488260472564,0.09075640685962752,1.9454259390047106,0.09069408539177476,1.9500181505917091,0.08597723086907122,1.9373055454761883,0.07326462575355092,1.934478498936479,0.07043757921384128
6610,2.1139433523068365,2.110365493284164,0.02845369288521189,2.123452746406297,0.019497185088061218,2.123452746406297,0.019497185088061263,2.1212828095565213,0.017327248238285575,2.130354417133337,0.016411064826501075,2.130354417133337,0.0164110648265011
6611,2.337459261290656,2.3147824792245038,0.03841279132308133,2.3320578000471723,0.02456659161029786,2.3300102561906413,0.02251904775376683,2.3412689399267554,0.013965864643158165,2.338359817799078,0.01687498677083532,2.347083303786311,0.02495619213765521
6612,2.5993371329924893,2.5363433727640112,0.06299376022847791,2.5452048313422395,0.054132301650249806,2.5452048313422395,0.05413230165024985,2.5452048313422395,0.054132301650249806,2.5452048313422395,0.054132301650249806,2.5452048313422395,0.05413230165024983
6613,2.713910354128956,2.6373915148315787,0.07651883929737764,2.6519816344666305,0.06192871966232616,2.6519816344666305,0.06192871966232618,2.65198163446663,0.06192871966232616,2.65198163446663,0.06192871966232616,2.6519816344666305,0.06192871966232618
6614,2.858462001572238,2.7889630123908598,0.10088679519145656,2.787143426352191,0.09906720915278773,2.787143426352191,0.0990672091527878,2.787143426352191,0.09906720915278774,2.787143426352191,0.09906720915278777,2.787143426352191,0.09906720915278781
6615,1.6283889300503114,1.6953231385495893,0.07539034469873984,1.6814997331671724,0.05530653139622853,1.6694739381823862,0.05562935949277427,1.6774844810457883,0.05129127927484443,1.6745856906450505,0.04839248887410689,1.6492205372539002,0.0368124294730112
6616,1.6283889300503114,1.6841978419931043,0.05692868721916359,1.6549491428620624,0.042382772938704905,1.6532798416595749,0.040713471736217366,1.6451436592963558,0.03257728937299844,1.6451436592963558,0.032577289372998364,1.6511019191007754,0.02294656692310627
6617,1.9030899869919435,2.0197669306344808,0.14778612033168725,1.992352369978791,0.12037155967599796,2.009746800522385,0.13776599021959185,1.9943074189449348,0.12421528350016561,2.0144520239228245,0.12270742063338229,2.014452023922825,0.12270742063338233
6618,2.1139433523068365,2.1271132361487908,0.044012226397209905,2.1140436118752994,0.027990916742003213,2.1138121476332503,0.027759452499954363,2.115583033184033,0.029530338050736592,2.1149263375943104,0.028873642461014416,2.114926337594311,0.028873642461014416
6619,2.337459261290656,2.3283145304497346,0.028132846121183698,2.348895124704115,0.011435863413459525,2.3454942138682724,0.014684374583735393,2.3411561415950586,0.016164546565876358,2.3379929313118537,0.017955003596832664,2.3436107769027745,0.01861918187359233
6620,2.5993371329924893,2.576988617753189,0.02488764040998661,2.576988617753189,0.02488764040998659,2.576988617753189,0.02488764040998661,2.576988617753189,0.024887640409986568,2.5883850822008094,0.03518624082891939,2.5721919289215984,0.051379394108130264
6621,2.713910354128956,2.6040275969201656,0.10988275720879066,2.6040275969201656,0.10988275720879062,2.6040275969201656,0.1098827572087907,2.6040275969201656,0.10988275720879066,2.6040275969201656,0.1098827572087907,2.6040275969201656,0.10988275720879068
6622,2.858462001572238,2.837041989442451,0.13371247872034947,2.837041989442451,0.13371247872034941,2.837041989442451,0.1337124787203495,2.828601215594521,0.12527170487241948,2.837041989442451,0.13371247872034947,2.837041989442451,0.13371247872034953
6639,1.6283889300503114,1.6829634452557394,0.06138433412336047,1.658643004396631,0.03706389326425234,1.6504873453111801,0.028908234178801694,1.6485136969775376,0.026934585845159054,1.6411726055366356,0.01959349440425706,1.6288317759844535,0.007252664852075197
6640,1.6283889300503114,1.7065032772586253,0.08745562504312815,1.675764888132028,0.04737595808171726,1.663641829298777,0.03525289924846643,1.6584696882762302,0.030080758225919824,1.6604310883755997,0.032042158325289075,1.648090258823418,0.01970132877310714
6641,1.9030899869919435,2.0188313639827333,0.14923008822932893,1.9985568459610885,0.12888328736476926,2.0050445983799468,0.13537103978362755,1.993937674657769,0.12426411606144958,1.9944955730151448,0.11910926959000556,1.9867486146180873,0.1113623111929484
6642,2.1139433523068365,2.1172174197703444,0.03961927625155328,2.117344986667622,0.03679515776711506,2.117344986667622,0.03679515776711513,2.114347097909092,0.033797269008585484,2.1193409934033918,0.028803373514285413,2.110534213263253,0.03761015365442433
6645,2.713910354128956,2.6393604604336476,0.07454989369530869,2.6539505800686993,0.05995977406025725,2.6539505800686993,0.05995977406025725,2.6539505800686993,0.05995977406025725,2.6539505800686993,0.05995977406025723,2.6539505800686993,0.05995977406025728
6646,2.858462001572238,2.784801055358457,0.09388095996431352,2.784801055358457,0.09388095996431349,2.784801055358457,0.09388095996431349,2.784632224859206,0.09371212946506324,2.7846322248592066,0.09371212946506328,2.7846322248592066,0.09371212946506333
6695,1.6283889300503114,1.617831061334846,0.012598125740727151,1.6325567337254803,0.004167803675170145,1.6263824221848142,0.010342115215836034,1.6325567337254803,0.004167803675170001,1.6224440667720628,0.014280470628587649,1.6325567337254803,0.004167803675170034
6697,1.9030899869919435,1.9240618939501544,0.025962947737240637,1.9104668395980355,0.01699518242482404,1.9104668395980355,0.016995182424824017,1.912650993956904,0.01455204774398996,1.9043800997746998,0.011584134389505174,1.9070873515019013,0.008988405288987556
6698,2.1139433523068365,2.0635977564409695,0.050345595865866434,2.0881186134619676,0.02814608061804984,2.0881186134619676,0.02814608061804984,2.0885189179131953,0.028546385069277848,2.1132955026407005,0.027767631680263603,2.1074314683008124,0.033631666020151385
6699,2.337459261290656,2.341483507335341,0.013538151431330702,2.341180062284171,0.013234706380161332,2.3358078074245805,0.0145118735266899,2.334734588090408,0.014080934812929912,2.331139089336607,0.016303680314482726,2.330987215052376,0.016455554598713663
6701,2.713910354128956,2.710152335534498,0.0037580185944582566,2.710152335534498,0.0037580185944583013,2.710152335534498,0.0037580185944582566,2.710152335534498,0.0037580185944583013,2.710152335534498,0.0037580185944583013,2.710152335534498,0.0037580185944583013
6702,2.858462001572238,2.884271108599661,0.02580910702742305,2.884271108599661,0.025809107027423006,2.884271108599661,0.025809107027423006,2.884102278100411,0.025640276528172846,2.884102278100411,0.0256402765281728,2.892530052876299,0.03406805130406125
6704,1.6283889300503114,1.6387650726476395,0.01037614259732903,1.6340952852356156,0.021295337439617222,1.6359315165583517,0.02313156876235335,1.638622891910019,0.025822944114020564,1.6422953545554915,0.029495406759492904,1.651759146885135,0.023370216834824396
6705,1.9030899869919435,1.9458306122710234,0.08392175325052208,1.930478690234763,0.0876369106849334,1.930478690234763,0.0876369106849334,1.9382724419319473,0.07898211083975869,1.894053003452401,0.06364828984146388,1.8941087647657429,0.06370405115480582
6706,2.1139433523068365,2.0211066619507307,0.10009201714175178,2.008324382794748,0.11186724778490038,2.0072830030826125,0.11082586807276498,2.0230561899410726,0.09713544063857568,2.0230561899410726,0.09713544063857568,2.0230561899410726,0.09713544063857568
6707,2.337459261290656,2.3472336513101695,0.019601706424464637,2.3521738571238595,0.01523272142958727,2.3515552634128647,0.014614127718592518,2.351286663761448,0.014345528067175862,2.348522857817472,0.012352458867695338,2.3477289966255075,0.011558597675730819
6708,2.5993371329924893,2.6103401789947744,0.011591187446225693,2.6103401789947744,0.011591187446225693,2.6103401789947744,0.011591187446225693,2.5951004074335797,0.026830959007420184,2.6103401789947744,0.011591187446225693,2.6103401789947744,0.011591187446225693
6709,2.713910354128956,2.6958870574107996,0.01802329671815679,2.6958870574107996,0.018023296718156768,2.6958870574107996,0.01802329671815679,2.6958870574107996,0.018023296718156744,2.6958870574107996,0.018023296718156744,2.6958870574107996,0.01802329671815679
6710,2.858462001572238,2.9176469268186302,0.05990728690515901,2.9092061529707003,0.051466513057229046,2.9092061529707003,0.051466513057229005,2.9092061529707003,0.05146651305722907,2.9092061529707003,0.051466513057229046,2.9092061529707,0.05146651305722898
6735,1.6283889300503114,1.591860330984303,0.03652859906600819,1.6437607086829775,0.017034947742527184,1.645596940005714,0.018871179065263255,1.656197244880096,0.029471483939644882,1.6480765978461942,0.04157617081257875,1.6648664696095619,0.038140708669110845
6736,1.6283889300503114,1.6278720487673843,0.0025571383081888334,1.6478476611976043,0.03304319144857206,1.6480145913178532,0.03321012156882075,1.6622873588377072,0.04748288908867467,1.6409919919988731,0.04368996863471506,1.6515794465140465,0.03677497676501394
6737,1.9030899869919435,1.9654716961415186,0.0866942875276961,1.9204388109553345,0.06384179251978853,1.920376489487482,0.06377947105193577,1.9230179815817603,0.06374245275597344,1.9221746006201261,0.06458583371760754,1.9083537461768814,0.050764979274362756
6738,2.1139433523068365,2.000258414865455,0.14354470549414558,2.0114079030265737,0.13937787965493062,2.0099284143812928,0.13725345196127395,2.0123484519484682,0.13119464644311618,2.043216682889031,0.12271339960775726,2.0640048465087366,0.10049780527797529
6739,2.337459261290656,2.3515261571711537,0.03886063599663277,2.3578796083362143,0.03578390627589021,2.364530003755905,0.036737047517461804,2.371413351788752,0.043620395550308964,2.3719279300277605,0.0473872218380544,2.3719279300277605,0.04738722183805435
6740,2.5993371329924893,2.575549762246449,0.05270274187907451,2.568826816375871,0.045979796008496374,2.568826816375871,0.045979796008496374,2.568826816375871,0.045979796008496374,2.5735638039386917,0.04949198157107204,2.5891779111270337,0.039645415643362325
6741,2.713910354128956,2.6801806996015602,0.033729654527395334,2.6801806996015602,0.033729654527395445,2.6801806996015602,0.033729654527395334,2.6801806996015602,0.0337296545273954,2.6801806996015602,0.0337296545273954,2.6801806996015602,0.03372965452739538
6742,2.858462001572238,2.9238400808753635,0.06620039851639654,2.9238400808753635,0.06620039851639654,2.9238400808753635,0.06620039851639656,2.9238400808753635,0.06620039851639656,2.9238400808753635,0.06620039851639654,2.9238400808753635,0.06620039851639656
6743,1.6283889300503114,1.6294090585629415,0.0010201285126316129,1.6353740523420217,0.0069851222917112436,1.6353740523420217,0.006985122291711232,1.6325567337254803,0.004167803675169901,1.6325567337254803,0.004167803675169945,1.6325567337254803,0.004167803675169945
6744,1.6283889300503114,1.63087497594995,0.0025227576114425832,1.6283889300503105,4.773959005888173e-16,1.6003551810059833,0.028033749044327927,1.6003551810059833,0.028033749044327917,1.591603957813546,0.03678497223676515,1.5858856706849052,0.042503259365405735
6745,1.9030899869919435,1.943192237022742,0.040102250030798516,1.9318269153377041,0.028736928345760714,1.931771154024362,0.028681167032418752,1.9317122948602794,0.02862230786833563,1.9316416638633798,0.02855167687143585,1.9397720992101584,0.0366821122182147
6747,2.337459261290656,2.3365929657703357,0.008647609866325668,2.3358408867463694,0.007895530842359277,2.3358408867463694,0.007895530842359277,2.33584088674637,0.0078955308423593,2.3331028894497323,0.01063352813899665,2.3417534061082383,0.019284044797502876
6749,2.713910354128956,2.708751304129639,0.005159049999316667,2.7123110680286007,0.0015992861003552461,2.7123110680286007,0.0015992861003552683,2.7123110680286007,0.0015992861003552461,2.7123110680286007,0.0015992861003552906,2.7123110680286007,0.0015992861003552461
6750,2.858462001572238,2.887542548760778,0.029080547188539762,2.887542548760778,0.029080547188539762,2.887542548760778,0.029080547188539807,2.887542548760778,0.029080547188539807,2.887542548760778,0.029080547188539807,2.887542548760778,0.029080547188539786
6751,1.6283889300503114,1.6116732222872492,0.018755964788323733,1.6285774740080121,0.001851713067561378,1.631497250880568,0.004771489940117235,1.6299271766960417,0.006341564124643572,1.6270073998234857,0.003421787252087638,1.6270073998234857,0.0034217872520876714
6752,1.6283889300503114,1.6283889300503105,4.1078251911130794e-16,1.6283889300503105,4.2188474935755947e-16,1.6313087069228664,0.0029197768725562566,1.6313087069228664,0.0029197768725562788,1.6196377068578733,0.008751223192437574,1.6283889300503105,3.552713678800501e-16
6753,1.9030899869919435,1.9322330647964558,0.04786917143062404,1.9179985096036352,0.017975159081257287,1.9349333959544701,0.03491004543209218,1.9326412233056967,0.03695985681699432,1.9326412233056964,0.0369598568169943,1.937561135163044,0.04187976867434183
6754,2.1139433523068365,2.068623899414308,0.045319452892528325,2.0889440184628247,0.026224486446523566,2.0889440184628247,0.026224486446523566,2.090221941565867,0.027502409549565742,2.085804931926439,0.03494590170910058,2.0741390501071253,0.04661178352841454
6755,2.337459261290656,2.332027917779737,0.01329622219292057,2.336634747938334,0.008689392034323817,2.336634747938334,0.008689392034323817,2.3358826689143677,0.007937313010357428,2.3358826689143677,0.007937313010357406,2.335088807722403,0.007143451818392888
6756,2.5993371329924893,2.609434650731308,0.010685659182759566,2.609434650731308,0.010685659182759589,2.609434650731308,0.010685659182759589,2.609434650731308,0.010685659182759566,2.609434650731308,0.010685659182759566,2.6003732117574985,0.019747098156569675
6757,2.713910354128956,2.709592142779324,0.00431821134963164,2.709592142779324,0.004318211349631618,2.709592142779324,0.004318211349631595,2.709592142779324,0.004318211349631618,2.709592142779324,0.00431821134963164,2.709592142779324,0.004318211349631618
6758,2.858462001572238,2.8944680012825286,0.036005999710290636,2.892648415243859,0.034186413671621896,2.892648415243859,0.034186413671621896,2.892648415243859,0.034186413671621896,2.892648415243859,0.034186413671621896,2.8924983436889704,0.03403634211673281
6774,1.6283889300503114,1.6294090585629415,0.001020128512631735,1.6342753361733315,0.0058864061230211265,1.6342753361733315,0.005886406123021115,1.6278389843784153,0.002590202697157917,1.6238351418028034,0.006594045272769955,1.6238351418028039,0.006594045272769899
6775,1.6283889300503114,1.6304108312196715,0.002058612881164379,1.635295464685963,0.006906534635652317,1.6304291870755734,0.0020402570252627482,1.6304291870755734,0.0020402570252626593,1.6304291870755734,0.0020402570252627374,1.6304291870755734,0.0020402570252626927
6777,2.1139433523068365,2.087786653163274,0.027644384446612925,2.092067062962533,0.024589127249866262,2.0900248962171384,0.026631293995260895,2.0968985917619194,0.020853787621148513,2.083597596345985,0.03796447533601525,2.089454634271399,0.03210743741060157
6778,2.337459261290656,2.3352581531265306,0.010503498706280978,2.343628462167845,0.00616920087718964,2.343628462167845,0.00616920087718964,2.342876383143879,0.005417121853223272,2.334008365441178,0.009528264412467258,2.331101338795259,0.012435291058386722
6779,2.5993371329924893,2.6051972212642034,0.015994506333804837,2.5984742753936256,0.00927156046322668,2.5984742753936256,0.009271560463226658,2.5984742753936256,0.00927156046322668,2.598474275393625,0.00927156046322668,2.604866510337299,0.01566379540690004
6781,2.858462001572238,2.8896037208468432,0.031294022033324695,2.8896037208468432,0.031294022033324674,2.8896037208468432,0.031294022033324674,2.8896037208468432,0.031294022033324764,2.8896037208468432,0.03129402203332472,2.8896037208468432,0.031294022033324674
6790,1.6283889300503114,1.6277732919475851,0.0006156381027259017,1.632437125556597,0.01963717776059861,1.6377900309280253,0.024990083132027087,1.6404814062796926,0.02768145848369429,1.6270078538743629,0.034433239985199614,1.6559323998913538,0.027543469841043076
6791,1.6283889300503114,1.6543568078441477,0.02596787779383767,1.6371378032373953,0.022333333488362594,1.6389740345601314,0.02416956481109881,1.63615671594359,0.02135224619455748,1.641665409911799,0.026860940162765957,1.6465063833990126,0.031701913649979575
6792,1.9030899869919435,1.9632546794799406,0.08263670961785821,1.9698106198537366,0.06978726933135913,1.9698106198537366,0.06978726933135916,1.967991733383224,0.07063358502719787,1.951204048496463,0.059148880968155834,1.9204481151579387,0.033427399426135686
6793,2.1139433523068365,2.065893210669163,0.11241007887316226,2.0722259948972335,0.09993967492575527,2.06924447609554,0.10083843430317749,2.0676790613169787,0.09927301952461562,2.0576799649259407,0.0892739231335777,2.056638585213805,0.08823254342144232
6794,2.337459261290656,2.3488137982641843,0.02405914384393537,2.362307038666957,0.024847777376301682,2.358982327663898,0.028172488379361326,2.3617289773297974,0.03138760477057574,2.355616415368513,0.038254203071235796,2.35609347079221,0.03873125849493346
6796,2.713910354128956,2.681780564995885,0.03212978913307083,2.6853403288948465,0.028570025234109408,2.6853403288948465,0.028570025234109387,2.6853403288948465,0.028570025234109363,2.6853403288948465,0.028570025234109387,2.6853403288948465,0.028570025234109342
6797,2.858462001572238,2.9046005058213713,0.046290807007852416,2.896159731973441,0.037850033159922455,2.896159731973441,0.037850033159922435,2.896159731973441,0.037850033159922504,2.896159731973441,0.037850033159922455,2.8960096604185517,0.037699961605033395
6798,1.6283889300503114,1.6180315260422258,0.014029866653557387,1.6293935768181167,0.0026678158776663905,1.623219265277451,0.008842127418332301,1.6293935768181167,0.0026678158776663797,1.6293935768181171,0.002667815877666313,1.6293935768181171,0.002667815877666313
6799,1.6283889300503114,1.6283889300503103,5.773159728050814e-16,1.6244140185162128,0.009609548767180742,1.627333795388769,0.012529325639736567,1.6245164767722275,0.009712007023195269,1.6115204063723574,0.016868523677953662,1.6202716295647945,0.00811730048551641
6800,1.9030899869919435,1.9714277165860696,0.06833772959412635,1.9671846507479038,0.06409466375596047,1.9671288894345618,0.0640389024426185,1.967353836439956,0.06615252430603594,1.9758754692872391,0.07467415715331874,1.9758754692872382,0.07467415715331874
6801,2.1139433523068365,2.072433159898778,0.04281191704822781,2.103024152043317,0.013446077506201281,2.103024152043317,0.013446077506201304,2.109647289719241,0.007418013263232282,2.109647289719241,0.007418013263232282,2.1098815712362575,0.007183731746215716
6802,2.337459261290656,2.339962592252154,0.005898747023337347,2.341660300283073,0.004201038992417749,2.3415968004224204,0.004264538853070809,2.3413282007710037,0.003995939201654153,2.335413950086857,0.011489335861866823,2.334620088894892,0.010695474669902305
6803,2.5993371329924893,2.6222205505586564,0.023975680247770324,2.6222205505586564,0.023975680247770303,2.6222205505586564,0.023975680247770283,2.6222205505586564,0.023975680247770303,2.6222205505586564,0.023975680247770283,2.62861278550233,0.030367915191443683
6804,2.713910354128956,2.705756280474818,0.00815407365413776,2.705756280474818,0.008154073654137717,2.705756280474818,0.008154073654137695,2.705756280474818,0.008154073654137717,2.705756280474818,0.008154073654137717,2.7057562804748185,0.008154073654137738
6805,2.858462001572238,2.881522699088222,0.02336701361061324,2.8818446876347865,0.023382686062549275,2.8818446876347865,0.023382686062549275,2.8902854614827165,0.03182345991047928,2.8818446876347865,0.023382686062549275,2.8818446876347865,0.023382686062549295
6807,1.6283889300503114,1.6304108312196715,0.0020586128811644565,1.624414018516213,0.009609548767180665,1.624414018516213,0.009609548767180653,1.6215966998996716,0.006792230150639389,1.6128454767072344,0.015543453343076575,1.6215966998996716,0.006792230150639312
6808,1.9030899869919435,1.9407555812244506,0.042656635011536694,1.9297123362120552,0.026622349220111606,1.926472431957389,0.023382444965445746,1.926472431957389,0.023382444965445746,1.8986826961635124,0.004919055770880443,1.9008983965115926,0.012654701764178867
6809,2.1139433523068365,2.0592611858975873,0.05468216640924854,2.077122104227491,0.04367066751037546,2.077122104227491,0.04367066751037546,2.077122104227491,0.04367066751037544,2.077122104227491,0.04367066751037545,2.0741723620127663,0.046620409725100655
6810,2.337459261290656,2.3391128528950396,0.011167496991029457,2.3388094078438706,0.010864051939860064,2.3333736531236267,0.012204718947041716,2.333373653123627,0.012204718947041716,2.3274147575486035,0.013406739378608524,2.3274147575486035,0.013406739378608524
6811,2.5993371329924893,2.6082753466072015,0.02090198071347198,2.6082753466072015,0.020901980713471935,2.6082753466072015,0.020901980713471935,2.6082753466072015,0.020901980713471956,2.5867537341890756,0.042423593131597825,2.5867537341890756,0.042423593131597825
6812,2.713910354128956,2.7076283908027707,0.006281963326185113,2.7076283908027707,0.006281963326185092,2.7076283908027707,0.006281963326185069,2.7076283908027707,0.006281963326185092,2.7076283908027707,0.006281963326185092,2.7076283908027707,0.006281963326185113
6813,2.858462001572238,2.9003976237764273,0.042087924962908765,2.9003976237764273,0.04208792496290872,2.9003976237764273,0.04208792496290872,2.9003976237764273,0.042087924962908786,2.900397623776427,0.04208792496290874,2.9003976237764273,0.04208792496290872
6814,1.6283889300503114,1.6269643394236077,0.0014245906267033371,1.627579977526333,0.0008089525239779571,1.627579977526333,0.0008089525239778461,1.626009903341807,0.002379026708504206,1.626009903341807,0.0023790267085041727,1.626009903341807,0.0023790267085041948
6815,1.6283889300503114,1.6293907027070405,0.0010384843685331767,1.6294090585629415,0.0010201285126315573,1.629409058562942,0.001020128512631524,1.629409058562942,0.0010201285126314353,1.629409058562942,0.0010201285126315018,1.629409058562942,0.0010201285126314684
6818,2.337459261290656,2.3382458029018722,0.01369586305970123,2.339943510932792,0.011998155028781632,2.339943510932792,0.011998155028781632,2.3396749112813753,0.011729555377364998,2.3396749112813753,0.011729555377364998,2.3388810500894106,0.010935694185400458
6819,2.5993371329924893,2.6183741199221284,0.025752496814322744,2.6183741199221284,0.02575249681432277,2.6211647384720993,0.022961878264351743,2.6211647384720993,0.022961878264351743,2.6211647384720993,0.022961878264351743,2.6121032994982896,0.03202331723816183
6820,2.713910354128956,2.69374620324457,0.02016415088438639,2.6937462032445696,0.020164150884386434,2.69374620324457,0.020164150884386455,2.6937462032445696,0.020164150884386434,2.6937462032445696,0.02016415088438648,2.6937462032445696,0.020164150884386434
6824,1.9030899869919435,1.9457414191792926,0.0526335137454085,1.9313728997120894,0.036340589968741045,1.9313728997120894,0.036340589968741045,1.9316994378921248,0.03548916653723463,1.9349497366065354,0.03873946525164511,1.9349497366065354,0.03873946525164512
6825,2.1139433523068365,2.0431710667225342,0.08290252252534928,2.083330589674962,0.03965527832439804,2.066039365723743,0.056946502275617136,2.066039365723743,0.056946502275617136,2.064984054669012,0.058001813330348054,2.070841092594425,0.052144775404934354
6826,2.337459261290656,2.339097824746852,0.010947754264763288,2.345018346733281,0.007559085442625157,2.345018346733281,0.0075590854426251354,2.3446783158165916,0.007899116359314262,2.3439919391904676,0.007212739733189921,2.3438331669520744,0.007053967494797075
6827,2.5993371329924893,2.6063277051053317,0.024420748696299222,2.6063277051053317,0.024420748696299243,2.609118323655303,0.021630130146328242,2.609373184947677,0.021375268853954354,2.609373184947677,0.0213752688539544,2.609373184947677,0.021375268853954354
6828,2.713910354128956,2.7066016945400433,0.007308659588912536,2.710161458439005,0.0037488956899510927,2.710161458439005,0.0037488956899511374,2.710161458439005,0.0037488956899510927,2.710161458439005,0.0037488956899511374,2.710161458439005,0.0037488956899510927
6871,2.6981005456233897,2.4321049648896835,0.2710165332391564,2.362201237994493,0.3409202601343469,2.362201237994493,0.3409202601343469,2.362201237994493,0.3409202601343469,2.362201237994493,0.3409202601343469,2.3466125470716896,0.3514879985517001
6873,3.397940008672037,3.1248174095535446,0.6602357739669081,2.8783852031298824,0.8066625445839015,2.8783852031298824,0.8066625445839015,2.878385203129883,0.8066625445839015,2.878385203129883,0.8066625445839015,2.878385203129883,0.8066625445839017
6916,1.390640769930538,2.0120829431290668,0.6214421731985288,2.022467281672767,0.6318265117422293,2.022467281672767,0.6318265117422293,2.022467281672767,0.631826511742229,2.0224672816727676,0.631826511742229,2.022467281672767,0.631826511742229
6917,1.390640769930538,2.0332377736376053,0.6425970037070675,1.9970128031223122,0.6063720331917744,1.9970128031223122,0.6063720331917744,1.9970128031223122,0.6063720331917744,1.9970128031223122,0.6063720331917741,1.9970128031223122,0.6063720331917744
6925,1.390640769930538,2.0785671915858313,0.6879264216552929,2.0110580325467255,0.6204172626161878,2.0110580325467255,0.6204172626161878,2.011058032546726,0.6204172626161878,2.0110580325467255,0.6204172626161879,2.0110580325467255,0.6204172626161878
6928,1.9927007612585008,1.9796706992536333,0.12191488280757165,1.9530979558384285,0.08171007301040173,1.9530979558384285,0.08171007301040173,1.9530979558384278,0.0817100730104017,1.953097955838428,0.0817100730104017,1.9530979558384285,0.08171007301040178
6929,1.9927007612585008,1.9694093809028694,0.11207100159294177,1.93901114291046,0.086783901504579,1.93901114291046,0.08678390150457903,1.93901114291046,0.08678390150457906,1.9390111429104604,0.086783901504579,1.9390111429104604,0.08678390150457904
6937,1.9927007612585008,2.0165595005485066,0.25629010571915656,1.9920337925123426,0.2196739831236672,1.9920337925123426,0.21967398312366715,1.9920337925123426,0.21967398312366707,1.9920337925123426,0.21967398312366715,1.9920337925123426,0.21967398312366715
6940,1.6916707655945191,1.9726816912031144,0.28101092560859514,1.9677149897269763,0.2760442241324572,1.9677149897269768,0.2760442241324572,1.9677149897269763,0.2760442241324573,1.9677149897269763,0.2760442241324572,1.9677149897269763,0.2760442241324572
6941,1.6916707655945191,1.9978964307415115,0.3062256651469926,1.9529066569794022,0.26123589138488323,1.9529066569794025,0.26123589138488335,1.9529066569794022,0.26123589138488323,1.9599460997148075,0.2682753341202886,1.959946099714808,0.26827533412028864
6949,1.6916707655945191,1.971551903396033,0.3566696657753297,1.9298898262355628,0.3220342526657491,1.9298898262355628,0.3220342526657491,1.9298898262355628,0.3220342526657491,1.922615027277566,0.31919767649345604,1.922615027277566,0.31919767649345604
6951,4.056904851336473,3.0316557248947773,1.0252491264416952,3.031901009014369,1.025003842322104,3.031901009014369,1.025003842322104,3.031901009014369,1.0250038423221035,3.031901009014369,1.0250038423221037,3.031901009014369,1.025003842322104
6952,4.477121254719663,2.7858841837181476,1.6912370710015157,2.7200462424318435,1.7570750122878198,2.720046242431844,1.7570750122878196,2.720046242431844,1.7570750122878196,2.7200462424318435,1.7570750122878198,2.720046242431844,1.7570750122878191
6953,3.7323937598229686,3.07983277958371,0.6525609802392583,3.026681693408235,0.7057120664147335,3.026681693408235,0.7057120664147335,3.026681693408235,0.7057120664147336,3.0266816934082352,0.7057120664147333,3.026681693408235,0.7057120664147334
7562,-0.0791812460476248,1.619782453372699,1.6989636994203239,1.6061485261333206,1.6853297721809457,1.606148526133321,1.6853297721809457,1.606148526133321,1.6853297721809457,1.606148526133321,1.6853297721809457,1.6061485261333206,1.6853297721809457
7572,-0.0791812460476248,1.6012890297945013,1.6804702758421264,1.57623774548938,1.655418991537005,1.57623774548938,1.6554189915370052,1.57623774548938,1.6554189915370052,1.57623774548938,1.6554189915370052,1.57623774548938,1.655418991537005
7856,0.2218487496163564,1.5488263600537424,1.3269776104373858,1.5105816793284168,1.2887329297120604,1.510581679328417,1.2887329297120604,1.510581679328417,1.2887329297120604,1.4771332505864658,1.2552845009701095,1.4771332505864658,1.2552845009701095
7866,0.2218487496163564,1.5530623067996339,1.3312135571832777,1.4763360039606632,1.254487254344307,1.4763360039606632,1.254487254344307,1.4763360039606632,1.254487254344307,1.4763360039606632,1.254487254344307,1.4763360039606632,1.254487254344307
8150,0.5228787452803376,1.5503049551249364,1.027426209844599,1.5153875636441752,0.992508818363838,1.5153875636441752,0.992508818363838,1.5153875636441752,0.992508818363838,1.5153875636441752,0.992508818363838,1.5153875636441752,0.992508818363838
8160,0.5228787452803376,1.6605987782536897,1.1377200329733523,1.6532603847577658,1.1303816394774282,1.653260384757766,1.130381639477428,1.653260384757766,1.1303816394774282,1.6532603847577658,1.1303816394774282,1.6532603847577658,1.130381639477428
8376,3.0,2.2767914363617416,0.7232085636382585,2.065714394701279,0.9342856052987211,2.042829585944234,0.9571704140557664,2.0789179209389537,0.9210820790610466,2.086437767031653,0.9135622329683477,2.015507787634907,0.9844922123650937
8377,1.8976270912904407,1.9267501462473455,0.46870103850976186,2.237768451095306,0.6549603210264643,2.2377684510953064,0.6549603210264644,2.1837977438081206,0.600989613739279,2.267144034357495,0.6642797546608616,2.2671440343574956,0.6642797546608619
