Id,LogPriceMo,TransactionPriceUSD,DomainMembershipCount,IsMultiDomain,Financial,Healthcare,MediaEntertainment,Telecom,Gaming,Automotive,Manufacturing,Resources,Retail,PublicSector,Others,History,people,entities,products,records,events,symbols,assets,requests,features,locations,area,USD,sources,Limitations,ProfServices,IdIndividuals,IdCompanies,NCountries,PercGDP,DelMethod,S3Bucket,Download,RESTAPI,UIExport,Email,FeedAPI,EnrichApp,StreamingAPI,yearly,semiannual,quarterly,monthly,weekly,daily,hourly,minutely,secondly,ondemand,realtime,sql,txt,csv,xls,json,xml,bin,pdf,shapefile,dbf,fgdb,tab,accdb,mapfiles,tableau,images,locationdata,Weight,units,United States of America,Canada,Spain,Mexico,Germany,France,United Kingdom,Netherlands,Russian Federation,Italy,China,Japan,Australia,New Zealand,Korea (Republic of),India,Brazil,Argentina,Colombia,Saudi Arabia,Israel,Egypt,Nigeria,South Africa,Indonesia,Singapore,Malaysia,Philippines,Thailand,Vietnam,Turkey,Hungary,Finland,Switzerland,Hong Kong,Chile,wordanalysi,wordanalyt,wordattribut,wordavail,wordbest,wordbusi,wordcase,wordcompani,wordconsum,wordcontact,wordcountri,wordcover,wordcoverag,wordcustom,worddetail,wordfile,wordglobal,wordinclud,wordindustri,wordinform,wordinsight,wordlead,wordlevel,wordlist,wordlocat,wordmanag,wordmarket,wordmillion,wordname,wordneed,wordoffer,wordprice,wordprovid,wordqualiti,wordreport,wordrequir,wordresearch,wordsale,wordsegment,wordservic,wordsourc,wordstate,wordstore,wordtime,wordtype,worduse,worduser,wordwebsit,wordworldwid,wordyear
101,1.5185139398778875,33.0,4,1,0,0,0,1,0,0,0,1,1,0,1,0.0,0.0,0.0,0.0,0.0,0.0,0.0,0.0,0.0,0.0,1.6666666666666667e-08,0.0,0.0,0.0,0.0,0.0,0.0,0.0,1,0.16094331555107,5,0.0,1.0,0.0,1.0,0.0,0.0,0.0,0.0,0.0,0.0,1.0,0.0,0.0,0.0,0.0,0.0,0.0,0.0,0.0,0.0,0.0,0.0,0.0,0.0,0.0,0.0,0.0,0.0,0.0,0.0,0.0,0.0,1.0,0.0,1.0,0.0,0.0666666666666666,1.6666666666666667e-08,0,0,0,0,0,0,0,0,0,0,0,0,0,0,0,0,0,0,0,0,0,0,0,0,0,0,0,0,0,0,0,0,0,0,0,0,0.0,0.0,0.0,0.0,0.0,0.0,0.0,0.0,0.0,0.0,0.0,0.0,0.0,0.0,0.0,0.0,0.0,0.0,0.0,0.0,0.0,0.0,0.0,0.0,0.0,0.0,0.0,0.0,0.0,0.0,0.0,0.0,0.0,0.0,0.0,0.0,0.0,0.0,0.0,0.0,0.0,0.0,0.0,0.0,0.0,0.0,0.0,0.0,0.0,0.0
102,1.2174839442139065,16.500000000000007,4,1,0,0,0,1,0,0,0,1,1,0,1,0.0,0.0,0.0,0.0,0.0,0.0,0.0,0.0,0.0,0.0,1.6666666666666667e-08,0.0,0.0,0.0,0.0,0.0,0.0,0.0,1,0.16094331555107,4,0.0,1.0,0.0,1.0,0.0,0.0,0.0,0.0,0.0,1.0,0.0,0.0,0.0,0.0,0.0,0.0,0.0,0.0,0.0,0.0,0.0,0.0,0.0,0.0,0.0,0.0,0.0,0.0,0.0,0.0,0.0,0.0,0.0,0.0,1.0,0.0,0.0666666666666666,1.6666666666666667e-08,0,0,0,0,0,0,0,0,0,0,0,0,0,0,0,0,0,0,0,0,0,0,0,0,0,0,0,0,0,0,0,0,0,0,0,0,0.0,0.0,0.0,0.0,0.0,0.0,0.0,0.0,0.0,0.0,0.0,0.0,0.0,0.0,0.0,0.0,0.0,0.0,0.0,0.0,0.0,0.0,0.0,0.0,0.0,0.0,0.0,0.0,0.0,0.0,0.0,0.0,0.0,0.0,0.0,0.0,0.0,0.0,0.0,0.0,0.0,0.0,0.0,0.0,0.0,0.0,0.0,0.0,0.0,0.0
103,0.9164539485499252,8.250000000000004,4,1,0,0,0,1,0,0,0,1,1,0,1,0.0,0.0,0.0,0.0,0.0,0.0,0.0,0.0,0.0,0.0,1.6666666666666667e-08,0.0,0.0,0.0,0.0,0.0,0.0,0.0,1,0.16094331555107,4,0.0,1.0,0.0,1.0,0.0,0.0,0.0,0.0,1.0,0.0,0.0,0.0,0.0,0.0,0.0,0.0,0.0,0.0,0.0,0.0,0.0,0.0,0.0,0.0,0.0,0.0,0.0,0.0,0.0,0.0,0.0,0.0,0.0,0.0,1.0,0.0,0.0666666666666666,1.6666666666666667e-08,0,0,0,0,0,0,0,0,0,0,0,0,0,0,0,0,0,0,0,0,0,0,0,0,0,0,0,0,0,0,0,0,0,0,0,0,0.0,0.0,0.0,0.0,0.0,0.0,0.0,0.0,0.0,0.0,0.0,0.0,0.0,0.0,0.0,0.0,0.0,0.0,0.0,0.0,0.0,0.0,0.0,0.0,0.0,0.0,0.0,0.0,0.0,0.0,0.0,0.0,0.0,0.0,0.0,0.0,0.0,0.0,0.0,0.0,0.0,0.0,0.0,0.0,0.0,0.0,0.0,0.0,0.0,0.0
104,1.7543993062505885,56.806666666666686,4,1,0,0,0,1,0,0,0,1,1,0,1,0.0,0.0,0.0,0.0,0.0,0.0,0.0,0.0,0.0,0.0,1.6666666666666667e-08,0.0,0.0,0.0,0.0,0.0,0.0,0.0,1,0.16094331555107,5,0.0,1.0,0.0,1.0,0.0,0.0,0.0,0.0,0.0,0.0,1.0,0.0,0.0,0.0,0.0,0.0,0.0,0.0,0.0,0.0,0.0,0.0,0.0,0.0,0.0,0.0,0.0,0.0,0.0,0.0,0.0,0.0,1.0,0.0,1.0,0.0,0.0666666666666666,1.6666666666666667e-08,0,0,0,0,0,0,0,0,0,0,0,0,0,0,0,0,0,0,0,0,0,0,0,0,0,0,0,0,0,0,0,0,0,0,0,0,0.0,0.0,0.0,0.0,0.0,0.0,0.0,0.0,0.0,0.0,0.0,0.0,0.0,0.0,0.0,0.0,0.0,0.0,0.0,0.0,0.0,0.0,0.0,0.0,0.0,0.0,0.0,0.0,0.0,0.0,0.0,0.0,0.0,0.0,0.0,0.0,0.0,0.0,0.0,0.0,0.0,0.0,0.0,0.0,0.0,0.0,0.0,0.0,0.0,0.0
105,1.4533693105866072,28.40333333333334,4,1,0,0,0,1,0,0,0,1,1,0,1,0.0,0.0,0.0,0.0,0.0,0.0,0.0,0.0,0.0,0.0,1.6666666666666667e-08,0.0,0.0,0.0,0.0,0.0,0.0,0.0,1,0.16094331555107,4,0.0,1.0,0.0,1.0,0.0,0.0,0.0,0.0,0.0,1.0,0.0,0.0,0.0,0.0,0.0,0.0,0.0,0.0,0.0,0.0,0.0,0.0,0.0,0.0,0.0,0.0,0.0,0.0,0.0,0.0,0.0,0.0,0.0,0.0,1.0,0.0,0.0666666666666666,1.6666666666666667e-08,0,0,0,0,0,0,0,0,0,0,0,0,0,0,0,0,0,0,0,0,0,0,0,0,0,0,0,0,0,0,0,0,0,0,0,0,0.0,0.0,0.0,0.0,0.0,0.0,0.0,0.0,0.0,0.0,0.0,0.0,0.0,0.0,0.0,0.0,0.0,0.0,0.0,0.0,0.0,0.0,0.0,0.0,0.0,0.0,0.0,0.0,0.0,0.0,0.0,0.0,0.0,0.0,0.0,0.0,0.0,0.0,0.0,0.0,0.0,0.0,0.0,0.0,0.0,0.0,0.0,0.0,0.0,0.0
106,1.152339314922626,14.201666666666668,4,1,0,0,0,1,0,0,0,1,1,0,1,0.0,0.0,0.0,0.0,0.0,0.0,0.0,0.0,0.0,0.0,1.6666666666666667e-08,0.0,0.0,0.0,0.0,0.0,0.0,0.0,1,0.16094331555107,4,0.0,1.0,0.0,1.0,0.0,0.0,0.0,0.0,1.0,0.0,0.0,0.0,0.0,0.0,0.0,0.0,0.0,0.0,0.0,0.0,0.0,0.0,0.0,0.0,0.0,0.0,0.0,0.0,0.0,0.0,0.0,0.0,0.0,0.0,1.0,0.0,0.0666666666666666,1.6666666666666667e-08,0,0,0,0,0,0,0,0,0,0,0,0,0,0,0,0,0,0,0,0,0,0,0,0,0,0,0,0,0,0,0,0,0,0,0,0,0.0,0.0,0.0,0.0,0.0,0.0,0.0,0.0,0.0,0.0,0.0,0.0,0.0,0.0,0.0,0.0,0.0,0.0,0.0,0.0,0.0,0.0,0.0,0.0,0.0,0.0,0.0,0.0,0.0,0.0,0.0,0.0,0.0,0.0,0.0,0.0,0.0,0.0,0.0,0.0,0.0,0.0,0.0,0.0,0.0,0.0,0.0,0.0,0.0,0.0
107,2.398518682284506,250.33333333333331,4,1,0,0,0,1,0,0,0,1,1,0,1,0.0,0.0,0.0,0.0,0.0,0.0,0.0,0.0,0.0,0.0,1.6666666666666667e-08,0.0,0.0,0.0,0.0,0.0,0.0,0.0,1,0.16094331555107,5,0.0,1.0,0.0,1.0,0.0,0.0,0.0,0.0,0.0,0.0,1.0,0.0,0.0,0.0,0.0,0.0,0.0,0.0,0.0,0.0,0.0,0.0,0.0,0.0,0.0,0.0,0.0,0.0,0.0,0.0,0.0,0.0,1.0,0.0,1.0,0.0,0.0666666666666666,1.6666666666666667e-08,0,0,0,0,0,0,0,0,0,0,0,0,0,0,0,0,0,0,0,0,0,0,0,0,0,0,0,0,0,0,0,0,0,0,0,0,0.0,0.0,0.0,0.0,0.0,0.0,0.0,0.0,0.0,0.0,0.0,0.0,0.0,0.0,0.0,0.0,0.0,0.0,0.0,0.0,0.0,0.0,0.0,0.0,0.0,0.0,0.0,0.0,0.0,0.0,0.0,0.0,0.0,0.0,0.0,0.0,0.0,0.0,0.0,0.0,0.0,0.0,0.0,0.0,0.0,0.0,0.0,0.0,0.0,0.0
108,2.0974886866205247,125.16666666666664,4,1,0,0,0,1,0,0,0,1,1,0,1,0.0,0.0,0.0,0.0,0.0,0.0,0.0,0.0,0.0,0.0,1.6666666666666667e-08,0.0,0.0,0.0,0.0,0.0,0.0,0.0,1,0.16094331555107,4,0.0,1.0,0.0,1.0,0.0,0.0,0.0,0.0,0.0,1.0,0.0,0.0,0.0,0.0,0.0,0.0,0.0,0.0,0.0,0.0,0.0,0.0,0.0,0.0,0.0,0.0,0.0,0.0,0.0,0.0,0.0,0.0,0.0,0.0,1.0,0.0,0.0666666666666666,1.6666666666666667e-08,0,0,0,0,0,0,0,0,0,0,0,0,0,0,0,0,0,0,0,0,0,0,0,0,0,0,0,0,0,0,0,0,0,0,0,0,0.0,0.0,0.0,0.0,0.0,0.0,0.0,0.0,0.0,0.0,0.0,0.0,0.0,0.0,0.0,0.0,0.0,0.0,0.0,0.0,0.0,0.0,0.0,0.0,0.0,0.0,0.0,0.0,0.0,0.0,0.0,0.0,0.0,0.0,0.0,0.0,0.0,0.0,0.0,0.0,0.0,0.0,0.0,0.0,0.0,0.0,0.0,0.0,0.0,0.0
109,1.7964586909565436,62.58333333333334,4,1,0,0,0,1,0,0,0,1,1,0,1,0.0,0.0,0.0,0.0,0.0,0.0,0.0,0.0,0.0,0.0,1.6666666666666667e-08,0.0,0.0,0.0,0.0,0.0,0.0,0.0,1,0.16094331555107,4,0.0,1.0,0.0,1.0,0.0,0.0,0.0,0.0,1.0,0.0,0.0,0.0,0.0,0.0,0.0,0.0,0.0,0.0,0.0,0.0,0.0,0.0,0.0,0.0,0.0,0.0,0.0,0.0,0.0,0.0,0.0,0.0,0.0,0.0,1.0,0.0,0.0666666666666666,1.6666666666666667e-08,0,0,0,0,0,0,0,0,0,0,0,0,0,0,0,0,0,0,0,0,0,0,0,0,0,0,0,0,0,0,0,0,0,0,0,0,0.0,0.0,0.0,0.0,0.0,0.0,0.0,0.0,0.0,0.0,0.0,0.0,0.0,0.0,0.0,0.0,0.0,0.0,0.0,0.0,0.0,0.0,0.0,0.0,0.0,0.0,0.0,0.0,0.0,0.0,0.0,0.0,0.0,0.0,0.0,0.0,0.0,0.0,0.0,0.0,0.0,0.0,0.0,0.0,0.0,0.0,0.0,0.0,0.0,0.0
110,2.708420900134713,511.0000000000001,4,1,0,0,0,1,0,0,0,1,1,0,1,0.0,0.0,0.0,0.0,0.0,0.0,0.0,0.0,0.0,0.0,1.6666666666666667e-08,0.0,0.0,0.0,0.0,0.0,0.0,0.0,1,0.16094331555107,5,0.0,1.0,0.0,1.0,0.0,0.0,0.0,0.0,0.0,0.0,1.0,0.0,0.0,0.0,0.0,0.0,0.0,0.0,0.0,0.0,0.0,0.0,0.0,0.0,0.0,0.0,0.0,0.0,0.0,0.0,0.0,0.0,1.0,0.0,1.0,0.0,0.0666666666666666,1.6666666666666667e-08,0,0,0,0,0,0,0,0,0,0,0,0,0,0,0,0,0,0,0,0,0,0,0,0,0,0,0,0,0,0,0,0,0,0,0,0,0.0,0.0,0.0,0.0,0.0,0.0,0.0,0.0,0.0,0.0,0.0,0.0,0.0,0.0,0.0,0.0,0.0,0.0,0.0,0.0,0.0,0.0,0.0,0.0,0.0,0.0,0.0,0.0,0.0,0.0,0.0,0.0,0.0,0.0,0.0,0.0,0.0,0.0,0.0,0.0,0.0,0.0,0.0,0.0,0.0,0.0,0.0,0.0,0.0,0.0
111,2.407390904470732,255.50000000000028,4,1,0,0,0,1,0,0,0,1,1,0,1,0.0,0.0,0.0,0.0,0.0,0.0,0.0,0.0,0.0,0.0,1.6666666666666667e-08,0.0,0.0,0.0,0.0,0.0,0.0,0.0,1,0.16094331555107,4,0.0,1.0,0.0,1.0,0.0,0.0,0.0,0.0,0.0,1.0,0.0,0.0,0.0,0.0,0.0,0.0,0.0,0.0,0.0,0.0,0.0,0.0,0.0,0.0,0.0,0.0,0.0,0.0,0.0,0.0,0.0,0.0,0.0,0.0,1.0,0.0,0.0666666666666666,1.6666666666666667e-08,0,0,0,0,0,0,0,0,0,0,0,0,0,0,0,0,0,0,0,0,0,0,0,0,0,0,0,0,0,0,0,0,0,0,0,0,0.0,0.0,0.0,0.0,0.0,0.0,0.0,0.0,0.0,0.0,0.0,0.0,0.0,0.0,0.0,0.0,0.0,0.0,0.0,0.0,0.0,0.0,0.0,0.0,0.0,0.0,0.0,0.0,0.0,0.0,0.0,0.0,0.0,0.0,0.0,0.0,0.0,0.0,0.0,0.0,0.0,0.0,0.0,0.0,0.0,0.0,0.0,0.0,0.0,0.0
112,2.1063609088067503,127.74999999999999,4,1,0,0,0,1,0,0,0,1,1,0,1,0.0,0.0,0.0,0.0,0.0,0.0,0.0,0.0,0.0,0.0,1.6666666666666667e-08,0.0,0.0,0.0,0.0,0.0,0.0,0.0,1,0.16094331555107,4,0.0,1.0,0.0,1.0,0.0,0.0,0.0,0.0,1.0,0.0,0.0,0.0,0.0,0.0,0.0,0.0,0.0,0.0,0.0,0.0,0.0,0.0,0.0,0.0,0.0,0.0,0.0,0.0,0.0,0.0,0.0,0.0,0.0,0.0,1.0,0.0,0.0666666666666666,1.6666666666666667e-08,0,0,0,0,0,0,0,0,0,0,0,0,0,0,0,0,0,0,0,0,0,0,0,0,0,0,0,0,0,0,0,0,0,0,0,0,0.0,0.0,0.0,0.0,0.0,0.0,0.0,0.0,0.0,0.0,0.0,0.0,0.0,0.0,0.0,0.0,0.0,0.0,0.0,0.0,0.0,0.0,0.0,0.0,0.0,0.0,0.0,0.0,0.0,0.0,0.0,0.0,0.0,0.0,0.0,0.0,0.0,0.0,0.0,0.0,0.0,0.0,0.0,0.0,0.0,0.0,0.0,0.0,0.0,0.0
113,3.0,1000.0,4,1,0,0,0,1,0,0,0,1,1,0,1,0.0,0.0,0.0,0.0,0.0,0.0,0.0,0.0,0.0,0.0,1.6666666666666667e-08,0.0,0.0,0.0,0.0,0.0,0.0,0.0,1,0.16094331555107,5,0.0,1.0,0.0,1.0,0.0,0.0,0.0,0.0,0.0,0.0,1.0,0.0,0.0,0.0,0.0,0.0,0.0,0.0,0.0,0.0,0.0,0.0,0.0,0.0,0.0,0.0,0.0,0.0,0.0,0.0,0.0,0.0,1.0,0.0,1.0,0.0,0.0666666666666666,1.6666666666666667e-08,0,0,0,0,0,0,0,0,0,0,0,0,0,0,0,0,0,0,0,0,0,0,0,0,0,0,0,0,0,0,0,0,0,0,0,0,0.0,0.0,0.0,0.0,0.0,0.0,0.0,0.0,0.0,0.0,0.0,0.0,0.0,0.0,0.0,0.0,0.0,0.0,0.0,0.0,0.0,0.0,0.0,0.0,0.0,0.0,0.0,0.0,0.0,0.0,0.0,0.0,0.0,0.0,0.0,0.0,0.0,0.0,0.0,0.0,0.0,0.0,0.0,0.0,0.0,0.0,0.0,0.0,0.0,0.0
114,2.6989700043360187,499.99999999999994,4,1,0,0,0,1,0,0,0,1,1,0,1,0.0,0.0,0.0,0.0,0.0,0.0,0.0,0.0,0.0,0.0,1.6666666666666667e-08,0.0,0.0,0.0,0.0,0.0,0.0,0.0,1,0.16094331555107,4,0.0,1.0,0.0,1.0,0.0,0.0,0.0,0.0,0.0,1.0,0.0,0.0,0.0,0.0,0.0,0.0,0.0,0.0,0.0,0.0,0.0,0.0,0.0,0.0,0.0,0.0,0.0,0.0,0.0,0.0,0.0,0.0,0.0,0.0,1.0,0.0,0.0666666666666666,1.6666666666666667e-08,0,0,0,0,0,0,0,0,0,0,0,0,0,0,0,0,0,0,0,0,0,0,0,0,0,0,0,0,0,0,0,0,0,0,0,0,0.0,0.0,0.0,0.0,0.0,0.0,0.0,0.0,0.0,0.0,0.0,0.0,0.0,0.0,0.0,0.0,0.0,0.0,0.0,0.0,0.0,0.0,0.0,0.0,0.0,0.0,0.0,0.0,0.0,0.0,0.0,0.0,0.0,0.0,0.0,0.0,0.0,0.0,0.0,0.0,0.0,0.0,0.0,0.0,0.0,0.0,0.0,0.0,0.0,0.0
115,2.397940008672037,249.9999999999997,4,1,0,0,0,1,0,0,0,1,1,0,1,0.0,0.0,0.0,0.0,0.0,0.0,0.0,0.0,0.0,0.0,1.6666666666666667e-08,0.0,0.0,0.0,0.0,0.0,0.0,0.0,1,0.16094331555107,4,0.0,1.0,0.0,1.0,0.0,0.0,0.0,0.0,1.0,0.0,0.0,0.0,0.0,0.0,0.0,0.0,0.0,0.0,0.0,0.0,0.0,0.0,0.0,0.0,0.0,0.0,0.0,0.0,0.0,0.0,0.0,0.0,0.0,0.0,1.0,0.0,0.0666666666666666,1.6666666666666667e-08,0,0,0,0,0,0,0,0,0,0,0,0,0,0,0,0,0,0,0,0,0,0,0,0,0,0,0,0,0,0,0,0,0,0,0,0,0.0,0.0,0.0,0.0,0.0,0.0,0.0,0.0,0.0,0.0,0.0,0.0,0.0,0.0,0.0,0.0,0.0,0.0,0.0,0.0,0.0,0.0,0.0,0.0,0.0,0.0,0.0,0.0,0.0,0.0,0.0,0.0,0.0,0.0,0.0,0.0,0.0,0.0,0.0,0.0,0.0,0.0,0.0,0.0,0.0,0.0,0.0,0.0,0.0,0.0
125,3.6989700043360183,4999.9999999999945,2,1,1,0,0,1,0,0,0,0,0,0,0,4015.0,0.0,0.0,0.0,0.0,0.0,2.5e-05,0.0,0.0,0.0,0.0,0.0,0.0,0.0,0.0,0.0,0.0,1.0,249,1.0,4,1.0,0.0,0.0,0.0,0.0,0.0,0.0,0.0,1.0,0.0,0.0,0.0,0.0,1.0,0.0,0.0,0.0,0.0,0.0,0.0,0.0,1.0,0.0,0.0,0.0,0.0,0.0,0.0,0.0,0.0,0.0,0.0,0.0,0.0,0.0,0.0,1.0,2.5e-05,0,0,0,0,0,0,0,0,0,0,0,0,0,0,0,0,0,0,0,0,0,0,0,0,0,0,0,0,0,0,0,0,0,0,0,0,0.0,0.0,0.0,0.7199347897389181,0.0,0.0,0.0,0.0,0.0,0.0,0.0,0.0,0.0,0.0,0.0,0.3550618941103575,0.0,0.0,0.0,0.0,0.0,0.0,0.0,0.0,0.0,0.0,0.171999086198364,0.0,0.5113293398775017,0.0,0.0,0.0,0.0,0.0,0.0,0.0,0.0,0.0,0.0,0.0,0.0,0.0,0.0,0.2541329777925547,0.0,0.0,0.0,0.0,0.0,0.0
192,3.531478917042255,3399.999999999998,1,0,0,0,0,1,0,0,0,0,0,0,0,4015.0,0.0,0.0,0.0,0.0,0.0,0.0,0.0,0.0,0.0,0.0,0.0,0.0,0.0,0.0,1.0,0.0,0.0,249,1.0,4,1.0,0.0,0.0,0.0,0.0,0.0,0.0,0.0,1.0,0.0,0.0,0.0,0.0,0.0,0.0,0.0,0.0,0.0,0.0,0.0,0.0,0.0,1.0,0.0,0.0,0.0,1.0,0.0,0.0,0.0,0.0,0.0,0.0,0.0,0.0,0.0,1.0,0.0,0,0,0,0,0,0,0,0,0,0,0,0,0,0,0,0,0,0,0,0,0,0,0,0,0,0,0,0,0,0,0,0,0,0,0,0,0.3874217940535651,0.0,0.0,0.0,0.0,0.0,0.0,0.0193458774587676,0.0272403305775152,0.0,0.2005172124332665,0.1288591687792237,0.0,0.0194275264671669,0.0,0.0,0.2388385842588321,0.0193431657682976,0.0874017781822924,0.0187307038939662,0.0,0.0254126717532012,0.0,0.0,0.0,0.2731281437666345,0.6886479684132795,0.0,0.0,0.0,0.025149341993219,0.0,0.0696703711127759,0.0,0.1030305149287692,0.0262902875688215,0.1723569995801523,0.0281644976990516,0.2172099374096654,0.0240336277099368,0.0265509301405635,0.0277071510581564,0.0,0.0803285290630275,0.1784202501385516,0.0,0.029162975912142,0.0,0.1043103712751769,0.1736921064750035
197,4.301029995663981,20000.000000000004,1,0,0,0,0,1,0,0,0,0,0,0,0,0.0,0.0,0.0,0.0,0.0,0.0,0.0,0.0,0.0,0.0,0.0,0.0,0.0,0.0,0.0,0.0,0.0,0.0,1,0.0351316369426522,2,1.0,0.0,0.0,0.0,0.0,0.0,0.0,0.0,0.0,0.0,0.0,0.0,0.0,0.0,0.0,0.0,0.0,0.0,0.0,0.0,0.0,0.0,0.0,0.0,0.0,0.0,0.0,0.0,0.0,0.0,0.0,0.0,0.0,0.0,0.0,1.0,1.0,0.0,0,0,0,0,1,0,0,0,0,0,0,0,0,0,0,0,0,0,0,0,0,0,0,0,0,0,0,0,0,0,0,0,0,0,0,0,0.0,0.0,0.0,0.0,0.0,0.0,0.0,0.0,0.0,0.0,0.1039061629593964,0.0,0.6459608469340458,0.0906044790793473,0.0,0.0,0.0,0.0902110446815745,0.0,0.0873546960273316,0.0,0.0,0.0,0.0,0.0,0.0,0.0,0.0,0.0,0.0,0.0,0.0,0.0,0.0,0.0,0.0,0.0,0.0,0.0,0.0,0.1238260155518759,0.0,0.0,0.0,0.0,0.0,0.5440314278585563,0.0,0.4864740175715699,0.0
221,4.45229767099463,28333.333333333332,2,1,0,0,0,1,0,0,0,0,1,0,0,730.0,0.0,0.0,0.0,0.0,0.0,0.0,0.0,0.0,0.0,0.025,0.0,0.0,0.0,0.0,0.0,0.0,0.0,1,0.16094331555107,4,1.0,0.0,0.0,0.0,0.0,0.0,0.0,0.0,0.0,0.0,0.0,0.0,0.0,1.0,0.0,0.0,0.0,0.0,0.0,0.0,0.0,0.0,0.0,0.0,0.0,1.0,0.0,0.0,0.0,0.0,0.0,0.0,0.0,1.0,0.0,0.0,1.0,0.025,1,0,0,0,0,0,0,0,0,0,0,0,0,0,0,0,0,0,0,0,0,0,0,0,0,0,0,0,0,0,0,0,0,0,0,0,0.0,0.0,0.1173803544508761,0.0958777553587463,0.0,0.0,0.0995404096829321,0.0,0.3098789288189151,0.064574927025675,0.0,0.0,0.0,0.0736674991775614,0.0888314538604175,0.0,0.0,0.2933904428308411,0.082854994860552,0.0710252082804197,0.0,0.0963626521699748,0.1019069928336984,0.0,0.3122264402627733,0.0,0.0,0.0,0.0,0.0,0.0,0.0,0.0660460045611671,0.0,0.097670699183014,0.0,0.0,0.0,0.117663040873822,0.0911334364952624,0.4027153178968085,0.0,0.0,0.0,0.0,0.0,0.6635008860197695,0.0,0.0,0.0
239,3.3710678622717363,2350.0,1,0,0,0,0,1,0,0,0,0,0,0,0,3285.0,0.0,0.0,0.0,0.0,0.0,0.0,0.0,0.0,0.0,0.0,0.0,0.0,0.0,0.0,1.0,0.0,0.0,249,1.0,4,1.0,0.0,0.0,0.0,0.0,0.0,0.0,0.0,1.0,0.0,0.0,0.0,0.0,0.0,0.0,0.0,0.0,0.0,0.0,0.0,0.0,0.0,1.0,0.0,0.0,0.0,1.0,0.0,0.0,0.0,0.0,0.0,0.0,0.0,0.0,0.0,1.0,0.0,0,0,0,0,0,0,0,0,0,0,0,0,0,0,0,0,0,0,0,0,0,0,0,0,0,0,0,0,0,0,0,0,0,0,0,0,0.3927372652607018,0.0,0.0,0.0236600358255728,0.0,0.0351651490912829,0.0,0.1991301749048155,0.0,0.0159353447642206,0.0416960679919179,0.0,0.0,0.0181791455504956,0.0657635978098689,0.0,0.1564438465986631,0.0181002057314672,0.0613391126876069,0.0350541993008852,0.0547333135740399,0.0,0.0502957769985329,0.0,0.0,0.0283974864671282,0.7800590202336148,0.0261814655982024,0.0252065964985985,0.0,0.0941331464644435,0.0,0.0488951006896078,0.0230086369185537,0.0723074575473377,0.0,0.1344013517499541,0.0263546933724662,0.2903605483882988,0.0224892662987106,0.0248448110129756,0.0,0.0,0.0250555832753069,0.1669552581439646,0.0,0.0272890110168378,0.027135377728706,0.0,0.0232187053171889
252,3.591064607026499,3899.999999999999,1,0,0,0,0,1,0,0,0,0,0,0,0,2920.0,0.0,0.0,0.0,0.0,0.0,0.0,0.0,0.0,0.0,0.0,0.0,0.0,0.0,0.0,1.0,0.0,0.0,249,1.0,4,1.0,0.0,0.0,0.0,0.0,0.0,0.0,0.0,1.0,0.0,0.0,0.0,0.0,0.0,0.0,0.0,0.0,0.0,0.0,0.0,0.0,0.0,1.0,0.0,0.0,0.0,1.0,0.0,0.0,0.0,0.0,0.0,0.0,0.0,0.0,0.0,1.0,0.0,0,0,0,0,0,0,0,0,0,0,0,0,0,0,0,0,0,0,0,0,0,0,0,0,0,0,0,0,0,0,0,0,0,0,0,0,0.186733911590828,0.0390193692781674,0.0,0.0,0.0,0.0,0.0,0.0,0.0,0.0,0.0322158467366069,0.1490615778450106,0.0,0.0,0.0,0.0,0.3108188856626704,0.0,0.1895710121814308,0.0,0.0,0.0,0.0,0.0,0.0,0.0,0.7599273468147865,0.0,0.0,0.0,0.0,0.0717835738819906,0.0251853815135549,0.0,0.3724485437028536,0.0,0.124611846373867,0.1221753709691115,0.1346056552917326,0.0,0.0,0.0,0.0,0.0,0.1289954968722511,0.0,0.0,0.0,0.0,0.1435166984217293
256,4.176091259055681,15000.000000000004,1,0,0,0,0,1,0,0,0,0,0,0,0,0.0,0.0,0.0,0.0,0.0,0.0,0.0,0.0,0.0,0.0,0.0,0.0,0.0,0.0,0.0,0.0,0.0,0.0,1,0.0032742302198544,2,1.0,0.0,0.0,0.0,0.0,0.0,0.0,0.0,0.0,0.0,0.0,0.0,0.0,0.0,0.0,0.0,0.0,0.0,0.0,0.0,0.0,0.0,0.0,0.0,0.0,0.0,0.0,0.0,0.0,0.0,0.0,0.0,0.0,0.0,0.0,1.0,1.0,0.0,0,0,0,0,0,0,0,0,0,0,0,0,0,0,0,0,0,0,0,0,0,0,0,0,0,0,0,0,0,0,0,0,0,0,0,0,0.0,0.0,0.0,0.0,0.0,0.0,0.0,0.0,0.0,0.0,0.1039061629593964,0.0,0.6459608469340458,0.0906044790793473,0.0,0.0,0.0,0.0902110446815745,0.0,0.0873546960273316,0.0,0.0,0.0,0.0,0.0,0.0,0.0,0.0,0.0,0.0,0.0,0.0,0.0,0.0,0.0,0.0,0.0,0.0,0.0,0.0,0.1238260155518759,0.0,0.0,0.0,0.0,0.0,0.5440314278585563,0.0,0.4864740175715699,0.0
333,4.192660360488874,15583.333333333341,2,1,0,0,0,1,0,0,0,0,1,0,0,730.0,0.0,0.0,0.0,0.0,0.0,0.0,0.0,0.0,0.0,0.0183333333333333,0.0,0.0,0.0,0.0,0.0,0.0,0.0,1,0.16094331555107,4,1.0,0.0,0.0,0.0,0.0,0.0,0.0,0.0,0.0,0.0,0.0,0.0,0.0,1.0,0.0,0.0,0.0,0.0,0.0,0.0,0.0,0.0,0.0,0.0,0.0,1.0,0.0,0.0,0.0,0.0,0.0,0.0,0.0,1.0,0.0,0.0,1.0,0.0183333333333333,1,0,0,0,0,0,0,0,0,0,0,0,0,0,0,0,0,0,0,0,0,0,0,0,0,0,0,0,0,0,0,0,0,0,0,0,0.1008736370637403,0.0,0.0,0.0790013146514001,0.0,0.0,0.0820192671018057,0.0,0.2553339162755932,0.0532084226362854,0.0,0.0,0.0,0.0,0.0731953059508916,0.0,0.0,0.1813108051215852,0.0682708256459145,0.0585233228140108,0.0913777933274068,0.0794008597326756,0.1679385666864918,0.0,0.4287803630326262,0.0,0.0,0.0,0.0,0.0,0.0,0.0,0.054420560517728,0.0768262811731593,0.0,0.0,0.0,0.0,0.0,0.0750920926849675,0.2488719053632036,0.0,0.0,0.1673221488504621,0.0,0.0,0.728948260859883,0.0,0.0,0.0
378,4.301029995663981,20000.000000000004,1,0,0,0,0,1,0,0,0,0,0,0,0,0.0,0.0,0.0,0.0,0.0,0.0,0.0,0.0,0.0,0.0,0.0,0.0,0.0,0.0,0.0,0.0,0.0,0.0,1,0.0248934068468906,2,1.0,0.0,0.0,0.0,0.0,0.0,0.0,0.0,0.0,0.0,0.0,0.0,0.0,0.0,0.0,0.0,0.0,0.0,0.0,0.0,0.0,0.0,0.0,0.0,0.0,0.0,0.0,0.0,0.0,0.0,0.0,0.0,0.0,0.0,0.0,1.0,1.0,0.0,0,0,0,0,0,1,0,0,0,0,0,0,0,0,0,0,0,0,0,0,0,0,0,0,0,0,0,0,0,0,0,0,0,0,0,0,0.0,0.0,0.0,0.0,0.0,0.0,0.0,0.0,0.0,0.0,0.1039061629593964,0.0,0.6459608469340458,0.0906044790793473,0.0,0.0,0.0,0.0902110446815745,0.0,0.0873546960273316,0.0,0.0,0.0,0.0,0.0,0.0,0.0,0.0,0.0,0.0,0.0,0.0,0.0,0.0,0.0,0.0,0.0,0.0,0.0,0.0,0.1238260155518759,0.0,0.0,0.0,0.0,0.0,0.5440314278585563,0.0,0.4864740175715699,0.0
382,3.648360010980932,4450.000000000005,1,0,0,0,0,1,0,0,0,0,0,0,0,0.0,0.0,0.0,0.0,0.0,0.0,0.0,0.0,0.0,0.0,0.0,0.0,0.0,0.0,0.0,1.0,0.0,0.0,249,1.0,4,1.0,0.0,0.0,0.0,0.0,0.0,0.0,0.0,1.0,0.0,0.0,0.0,0.0,0.0,0.0,0.0,0.0,0.0,0.0,0.0,0.0,0.0,1.0,0.0,0.0,0.0,1.0,0.0,0.0,0.0,0.0,0.0,0.0,0.0,0.0,0.0,1.0,0.0,0,0,0,0,0,0,0,0,0,0,0,0,0,0,0,0,0,0,0,0,0,0,0,0,0,0,0,0,0,0,0,0,0,0,0,0,0.0,0.0,0.0,0.0,0.0,0.0,0.0,0.1171349444211747,0.0,0.0,0.0,0.0,0.0,0.0,0.0,0.0,0.4820380009887032,0.0,0.1322995357992256,0.0,0.0,0.0,0.0,0.0,0.0,0.0,0.7315103213216828,0.0,0.0,0.0,0.0,0.0,0.0,0.0,0.1039711058647009,0.0,0.0,0.0,0.3131327148618981,0.0,0.0,0.0,0.0,0.0,0.1200327283516396,0.2793533768873587,0.0,0.0,0.0,0.0
411,4.950202531637585,89166.66666666663,2,1,0,0,0,1,0,0,0,0,1,0,0,730.0,0.0,0.0,0.0,0.0,0.0,0.0,0.0,0.0,0.0,0.1216666666666666,0.0,0.0,0.0,0.0,0.0,0.0,0.0,1,0.16094331555107,4,1.0,0.0,0.0,0.0,0.0,0.0,0.0,0.0,0.0,0.0,0.0,0.0,0.0,1.0,0.0,0.0,0.0,0.0,0.0,0.0,0.0,0.0,0.0,0.0,0.0,1.0,0.0,0.0,0.0,0.0,0.0,0.0,0.0,1.0,0.0,0.0,1.0,0.1216666666666666,1,0,0,0,0,0,0,0,0,0,0,0,0,0,0,0,0,0,0,0,0,0,0,0,0,0,0,0,0,0,0,0,0,0,0,0,0.1008736370637403,0.0,0.0,0.0790013146514001,0.0,0.0,0.0820192671018057,0.0,0.2553339162755932,0.0532084226362854,0.0,0.0,0.0,0.0,0.0731953059508916,0.0,0.0,0.1813108051215852,0.0682708256459145,0.0585233228140108,0.0913777933274068,0.0794008597326756,0.1679385666864918,0.0,0.4287803630326262,0.0,0.0,0.0,0.0,0.0,0.0,0.0,0.054420560517728,0.0768262811731593,0.0,0.0,0.0,0.0,0.0,0.0750920926849675,0.2488719053632036,0.0,0.0,0.1673221488504621,0.0,0.0,0.728948260859883,0.0,0.0,0.0
431,3.531478917042255,3399.999999999998,1,0,0,0,0,1,0,0,0,0,0,0,0,2190.0,0.0,0.0,0.0,0.0,0.0,0.0,0.0,0.0,0.0,0.0,0.0,0.0,0.0,0.0,1.0,0.0,0.0,249,1.0,4,1.0,0.0,0.0,0.0,0.0,0.0,0.0,0.0,1.0,0.0,0.0,0.0,0.0,0.0,0.0,0.0,0.0,0.0,0.0,0.0,0.0,0.0,1.0,0.0,0.0,0.0,1.0,0.0,0.0,0.0,0.0,0.0,0.0,0.0,0.0,0.0,1.0,0.0,0,0,0,0,0,0,0,0,0,0,0,0,0,0,0,0,0,0,0,0,0,0,0,0,0,0,0,0,0,0,0,0,0,0,0,0,0.3274273714328935,0.0,0.0,0.0233119678233992,0.0,0.0346478268319012,0.0,0.1605278675532521,0.0,0.0157009163949265,0.0410826679450441,0.0,0.0,0.0179117081332561,0.0647961350268799,0.0,0.1541423666880075,0.0178339296153054,0.0604367394804962,0.0863462731208138,0.0539281197337387,0.0,0.0495558647369155,0.0,0.0,0.0279797247843381,0.8020000696136332,0.0257963042868702,0.0248357767014713,0.0,0.0927483329979829,0.0,0.048175794085908,0.0226701517892825,0.0712437266013537,0.0,0.1324241438396232,0.025966983669164,0.2288711922877639,0.2659010609412922,0.024479313521872,0.0,0.0,0.0246869850669938,0.1096660950274276,0.0,0.026887556360727,0.0267361832057608,0.0,0.0228771298254022
506,3.5415792439465807,3479.9999999999986,1,0,0,0,0,1,0,0,0,0,0,0,0,2190.0,0.0,0.0,0.0,0.0,0.0,0.0,0.0,0.0,0.0,0.0,0.0,0.0,0.0,0.0,1.0,0.0,0.0,249,1.0,5,1.0,0.0,0.0,0.0,0.0,0.0,0.0,0.0,1.0,0.0,0.0,0.0,0.0,0.0,0.0,0.0,0.0,0.0,0.0,0.0,0.0,0.0,1.0,0.0,0.0,1.0,1.0,0.0,0.0,0.0,0.0,0.0,0.0,0.0,0.0,0.0,1.0,0.0,0,0,0,0,0,0,0,0,0,0,0,0,0,0,0,0,0,0,0,0,0,0,0,0,0,0,0,0,0,0,0,0,0,0,0,0,0.3274457780997219,0.0,0.0,0.0466265566593483,0.0,0.0173248872975812,0.0,0.1783743242140199,0.0251163358627017,0.0,0.0821699548990488,0.0475246826074716,0.0255415906753594,0.0537381451751163,0.0,0.0,0.0440431519885334,0.0356698643360438,0.1410269863194179,0.0863511271654658,0.0539311513585178,0.0234311840344859,0.0991173011417562,0.0,0.0,0.0839438930801306,0.7017895105141766,0.051595508905355,0.0,0.0,0.0463767734705114,0.0,0.1605950077925931,0.0,0.2849909265632095,0.0,0.2118905411187564,0.0519368868597771,0.2002735512028133,0.2880756762468263,0.0979227586067496,0.0,0.0,0.0246883728712789,0.0548361300099399,0.0212701128879262,0.0,0.0,0.0320590127868831,0.068635247660434
532,2.3601514477826377,229.16666666666663,2,1,0,0,0,1,0,0,1,0,0,0,0,0.0,0.0,0.0,0.0,0.0,0.0,0.0,0.0,0.0,0.0,0.0,0.0,0.0,0.0,0.0,1.0,0.0,0.0,249,1.0,5,1.0,0.0,0.0,0.0,0.0,0.0,0.0,0.0,1.0,0.0,0.0,0.0,0.0,0.0,0.0,0.0,0.0,0.0,0.0,0.0,0.0,0.0,1.0,0.0,0.0,1.0,1.0,0.0,0.0,0.0,0.0,0.0,0.0,0.0,0.0,0.0,1.0,0.0,0,0,0,0,0,0,0,0,0,0,0,0,0,0,0,0,0,0,0,0,0,0,0,0,0,0,0,0,0,0,0,0,0,0,0,0,0.1661792954938721,0.0347243371170273,0.0,0.0325367043213773,0.0,0.0241791277670756,0.0,0.0995778039176899,0.0,0.0,0.0286697079754787,0.0,0.0356466032768988,0.0,0.0301454986913272,0.0,0.1844037968450432,0.0248909615514747,0.0,0.048205680087888,0.0,0.0327012570282516,0.0,0.0,0.0,0.1562061236868636,0.6063189504018734,0.0360041130600612,0.0,0.0,0.1294496075971325,0.0,0.1120655836160541,0.0316409164286961,0.0331451508046805,0.1014917431135179,0.1108952769434568,0.0,0.638874793201582,0.1855601437023136,0.0,0.0,0.0,0.0689116542881288,0.0,0.0,0.1501087300498479,0.0373159097609447,0.0,0.0
534,4.031408464251625,10750.000000000011,2,1,0,0,0,1,0,0,0,0,0,1,0,0.0,0.0,0.0028,0.0,0.0,0.0,0.0,0.0,0.0,0.0,0.0,0.0,0.0,0.0,0.0,0.0,0.0,1.0,1,0.0244398086565954,1,1.0,0.0,0.0,0.0,0.0,0.0,0.0,0.0,0.0,0.0,0.0,0.0,0.0,0.0,0.0,0.0,0.0,0.0,0.0,0.0,0.0,0.0,0.0,0.0,0.0,0.0,0.0,0.0,0.0,0.0,0.0,0.0,0.0,0.0,0.0,0.0,1.0,0.0028,0,0,0,0,0,0,1,0,0,0,0,0,0,0,0,0,0,0,0,0,0,0,0,0,0,0,0,0,0,0,0,0,0,0,0,0,0.0,0.0,0.1117677025410789,0.0,0.0,0.1356862470169677,0.0947807914902411,0.6985021663075175,0.0,0.1229744324624272,0.0,0.0,0.1000191955669154,0.0701450185045117,0.2537516833496478,0.0,0.0,0.0,0.0,0.135258142457328,0.0,0.0,0.0,0.0,0.0,0.0,0.4580269568373934,0.0,0.1945214831927844,0.0950671027313522,0.0,0.0,0.1257759056249667,0.0887798195978215,0.0,0.1898474014301879,0.0,0.0,0.0,0.0,0.0,0.0,0.0,0.0,0.0,0.0,0.0,0.1047030273023535,0.0,0.1791807551791807
554,3.544068044350276,3500.0000000000036,1,0,0,0,0,1,0,0,0,0,0,0,0,2190.0,0.0,0.0,0.0,0.0,0.0,0.0,0.0,0.0,0.0,0.0,0.0,0.0,0.0,0.0,1.0,0.0,0.0,249,1.0,4,1.0,0.0,0.0,0.0,0.0,0.0,0.0,0.0,1.0,0.0,0.0,0.0,0.0,0.0,0.0,0.0,0.0,0.0,0.0,0.0,0.0,0.0,1.0,0.0,0.0,0.0,1.0,0.0,0.0,0.0,0.0,0.0,0.0,0.0,0.0,0.0,1.0,0.0,0,0,0,0,0,0,0,0,0,0,0,0,0,0,0,0,0,0,0,0,0,0,0,0,0,0,0,0,0,0,0,0,0,0,0,0,0.2067968717614517,0.0,0.0,0.0,0.0,0.0,0.0,0.216854103275895,0.0436207918783149,0.0,0.0356771636684545,0.0412692420669138,0.0,0.0,0.1875683372145863,0.0,0.3442137140053231,0.0309748152962254,0.0,0.0299940609739681,0.0,0.0,0.0,0.0,0.0,0.0,0.6674560618359363,0.0,0.0,0.0,0.0,0.0,0.0278913351450282,0.0,0.3712184560711435,0.0,0.3680008599045136,0.0,0.0,0.153943193814454,0.0,0.0,0.0,0.0,0.0476183195600591,0.0,0.0466995838833867,0.0464366718041631,0.0,0.0
568,3.6580113966571126,4550.000000000002,1,0,0,0,0,1,0,0,0,0,0,0,0,2920.0,0.0,0.0,0.0,0.0,0.0,0.0,0.0,0.0,0.0,0.0,0.0,0.0,0.0,0.0,1.0,0.0,0.0,249,1.0,4,1.0,0.0,0.0,0.0,0.0,0.0,0.0,0.0,1.0,0.0,0.0,0.0,0.0,0.0,0.0,0.0,0.0,0.0,0.0,0.0,0.0,0.0,1.0,0.0,0.0,0.0,1.0,0.0,0.0,0.0,0.0,0.0,0.0,0.0,0.0,0.0,1.0,0.0,0,0,0,0,0,0,0,0,0,0,0,0,0,0,0,0,0,0,0,0,0,0,0,0,0,0,0,0,0,0,0,0,0,0,0,0,0.1797327163560708,0.0300451360810464,0.0344660354822293,0.028152292891005,0.0,0.0836836921188127,0.0292277469095849,0.1938586900412357,0.0,0.0189609388772183,0.0992255402456316,0.0573891310092849,0.0,0.0216307631069858,0.1304165443618795,0.0,0.0531849573916863,0.129221011387216,0.0486569188873735,0.0417098305790199,0.0976880351740307,0.0565893433256246,0.0598452790047325,0.0573449081500669,0.0305593658011158,0.0,0.847456267987956,0.0,0.0,0.0,0.0,0.0,0.1163573213241907,0.0273772149091085,0.1433937475893685,0.0292718161201219,0.1279357731258242,0.0,0.2418432788410885,0.0,0.0,0.0,0.0,0.0,0.0662181770928411,0.0,0.0649405805228346,0.0,0.0,0.0828815050144092
583,4.176091259055681,15000.000000000004,1,0,0,0,0,1,0,0,0,0,0,0,0,0.0,0.0,0.0,0.0,0.0,0.0,0.0,0.0,0.0,0.0,0.0,0.0,0.0,0.0,0.0,0.0,0.0,0.0,1,0.0028253927445012,2,1.0,0.0,0.0,0.0,0.0,0.0,0.0,0.0,0.0,0.0,0.0,0.0,0.0,0.0,0.0,0.0,0.0,0.0,0.0,0.0,0.0,0.0,0.0,0.0,0.0,0.0,0.0,0.0,0.0,0.0,0.0,0.0,0.0,0.0,0.0,1.0,1.0,0.0,0,0,0,0,0,0,0,0,0,0,0,0,0,0,0,0,0,0,0,0,0,0,0,0,0,0,0,0,0,0,0,0,0,0,0,0,0.0,0.0,0.0,0.0,0.0,0.0,0.0,0.0,0.0,0.0,0.1039061629593964,0.0,0.6459608469340458,0.0906044790793473,0.0,0.0,0.0,0.0902110446815745,0.0,0.0873546960273316,0.0,0.0,0.0,0.0,0.0,0.0,0.0,0.0,0.0,0.0,0.0,0.0,0.0,0.0,0.0,0.0,0.0,0.0,0.0,0.0,0.1238260155518759,0.0,0.0,0.0,0.0,0.0,0.5440314278585563,0.0,0.4864740175715699,0.0
607,3.8543060418010806,7150.0,1,0,0,0,0,1,0,0,0,0,0,0,0,2555.0,0.0,0.0,0.0,0.0,0.0,0.0,0.0,0.0,0.0,0.0,0.0,0.0027780152149756,0.0,0.0,1.0,0.0,0.0,249,1.0,4,1.0,0.0,0.0,0.0,0.0,0.0,0.0,0.0,1.0,0.0,0.0,0.0,0.0,0.0,0.0,0.0,0.0,0.0,0.0,0.0,0.0,0.0,1.0,0.0,0.0,0.0,1.0,0.0,0.0,0.0,0.0,0.0,0.0,0.0,0.0,0.0,1.0,0.0027780152149756,0,0,0,0,0,0,0,0,0,0,0,0,0,0,0,0,0,0,0,0,0,0,0,0,0,0,0,0,0,0,0,0,0,0,0,0,0.0,0.0,0.0,0.1920023101032572,0.0,0.0,0.0,0.073452308654091,0.0,0.0,0.0,0.0,0.0,0.0,0.0,0.0,0.0906820869039215,0.0734420129243779,0.0,0.0,0.0,0.0,0.1020381524710009,0.0,0.104209430681567,0.1152234730963809,0.6880669407095457,0.0,0.0,0.3998783974908519,0.0954868671359239,0.0,0.1983930276848761,0.0,0.0977964064885062,0.2994564068586171,0.1090673328106292,0.1069347917915507,0.2356289587403959,0.0912507300012769,0.0,0.0,0.0,0.2033272436825228,0.0,0.0,0.0,0.0,0.0,0.0
659,4.45229767099463,28333.333333333332,2,1,0,0,0,1,0,0,0,0,1,0,0,730.0,0.0,0.0,0.0,0.0,0.0,0.0,0.0,0.0,0.0,0.0003666666666666,0.0,0.0,0.0,0.0,0.0,0.0,0.0,1,0.16094331555107,5,1.0,0.0,0.0,0.0,0.0,0.0,0.0,0.0,0.0,0.0,0.0,0.0,0.0,1.0,0.0,0.0,0.0,0.0,0.0,0.0,0.0,0.0,0.0,0.0,0.0,1.0,0.0,1.0,0.0,0.0,0.0,0.0,0.0,1.0,0.0,0.0,1.0,0.0003666666666666,1,0,0,0,0,0,0,0,0,0,0,0,0,0,0,0,0,0,0,0,0,0,0,0,0,0,0,0,0,0,0,0,0,0,0,0,0.0,0.0,0.0,0.083020727977124,0.0,0.0,0.0861922272178468,0.0,0.2683247449740268,0.0559155502825624,0.0,0.0846198825227426,0.0,0.0637888255423933,0.0769193223095768,0.0,0.0,0.2540473340683528,0.0717442952656317,0.0615008609046394,0.0,0.0834406010343451,0.3529658240060755,0.0,0.450595765884932,0.0,0.0,0.0,0.0,0.0,0.0,0.0815007821166705,0.0571893590763788,0.0,0.0845732413933574,0.0,0.0,0.0,0.1018846475159547,0.0789126133854936,0.348711948191036,0.0,0.0,0.0,0.0,0.0,0.5745266601696999,0.0,0.0,0.0
756,3.694605198933569,4950.000000000002,1,0,0,0,0,1,0,0,0,0,0,0,0,2555.0,0.0,0.0,0.0,0.0,0.0,0.0,0.0,0.0,0.0,0.0,0.0,0.0033336182579707,0.0,0.0,1.0,0.0,0.0,249,1.0,4,1.0,0.0,0.0,0.0,0.0,0.0,0.0,0.0,1.0,0.0,0.0,0.0,0.0,0.0,0.0,0.0,0.0,0.0,0.0,0.0,0.0,0.0,1.0,0.0,0.0,0.0,1.0,0.0,0.0,0.0,0.0,0.0,0.0,0.0,0.0,0.0,1.0,0.0033336182579707,0,0,0,0,0,0,0,0,0,0,0,0,0,0,0,0,0,0,0,0,0,0,0,0,0,0,0,0,0,0,0,0,0,0,0,0,0.0783077073734255,0.0,0.0750824968203779,0.0,0.0633022282840215,0.0,0.0,0.0938469441322472,0.2642859479804504,0.0,0.1080788841210674,0.0,0.0,0.0471215119313618,0.0,0.0,0.173791067280373,0.0938337897088002,0.0529983055279775,0.0,0.0,0.0,0.0,0.0,0.0,0.0,0.7912029292816056,0.0,0.0,0.0,0.0,0.0,0.084492825918971,0.1192797269894176,0.1874255703646328,0.1275343108086178,0.2090261574445878,0.0,0.0,0.0,0.0643993445857219,0.0,0.0,0.0,0.2885058290842844,0.0,0.1414697357093257,0.0,0.0,0.0
762,4.176091259055681,15000.000000000004,1,0,0,0,0,1,0,0,0,0,0,0,0,0.0,0.0,0.0,0.0,0.0,0.0,0.0,0.0,0.0,0.0,0.0,0.0,0.0,0.0,0.0,0.0,0.0,0.0,1,0.0098171999889096,2,1.0,0.0,0.0,0.0,0.0,0.0,0.0,0.0,0.0,0.0,0.0,0.0,0.0,0.0,0.0,0.0,0.0,0.0,0.0,0.0,0.0,0.0,0.0,0.0,0.0,0.0,0.0,0.0,0.0,0.0,0.0,0.0,0.0,0.0,0.0,1.0,1.0,0.0,0,0,0,0,0,0,0,0,0,0,0,0,0,0,0,0,0,0,0,0,0,0,0,0,0,0,0,0,0,0,0,0,0,0,0,0,0.0,0.0,0.0,0.0,0.0,0.0,0.0,0.0,0.0,0.0,0.1039061629593964,0.0,0.6459608469340458,0.0906044790793473,0.0,0.0,0.0,0.0902110446815745,0.0,0.0873546960273316,0.0,0.0,0.0,0.0,0.0,0.0,0.0,0.0,0.0,0.0,0.0,0.0,0.0,0.0,0.0,0.0,0.0,0.0,0.0,0.0,0.1238260155518759,0.0,0.0,0.0,0.0,0.0,0.5440314278585563,0.0,0.4864740175715699,0.0
767,3.9208187539523753,8333.333333333336,1,0,0,0,0,1,0,0,0,0,0,0,0,365.0,0.0,0.0,0.0,0.0,0.0,0.0,0.0,0.0,0.0,0.0,0.0,0.0,0.0,0.0,0.0,0.0,0.0,1,0.16094331555107,1,1.0,0.0,0.0,0.0,0.0,0.0,0.0,0.0,0.0,0.0,0.0,0.0,0.0,0.0,0.0,0.0,0.0,0.0,0.0,0.0,0.0,0.0,0.0,0.0,0.0,0.0,0.0,0.0,0.0,0.0,0.0,0.0,0.0,0.0,0.0,0.0,1.0,0.0,1,0,0,0,0,0,0,0,0,0,0,0,0,0,0,0,0,0,0,0,0,0,0,0,0,0,0,0,0,0,0,0,0,0,0,0,0.0,0.0,0.0,0.0,0.0,0.0,0.0,0.0,0.0,0.0,0.0,0.0,0.0,0.0,0.0,0.0,0.0,0.3847274568796837,0.0,0.186272923496902,0.0,0.0,0.0,0.0,0.0,0.0,0.0,0.0,0.0,0.0,0.0,0.0,0.5196429261984964,0.0,0.0,0.0,0.0,0.0,0.0,0.0,0.0,0.5510836174219432,0.0,0.0,0.0,0.0,0.0,0.0,0.0,0.4935233102456435
774,3.839792184445329,6914.999999999992,2,1,1,0,0,1,0,0,0,0,0,0,0,0.0,0.0,0.0012,0.0,0.0,0.0,0.0,0.0,0.0,0.0,0.0,0.0,0.0,0.0,0.0,0.0,0.0,1.0,1,0.0244398086565954,1,1.0,0.0,0.0,0.0,0.0,0.0,0.0,0.0,0.0,0.0,0.0,0.0,0.0,0.0,0.0,0.0,0.0,0.0,0.0,0.0,0.0,0.0,0.0,0.0,0.0,0.0,0.0,0.0,0.0,0.0,0.0,0.0,0.0,0.0,0.0,0.0,1.0,0.0012,0,0,0,0,0,0,1,0,0,0,0,0,0,0,0,0,0,0,0,0,0,0,0,0,0,0,0,0,0,0,0,0,0,0,0,0,0.0,0.0,0.1117677025410789,0.0,0.0,0.1356862470169677,0.0947807914902411,0.6985021663075175,0.0,0.1229744324624272,0.0,0.0,0.1000191955669154,0.0701450185045117,0.2537516833496478,0.0,0.0,0.0,0.0,0.135258142457328,0.0,0.0,0.0,0.0,0.0,0.0,0.4580269568373934,0.0,0.1945214831927844,0.0950671027313522,0.0,0.0,0.1257759056249667,0.0887798195978215,0.0,0.1898474014301879,0.0,0.0,0.0,0.0,0.0,0.0,0.0,0.0,0.0,0.0,0.0,0.1047030273023535,0.0,0.1791807551791807
894,3.694605198933569,4950.000000000002,1,0,0,0,0,1,0,0,0,0,0,0,0,2920.0,0.0,0.0,0.0,0.0,0.0,0.0,0.0,0.0,0.0,0.0,0.0,0.004573040430806,0.0,0.0,1.0,0.0,0.0,249,1.0,4,1.0,0.0,0.0,0.0,0.0,0.0,0.0,0.0,1.0,0.0,0.0,0.0,0.0,0.0,0.0,0.0,0.0,0.0,0.0,0.0,0.0,0.0,1.0,0.0,0.0,0.0,1.0,0.0,0.0,0.0,0.0,0.0,0.0,0.0,0.0,0.0,1.0,0.004573040430806,0,0,0,0,0,0,0,0,0,0,0,0,0,0,0,0,0,0,0,0,0,0,0,0,0,0,0,0,0,0,0,0,0,0,0,0,0.1688576554420017,0.0,0.0,0.0,0.0,0.0,0.0,0.0674551521942335,0.0949815095667713,0.0,0.0,0.0,0.3380638793494133,0.0677398457316459,0.0,0.0,0.2914736010232833,0.0337228485396888,0.0380940349041987,0.0,0.0,0.0443044169081458,0.0,0.0,0.0957010492318681,0.0,0.695077216243193,0.0,0.0,0.0459036935941653,0.1753813126701651,0.0,0.0,0.0,0.2245290721493168,0.0,0.1502434777538544,0.0,0.0540976436426716,0.209500967119303,0.0462888550118072,0.0,0.0670987133064167,0.0466815489504518,0.05184293636237,0.0,0.3050561520587062,0.0,0.0,0.0
915,3.6580113966571126,4550.000000000002,1,0,0,0,0,1,0,0,0,0,0,0,0,2920.0,0.0,0.0,0.0,0.0,0.0,0.0,0.0,0.0,0.0,0.0,0.0,0.0,0.0,0.0,1.0,0.0,0.0,249,1.0,4,1.0,0.0,0.0,0.0,0.0,0.0,0.0,0.0,1.0,0.0,0.0,0.0,0.0,0.0,0.0,0.0,0.0,0.0,0.0,0.0,0.0,0.0,1.0,0.0,0.0,0.0,1.0,0.0,0.0,0.0,0.0,0.0,0.0,0.0,0.0,0.0,1.0,0.0,0,0,0,0,0,0,0,0,0,0,0,0,0,0,0,0,0,0,0,0,0,0,0,0,0,0,0,0,0,0,0,0,0,0,0,0,0.0970805274649761,0.1217139699566353,0.0,0.0,0.0,0.1412524027313202,0.0,0.1163450079554558,0.0,0.0,0.0669943957640364,0.0,0.0,0.0292090101133276,0.0,0.0,0.1436361676790735,0.0290821750007565,0.2956664972825427,0.0844840418145707,0.0879417520080572,0.0382075910435845,0.0,0.0258118186248393,0.0,0.0,0.7901526512816103,0.0,0.0,0.1187603635009185,0.037811678489536,0.0,0.052374206718276,0.0,0.2323573737723461,0.0,0.1727575339162092,0.0,0.2332657541804529,0.0361342179111629,0.1197568390867414,0.0,0.0,0.0,0.0447087186620397,0.0,0.0,0.0,0.0,0.1119186921977732
917,3.096910013008056,1249.9999999999982,2,1,0,0,0,1,0,0,0,0,1,0,0,1095.0,0.0,0.0,0.0,0.0,0.0,0.0,0.0,0.0,0.0,5e-08,0.0,0.0,0.0,0.0,0.0,1.0,1.0,1,0.16094331555107,3,1.0,0.0,0.0,0.0,0.0,0.0,0.0,0.0,0.0,0.0,0.0,0.0,0.0,1.0,0.0,0.0,0.0,0.0,0.0,0.0,0.0,0.0,0.0,0.0,0.0,0.0,0.0,0.0,0.0,0.0,0.0,0.0,0.0,0.0,0.0,1.0,1.0,5e-08,1,0,0,0,0,0,0,0,0,0,0,0,0,0,0,0,0,0,0,0,0,0,0,0,0,0,0,0,0,0,0,0,0,0,0,0,0.0,0.0,0.0,0.0,0.0,0.0,0.0,0.0,0.6732598439969162,0.0,0.0,0.2123217108128204,0.0,0.320108044731956,0.0,0.0,0.0,0.0,0.0,0.0,0.0,0.0,0.0,0.0,0.4522401168401009,0.0,0.0,0.0,0.0,0.0,0.0,0.0,0.0,0.0,0.0,0.0,0.0,0.0,0.0,0.0,0.0,0.0,0.0,0.4411920103504831,0.0,0.0,0.0,0.0,0.0,0.0
942,3.8543060418010806,7150.0,1,0,0,0,0,1,0,0,0,0,0,0,0,2190.0,0.0,0.0,0.0,0.0,0.0,0.0,0.0,0.0,0.0,0.0,0.0,0.0154286691170185,0.0,0.0,1.0,0.0,0.0,249,1.0,4,1.0,0.0,0.0,0.0,0.0,0.0,0.0,0.0,1.0,0.0,0.0,0.0,0.0,0.0,0.0,0.0,0.0,0.0,0.0,0.0,0.0,0.0,1.0,0.0,0.0,0.0,1.0,0.0,0.0,0.0,0.0,0.0,0.0,0.0,0.0,0.0,1.0,0.0154286691170185,0,0,0,0,0,0,0,0,0,0,0,0,0,0,0,0,0,0,0,0,0,0,0,0,0,0,0,0,0,0,0,0,0,0,0,0,0.0,0.152327375112615,0.0,0.0,0.0,0.0530340298917486,0.0,0.0273015029760323,0.0768848006936059,0.6248517319675677,0.0314417907131796,0.0,0.0,0.0274167285919577,0.0,0.0,0.2696451410004628,0.0,0.1233441032716216,0.0,0.0,0.0,0.0,0.0,0.0,0.1284823057828183,0.5370702452350242,0.0,0.0,0.0743154399037359,0.0709830646592817,0.0,0.0983209910396018,0.0,0.2544497582445639,0.0,0.1216177748206743,0.0,0.262742921339016,0.1017510050675404,0.0,0.0,0.0,0.0377873714946716,0.0,0.0,0.041155697142828,0.0,0.0,0.0
978,4.176091259055681,15000.000000000004,1,0,0,0,0,1,0,0,0,0,0,0,0,0.0,0.0,0.0,0.0,0.0,0.0,0.0,0.0,0.0,0.0,0.0,0.0,0.0,0.0,0.0,0.0,0.0,0.0,1,0.0077511837260759,2,1.0,0.0,0.0,0.0,0.0,0.0,0.0,0.0,0.0,0.0,0.0,0.0,0.0,0.0,0.0,0.0,0.0,0.0,0.0,0.0,0.0,0.0,0.0,0.0,0.0,0.0,0.0,0.0,0.0,0.0,0.0,0.0,0.0,0.0,0.0,1.0,1.0,0.0,0,0,0,0,0,0,0,1,0,0,0,0,0,0,0,0,0,0,0,0,0,0,0,0,0,0,0,0,0,0,0,0,0,0,0,0,0.0,0.0,0.0,0.0,0.0,0.0,0.0,0.0,0.0,0.0,0.1039061629593964,0.0,0.6459608469340458,0.0906044790793473,0.0,0.0,0.0,0.0902110446815745,0.0,0.0873546960273316,0.0,0.0,0.0,0.0,0.0,0.0,0.0,0.0,0.0,0.0,0.0,0.0,0.0,0.0,0.0,0.0,0.0,0.0,0.0,0.0,0.1238260155518759,0.0,0.0,0.0,0.0,0.0,0.5440314278585563,0.0,0.4864740175715699,0.0
1039,4.0,10000.0,2,1,0,0,0,1,0,0,0,0,1,0,0,0.0,0.0,0.0,0.0,0.0,0.0,0.0,0.0,0.0,0.0,0.0,0.0,0.0,0.0,0.0,0.0,0.0,0.0,1,0.16094331555107,1,1.0,0.0,0.0,0.0,0.0,0.0,0.0,0.0,0.0,0.0,0.0,0.0,0.0,0.0,0.0,0.0,0.0,0.0,0.0,0.0,0.0,0.0,0.0,0.0,0.0,0.0,0.0,0.0,0.0,0.0,0.0,0.0,0.0,0.0,0.0,0.0,1.0,0.0,1,0,0,0,0,0,0,0,0,0,0,0,0,0,0,0,0,0,0,0,0,0,0,0,0,0,0,0,0,0,0,0,0,0,0,0,0.0,0.0,0.0,0.0,0.0,0.0,0.0,0.0,0.0,0.0,0.0,0.0,0.0,0.0,0.0,0.0,0.0,0.0,0.0,0.0,0.0,0.0,0.0,1.0,0.0,0.0,0.0,0.0,0.0,0.0,0.0,0.0,0.0,0.0,0.0,0.0,0.0,0.0,0.0,0.0,0.0,0.0,0.0,0.0,0.0,0.0,0.0,0.0,0.0,0.0
1046,3.648360010980932,4450.000000000005,1,0,0,0,0,1,0,0,0,0,0,0,0,2920.0,0.0,0.0,0.0,0.0,0.0,0.0,0.0,0.0,0.0,0.0,0.0,0.0,0.0,0.0,1.0,0.0,0.0,249,1.0,4,1.0,0.0,0.0,0.0,0.0,0.0,0.0,0.0,1.0,0.0,0.0,0.0,0.0,0.0,0.0,0.0,0.0,0.0,0.0,0.0,0.0,0.0,1.0,0.0,0.0,0.0,1.0,0.0,0.0,0.0,0.0,0.0,0.0,0.0,0.0,0.0,1.0,0.0,0,0,0,0,0,0,0,0,0,0,0,0,0,0,0,0,0,0,0,0,0,0,0,0,0,0,0,0,0,0,0,0,0,0,0,0,0.0,0.0449239891708115,0.0,0.0,0.0,0.0312813134576767,0.0,0.0,0.0,0.0,0.0,0.0,0.0,0.0323426781943461,0.0,0.0,0.1789268318773978,0.0,0.0545644782058504,0.0311826175823234,0.0,0.0,0.0,0.0,0.0,0.6567888424230489,0.7089898316601748,0.0,0.0,0.0438338284893487,0.0,0.0,0.0144982841510302,0.0,0.042880945165235,0.0,0.0,0.0,0.1291457531759595,0.0,0.0,0.0,0.0,0.0445766092027796,0.0,0.057607047344569,0.0,0.0,0.0,0.0
1072,4.318758762624412,20833.333333333314,2,1,0,0,0,1,0,0,0,0,1,0,0,730.0,0.0,0.0,0.0,0.0,0.0,0.0,0.0,0.0,0.0,0.03,0.0,0.0,0.0,0.0,0.0,0.0,0.0,1,0.16094331555107,4,1.0,0.0,0.0,0.0,0.0,0.0,0.0,0.0,0.0,0.0,0.0,0.0,0.0,1.0,0.0,0.0,0.0,0.0,0.0,0.0,0.0,0.0,0.0,0.0,0.0,1.0,0.0,0.0,0.0,0.0,0.0,0.0,0.0,1.0,0.0,0.0,1.0,0.03,1,0,0,0,0,0,0,0,0,0,0,0,0,0,0,0,0,0,0,0,0,0,0,0,0,0,0,0,0,0,0,0,0,0,0,0,0.1008736370637403,0.0,0.0,0.0790013146514001,0.0,0.0,0.0820192671018057,0.0,0.2553339162755932,0.0532084226362854,0.0,0.0,0.0,0.0,0.0731953059508916,0.0,0.0,0.1813108051215852,0.0682708256459145,0.0585233228140108,0.0913777933274068,0.0794008597326756,0.1679385666864918,0.0,0.4287803630326262,0.0,0.0,0.0,0.0,0.0,0.0,0.0,0.054420560517728,0.0768262811731593,0.0,0.0,0.0,0.0,0.0,0.0750920926849675,0.2488719053632036,0.0,0.0,0.1673221488504621,0.0,0.0,0.728948260859883,0.0,0.0,0.0
1080,5.130333768495007,135000.0000000004,2,1,0,0,0,1,0,0,0,0,1,0,0,730.0,0.0,0.0,0.0,0.0,0.0,0.0,0.0,0.0,0.0,0.1166666666666666,0.0,0.0,0.0,0.0,0.0,0.0,0.0,1,0.16094331555107,4,1.0,0.0,0.0,0.0,0.0,0.0,0.0,0.0,0.0,0.0,0.0,0.0,0.0,1.0,0.0,0.0,0.0,0.0,0.0,0.0,0.0,0.0,0.0,0.0,0.0,1.0,0.0,0.0,0.0,0.0,0.0,0.0,0.0,1.0,0.0,0.0,1.0,0.1166666666666666,1,0,0,0,0,0,0,0,0,0,0,0,0,0,0,0,0,0,0,0,0,0,0,0,0,0,0,0,0,0,0,0,0,0,0,0,0.0,0.0,0.1173803544508761,0.0958777553587463,0.0,0.0,0.0995404096829321,0.0,0.3098789288189151,0.064574927025675,0.0,0.0,0.0,0.0736674991775614,0.0888314538604175,0.0,0.0,0.2933904428308411,0.082854994860552,0.0710252082804197,0.0,0.0963626521699748,0.1019069928336984,0.0,0.3122264402627733,0.0,0.0,0.0,0.0,0.0,0.0,0.0,0.0660460045611671,0.0,0.097670699183014,0.0,0.0,0.0,0.117663040873822,0.0911334364952624,0.4027153178968085,0.0,0.0,0.0,0.0,0.0,0.6635008860197695,0.0,0.0,0.0
1093,3.5634810853944106,3659.999999999999,1,0,0,0,0,1,0,0,0,0,0,0,0,2920.0,0.0,0.0,0.0,0.0,0.0,0.0,0.0,0.0,0.0,0.0,0.0,0.0,0.0,0.0,1.0,0.0,0.0,249,1.0,4,1.0,0.0,0.0,0.0,0.0,0.0,0.0,0.0,1.0,0.0,0.0,0.0,0.0,0.0,0.0,0.0,0.0,0.0,0.0,0.0,0.0,0.0,1.0,0.0,0.0,0.0,1.0,0.0,0.0,0.0,0.0,0.0,0.0,0.0,0.0,0.0,1.0,0.0,0,0,0,0,0,0,0,0,0,0,0,0,0,0,0,0,0,0,0,0,0,0,0,0,0,0,0,0,0,0,0,0,0,0,0,0,0.60745030782412,0.0,0.0,0.0297335943639438,0.0306905917588283,0.0662881252507043,0.0,0.0682492147966785,0.0,0.0,0.0523994968301402,0.242450609466985,0.0,0.0228457532214427,0.0550967929101419,0.0,0.2527754950411119,0.0454930989192911,0.2826447572632006,0.0,0.0343917092096296,0.0,0.0948101416150886,0.0,0.0,0.0,0.4901505360886367,0.0,0.0,0.0309627057599011,0.0,0.0875676926057182,0.0409643530271025,0.0,0.1514481090991457,0.0309160007030811,0.0337804668121386,0.0,0.2919171493641957,0.0847868608397238,0.0312225027110995,0.065164315860143,0.0,0.0,0.1049064329229515,0.0,0.034294131680513,0.0,0.0,0.1167158952161945
1130,4.706148588963142,50833.333333333314,2,1,0,0,0,1,0,0,0,0,1,0,0,730.0,0.0,0.0,0.0,0.0,0.0,0.0,0.0,0.0,0.0,0.0006333333333333,0.0,0.0,0.0,0.0,0.0,0.0,0.0,1,0.16094331555107,5,1.0,0.0,0.0,0.0,0.0,0.0,0.0,0.0,0.0,0.0,0.0,0.0,0.0,1.0,0.0,0.0,0.0,0.0,0.0,0.0,0.0,0.0,0.0,0.0,0.0,1.0,0.0,1.0,0.0,0.0,0.0,0.0,0.0,1.0,0.0,0.0,1.0,0.0006333333333333,1,0,0,0,0,0,0,0,0,0,0,0,0,0,0,0,0,0,0,0,0,0,0,0,0,0,0,0,0,0,0,0,0,0,0,0,0.0,0.0,0.0,0.083020727977124,0.0,0.0,0.0861922272178468,0.0,0.2683247449740268,0.0559155502825624,0.0,0.0846198825227426,0.0,0.0637888255423933,0.0769193223095768,0.0,0.0,0.2540473340683528,0.0717442952656317,0.0615008609046394,0.0,0.0834406010343451,0.3529658240060755,0.0,0.450595765884932,0.0,0.0,0.0,0.0,0.0,0.0,0.0815007821166705,0.0571893590763788,0.0,0.0845732413933574,0.0,0.0,0.0,0.1018846475159547,0.0789126133854936,0.348711948191036,0.0,0.0,0.0,0.0,0.0,0.5745266601696999,0.0,0.0,0.0
1136,4.375663613960885,23749.999999999985,2,1,0,0,0,1,0,0,0,0,1,0,0,730.0,0.0,0.0,0.0,0.0,0.0,0.0,0.0,0.0,0.0,0.0208333333333333,0.0,0.0,0.0,0.0,0.0,0.0,0.0,1,0.16094331555107,4,1.0,0.0,0.0,0.0,0.0,0.0,0.0,0.0,0.0,0.0,0.0,0.0,0.0,1.0,0.0,0.0,0.0,0.0,0.0,0.0,0.0,0.0,0.0,0.0,0.0,1.0,0.0,0.0,0.0,0.0,0.0,0.0,0.0,1.0,0.0,0.0,1.0,0.0208333333333333,1,0,0,0,0,0,0,0,0,0,0,0,0,0,0,0,0,0,0,0,0,0,0,0,0,0,0,0,0,0,0,0,0,0,0,0,0.0,0.0,0.1173803544508761,0.0958777553587463,0.0,0.0,0.0995404096829321,0.0,0.3098789288189151,0.064574927025675,0.0,0.0,0.0,0.0736674991775614,0.0888314538604175,0.0,0.0,0.2933904428308411,0.082854994860552,0.0710252082804197,0.0,0.0963626521699748,0.1019069928336984,0.0,0.3122264402627733,0.0,0.0,0.0,0.0,0.0,0.0,0.0,0.0660460045611671,0.0,0.097670699183014,0.0,0.0,0.0,0.117663040873822,0.0911334364952624,0.4027153178968085,0.0,0.0,0.0,0.0,0.0,0.6635008860197695,0.0,0.0,0.0
1149,4.477121254719663,30000.00000000001,2,1,0,0,0,1,0,0,0,0,1,0,0,365.0,0.0,0.0,0.0,0.0,0.0,0.0,0.0,0.0,0.0,0.0,0.0,0.0,0.0,0.0,0.0,1.0,1.0,1,0.16094331555107,2,1.0,0.0,0.0,0.0,0.0,0.0,0.0,0.0,0.0,0.0,0.0,0.0,0.0,0.0,0.0,0.0,0.0,0.0,0.0,0.0,0.0,0.0,0.0,0.0,0.0,0.0,0.0,0.0,0.0,0.0,0.0,0.0,0.0,0.0,0.0,1.0,1.0,0.0,1,0,0,0,0,0,0,0,0,0,0,0,0,0,0,0,0,0,0,0,0,0,0,0,0,0,0,0,0,0,0,0,0,0,0,0,0.0,0.2234675200590911,0.0,0.209389069144498,0.0,0.0,0.2173880025432802,0.0,0.2255832968766851,0.0705131435826137,0.0,0.0,0.0,0.0,0.0,0.0,0.0,0.4004627526112458,0.0,0.0775565833387781,0.2421923124916622,0.1052240217903965,0.0,0.0,0.5682305508396392,0.0,0.0750374806150991,0.1158517415371151,0.1115379920819441,0.0,0.0,0.0,0.1442389985459176,0.1018121253530064,0.0,0.0,0.0,0.2332365324183009,0.0,0.0,0.0,0.1147245710725399,0.318722013008316,0.1108697657426719,0.0,0.0,0.0,0.0,0.0,0.0
1153,3.694605198933569,4950.000000000002,2,1,0,0,0,1,0,0,0,1,0,0,0,2190.0,0.0,0.0,0.0,0.0,0.0,0.0,0.0,0.0,0.0,0.0,0.0,0.0023506282588255,0.0,0.0,1.0,0.0,0.0,249,1.0,4,1.0,0.0,0.0,0.0,0.0,0.0,0.0,0.0,1.0,0.0,0.0,0.0,0.0,0.0,0.0,0.0,0.0,0.0,0.0,0.0,0.0,0.0,1.0,0.0,0.0,0.0,1.0,0.0,0.0,0.0,0.0,0.0,0.0,0.0,0.0,0.0,1.0,0.0023506282588255,0,0,0,0,0,0,0,0,0,0,0,0,0,0,0,0,0,0,0,0,0,0,0,0,0,0,0,0,0,0,0,0,0,0,0,0,0.0,0.0496961349762843,0.0,0.0,0.0,0.0692084743372794,0.0,0.0,0.0,0.0,0.0410309827507519,0.0474622247194322,0.0,0.0357783476202301,0.0,0.0,0.0879705391952787,0.0356229862871889,0.0,0.2759604569207508,0.0,0.0,0.0,0.0,0.0505466962620929,0.7824466751505785,0.4672448031390961,0.0,0.0,0.145470509009204,0.0463158241876098,0.0,0.0,0.0,0.094872128596574,0.1452510770111869,0.0529030175833273,0.0,0.1142916272558694,0.0,0.0,0.0,0.0,0.0,0.0,0.0,0.0,0.0,0.0,0.0
1158,4.500602350569185,31666.666666666642,2,1,0,0,0,1,0,0,0,0,1,0,0,730.0,0.0,0.0,0.0,0.0,0.0,0.0,0.0,0.0,0.0,0.0002666666666666,0.0,0.0,0.0,0.0,0.0,0.0,0.0,1,0.16094331555107,5,1.0,0.0,0.0,0.0,0.0,0.0,0.0,0.0,0.0,0.0,0.0,0.0,0.0,1.0,0.0,0.0,0.0,0.0,0.0,0.0,0.0,0.0,0.0,0.0,0.0,1.0,0.0,1.0,0.0,0.0,0.0,0.0,0.0,1.0,0.0,0.0,1.0,0.0002666666666666,1,0,0,0,0,0,0,0,0,0,0,0,0,0,0,0,0,0,0,0,0,0,0,0,0,0,0,0,0,0,0,0,0,0,0,0,0.0,0.0,0.0,0.083020727977124,0.0,0.0,0.0861922272178468,0.0,0.2683247449740268,0.0559155502825624,0.0,0.0846198825227426,0.0,0.0637888255423933,0.0769193223095768,0.0,0.0,0.2540473340683528,0.0717442952656317,0.0615008609046394,0.0,0.0834406010343451,0.3529658240060755,0.0,0.450595765884932,0.0,0.0,0.0,0.0,0.0,0.0,0.0815007821166705,0.0571893590763788,0.0,0.0845732413933574,0.0,0.0,0.0,0.1018846475159547,0.0789126133854936,0.348711948191036,0.0,0.0,0.0,0.0,0.0,0.5745266601696999,0.0,0.0,0.0
1219,3.5634810853944106,3659.999999999999,1,0,0,0,0,1,0,0,0,0,0,0,0,4745.0,0.0,0.0,0.0,0.0,0.0,0.0,0.0,0.0,0.0,0.0,0.0,0.0,0.0,0.0,1.0,0.0,0.0,249,1.0,4,1.0,0.0,0.0,0.0,0.0,0.0,0.0,0.0,1.0,0.0,0.0,0.0,0.0,0.0,0.0,0.0,0.0,0.0,0.0,0.0,0.0,0.0,1.0,0.0,0.0,0.0,1.0,0.0,0.0,0.0,0.0,0.0,0.0,0.0,0.0,0.0,1.0,0.0,0,0,0,0,0,0,0,0,0,0,0,0,0,0,0,0,0,0,0,0,0,0,0,0,0,0,0,0,0,0,0,0,0,0,0,0,0.4646606760055026,0.0,0.0,0.0227443000345368,0.0234763418998795,0.0507061807252354,0.0,0.017402096311858,0.0,0.0,0.0400822673160795,0.1854592262804383,0.0,0.0174755416187953,0.0421455264893441,0.0,0.1933571040965482,0.0347993141581278,0.2162051813748626,0.0,0.0263074602885181,0.0,0.07252370099679,0.0,0.0,0.6278630351840052,0.3912353163232894,0.0,0.0,0.0236844917255696,0.0,0.0669836902184864,0.0313351128883002,0.0,0.1158481275708555,0.0236487653410484,0.0258398989061908,0.0760039914310332,0.2232979689269333,0.0216188438608202,0.0955328791801271,0.0498465383406755,0.0,0.0,0.0802467188038998,0.0,0.0262328197128887,0.0,0.0,0.0892802029617984
1220,3.648360010980932,4450.000000000005,1,0,0,0,0,1,0,0,0,0,0,0,0,3285.0,0.0,0.0,0.0,0.0,0.0,0.0,0.0,0.0,0.0,0.0,0.0,0.0089623044704675,0.0,0.0,1.0,0.0,0.0,249,1.0,5,1.0,0.0,0.0,0.0,0.0,0.0,0.0,0.0,1.0,0.0,0.0,0.0,0.0,1.0,0.0,0.0,0.0,0.0,0.0,0.0,0.0,0.0,1.0,0.0,0.0,0.0,1.0,0.0,0.0,0.0,0.0,0.0,0.0,0.0,0.0,0.0,1.0,0.0089623044704675,0,0,0,0,0,0,0,0,0,0,0,0,0,0,0,0,0,0,0,0,0,0,0,0,0,0,0,0,0,0,0,0,0,0,0,0,0.0356812335581592,0.0,0.0,0.0,0.0,0.0,0.0,0.0,0.0,0.0,0.0,0.0,0.0,0.0,0.0,0.0,0.3167544993946354,0.0,0.0241488990184916,0.1035049598046505,0.0,0.0,0.0,0.0,0.0303338170881099,0.8049561889290188,0.420600734822518,0.0,0.0,0.0,0.0,0.0,0.0,0.0,0.0569341620407015,0.0,0.0,0.0,0.1714702231925074,0.0,0.0,0.0,0.0850715896062132,0.0,0.1314588846453723,0.0,0.064461275276315,0.0,0.0,0.0
1239,4.301029995663981,20000.000000000004,1,0,0,0,0,1,0,0,0,0,0,0,0,0.0,0.0,0.0,0.0,0.0,0.0,0.0,0.0,0.0,0.0,0.0,0.0,0.0,0.0,0.0,0.0,0.0,0.0,1,0.0149160908040707,2,1.0,0.0,0.0,0.0,0.0,0.0,0.0,0.0,0.0,0.0,0.0,0.0,0.0,0.0,0.0,0.0,0.0,0.0,0.0,0.0,0.0,0.0,0.0,0.0,0.0,0.0,0.0,0.0,0.0,0.0,0.0,0.0,0.0,0.0,0.0,1.0,1.0,0.0,0,0,1,0,0,0,0,0,0,0,0,0,0,0,0,0,0,0,0,0,0,0,0,0,0,0,0,0,0,0,0,0,0,0,0,0,0.0,0.0,0.0,0.0,0.0,0.0,0.0,0.0,0.0,0.0,0.1039061629593964,0.0,0.6459608469340458,0.0906044790793473,0.0,0.0,0.0,0.0902110446815745,0.0,0.0873546960273316,0.0,0.0,0.0,0.0,0.0,0.0,0.0,0.0,0.0,0.0,0.0,0.0,0.0,0.0,0.0,0.0,0.0,0.0,0.0,0.0,0.1238260155518759,0.0,0.0,0.0,0.0,0.0,0.5440314278585563,0.0,0.4864740175715699,0.0
1255,4.522878745280337,33333.33333333332,2,1,0,0,0,1,0,0,0,0,1,0,0,730.0,0.0,0.0,0.0,0.0,0.0,0.0,0.0,0.0,0.0,0.0466666666666666,0.0,0.0,0.0,0.0,0.0,0.0,0.0,1,0.16094331555107,4,1.0,0.0,0.0,0.0,0.0,0.0,0.0,0.0,0.0,0.0,0.0,0.0,0.0,1.0,0.0,0.0,0.0,0.0,0.0,0.0,0.0,0.0,0.0,0.0,0.0,1.0,0.0,0.0,0.0,0.0,0.0,0.0,0.0,1.0,0.0,0.0,1.0,0.0466666666666666,1,0,0,0,0,0,0,0,0,0,0,0,0,0,0,0,0,0,0,0,0,0,0,0,0,0,0,0,0,0,0,0,0,0,0,0,0.1008736370637403,0.0,0.0,0.0790013146514001,0.0,0.0,0.0820192671018057,0.0,0.2553339162755932,0.0532084226362854,0.0,0.0,0.0,0.0,0.0731953059508916,0.0,0.0,0.1813108051215852,0.0682708256459145,0.0585233228140108,0.0913777933274068,0.0794008597326756,0.1679385666864918,0.0,0.4287803630326262,0.0,0.0,0.0,0.0,0.0,0.0,0.0,0.054420560517728,0.0768262811731593,0.0,0.0,0.0,0.0,0.0,0.0750920926849675,0.2488719053632036,0.0,0.0,0.1673221488504621,0.0,0.0,0.728948260859883,0.0,0.0,0.0
1256,4.273001272063738,18749.999999999996,2,1,0,0,0,1,0,0,0,0,1,0,0,730.0,0.0,0.0,0.0,0.0,0.0,0.0,0.0,0.0,0.0,0.025,0.0,0.0,0.0,0.0,0.0,0.0,0.0,1,0.16094331555107,4,1.0,0.0,0.0,0.0,0.0,0.0,0.0,0.0,0.0,0.0,0.0,0.0,0.0,1.0,0.0,0.0,0.0,0.0,0.0,0.0,0.0,0.0,0.0,0.0,0.0,1.0,0.0,0.0,0.0,0.0,0.0,0.0,0.0,1.0,0.0,0.0,1.0,0.025,1,0,0,0,0,0,0,0,0,0,0,0,0,0,0,0,0,0,0,0,0,0,0,0,0,0,0,0,0,0,0,0,0,0,0,0,0.1008736370637403,0.0,0.0,0.0790013146514001,0.0,0.0,0.0820192671018057,0.0,0.2553339162755932,0.0532084226362854,0.0,0.0,0.0,0.0,0.0731953059508916,0.0,0.0,0.1813108051215852,0.0682708256459145,0.0585233228140108,0.0913777933274068,0.0794008597326756,0.1679385666864918,0.0,0.4287803630326262,0.0,0.0,0.0,0.0,0.0,0.0,0.0,0.054420560517728,0.0768262811731593,0.0,0.0,0.0,0.0,0.0,0.0750920926849675,0.2488719053632036,0.0,0.0,0.1673221488504621,0.0,0.0,0.728948260859883,0.0,0.0,0.0
1278,4.176091259055681,15000.000000000004,1,0,0,0,0,1,0,0,0,0,0,0,0,0.0,0.0,0.0,0.0,0.0,0.0,0.0,0.0,0.0,0.0,0.0,0.0,0.0,0.0,0.0,0.0,0.0,0.0,1,0.0026293076120117,2,1.0,0.0,0.0,0.0,0.0,0.0,0.0,0.0,0.0,0.0,0.0,0.0,0.0,0.0,0.0,0.0,0.0,0.0,0.0,0.0,0.0,0.0,0.0,0.0,0.0,0.0,0.0,0.0,0.0,0.0,0.0,0.0,0.0,0.0,0.0,1.0,1.0,0.0,0,0,0,0,0,0,0,0,0,0,0,0,0,0,0,0,0,0,0,0,0,0,0,0,0,0,0,0,0,0,0,0,0,0,0,0,0.0,0.0,0.0,0.0,0.0,0.0,0.0,0.0,0.0,0.0,0.1039061629593964,0.0,0.6459608469340458,0.0906044790793473,0.0,0.0,0.0,0.0902110446815745,0.0,0.0873546960273316,0.0,0.0,0.0,0.0,0.0,0.0,0.0,0.0,0.0,0.0,0.0,0.0,0.0,0.0,0.0,0.0,0.0,0.0,0.0,0.0,0.1238260155518759,0.0,0.0,0.0,0.0,0.0,0.5440314278585563,0.0,0.4864740175715699,0.0
1289,3.462397997898956,2900.0,1,0,0,0,0,1,0,0,0,0,0,0,0,5110.0,0.0,0.0,0.0,0.0,0.0,0.0,0.0,0.0,0.0,0.0,0.0,0.0,0.0,0.0,1.0,0.0,0.0,249,1.0,5,1.0,0.0,0.0,0.0,0.0,0.0,0.0,0.0,1.0,0.0,0.0,0.0,0.0,0.0,0.0,0.0,0.0,0.0,0.0,0.0,0.0,0.0,1.0,0.0,0.0,1.0,1.0,0.0,0.0,0.0,0.0,0.0,0.0,0.0,0.0,0.0,1.0,0.0,0,0,0,0,0,0,0,0,0,0,0,0,0,0,0,0,0,0,0,0,0,0,0,0,0,0,0,0,0,0,0,0,0,0,0,0,0.1375224784207552,0.0,0.0,0.0,0.0,0.0,0.0,0.0494436554797947,0.0,0.0,0.0189806042186886,0.0,0.0,0.0,0.0,0.0,0.6511114773977474,0.0,0.1116895167452897,0.0159571373315609,0.0,0.0,0.0,0.0,0.0,0.0,0.6638699548205079,0.0,0.0,0.0,0.021425329568819,0.0634390716033324,0.0,0.0,0.2852660678126262,0.0,0.0734175375342475,0.0239940132630559,0.0,0.0,0.0,0.0,0.0,0.0,0.0506668347028763,0.0,0.0496892817548583,0.0,0.0,0.063416779181387
1300,4.706148588963142,50833.333333333314,2,1,0,0,0,1,0,0,0,0,1,0,0,730.0,0.0,0.0,0.0,0.0,0.0,0.0,0.0,0.0,0.0,0.0458333333333333,0.0,0.0,0.0,0.0,0.0,0.0,0.0,1,0.16094331555107,4,1.0,0.0,0.0,0.0,0.0,0.0,0.0,0.0,0.0,0.0,0.0,0.0,0.0,1.0,0.0,0.0,0.0,0.0,0.0,0.0,0.0,0.0,0.0,0.0,0.0,1.0,0.0,0.0,0.0,0.0,0.0,0.0,0.0,1.0,0.0,0.0,1.0,0.0458333333333333,1,0,0,0,0,0,0,0,0,0,0,0,0,0,0,0,0,0,0,0,0,0,0,0,0,0,0,0,0,0,0,0,0,0,0,0,0.0,0.0,0.1173803544508761,0.0958777553587463,0.0,0.0,0.0995404096829321,0.0,0.3098789288189151,0.064574927025675,0.0,0.0,0.0,0.0736674991775614,0.0888314538604175,0.0,0.0,0.2933904428308411,0.082854994860552,0.0710252082804197,0.0,0.0963626521699748,0.1019069928336984,0.0,0.3122264402627733,0.0,0.0,0.0,0.0,0.0,0.0,0.0,0.0660460045611671,0.0,0.097670699183014,0.0,0.0,0.0,0.117663040873822,0.0911334364952624,0.4027153178968085,0.0,0.0,0.0,0.0,0.0,0.6635008860197695,0.0,0.0,0.0
1318,4.485484818204465,30583.333333333343,2,1,0,0,0,1,0,0,0,0,1,0,0,0.0,0.0,0.0,0.0,0.0,0.0,0.0,0.0,0.0,0.0,0.0003666666666666,0.0,0.0,0.0,0.0,0.0,0.0,0.0,1,0.16094331555107,6,1.0,0.0,0.0,0.0,0.0,0.0,0.0,0.0,0.0,0.0,0.0,0.0,0.0,1.0,0.0,0.0,0.0,0.0,0.0,0.0,0.0,0.0,0.0,0.0,0.0,1.0,0.0,1.0,0.0,0.0,0.0,0.0,0.0,1.0,0.0,1.0,1.0,0.0003666666666666,1,0,0,0,0,0,0,0,0,0,0,0,0,0,0,0,0,0,0,0,0,0,0,0,0,0,0,0,0,0,0,0,0,0,0,0,0.2005858688410085,0.0,0.0,0.0785465251387725,0.0,0.0,0.0815471040412807,0.0,0.338485369296601,0.0529021159285398,0.0,0.1601189941780327,0.0860541004013482,0.0,0.0727739400829067,0.0,0.0,0.1802670471403513,0.0678778086985485,0.1163728392849912,0.0,0.0789437701455038,0.4174294727947345,0.0,0.2557871932579842,0.0,0.056296476043997,0.0,0.0,0.0,0.0,0.0,0.0,0.0763840127485653,0.0,0.0,0.0,0.0,0.0,0.1493196150425911,0.2474392161345967,0.0,0.0,0.0,0.0,0.0,0.6341579125043771,0.0,0.0,0.0
1380,3.591064607026499,3899.999999999999,2,1,0,0,0,1,0,0,0,1,0,0,0,3285.0,0.0,0.0,0.0,0.0,0.0,0.0,0.0,0.0,0.0,0.0,0.0,0.0,0.0,0.0,1.0,0.0,0.0,249,1.0,4,1.0,0.0,0.0,0.0,0.0,0.0,0.0,0.0,1.0,0.0,0.0,0.0,0.0,0.0,0.0,0.0,0.0,0.0,0.0,0.0,0.0,0.0,1.0,0.0,0.0,0.0,1.0,0.0,0.0,0.0,0.0,0.0,0.0,0.0,0.0,0.0,1.0,0.0,0,0,0,0,0,0,0,0,0,0,0,0,0,0,0,0,0,0,0,0,0,0,0,0,0,0,0,0,0,0,0,0,0,0,0,0,0.2319553034612485,0.0,0.0,0.0,0.0375015131048935,0.0,0.0,0.0,0.0,0.0,0.0320140522624505,0.1481278819852033,0.0,0.0,0.0,0.0,0.240233754517054,0.0,0.219780834296065,0.0,0.0,0.0,0.0,0.0,0.0,0.0,0.7551672937700437,0.0,0.0,0.0,0.0,0.0713339340304289,0.0500552493073863,0.0,0.3701155906489942,0.0,0.1238312993896992,0.1214100856441239,0.1337625088225384,0.0690686274562528,0.0,0.0,0.0,0.0,0.1281874914619727,0.0,0.0,0.0,0.0,0.1782721684056653
1391,3.648360010980932,4450.000000000005,1,0,0,0,0,1,0,0,0,0,0,0,0,3285.0,0.0,0.0,0.0,0.0,0.0,0.0,0.0,0.0,0.0,0.0,0.0,0.0,0.0,0.0,1.0,0.0,0.0,249,1.0,4,1.0,0.0,0.0,0.0,0.0,0.0,0.0,0.0,1.0,0.0,0.0,0.0,0.0,0.0,0.0,0.0,0.0,0.0,0.0,0.0,0.0,0.0,1.0,0.0,0.0,0.0,1.0,0.0,0.0,0.0,0.0,0.0,0.0,0.0,0.0,0.0,1.0,0.0,0,0,0,0,0,0,0,0,0,0,0,0,0,0,0,0,0,0,0,0,0,0,0,0,0,0,0,0,0,0,0,0,0,0,0,0,0.0788150921173817,0.0,0.0,0.0,0.0,0.0,0.0,0.0472275066836392,0.132999177437785,0.0,0.0,0.0,0.0,0.0,0.0,0.0,0.4664456645478383,0.0,0.0533417012495785,0.0,0.0,0.0,0.0,0.0,0.0,0.0,0.7520889034286369,0.0,0.0,0.0,0.0,0.0,0.0,0.0,0.1257599802021901,0.0,0.0,0.0,0.3787548828511599,0.0,0.0,0.0,0.0,0.0,0.0,0.1689482614164278,0.0,0.0,0.0,0.0
1401,3.3710678622717363,2350.0,1,0,0,0,0,1,0,0,0,0,0,0,0,4380.0,0.0,0.0,0.0,0.0,0.0,0.0,0.0,0.0,0.0,0.0,0.0,0.0,0.0,0.0,1.0,0.0,0.0,249,1.0,4,1.0,0.0,0.0,0.0,0.0,0.0,0.0,0.0,1.0,0.0,0.0,0.0,0.0,0.0,0.0,0.0,0.0,0.0,0.0,0.0,0.0,0.0,1.0,0.0,0.0,0.0,1.0,0.0,0.0,0.0,0.0,0.0,0.0,0.0,0.0,0.0,1.0,0.0,0,0,0,0,0,0,0,0,0,0,0,0,0,0,0,0,0,0,0,0,0,0,0,0,0,0,0,0,0,0,0,0,0,0,0,0,0.1082845318733363,0.0,0.0,0.0,0.0,0.3151085125956522,0.0293483285994772,0.0,0.0609094581654504,0.0190391639302417,0.3736308903998754,0.1440647375342675,0.0,0.0,0.0523818358025475,0.0,0.3471284485563758,0.0648770621266245,0.2442882868395935,0.0418819082240021,0.0,0.0,0.1201843521357647,0.0,0.0,0.0,0.4659978111938252,0.1564049045795907,0.0,0.029436983233541,0.0,0.0,0.0,0.0,0.2015794638886948,0.0,0.0,0.0314879492645971,0.4509904749389419,0.0268696306272201,0.0,0.0619532701138949,0.0,0.0,0.0997370491774937,0.0,0.0,0.0,0.0777460975535087,0.110964586790616
1417,4.176091259055681,15000.000000000004,1,0,0,0,0,1,0,0,0,0,0,0,0,0.0,0.0,0.0,0.0,0.0,0.0,0.0,0.0,0.0,0.0,0.0,0.0,0.0,0.0,0.0,0.0,0.0,0.0,1,0.0047346724829157,2,1.0,0.0,0.0,0.0,0.0,0.0,0.0,0.0,0.0,0.0,0.0,0.0,0.0,0.0,0.0,0.0,0.0,0.0,0.0,0.0,0.0,0.0,0.0,0.0,0.0,0.0,0.0,0.0,0.0,0.0,0.0,0.0,0.0,0.0,0.0,1.0,1.0,0.0,0,0,0,0,0,0,0,0,0,0,0,0,0,0,0,0,0,0,0,0,0,0,0,0,0,0,0,0,0,0,0,0,0,0,0,0,0.0,0.0,0.0,0.0,0.0,0.0,0.0,0.0,0.0,0.0,0.1039061629593964,0.0,0.6459608469340458,0.0906044790793473,0.0,0.0,0.0,0.0902110446815745,0.0,0.0873546960273316,0.0,0.0,0.0,0.0,0.0,0.0,0.0,0.0,0.0,0.0,0.0,0.0,0.0,0.0,0.0,0.0,0.0,0.0,0.0,0.0,0.1238260155518759,0.0,0.0,0.0,0.0,0.0,0.5440314278585563,0.0,0.4864740175715699,0.0
1506,3.591064607026499,3899.999999999999,1,0,0,0,0,1,0,0,0,0,0,0,0,2190.0,0.0,0.0,0.0,0.0,0.0,0.0,0.0,0.0,0.0,0.0,0.0,0.0,0.0,0.0,1.0,0.0,0.0,249,1.0,4,1.0,0.0,0.0,0.0,0.0,0.0,0.0,0.0,1.0,0.0,0.0,0.0,0.0,0.0,0.0,0.0,0.0,0.0,0.0,0.0,0.0,0.0,1.0,0.0,0.0,0.0,1.0,0.0,0.0,0.0,0.0,0.0,0.0,0.0,0.0,0.0,1.0,0.0,0,0,0,0,0,0,0,0,0,0,0,0,0,0,0,0,0,0,0,0,0,0,0,0,0,0,0,0,0,0,0,0,0,0,0,0,0.0561455654019434,0.5396725663269756,0.0,0.0,0.0,0.0,0.0,0.0168217469144605,0.0,0.0,0.135609417717847,0.0448185682852958,0.0,0.0,0.0203699993229363,0.0,0.12460584100276,0.0504581670858191,0.0379990671291577,0.2117288861346343,0.0,0.0,0.0,0.0,0.0,0.0,0.7091022279638465,0.0,0.0,0.0,0.0,0.0215832748740775,0.0151450529033062,0.0,0.1791754600216215,0.0,0.0749344616715513,0.0489795361596933,0.2698138957289296,0.0,0.0,0.0240920932025135,0.0,0.0,0.0517136928120266,0.0,0.0,0.0,0.0,0.0215756905343592
1560,4.079181246047625,12000.000000000007,1,0,0,0,0,1,0,0,0,0,0,0,0,0.0,0.0,0.0,0.0,0.0,0.0,0.0,0.0,0.0,0.0,0.0,0.0,0.0,0.0,0.0,0.0,0.0,0.0,1,0.0024721994874308,2,1.0,0.0,0.0,0.0,0.0,0.0,0.0,0.0,0.0,0.0,0.0,0.0,0.0,0.0,0.0,0.0,0.0,0.0,0.0,0.0,0.0,0.0,0.0,0.0,0.0,0.0,0.0,0.0,0.0,0.0,0.0,0.0,0.0,0.0,0.0,1.0,1.0,0.0,0,0,0,0,0,0,0,0,0,0,0,0,0,0,0,0,0,0,0,0,0,0,0,0,0,0,0,0,0,0,0,0,0,0,0,0,0.0,0.0,0.0,0.0,0.0,0.0,0.0,0.0,0.0,0.0,0.1039061629593964,0.0,0.6459608469340458,0.0906044790793473,0.0,0.0,0.0,0.0902110446815745,0.0,0.0873546960273316,0.0,0.0,0.0,0.0,0.0,0.0,0.0,0.0,0.0,0.0,0.0,0.0,0.0,0.0,0.0,0.0,0.0,0.0,0.0,0.0,0.1238260155518759,0.0,0.0,0.0,0.0,0.0,0.5440314278585563,0.0,0.4864740175715699,0.0
1607,4.301029995663981,20000.000000000004,1,0,0,0,0,1,0,0,0,0,0,0,0,0.0,0.0,0.0,0.0,0.0,0.0,0.0,0.0,0.0,0.0,0.0,0.0,0.0,0.0,0.0,0.0,0.0,0.0,1,0.0244398086565954,2,1.0,0.0,0.0,0.0,0.0,0.0,0.0,0.0,0.0,0.0,0.0,0.0,0.0,0.0,0.0,0.0,0.0,0.0,0.0,0.0,0.0,0.0,0.0,0.0,0.0,0.0,0.0,0.0,0.0,0.0,0.0,0.0,0.0,0.0,0.0,1.0,1.0,0.0,0,0,0,0,0,0,1,0,0,0,0,0,0,0,0,0,0,0,0,0,0,0,0,0,0,0,0,0,0,0,0,0,0,0,0,0,0.0,0.0,0.0,0.0,0.0,0.0,0.0,0.0,0.0,0.0,0.1039061629593964,0.0,0.6459608469340458,0.0906044790793473,0.0,0.0,0.0,0.0902110446815745,0.0,0.0873546960273316,0.0,0.0,0.0,0.0,0.0,0.0,0.0,0.0,0.0,0.0,0.0,0.0,0.0,0.0,0.0,0.0,0.0,0.0,0.0,0.0,0.1238260155518759,0.0,0.0,0.0,0.0,0.0,0.5440314278585563,0.0,0.4864740175715699,0.0
1622,4.176091259055681,15000.000000000004,1,0,0,0,0,1,0,0,0,0,0,0,0,0.0,0.0,0.0,0.0,0.0,0.0,0.0,0.0,0.0,0.0,0.0,0.0,0.0,0.0,0.0,0.0,0.0,0.0,1,0.0045709203961982,2,1.0,0.0,0.0,0.0,0.0,0.0,0.0,0.0,0.0,0.0,0.0,0.0,0.0,0.0,0.0,0.0,0.0,0.0,0.0,0.0,0.0,0.0,0.0,0.0,0.0,0.0,0.0,0.0,0.0,0.0,0.0,0.0,0.0,0.0,0.0,1.0,1.0,0.0,0,0,0,0,0,0,0,0,0,0,0,0,0,0,0,0,0,0,0,0,0,0,0,0,0,0,0,0,0,0,0,0,0,1,0,0,0.0,0.0,0.0,0.0,0.0,0.0,0.0,0.0,0.0,0.0,0.1039061629593964,0.0,0.6459608469340458,0.0906044790793473,0.0,0.0,0.0,0.0902110446815745,0.0,0.0873546960273316,0.0,0.0,0.0,0.0,0.0,0.0,0.0,0.0,0.0,0.0,0.0,0.0,0.0,0.0,0.0,0.0,0.0,0.0,0.0,0.0,0.1238260155518759,0.0,0.0,0.0,0.0,0.0,0.5440314278585563,0.0,0.4864740175715699,0.0
1633,3.648360010980932,4450.000000000005,1,0,0,0,0,1,0,0,0,0,0,0,0,3285.0,0.0,0.0,0.0,0.0,0.0,0.0,0.0,0.0,0.0,0.0,0.0,0.0,0.0,0.0,1.0,0.0,0.0,249,1.0,4,1.0,0.0,0.0,0.0,0.0,0.0,0.0,0.0,1.0,0.0,0.0,0.0,0.0,0.0,0.0,0.0,0.0,0.0,0.0,0.0,0.0,0.0,1.0,0.0,0.0,0.0,1.0,0.0,0.0,0.0,0.0,0.0,0.0,0.0,0.0,0.0,1.0,0.0,0,0,0,0,0,0,0,0,0,0,0,0,0,0,0,0,0,0,0,0,0,0,0,0,0,0,0,0,0,0,0,0,0,0,0,0,0.0,0.0,0.0,0.0,0.0,0.0,0.0,0.0355802125225524,0.0,0.0,0.0,0.0,0.0,0.0357303783176833,0.0,0.0,0.3514103758643821,0.0,0.1607460736378013,0.2411416585602308,0.0,0.0,0.0,0.0,0.0,0.0,0.6665976448876274,0.0,0.0,0.0968503143509414,0.04625372691563,0.0,0.0,0.0,0.0947449301611344,0.0,0.0,0.2071963529923087,0.2853459810205731,0.3094122292467733,0.0488314752890442,0.0,0.0,0.0,0.1093812782901982,0.2545641499467376,0.1609063558304251,0.0,0.0,0.0
1635,3.08218675618735,1208.3333333333337,2,1,0,0,0,1,0,0,1,0,0,0,0,0.0,0.0,0.0003125,0.0,0.0,0.0,0.0,0.0,0.0,0.0,0.0,0.0,0.0,0.0,0.0,0.0,0.0,1.0,1,0.0244398086565954,1,1.0,0.0,0.0,0.0,0.0,0.0,0.0,0.0,0.0,0.0,0.0,0.0,0.0,0.0,0.0,0.0,0.0,0.0,0.0,0.0,0.0,0.0,0.0,0.0,0.0,0.0,0.0,0.0,0.0,0.0,0.0,0.0,0.0,0.0,0.0,0.0,1.0,0.0003125,0,0,0,0,0,0,1,0,0,0,0,0,0,0,0,0,0,0,0,0,0,0,0,0,0,0,0,0,0,0,0,0,0,0,0,0,0.0,0.0,0.1033931380785656,0.0,0.0,0.1255195065679328,0.0876790274734732,0.6461645832137118,0.0,0.1137601667265894,0.0,0.0,0.0925249268137754,0.064889171190532,0.234738499922156,0.0,0.0,0.0,0.0,0.1251234791571463,0.0,0.0,0.0,0.0,0.0,0.0,0.4237077734919744,0.0,0.1799463182452636,0.0879438858986946,0.0,0.0,0.1163517302546254,0.0821276982310162,0.0,0.1756224575047869,0.0,0.0,0.0,0.0,0.0,0.0,0.0,0.0,0.0,0.0,0.0,0.0968578069781586,0.0,0.4143876124333338
1648,3.439332693830263,2750.0000000000014,2,1,1,0,0,1,0,0,0,0,0,0,0,0.0,0.0016999260901699,0.0,0.0,0.0,0.0,0.0,0.0,0.0,0.0,0.0,0.0,0.0,0.0,0.0,0.0,0.0,1.0,1,0.0244398086565954,1,1.0,0.0,0.0,0.0,0.0,0.0,0.0,0.0,0.0,0.0,0.0,0.0,0.0,0.0,0.0,0.0,0.0,0.0,0.0,0.0,0.0,0.0,0.0,0.0,0.0,0.0,0.0,0.0,0.0,0.0,0.0,0.0,0.0,0.0,0.0,0.0,1.0,0.0016999260901699,0,0,0,0,0,0,1,0,0,0,0,0,0,0,0,0,0,0,0,0,0,0,0,0,0,0,0,0,0,0,0,0,0,0,0,0,0.0,0.4112298627828956,0.1179347549283419,0.0,0.0,0.3579326568695275,0.100010550115831,0.5896349655759712,0.0,0.12975984318527,0.0,0.0,0.1055379957638361,0.0740154389747175,0.2677530441094641,0.0,0.0,0.0736940396360225,0.0,0.1427213364872102,0.0,0.0,0.1023883109021981,0.0,0.0,0.0,0.2071284420802749,0.0,0.0,0.1003126592697814,0.0,0.0,0.1327158943820904,0.0936784601347897,0.0,0.2003226894032535,0.0,0.0,0.1182187765107239,0.0,0.0,0.0,0.0,0.0,0.1132915982064764,0.087888225615795,0.0,0.0,0.0,0.1890674852349697
1674,3.694605198933569,4950.000000000002,2,1,0,0,0,1,0,0,0,0,1,0,0,2555.0,0.0,0.0,0.0,0.0,0.0,0.0,0.0,0.0,0.0,0.0,0.0,0.0496623643046414,0.0,0.0,1.0,0.0,0.0,249,1.0,5,1.0,0.0,0.0,0.0,0.0,0.0,0.0,0.0,1.0,0.0,0.0,0.0,0.0,0.0,0.0,0.0,0.0,0.0,0.0,0.0,0.0,0.0,1.0,0.0,0.0,1.0,1.0,0.0,0.0,0.0,0.0,0.0,0.0,0.0,0.0,0.0,1.0,0.0496623643046414,0,0,0,0,0,0,0,0,0,0,0,0,0,0,0,0,0,0,0,0,0,0,0,0,0,0,0,0,0,0,0,0,0,0,0,0,0.0521933530447059,0.0,0.0500436980658417,0.0408763243461813,0.0,0.0,0.0,0.0,0.0,0.0,0.0,0.0,0.0,0.0,0.0,0.0,0.1158345561992407,0.0938126069207868,0.1412969100475362,0.0,0.0,0.1232491627558368,0.0,0.0,0.0,0.049060993652089,0.6738355291450968,0.0,0.0,0.0,0.0813146914690697,0.0,0.0281579172782058,0.0,0.0416407243159243,0.1700073602616127,0.1857590846336198,0.0,0.5518063981318841,0.0,0.0,0.0,0.0,0.2597240738419904,0.0,0.1864697064462395,0.0,0.0,0.0,0.0
1696,3.619788758288394,4166.666666666668,2,1,0,0,0,1,0,0,0,0,1,0,0,0.0,0.0,0.0,0.0,0.0,0.0,0.0,0.0,0.0,0.0,0.0,0.0,0.0,0.0,0.0,0.0,0.0,0.0,1,0.0244398086565954,4,1.0,0.0,0.0,0.0,0.0,0.0,0.0,0.0,0.0,0.0,0.0,0.0,0.0,0.0,0.0,0.0,0.0,0.0,0.0,0.0,0.0,0.0,0.0,0.0,0.0,1.0,0.0,1.0,0.0,0.0,0.0,0.0,0.0,0.0,0.0,1.0,1.0,0.0,0,0,0,0,0,0,1,0,0,0,0,0,0,0,0,0,0,0,0,0,0,0,0,0,0,0,0,0,0,0,0,0,0,0,0,0,0.0,0.0,0.0,0.0,0.0,0.0,0.0,0.0,0.0,0.0,0.0,0.0,0.9222673663324276,0.0,0.0,0.0,0.0,0.0,0.0,0.2494404601278342,0.0,0.0,0.0,0.0,0.1827564907559081,0.0,0.0,0.0,0.0,0.0,0.0,0.0,0.2319535016680025,0.0,0.0,0.0,0.0,0.0,0.0,0.0,0.0,0.0,0.0,0.0,0.0,0.0,0.0,0.0,0.0,0.0
1698,3.5634810853944106,3659.999999999999,1,0,0,0,0,1,0,0,0,0,0,0,0,2555.0,0.0,0.0,0.0,0.0,0.0,0.0,0.0,0.0,0.0,0.0,0.0,0.0,0.0,0.0,1.0,0.0,0.0,249,1.0,4,1.0,0.0,0.0,0.0,0.0,0.0,0.0,0.0,1.0,0.0,0.0,0.0,0.0,0.0,0.0,0.0,0.0,0.0,0.0,0.0,0.0,0.0,1.0,0.0,0.0,0.0,1.0,0.0,0.0,0.0,0.0,0.0,0.0,0.0,0.0,0.0,1.0,0.0,0,0,0,0,0,0,0,0,0,0,0,0,0,0,0,0,0,0,0,0,0,0,0,0,0,0,0,0,0,0,0,0,0,0,0,0,0.1633421395755737,0.0,0.0,0.0182749769769434,0.0,0.0,0.0,0.0699126614067798,0.0,0.0123084369285284,0.0,0.0372539832539384,0.0,0.0,0.1185233151983272,0.0,0.1898867106806188,0.0139805723651094,0.2053057096702457,0.0135379060685203,0.0634138967166918,0.0551022051962186,0.019424192200339,0.0124084253722515,0.0,0.0,0.6418109940153546,0.0,0.0,0.0,0.0908853803670908,0.0358807963523384,0.0125888346911985,0.0177718374163636,0.1489337978105864,0.0,0.0622868442044977,0.0407126530295153,0.1121370308973391,0.625344347202995,0.0,0.0200257721533069,0.0,0.0,0.0644779982848298,0.0,0.0210779920932005,0.0,0.0,0.0896704696971414
1701,3.5634810853944106,3659.999999999999,1,0,0,0,0,1,0,0,0,0,0,0,0,3285.0,0.0,0.0,0.0,0.0,0.0,0.0,0.0,0.0,0.0,0.0,0.0,0.0,0.0,0.0,1.0,0.0,0.0,249,1.0,4,1.0,0.0,0.0,0.0,0.0,0.0,0.0,0.0,1.0,0.0,0.0,0.0,0.0,0.0,0.0,0.0,0.0,0.0,0.0,0.0,0.0,0.0,1.0,0.0,0.0,0.0,1.0,0.0,0.0,0.0,0.0,0.0,0.0,0.0,0.0,0.0,1.0,0.0,0,0,0,0,0,0,0,0,0,0,0,0,0,0,0,0,0,0,0,0,0,0,0,0,0,0,0,0,0,0,0,0,0,0,0,0,0.2757351299012392,0.0,0.0,0.0196316161593592,0.0,0.0291778387081116,0.0,0.1201641816697231,0.0,0.0132221512293783,0.0345967862519945,0.0,0.0,0.0150839166171808,0.054566515409347,0.0,0.1483512086220251,0.0150184172984867,0.0678604729491993,0.0290857795196088,0.0454142762562525,0.0,0.0208661431400858,0.0,0.0,0.3063119286125129,0.6191030793810327,0.0217237406951784,0.0209148553616931,0.0,0.0781057904090453,0.0,0.0270467285253532,0.0,0.0799949339323892,0.0,0.0892142604789226,0.0218674742549059,0.1686461006679173,0.578465732471373,0.0206146684203826,0.0,0.0,0.0207895540453086,0.0923526790867173,0.0,0.0226427125301326,0.0225152372480097,0.0,0.0192654277391944
1718,3.5634810853944106,3659.999999999999,1,0,0,0,0,1,0,0,0,0,0,0,0,3285.0,0.0,0.0,0.0,0.0,0.0,0.0,0.0,0.0,0.0,0.0,0.0,0.0,0.0,0.0,1.0,0.0,0.0,249,1.0,4,1.0,0.0,0.0,0.0,0.0,0.0,0.0,0.0,1.0,0.0,0.0,0.0,0.0,0.0,0.0,0.0,0.0,0.0,0.0,0.0,0.0,0.0,1.0,0.0,0.0,0.0,1.0,0.0,0.0,0.0,0.0,0.0,0.0,0.0,0.0,0.0,1.0,0.0,0,0,0,0,0,0,0,0,0,0,0,0,0,0,0,0,0,0,0,0,0,0,0,0,0,0,0,0,0,0,0,0,0,0,0,0,0.374816291499279,0.0,0.0,0.0266859343153839,0.0,0.0396624445439926,0.0,0.1633433250258071,0.0,0.0179733271245244,0.047028607219582,0.0,0.0,0.0205040891589007,0.0741741502183462,0.0,0.2016589249076072,0.0204150536713389,0.0922450861423288,0.039537305307489,0.0617331952355477,0.0,0.0283640695056207,0.0,0.0,0.0320292608249016,0.8033151114988871,0.0295298315008869,0.0284302857119491,0.0,0.1061719002443538,0.0,0.0367655528212588,0.0,0.1087398783245617,0.0,0.1212720275198063,0.0297252134960658,0.2292464730584145,0.0760963027705864,0.0280222312281449,0.0,0.0,0.0282599593021658,0.1255381883973386,0.0,0.0307790216758682,0.0306057401193242,0.0,0.0261881617403577
1751,2.6728672017718136,470.8333333333332,2,1,0,0,0,1,0,1,0,0,0,0,0,2555.0,0.0,0.0,0.0,0.0,0.0,0.0,0.0,0.0,0.0,0.0,0.0,0.0006298401572783,0.0,0.0,1.0,0.0,0.0,249,1.0,4,1.0,0.0,0.0,0.0,0.0,0.0,0.0,0.0,1.0,0.0,0.0,0.0,0.0,0.0,0.0,0.0,0.0,0.0,0.0,0.0,0.0,0.0,1.0,0.0,0.0,0.0,1.0,0.0,0.0,0.0,0.0,0.0,0.0,0.0,0.0,0.0,1.0,0.0006298401572783,0,0,0,0,0,0,0,0,0,0,0,0,0,0,0,0,0,0,0,0,0,0,0,0,0,0,0,0,0,0,0,0,0,0,0,0,0.0,0.0,0.0838449779574693,0.0,0.0,0.0,0.0,0.0,0.0737823408293862,0.0,0.0,0.0,0.0,0.0,0.0,0.0,0.1293822024431587,0.0,0.4734676599162284,0.0,0.0,0.0688319990590598,0.0,0.0,0.0,0.2465955608987278,0.7853689235153898,0.1515681843136116,0.0,0.071316659032703,0.0,0.0,0.0471767683997536,0.0,0.0697663391663859,0.0712090828848636,0.0778068316215049,0.0,0.0,0.0,0.0,0.0,0.0,0.0725251466483509,0.0805439546651036,0.0,0.0789899602071978,0.0,0.0,0.0
1759,3.591064607026499,3899.999999999999,1,0,0,0,0,1,0,0,0,0,0,0,0,2555.0,0.0,0.0,0.0,0.0,0.0,0.0,0.0,0.0,0.0,0.0,0.0,0.0,0.0,0.0,1.0,0.0,0.0,249,1.0,5,1.0,0.0,0.0,0.0,0.0,0.0,0.0,0.0,1.0,0.0,0.0,0.0,0.0,0.0,0.0,0.0,0.0,0.0,0.0,0.0,0.0,0.0,1.0,0.0,0.0,1.0,1.0,0.0,0.0,0.0,0.0,0.0,0.0,0.0,0.0,0.0,1.0,0.0,0,0,0,0,0,0,0,0,0,0,0,0,0,0,0,0,0,0,0,0,0,0,0,0,0,0,0,0,0,0,0,0,0,0,0,0,0.2589470841660422,0.0,0.0,0.0,0.0,0.0,0.0,0.0,0.0364140803797496,0.0,0.0297828409252338,0.1378041464288979,0.0,0.0,0.0,0.0,0.2234907232923167,0.0,0.321299415191301,0.0,0.0,0.0,0.0,0.0,0.0,0.0,0.7267614814865838,0.0,0.0,0.0,0.0,0.0663623334022997,0.0232833306351436,0.0,0.3787525251995268,0.0,0.1152009080591822,0.1129484401979038,0.1244399643432364,0.0,0.0,0.0,0.0,0.0,0.1192534964183403,0.0,0.0,0.0,0.0929593771080754,0.1326780274985661
1761,5.158864857081171,144166.66666666674,2,1,0,0,0,1,0,0,0,0,1,0,0,0.0,0.0,0.0,0.0,0.0,0.0,0.0,0.0,0.0,0.0,0.0014333333333333,0.0,0.0,0.0,0.0,0.0,0.0,0.0,1,0.16094331555107,6,1.0,0.0,0.0,0.0,0.0,0.0,0.0,0.0,0.0,0.0,0.0,0.0,0.0,1.0,0.0,0.0,0.0,0.0,0.0,0.0,0.0,0.0,0.0,0.0,0.0,1.0,0.0,1.0,0.0,0.0,0.0,0.0,0.0,1.0,0.0,1.0,1.0,0.0014333333333333,1,0,0,0,0,0,0,0,0,0,0,0,0,0,0,0,0,0,0,0,0,0,0,0,0,0,0,0,0,0,0,0,0,0,0,0,0.2005858688410085,0.0,0.0,0.0785465251387725,0.0,0.0,0.0815471040412807,0.0,0.338485369296601,0.0529021159285398,0.0,0.1601189941780327,0.0860541004013482,0.0,0.0727739400829067,0.0,0.0,0.1802670471403513,0.0678778086985485,0.1163728392849912,0.0,0.0789437701455038,0.4174294727947345,0.0,0.2557871932579842,0.0,0.056296476043997,0.0,0.0,0.0,0.0,0.0,0.0,0.0763840127485653,0.0,0.0,0.0,0.0,0.0,0.1493196150425911,0.2474392161345967,0.0,0.0,0.0,0.0,0.0,0.6341579125043771,0.0,0.0,0.0
1769,3.653212513775344,4500.000000000003,2,1,1,0,0,1,0,0,0,0,0,0,0,0.0,0.0,0.021875,0.0,0.0,0.0,0.0,0.0,0.0,0.0,0.0,0.0,0.0,0.0,0.0,0.0,0.0,1.0,1,0.0244398086565954,1,1.0,0.0,0.0,0.0,0.0,0.0,0.0,0.0,0.0,0.0,0.0,0.0,0.0,0.0,0.0,0.0,0.0,0.0,0.0,0.0,0.0,0.0,0.0,0.0,0.0,0.0,0.0,0.0,0.0,0.0,0.0,0.0,0.0,0.0,0.0,0.0,1.0,0.021875,0,0,0,0,0,0,1,0,0,0,0,0,0,0,0,0,0,0,0,0,0,0,0,0,0,0,0,0,0,0,0,0,0,0,0,0,0.0,0.3773435215107194,0.1082166441707531,0.0,0.0,0.3284381350440517,0.0917694374468508,0.5410476097494714,0.0,0.1190673163832427,0.0,0.0,0.0968414081244241,0.0679163867134489,0.2456895417948293,0.0,0.0,0.0676214714622712,0.0,0.1309607511000056,0.0,0.0,0.0939512649590019,0.0,0.0,0.0,0.1900605544808476,0.0,0.0,0.0920466520714425,0.0,0.0,0.1217797817689655,0.0859591270870939,0.0,0.1838156123837459,0.0,0.0,0.1084772616836832,0.0,0.0,0.0,0.0,0.0,0.1039560948602087,0.080646021980902,0.0,0.0,0.0,0.4337196610609746
1772,5.130333768495007,135000.0000000004,2,1,0,0,0,1,0,0,0,0,1,0,0,730.0,0.0,0.0,0.0,0.0,0.0,0.0,0.0,0.0,0.0,0.0014333333333333,0.0,0.0,0.0,0.0,0.0,0.0,0.0,1,0.16094331555107,5,1.0,0.0,0.0,0.0,0.0,0.0,0.0,0.0,0.0,0.0,0.0,0.0,0.0,1.0,0.0,0.0,0.0,0.0,0.0,0.0,0.0,0.0,0.0,0.0,0.0,1.0,0.0,1.0,0.0,0.0,0.0,0.0,0.0,1.0,0.0,0.0,1.0,0.0014333333333333,1,0,0,0,0,0,0,0,0,0,0,0,0,0,0,0,0,0,0,0,0,0,0,0,0,0,0,0,0,0,0,0,0,0,0,0,0.0,0.0,0.0,0.083020727977124,0.0,0.0,0.0861922272178468,0.0,0.2683247449740268,0.0559155502825624,0.0,0.0846198825227426,0.0,0.0637888255423933,0.0769193223095768,0.0,0.0,0.2540473340683528,0.0717442952656317,0.0615008609046394,0.0,0.0834406010343451,0.3529658240060755,0.0,0.450595765884932,0.0,0.0,0.0,0.0,0.0,0.0,0.0815007821166705,0.0571893590763788,0.0,0.0845732413933574,0.0,0.0,0.0,0.1018846475159547,0.0789126133854936,0.348711948191036,0.0,0.0,0.0,0.0,0.0,0.5745266601696999,0.0,0.0,0.0
1783,3.3710678622717363,2350.0,1,0,0,0,0,1,0,0,0,0,0,0,0,3285.0,0.0,0.0,0.0,0.0,0.0,0.0,0.0,0.0,0.0,0.0,0.0,0.0,0.0,0.0,1.0,0.0,0.0,249,1.0,4,1.0,0.0,0.0,0.0,0.0,0.0,0.0,0.0,1.0,0.0,0.0,0.0,0.0,0.0,0.0,0.0,0.0,0.0,0.0,0.0,0.0,0.0,1.0,0.0,0.0,0.0,1.0,0.0,0.0,0.0,0.0,0.0,0.0,0.0,0.0,0.0,1.0,0.0,0,0,0,0,0,0,0,0,0,0,0,0,0,0,0,0,0,0,0,0,0,0,0,0,0,0,0,0,0,0,0,0,0,0,0,0,0.3105779869678246,0.0,0.0,0.0221123359576367,0.0,0.032864852633333,0.0,0.1522671172502899,0.0,0.0148929485832121,0.0389685573744235,0.0,0.0,0.0169899731682085,0.0614617314730763,0.0,0.1462102137121706,0.0169161971261239,0.0573266700477982,0.0327611605232369,0.0511529833152543,0.0,0.047005724185754,0.0,0.0,0.0265398905455113,0.7290321641671901,0.0244688286796684,0.0235577297614724,0.0,0.0879755117328018,0.0,0.0456966718521401,0.0215035477216157,0.0675775305378505,0.0,0.1256096087497591,0.0246307249155809,0.2713668754409099,0.4203630252329147,0.0232196101465373,0.0,0.0,0.0234165949317499,0.1560340307677419,0.0,0.0255039250153526,0.0253603415099644,0.0,0.0216998746857399
1803,3.9542425094393248,8999.999999999998,2,1,1,0,0,1,0,0,0,0,0,0,0,0.0,0.0,0.010625,0.0,0.0,0.0,0.0,0.0,0.0,0.0,0.0,0.0,0.0,0.0,0.0,0.0,0.0,1.0,1,0.0244398086565954,1,1.0,0.0,0.0,0.0,0.0,0.0,0.0,0.0,0.0,0.0,0.0,0.0,0.0,0.0,0.0,0.0,0.0,0.0,0.0,0.0,0.0,0.0,0.0,0.0,0.0,0.0,0.0,0.0,0.0,0.0,0.0,0.0,0.0,0.0,0.0,0.0,1.0,0.010625,0,0,0,0,0,0,1,0,0,0,0,0,0,0,0,0,0,0,0,0,0,0,0,0,0,0,0,0,0,0,0,0,0,0,0,0,0.0,0.0,0.1117677025410789,0.0,0.0,0.1356862470169677,0.0947807914902411,0.6985021663075175,0.0,0.1229744324624272,0.0,0.0,0.1000191955669154,0.0701450185045117,0.2537516833496478,0.0,0.0,0.0,0.0,0.135258142457328,0.0,0.0,0.0,0.0,0.0,0.0,0.4580269568373934,0.0,0.1945214831927844,0.0950671027313522,0.0,0.0,0.1257759056249667,0.0887798195978215,0.0,0.1898474014301879,0.0,0.0,0.0,0.0,0.0,0.0,0.0,0.0,0.0,0.0,0.0,0.1047030273023535,0.0,0.1791807551791807
1813,4.740362689494244,55000.00000000004,2,1,0,0,0,1,0,0,0,0,1,0,0,0.0,0.0,0.0,0.0,0.0,0.0,0.0,1.0,0.0,0.0,0.0,0.0,0.0,0.0,0.0,0.0,0.0,0.0,249,1.0,1,1.0,0.0,0.0,0.0,0.0,0.0,0.0,0.0,0.0,0.0,0.0,0.0,0.0,0.0,0.0,0.0,0.0,0.0,0.0,0.0,0.0,0.0,0.0,0.0,0.0,0.0,0.0,0.0,0.0,0.0,0.0,0.0,0.0,0.0,0.0,0.0,1.0,1.0,0,0,0,0,0,0,0,0,0,0,0,0,0,0,0,0,0,0,0,0,0,0,0,0,0,0,0,0,0,0,0,0,0,0,0,0,0.5385311685102003,0.0,0.5163510221863968,0.2108810167426463,0.0,0.0,0.1094684722351575,0.0,0.0,0.0,0.0,0.0,0.0,0.0,0.0976914156924066,0.0,0.0,0.0,0.0,0.2343275780783098,0.0,0.0,0.1120710960615718,0.0,0.0,0.0,0.0755721407548676,0.2333544262512909,0.1123327271656275,0.0,0.0,0.0,0.0,0.0,0.0,0.0,0.0,0.0,0.0,0.0,0.0,0.0,0.0,0.0,0.3720164970109233,0.0,0.0,0.1209283047437386,0.2899908419854521,0.0
1838,4.176091259055681,15000.000000000004,1,0,0,0,0,1,0,0,0,0,0,0,0,0.0,0.0,0.0,0.0,0.0,0.0,0.0,0.0,0.0,0.0,0.0,0.0,0.0,0.0,0.0,0.0,0.0,0.0,1,0.0039292742660205,2,1.0,0.0,0.0,0.0,0.0,0.0,0.0,0.0,0.0,0.0,0.0,0.0,0.0,0.0,0.0,0.0,0.0,0.0,0.0,0.0,0.0,0.0,0.0,0.0,0.0,0.0,0.0,0.0,0.0,0.0,0.0,0.0,0.0,0.0,0.0,1.0,1.0,0.0,0,0,0,0,0,0,0,0,0,0,0,0,0,0,0,0,0,0,0,0,0,0,0,0,0,0,0,0,0,0,0,0,0,0,0,0,0.0,0.0,0.0,0.0,0.0,0.0,0.0,0.0,0.0,0.0,0.1039061629593964,0.0,0.6459608469340458,0.0906044790793473,0.0,0.0,0.0,0.0902110446815745,0.0,0.0873546960273316,0.0,0.0,0.0,0.0,0.0,0.0,0.0,0.0,0.0,0.0,0.0,0.0,0.0,0.0,0.0,0.0,0.0,0.0,0.0,0.0,0.1238260155518759,0.0,0.0,0.0,0.0,0.0,0.5440314278585563,0.0,0.4864740175715699,0.0
1864,3.694605198933569,4950.000000000002,2,1,0,0,0,1,0,0,0,1,0,0,0,2190.0,0.0,0.0,0.0,0.0,0.0,0.0,0.0,0.0,0.0,0.0,0.0,0.0070518847764766,0.0,0.0,1.0,0.0,0.0,249,1.0,4,1.0,0.0,0.0,0.0,0.0,0.0,0.0,0.0,1.0,0.0,0.0,0.0,0.0,0.0,0.0,0.0,0.0,0.0,0.0,0.0,0.0,0.0,1.0,0.0,0.0,0.0,1.0,0.0,0.0,0.0,0.0,0.0,0.0,0.0,0.0,0.0,1.0,0.0070518847764766,0,0,0,0,0,0,0,0,0,0,0,0,0,0,0,0,0,0,0,0,0,0,0,0,0,0,0,0,0,0,0,0,0,0,0,0,0.0,0.0,0.0,0.0,0.0,0.0,0.0,0.0351767550953692,0.0,0.0,0.0405113290886709,0.0,0.0,0.0,0.0,0.0,0.1737128006461141,0.140687297632429,0.0,0.0,0.0,0.0,0.0,0.0,0.0,0.3310873110962601,0.6919907853508196,0.0,0.0,0.0,0.0914584769794674,0.0,0.1266821619883104,0.0,0.0468352908613684,0.0,0.0522330056806315,0.0,0.2821103354974714,0.4807057946006144,0.0,0.0503801220306735,0.0699817561273248,0.0,0.0,0.0,0.1060545187159394,0.0,0.0,0.0
1867,3.531478917042255,3399.999999999998,1,0,0,0,0,1,0,0,0,0,0,0,0,4745.0,0.0,0.0,0.0,0.0,0.0,0.0,0.0,0.0,0.0,0.0,0.0,0.0,0.0,0.0,1.0,0.0,0.0,249,1.0,4,1.0,0.0,0.0,0.0,0.0,0.0,0.0,0.0,1.0,0.0,0.0,0.0,0.0,0.0,0.0,0.0,0.0,0.0,0.0,0.0,0.0,0.0,1.0,0.0,0.0,0.0,1.0,0.0,0.0,0.0,0.0,0.0,0.0,0.0,0.0,0.0,1.0,0.0,0,0,0,0,0,0,0,0,0,0,0,0,0,0,0,0,0,0,0,0,0,0,0,0,0,0,0,0,0,0,0,0,0,0,0,0,0.2082994534979121,0.0,0.0,0.0233048723793838,0.0,0.0519559216530378,0.0,0.0356620017380855,0.0251072797931196,0.0,0.1026754091199933,0.1900301874967281,0.0,0.017906256361735,0.0647764130818264,0.0,0.308190901011323,0.0356570030343327,0.1208366888019883,0.0172639983956752,0.0,0.0,0.0743111721901446,0.015823646185397,0.0,0.0,0.7182397191186605,0.0,0.0,0.0242682367097173,0.0463600516329857,0.0228782061098324,0.0321074205733538,0.0,0.1424440844165644,0.0242316297870783,0.0264767676028953,0.0259590801202114,0.3146021050640863,0.1107583870247033,0.0244718627738293,0.051075091905204,0.0,0.0,0.328898148151301,0.0,0.0268793726178395,0.0,0.0961423602946947,0.0914806669306482
1882,3.648360010980932,4450.000000000005,1,0,0,0,0,1,0,0,0,0,0,0,0,2920.0,0.0,0.0,0.0,0.0,0.0,0.0,0.0,0.0,0.0,0.0,0.0,0.0,0.0,0.0,1.0,0.0,0.0,249,1.0,4,1.0,0.0,0.0,0.0,0.0,0.0,0.0,0.0,1.0,0.0,0.0,0.0,0.0,0.0,0.0,0.0,0.0,0.0,0.0,0.0,0.0,0.0,1.0,0.0,0.0,0.0,1.0,0.0,0.0,0.0,0.0,0.0,0.0,0.0,0.0,0.0,1.0,0.0,0,0,0,0,0,0,0,0,0,0,0,0,0,0,0,0,0,0,0,0,0,0,0,0,0,0,0,0,0,0,0,0,0,0,0,0,0.0,0.0529467921359689,0.0,0.0,0.0,0.0,0.0,0.0,0.0,0.0,0.0,0.0,0.0,0.0,0.0,0.0,0.3748990021122789,0.0,0.042872626094239,0.0,0.0,0.0,0.0,0.0,0.1077059783995738,0.1190895758980271,0.6400383373360914,0.0,0.0,0.0,0.0,0.0,0.1025248627436988,0.0482452701543509,0.1010777774709612,0.0,0.0,0.0,0.3044187960535541,0.2829374200640749,0.0,0.0,0.2265471264116582,0.3152242494688396,0.2333848679333611,0.1357897380716833,0.0,0.0,0.0,0.0
1889,4.176091259055681,15000.000000000004,1,0,0,0,0,1,0,0,0,0,0,0,0,0.0,0.0,0.0,0.0,0.0,0.0,0.0,0.0,0.0,0.0,0.0,0.0,0.0,0.0,0.0,0.0,0.0,0.0,1,0.0034691370255412,2,1.0,0.0,0.0,0.0,0.0,0.0,0.0,0.0,0.0,0.0,0.0,0.0,0.0,0.0,0.0,0.0,0.0,0.0,0.0,0.0,0.0,0.0,0.0,0.0,0.0,0.0,0.0,0.0,0.0,0.0,0.0,0.0,0.0,0.0,0.0,1.0,1.0,0.0,0,0,0,0,0,0,0,0,0,0,0,0,0,0,0,0,0,0,0,0,0,0,0,0,0,0,0,0,0,0,0,0,0,0,0,0,0.0,0.0,0.0,0.0,0.0,0.0,0.0,0.0,0.0,0.0,0.1039061629593964,0.0,0.6459608469340458,0.0906044790793473,0.0,0.0,0.0,0.0902110446815745,0.0,0.0873546960273316,0.0,0.0,0.0,0.0,0.0,0.0,0.0,0.0,0.0,0.0,0.0,0.0,0.0,0.0,0.0,0.0,0.0,0.0,0.0,0.0,0.1238260155518759,0.0,0.0,0.0,0.0,0.0,0.5440314278585563,0.0,0.4864740175715699,0.0
1925,2.096910013008056,124.99999999999982,2,1,0,0,0,1,0,0,0,0,1,0,0,0.0,0.0,0.0,0.0,0.0,0.0,0.0,0.0001896551724137,0.0,0.0,0.0,0.0,0.0,0.0,0.0,0.0,0.0,0.0,1,0.0043534697462966,2,1.0,0.0,0.0,0.0,0.0,0.0,0.0,0.0,0.0,0.0,0.0,0.0,0.0,0.0,0.0,0.0,0.0,0.0,0.0,0.0,0.0,0.0,0.0,0.0,0.0,0.0,0.0,1.0,0.0,0.0,0.0,0.0,0.0,0.0,0.0,0.0,1.0,0.0001896551724137,0,0,0,0,0,0,0,0,0,0,0,0,0,0,0,0,0,0,0,0,0,0,0,0,0,1,0,0,0,0,0,0,0,0,0,0,0.591793235773827,0.0,0.5674194180072292,0.1158688359734572,0.0,0.0,0.1202951754463477,0.0,0.0,0.0,0.0,0.0,0.0,0.0,0.1073533388232112,0.0,0.0,0.0,0.0,0.2575031563087336,0.0,0.0,0.1231552052195485,0.0,0.0,0.0,0.0830464127738433,0.0,0.123442712288223,0.0,0.0,0.0,0.0,0.0,0.0,0.0,0.0,0.0,0.0,0.0,0.0,0.0,0.0,0.0,0.4088098505725923,0.0,0.0,0.1328884137921258,0.0,0.0
1979,3.531478917042255,3399.999999999998,1,0,0,0,0,1,0,0,0,0,0,0,0,3650.0,0.0,0.0,0.0,0.0,0.0,0.0,0.0,0.0,0.0,0.0,0.0,0.0,0.0,0.0,1.0,0.0,0.0,249,1.0,4,1.0,0.0,0.0,0.0,0.0,0.0,0.0,0.0,1.0,0.0,0.0,0.0,0.0,0.0,0.0,0.0,0.0,0.0,0.0,0.0,0.0,0.0,1.0,0.0,0.0,0.0,1.0,0.0,0.0,0.0,0.0,0.0,0.0,0.0,0.0,0.0,1.0,0.0,0,0,0,0,0,0,0,0,0,0,0,0,0,0,0,0,0,0,0,0,0,0,0,0,0,0,0,0,0,0,0,0,0,0,0,0,0.3035104757533803,0.0,0.0,0.0216091477443189,0.0,0.0321169802009858,0.0,0.1322685577284122,0.0,0.0145540447151189,0.0571226835984329,0.0,0.0,0.0166033494184968,0.0600631086000066,0.0,0.1632949197426783,0.0165312522236798,0.0560221446131236,0.0320156477080605,0.0499889462669032,0.0,0.022968031073349,0.0,0.0,0.3371673359699149,0.758905940680735,0.023912016129023,0.0230216501735352,0.0,0.0859735414005243,0.0,0.0297711990678979,0.0,0.0880529820932714,0.0,0.0982009896658514,0.0240702282549506,0.1856341564674963,0.2670182100317796,0.0226912248069715,0.0,0.0,0.0228837270073358,0.12706943424632,0.0,0.0249235578173483,0.0743497250926054,0.029715595295192,0.0212060724391905
1996,3.591064607026499,3899.999999999999,1,0,0,0,0,1,0,0,0,0,0,0,0,3650.0,0.0,0.0,0.0,0.0,0.0,0.0,0.0,0.0,0.0,0.0,0.0,0.0,0.0,0.0,1.0,0.0,0.0,249,1.0,4,1.0,0.0,0.0,0.0,0.0,0.0,0.0,0.0,1.0,0.0,0.0,0.0,0.0,0.0,0.0,0.0,0.0,0.0,0.0,0.0,0.0,0.0,1.0,0.0,0.0,0.0,1.0,0.0,0.0,0.0,0.0,0.0,0.0,0.0,0.0,0.0,1.0,0.0,0,0,0,0,0,0,0,0,0,0,0,0,0,0,0,0,0,0,0,0,0,0,0,0,0,0,0,0,0,0,0,0,0,0,0,0,0.2490877219381705,0.0,0.0,0.0,0.0,0.0,0.0,0.0,0.0,0.0,0.0286488647779347,0.1325572790987604,0.0,0.0,0.0,0.0,0.3071162220458096,0.0,0.1966783633296808,0.0,0.0,0.0,0.0,0.0,0.0,0.0,0.722393178560832,0.0,0.0,0.0,0.0,0.0638355998597798,0.0447936442746143,0.0,0.3643315930129772,0.0,0.1108146548399457,0.1086479492749391,0.1995032262810907,0.0,0.0,0.0,0.0,0.0,0.1911882360809477,0.0,0.0,0.0,0.0,0.1595329202455724
2004,3.3710678622717363,2350.0,1,0,0,0,0,1,0,0,0,0,0,0,0,2920.0,0.0,0.0,0.0,0.0,0.0,0.0,0.0,0.0,0.0,0.0,0.0,0.0,0.0,0.0,1.0,0.0,0.0,249,1.0,4,1.0,0.0,0.0,0.0,0.0,0.0,0.0,0.0,1.0,0.0,0.0,0.0,0.0,0.0,0.0,0.0,0.0,0.0,0.0,0.0,0.0,0.0,1.0,0.0,0.0,0.0,1.0,0.0,0.0,0.0,0.0,0.0,0.0,0.0,0.0,0.0,1.0,0.0,0,0,0,0,0,0,0,0,0,0,0,0,0,0,0,0,0,0,0,0,0,0,0,0,0,0,0,0,0,0,0,0,0,0,0,0,0.3269108905881943,0.0,0.0,0.0,0.0,0.0,0.0,0.1567129934679449,0.1103313550123856,0.0,0.1127991274642613,0.0521917553706804,0.0280498549210054,0.0196717998113317,0.0,0.0,0.0725524913019991,0.0391727567947918,0.11062591308666,0.0379324313828786,0.0592273594294427,0.0257321997344811,0.0544254653620697,0.0,0.0,0.0,0.7523572625541369,0.0566623495680263,0.0,0.0266610666508581,0.050931117959194,0.0754019402285716,0.0529097822474197,0.0,0.3129779286461166,0.0,0.2326988562716377,0.085555877861056,0.1885208927494633,0.0,0.0268847700921951,0.0,0.0,0.0,0.0602212098204242,0.0,0.0885889758043922,0.0,0.0352073083079457,0.1507508881347591
2013,3.5415792439465807,3479.9999999999986,2,1,0,0,0,1,0,0,0,0,0,1,0,2920.0,0.0,0.0,0.0,0.0,0.0,0.0,0.0,0.0,0.0,0.0,0.0,0.0,0.0,0.0,1.0,0.0,0.0,249,1.0,4,1.0,0.0,0.0,0.0,0.0,0.0,0.0,0.0,1.0,0.0,0.0,0.0,0.0,0.0,0.0,0.0,0.0,0.0,0.0,0.0,0.0,0.0,1.0,0.0,0.0,0.0,1.0,0.0,0.0,0.0,0.0,0.0,0.0,0.0,0.0,0.0,1.0,0.0,0,0,0,0,0,0,0,0,0,0,0,0,0,0,0,0,0,0,0,0,0,0,0,0,0,0,0,0,0,0,0,0,0,0,0,0,0.1939168389365487,0.0,0.0,0.0,0.0,0.0564298941200786,0.0,0.0,0.0,0.0,0.1672753253441192,0.0386988492560696,0.0,0.0291722709875347,0.0703543699233409,0.0,0.2869110038914317,0.1161823816332437,0.2296735837118426,0.0,0.0,0.0,0.0,0.0773380574709716,0.0,0.0,0.7619464240983486,0.0,0.0,0.0,0.0,0.0,0.0261541651910614,0.0,0.3094201525414878,0.0789547135188866,0.1725402392956247,0.0422916607779737,0.0465944704504646,0.0,0.0,0.0,0.0,0.0,0.2232624199269531,0.0346400584768989,0.0,0.0,0.0,0.0372593069135904
2075,4.375663613960885,23749.999999999985,2,1,0,0,0,1,0,0,0,0,1,0,0,730.0,0.0,0.0,0.0,0.0,0.0,0.0,0.0,0.0,0.0,0.0001333333333333,0.0,0.0,0.0,0.0,0.0,0.0,0.0,1,0.16094331555107,5,1.0,0.0,0.0,0.0,0.0,0.0,0.0,0.0,0.0,0.0,0.0,0.0,0.0,1.0,0.0,0.0,0.0,0.0,0.0,0.0,0.0,0.0,0.0,0.0,0.0,1.0,0.0,1.0,0.0,0.0,0.0,0.0,0.0,1.0,0.0,0.0,1.0,0.0001333333333333,1,0,0,0,0,0,0,0,0,0,0,0,0,0,0,0,0,0,0,0,0,0,0,0,0,0,0,0,0,0,0,0,0,0,0,0,0.0,0.0,0.0,0.083020727977124,0.0,0.0,0.0861922272178468,0.0,0.2683247449740268,0.0559155502825624,0.0,0.0846198825227426,0.0,0.0637888255423933,0.0769193223095768,0.0,0.0,0.2540473340683528,0.0717442952656317,0.0615008609046394,0.0,0.0834406010343451,0.3529658240060755,0.0,0.450595765884932,0.0,0.0,0.0,0.0,0.0,0.0,0.0815007821166705,0.0571893590763788,0.0,0.0845732413933574,0.0,0.0,0.0,0.1018846475159547,0.0789126133854936,0.348711948191036,0.0,0.0,0.0,0.0,0.0,0.5745266601696999,0.0,0.0,0.0
2095,4.733732110595231,54166.66666666664,2,1,0,0,0,1,0,0,0,0,1,0,0,0.0,0.0,0.0,0.0,0.0,0.0,0.0,0.0,0.0,0.0,0.00065,0.0,0.0,0.0,0.0,0.0,0.0,0.0,1,0.16094331555107,6,1.0,0.0,0.0,0.0,0.0,0.0,0.0,0.0,0.0,0.0,0.0,0.0,0.0,1.0,0.0,0.0,0.0,0.0,0.0,0.0,0.0,0.0,0.0,0.0,0.0,1.0,0.0,1.0,0.0,0.0,0.0,0.0,0.0,1.0,0.0,1.0,1.0,0.00065,1,0,0,0,0,0,0,0,0,0,0,0,0,0,0,0,0,0,0,0,0,0,0,0,0,0,0,0,0,0,0,0,0,0,0,0,0.2005858688410085,0.0,0.0,0.0785465251387725,0.0,0.0,0.0815471040412807,0.0,0.338485369296601,0.0529021159285398,0.0,0.1601189941780327,0.0860541004013482,0.0,0.0727739400829067,0.0,0.0,0.1802670471403513,0.0678778086985485,0.1163728392849912,0.0,0.0789437701455038,0.4174294727947345,0.0,0.2557871932579842,0.0,0.056296476043997,0.0,0.0,0.0,0.0,0.0,0.0,0.0763840127485653,0.0,0.0,0.0,0.0,0.0,0.1493196150425911,0.2474392161345967,0.0,0.0,0.0,0.0,0.0,0.6341579125043771,0.0,0.0,0.0
2102,3.591064607026499,3899.999999999999,1,0,0,0,0,1,0,0,0,0,0,0,0,4380.0,0.0,0.0,0.0,0.0,0.0,0.0,0.0,0.0,0.0,0.0,0.0,0.0,0.0,0.0,1.0,0.0,0.0,249,1.0,4,1.0,0.0,0.0,0.0,0.0,0.0,0.0,0.0,1.0,0.0,0.0,0.0,0.0,0.0,0.0,0.0,0.0,0.0,0.0,0.0,0.0,0.0,1.0,0.0,0.0,0.0,1.0,0.0,0.0,0.0,0.0,0.0,0.0,0.0,0.0,0.0,1.0,0.0,0,0,0,0,0,0,0,0,0,0,0,0,0,0,0,0,0,0,0,0,0,0,0,0,0,0,0,0,0,0,0,0,0,0,0,0,0.2219736693266077,0.0,0.0,0.0,0.0,0.0,0.0,0.0,0.0374576932414381,0.0,0.0306364051378422,0.1417535577035317,0.0,0.0,0.0,0.0,0.2298958773114098,0.0,0.2103230989263026,0.0,0.0,0.0,0.0,0.0,0.0,0.0,0.7226705001016952,0.0,0.0,0.0,0.0,0.0682642511206122,0.0479012430068232,0.0,0.3541885635094663,0.0,0.1185025196356651,0.1161854969536674,0.1280063635476739,0.2974339193529247,0.0,0.0,0.0,0.0,0.1226712535432111,0.0,0.0,0.0,0.0,0.1706006578393562
2103,3.531478917042255,3399.999999999998,1,0,0,0,0,1,0,0,0,0,0,0,0,4380.0,0.0,0.0,0.0,0.0,0.0,0.0,0.0,0.0,0.0,0.0,0.0,0.0,0.0,0.0,1.0,0.0,0.0,249,1.0,4,1.0,0.0,0.0,0.0,0.0,0.0,0.0,0.0,1.0,0.0,0.0,0.0,0.0,0.0,0.0,0.0,0.0,0.0,0.0,0.0,0.0,0.0,1.0,0.0,0.0,0.0,1.0,0.0,0.0,0.0,0.0,0.0,0.0,0.0,0.0,0.0,1.0,0.0,0,0,0,0,0,0,0,0,0,0,0,0,0,0,0,0,0,0,0,0,0,0,0,0,0,0,0,0,0,0,0,0,0,0,0,0,0.3974222927418546,0.0,0.0,0.0282954221577608,0.0,0.0420545744779894,0.0,0.173194922974577,0.0,0.0190573383175411,0.0747975101251638,0.0,0.0,0.0217407362191176,0.0,0.0,0.1336383885023727,0.0216463308039724,0.0733564437971969,0.0419218878167872,0.0654564610589748,0.0,0.0300747694005579,0.0,0.0,0.0339610165314379,0.8112045964324175,0.0313108410854273,0.0301449792530444,0.0,0.0281438407139993,0.0,0.0389829647951002,0.0,0.1152982213856111,0.0,0.0321465530684299,0.031518007001759,0.2430728359256341,0.0268952798140961,0.0297123140989542,0.0,0.0,0.0299643800799941,0.1663870934610414,0.0,0.0326353726884315,0.0324516401371699,0.0389101561753021,0.0277676278155255
2118,4.079181246047625,12000.000000000007,1,0,0,0,0,1,0,0,0,0,0,0,0,0.0,0.0,0.0,0.0,0.0,0.0,0.0,0.0,0.0,0.0,0.0,0.0,0.0,0.0,0.0,0.0,0.0,0.0,1,0.0025315468059902,2,1.0,0.0,0.0,0.0,0.0,0.0,0.0,0.0,0.0,0.0,0.0,0.0,0.0,0.0,0.0,0.0,0.0,0.0,0.0,0.0,0.0,0.0,0.0,0.0,0.0,0.0,0.0,0.0,0.0,0.0,0.0,0.0,0.0,0.0,0.0,1.0,1.0,0.0,0,0,0,0,0,0,0,0,0,0,0,0,0,0,0,0,0,0,0,0,0,0,0,0,0,0,0,0,0,0,0,1,0,0,0,0,0.0,0.0,0.0,0.0,0.0,0.0,0.0,0.0,0.0,0.0,0.1039061629593964,0.0,0.6459608469340458,0.0906044790793473,0.0,0.0,0.0,0.0902110446815745,0.0,0.0873546960273316,0.0,0.0,0.0,0.0,0.0,0.0,0.0,0.0,0.0,0.0,0.0,0.0,0.0,0.0,0.0,0.0,0.0,0.0,0.0,0.0,0.1238260155518759,0.0,0.0,0.0,0.0,0.0,0.5440314278585563,0.0,0.4864740175715699,0.0
2129,4.301029995663981,20000.000000000004,1,0,0,0,0,1,0,0,0,0,0,0,0,0.0,0.0,0.0,0.0,0.0,0.0,0.0,0.0,0.0,0.0,0.0,0.0,0.0,0.0,0.0,0.0,0.0,0.0,1,0.0200345438014429,2,1.0,0.0,0.0,0.0,0.0,0.0,0.0,0.0,0.0,0.0,0.0,0.0,0.0,0.0,0.0,0.0,0.0,0.0,0.0,0.0,0.0,0.0,0.0,0.0,0.0,0.0,0.0,0.0,0.0,0.0,0.0,0.0,0.0,0.0,0.0,1.0,1.0,0.0,0,0,0,0,0,0,0,0,0,1,0,0,0,0,0,0,0,0,0,0,0,0,0,0,0,0,0,0,0,0,0,0,0,0,0,0,0.0,0.0,0.0,0.0,0.0,0.0,0.0,0.0,0.0,0.0,0.1039061629593964,0.0,0.6459608469340458,0.0906044790793473,0.0,0.0,0.0,0.0902110446815745,0.0,0.0873546960273316,0.0,0.0,0.0,0.0,0.0,0.0,0.0,0.0,0.0,0.0,0.0,0.0,0.0,0.0,0.0,0.0,0.0,0.0,0.0,0.0,0.1238260155518759,0.0,0.0,0.0,0.0,0.0,0.5440314278585563,0.0,0.4864740175715699,0.0
2164,2.335625033453388,216.5833333333334,2,1,1,0,0,1,0,0,0,0,0,0,0,0.0,0.0,0.0003125,0.0,0.0,0.0,0.0,0.0,0.0,0.0,0.0,0.0,0.0,0.0,0.0,0.0,0.0,1.0,1,0.0244398086565954,1,1.0,0.0,0.0,0.0,0.0,0.0,0.0,0.0,0.0,0.0,0.0,0.0,0.0,0.0,0.0,0.0,0.0,0.0,0.0,0.0,0.0,0.0,0.0,0.0,0.0,0.0,0.0,0.0,0.0,0.0,0.0,0.0,0.0,0.0,0.0,0.0,1.0,0.0003125,0,0,0,0,0,0,1,0,0,0,0,0,0,0,0,0,0,0,0,0,0,0,0,0,0,0,0,0,0,0,0,0,0,0,0,0,0.0,0.3773435215107194,0.1082166441707531,0.0,0.0,0.3284381350440517,0.0917694374468508,0.5410476097494714,0.0,0.1190673163832427,0.0,0.0,0.0968414081244241,0.0679163867134489,0.2456895417948293,0.0,0.0,0.0676214714622712,0.0,0.1309607511000056,0.0,0.0,0.0939512649590019,0.0,0.0,0.0,0.1900605544808476,0.0,0.0,0.0920466520714425,0.0,0.0,0.1217797817689655,0.0859591270870939,0.0,0.1838156123837459,0.0,0.0,0.1084772616836832,0.0,0.0,0.0,0.0,0.0,0.1039560948602087,0.080646021980902,0.0,0.0,0.0,0.4337196610609746
2241,4.53360261067211,34166.66666666664,2,1,0,0,0,1,0,0,0,0,1,0,0,0.0,0.0,0.0,0.0,0.0,0.0,0.0,0.0,0.0,0.0,0.0002666666666666,0.0,0.0,0.0,0.0,0.0,0.0,0.0,1,0.16094331555107,6,1.0,0.0,0.0,0.0,0.0,0.0,0.0,0.0,0.0,0.0,0.0,0.0,0.0,1.0,0.0,0.0,0.0,0.0,0.0,0.0,0.0,0.0,0.0,0.0,0.0,1.0,0.0,1.0,0.0,0.0,0.0,0.0,0.0,1.0,0.0,1.0,1.0,0.0002666666666666,1,0,0,0,0,0,0,0,0,0,0,0,0,0,0,0,0,0,0,0,0,0,0,0,0,0,0,0,0,0,0,0,0,0,0,0,0.2005858688410085,0.0,0.0,0.0785465251387725,0.0,0.0,0.0815471040412807,0.0,0.338485369296601,0.0529021159285398,0.0,0.1601189941780327,0.0860541004013482,0.0,0.0727739400829067,0.0,0.0,0.1802670471403513,0.0678778086985485,0.1163728392849912,0.0,0.0789437701455038,0.4174294727947345,0.0,0.2557871932579842,0.0,0.056296476043997,0.0,0.0,0.0,0.0,0.0,0.0,0.0763840127485653,0.0,0.0,0.0,0.0,0.0,0.1493196150425911,0.2474392161345967,0.0,0.0,0.0,0.0,0.0,0.6341579125043771,0.0,0.0,0.0
2275,3.6989700043360183,4999.9999999999945,2,1,1,0,0,1,0,0,0,0,0,0,0,0.0,0.0,0.0,0.0,0.0,0.0,2.5e-05,0.0,0.0,0.0,0.0,0.0,0.0,0.0,0.0,0.0,0.0,1.0,249,1.0,3,1.0,0.0,0.0,0.0,0.0,0.0,0.0,0.0,0.0,0.0,0.0,1.0,0.0,0.0,0.0,0.0,0.0,0.0,0.0,0.0,0.0,1.0,0.0,0.0,0.0,0.0,0.0,0.0,0.0,0.0,0.0,0.0,0.0,0.0,0.0,0.0,1.0,2.5e-05,0,0,0,0,0,0,0,0,0,0,0,0,0,0,0,0,0,0,0,0,0,0,0,0,0,0,0,0,0,0,0,0,0,0,0,0,0.0,0.0,0.0,0.0,0.0,0.0,0.0,0.0,0.0,0.0,0.0,0.0,0.0,0.0,0.0,0.0,0.0,1.0,0.0,0.0,0.0,0.0,0.0,0.0,0.0,0.0,0.0,0.0,0.0,0.0,0.0,0.0,0.0,0.0,0.0,0.0,0.0,0.0,0.0,0.0,0.0,0.0,0.0,0.0,0.0,0.0,0.0,0.0,0.0,0.0
2276,4.3979400086720375,24999.999999999993,2,1,0,0,0,1,0,0,0,0,1,0,0,0.0,0.0,0.0,0.0,0.0,0.0,0.0,0.0,0.0,0.0,0.0001333333333333,0.0,0.0,0.0,0.0,0.0,0.0,0.0,1,0.16094331555107,6,1.0,0.0,0.0,0.0,0.0,0.0,0.0,0.0,0.0,0.0,0.0,0.0,0.0,1.0,0.0,0.0,0.0,0.0,0.0,0.0,0.0,0.0,0.0,0.0,0.0,1.0,0.0,1.0,0.0,0.0,0.0,0.0,0.0,1.0,0.0,1.0,1.0,0.0001333333333333,1,0,0,0,0,0,0,0,0,0,0,0,0,0,0,0,0,0,0,0,0,0,0,0,0,0,0,0,0,0,0,0,0,0,0,0,0.2005858688410085,0.0,0.0,0.0785465251387725,0.0,0.0,0.0815471040412807,0.0,0.338485369296601,0.0529021159285398,0.0,0.1601189941780327,0.0860541004013482,0.0,0.0727739400829067,0.0,0.0,0.1802670471403513,0.0678778086985485,0.1163728392849912,0.0,0.0789437701455038,0.4174294727947345,0.0,0.2557871932579842,0.0,0.056296476043997,0.0,0.0,0.0,0.0,0.0,0.0,0.0763840127485653,0.0,0.0,0.0,0.0,0.0,0.1493196150425911,0.2474392161345967,0.0,0.0,0.0,0.0,0.0,0.6341579125043771,0.0,0.0,0.0
2293,4.500602350569185,31666.666666666642,2,1,0,0,0,1,0,0,0,0,1,0,0,730.0,0.0,0.0,0.0,0.0,0.0,0.0,0.0,0.0,0.0,0.0333333333333333,0.0,0.0,0.0,0.0,0.0,0.0,0.0,1,0.16094331555107,4,1.0,0.0,0.0,0.0,0.0,0.0,0.0,0.0,0.0,0.0,0.0,0.0,0.0,1.0,0.0,0.0,0.0,0.0,0.0,0.0,0.0,0.0,0.0,0.0,0.0,1.0,0.0,0.0,0.0,0.0,0.0,0.0,0.0,1.0,0.0,0.0,1.0,0.0333333333333333,1,0,0,0,0,0,0,0,0,0,0,0,0,0,0,0,0,0,0,0,0,0,0,0,0,0,0,0,0,0,0,0,0,0,0,0,0.0,0.0,0.1173803544508761,0.0958777553587463,0.0,0.0,0.0995404096829321,0.0,0.3098789288189151,0.064574927025675,0.0,0.0,0.0,0.0736674991775614,0.0888314538604175,0.0,0.0,0.2933904428308411,0.082854994860552,0.0710252082804197,0.0,0.0963626521699748,0.1019069928336984,0.0,0.3122264402627733,0.0,0.0,0.0,0.0,0.0,0.0,0.0,0.0660460045611671,0.0,0.097670699183014,0.0,0.0,0.0,0.117663040873822,0.0911334364952624,0.4027153178968085,0.0,0.0,0.0,0.0,0.0,0.6635008860197695,0.0,0.0,0.0
2302,2.716768252855178,520.9166666666664,2,1,0,0,0,1,0,0,0,0,0,1,0,0.0,0.0,0.00615625,0.0,0.0,0.0,0.0,0.0,0.0,0.0,0.0,0.0,0.0,0.0,0.0,0.0,0.0,1.0,1,0.0244398086565954,1,1.0,0.0,0.0,0.0,0.0,0.0,0.0,0.0,0.0,0.0,0.0,0.0,0.0,0.0,0.0,0.0,0.0,0.0,0.0,0.0,0.0,0.0,0.0,0.0,0.0,0.0,0.0,0.0,0.0,0.0,0.0,0.0,0.0,0.0,0.0,0.0,1.0,0.00615625,0,0,0,0,0,0,1,0,0,0,0,0,0,0,0,0,0,0,0,0,0,0,0,0,0,0,0,0,0,0,0,0,0,0,0,0,0.0,0.2119442091890437,0.1215650449120582,0.0,0.0,0.1475802431073849,0.1030890938290228,0.7597315260831671,0.0,0.1337541352774552,0.0,0.0,0.1087866863568317,0.0762937962487335,0.275995069072595,0.0,0.0,0.0,0.0,0.1471146117233943,0.0,0.0,0.0,0.0,0.0,0.0,0.142336206033879,0.0,0.2115728632070596,0.1034005025642225,0.0,0.0,0.1368011802026102,0.0965620882537774,0.0,0.2064890604046907,0.0,0.0,0.0,0.0,0.0,0.0,0.0,0.0,0.0,0.0,0.0,0.1138810937959556,0.0,0.1948873964079905
2312,3.648360010980932,4450.000000000005,1,0,0,0,0,1,0,0,0,0,0,0,0,2920.0,0.0,0.0,0.0,0.0,0.0,0.0,0.0,0.0,0.0,0.0,0.0,0.0,0.0,0.0,1.0,0.0,0.0,249,1.0,5,1.0,0.0,0.0,0.0,0.0,0.0,0.0,0.0,1.0,0.0,0.0,0.0,1.0,0.0,0.0,0.0,0.0,0.0,0.0,0.0,0.0,0.0,1.0,0.0,0.0,0.0,1.0,0.0,0.0,0.0,0.0,0.0,0.0,0.0,0.0,0.0,1.0,0.0,0,0,0,0,0,0,0,0,0,0,0,0,0,0,0,0,0,0,0,0,0,0,0,0,0,0,0,0,0,0,0,0,0,0,0,0,0.0604454267514626,0.0,0.0,0.0,0.0,0.0,0.0,0.0,0.0,0.0,0.0,0.0,0.0,0.0,0.0,0.2801639407446566,0.4024460265677205,0.0,0.0818183880538467,0.0,0.0,0.0,0.0,0.0,0.0,0.0,0.7803728586777263,0.0523839981931698,0.0,0.0,0.1412565280908881,0.0,0.0,0.0,0.1446730975126355,0.0,0.0,0.0,0.2904773681421557,0.0,0.0,0.0,0.0,0.1002626552054146,0.0,0.0,0.0,0.0,0.0,0.0464560936369764
2319,3.648360010980932,4450.000000000005,1,0,0,0,0,1,0,0,0,0,0,0,0,3285.0,0.0,0.0,0.0,0.0,0.0,0.0,0.0,0.0,0.0,0.0,0.0,0.0,0.0,0.0,1.0,0.0,0.0,249,1.0,4,1.0,0.0,0.0,0.0,0.0,0.0,0.0,0.0,1.0,0.0,0.0,0.0,0.0,0.0,0.0,0.0,0.0,0.0,0.0,0.0,0.0,0.0,1.0,0.0,0.0,0.0,1.0,0.0,0.0,0.0,0.0,0.0,0.0,0.0,0.0,0.0,1.0,0.0,0,0,0,0,0,0,0,0,0,0,0,0,0,0,0,0,0,0,0,0,0,0,0,0,0,0,0,0,0,0,0,0,0,0,0,0,0.0,0.0,0.0,0.0,0.0,0.0,0.0,0.0,0.0,0.0,0.0,0.0,0.0,0.0,0.0,0.0,0.4188172091408091,0.0,0.0957900314919964,0.0,0.0,0.0,0.0,0.0,0.0,0.1995608025135659,0.7150167609833868,0.0,0.0,0.0,0.0,0.0,0.0,0.0,0.1129187125813297,0.0,0.0,0.0,0.3400804746206576,0.0526804374711953,0.0,0.0,0.0,0.1760758759988728,0.195543863466205,0.2528284453889242,0.0,0.0,0.0,0.0
2341,3.1249387366083,1333.3333333333333,2,1,0,0,0,1,0,0,0,0,1,0,0,3285.0,0.0,0.0,0.0,0.0,0.0,0.0,0.0,0.0,0.0,0.0,0.0,0.0,0.0,0.0,0.0,0.0,1.0,1,0.0149160908040707,2,1.0,0.0,0.0,0.0,0.0,0.0,0.0,0.0,0.0,0.0,0.0,0.0,0.0,1.0,0.0,0.0,0.0,0.0,0.0,0.0,0.0,0.0,0.0,0.0,0.0,0.0,0.0,0.0,0.0,0.0,0.0,0.0,0.0,0.0,0.0,0.0,1.0,0.0,0,0,1,0,0,0,0,0,0,0,0,0,0,0,0,0,0,0,0,0,0,0,0,0,0,0,0,0,0,0,0,0,0,0,0,0,0.0,0.0,0.0,0.3446453582760416,0.0,0.0,0.0,0.1318473575587575,0.0,0.0,0.0,0.0,0.0,0.0,0.1064388297624464,0.0,0.0,0.5273155066358028,0.0,0.0,0.0,0.0,0.0,0.0,0.0,0.0,0.0,0.0,0.1835867144332353,0.0,0.6855981163355598,0.2255570541380723,0.0395685262960008,0.0,0.0,0.0,0.0,0.0,0.0,0.0,0.0,0.0,0.0,0.0,0.1351091096848717,0.0,0.0,0.0,0.0,0.0
2355,2.6981005456233897,498.99999999999983,1,0,0,0,0,1,0,0,0,0,0,0,0,0.0,0.0,0.0,0.0,0.0,0.0,0.0,0.0,0.0,0.0,0.0,0.0,0.0,0.0,0.0,0.0,0.0,0.0,249,1.0,1,1.0,0.0,0.0,0.0,0.0,0.0,0.0,0.0,0.0,0.0,0.0,0.0,0.0,0.0,0.0,0.0,0.0,0.0,0.0,0.0,0.0,0.0,0.0,0.0,0.0,0.0,0.0,0.0,0.0,0.0,0.0,0.0,0.0,0.0,0.0,0.0,1.0,0.0,0,0,0,0,0,0,0,0,0,0,0,0,0,0,0,0,0,0,0,0,0,0,0,0,0,0,0,0,0,0,0,0,0,0,0,0,0.0,0.0,0.0,0.0,0.0,0.0,0.0,0.0,0.0,0.0,0.0,0.0,0.0,0.0,0.0,0.0,0.0,0.0,0.0,0.0,0.0,0.0,0.0,0.0,0.0,0.0,0.0,0.0,0.5866698903056282,0.0,0.0,0.0,0.0,0.0,0.0,0.0,0.0,0.0,0.0,0.0,0.0,0.0,0.0,0.0,0.0,0.5024136547241334,0.6351369611001406,0.0,0.0,0.0
2364,3.397940008672037,2499.999999999997,2,1,0,0,0,1,0,0,0,0,1,0,0,0.0,0.0339985218033998,0.0,0.0,0.0,0.0,0.0,0.0,0.0,0.0,0.0,0.0,0.0,0.0,0.0,0.0,0.0,0.0,1,0.0149160908040707,4,1.0,0.0,0.0,0.0,0.0,0.0,0.0,0.0,0.0,0.0,0.0,0.0,0.0,1.0,0.0,0.0,0.0,0.0,0.0,0.0,0.0,0.0,0.0,0.0,0.0,1.0,0.0,0.0,0.0,0.0,0.0,0.0,0.0,0.0,0.0,1.0,1.0,0.0339985218033998,0,0,1,0,0,0,0,0,0,0,0,0,0,0,0,0,0,0,0,0,0,0,0,0,0,0,0,0,0,0,0,0,0,0,0,0,0.0,0.0,0.0,0.2265901976039433,0.0,0.0,0.1568308242458629,0.0,0.0,0.0,0.0,0.0,0.0,0.0,0.0,0.0,0.0,0.1155627777743343,0.0,0.0,0.0,0.0,0.0,0.0,0.0,0.0,0.0,0.2507377210750226,0.8851387625406286,0.0,0.0,0.0,0.104058737215042,0.0,0.0,0.0,0.0,0.0,0.0,0.0,0.0,0.0,0.0,0.0,0.1776574042066019,0.0,0.0,0.0,0.0,0.1482424079917101
2386,2.7774268223893115,599.0000000000001,1,0,0,0,0,1,0,0,0,0,0,0,0,0.0,0.0,0.0,0.0,0.0,0.0,0.0,0.0,0.0,0.0,0.0,0.0,0.0,0.0,0.0,0.0,0.0,1.0,249,1.0,1,1.0,0.0,0.0,0.0,0.0,0.0,0.0,0.0,0.0,0.0,0.0,0.0,0.0,0.0,0.0,0.0,0.0,0.0,0.0,0.0,0.0,0.0,0.0,0.0,0.0,0.0,0.0,0.0,0.0,0.0,0.0,0.0,0.0,0.0,0.0,0.0,1.0,0.0,0,0,0,0,0,0,0,0,0,0,0,0,0,0,0,0,0,0,0,0,0,0,0,0,0,0,0,0,0,0,0,0,0,0,0,0,0.0,0.0,0.0,0.0,0.0,0.0,0.0,0.0,0.0,0.0,0.0,0.0,0.0,0.0,0.0,0.0,0.0,0.0,0.0,0.0,0.0,0.0,0.0,0.0,0.0,0.0,0.0,0.0,0.5866698903056282,0.0,0.0,0.0,0.0,0.0,0.0,0.0,0.0,0.0,0.0,0.0,0.0,0.0,0.0,0.0,0.0,0.5024136547241334,0.6351369611001406,0.0,0.0,0.0
2505,1.9208187539523751,83.33333333333333,2,1,0,0,0,1,0,0,0,0,1,0,0,0.0,0.0,6.8175e-05,0.0,0.0,0.0,0.0,0.0,0.0,0.0,0.0,0.0,0.0,0.0,0.0,0.0,0.0,1.0,249,1.0,4,1.0,0.0,0.0,0.0,0.0,0.0,0.0,0.0,0.0,0.0,0.0,1.0,0.0,0.0,0.0,0.0,0.0,0.0,0.0,0.0,0.0,1.0,1.0,0.0,0.0,0.0,0.0,0.0,0.0,0.0,0.0,0.0,0.0,0.0,0.0,0.0,1.0,6.8175e-05,0,0,0,0,0,0,0,0,0,0,0,0,0,0,0,0,0,0,0,0,0,0,0,0,0,0,0,0,0,0,0,0,0,0,0,0,0.0,0.0819874965746712,0.0,0.1536445706715555,0.0,0.1141784880327965,0.0,0.2938909542787045,0.0,0.1552224533503607,0.0,0.0,0.0,0.1770787901932938,0.1423528381473407,0.0,0.0,0.0,0.0663877667229,0.1707273641149247,0.0888573936184157,0.0,0.0,0.0521611379164782,0.0833907322697622,0.0922044169450784,0.275303327448911,0.0,0.0818438468493854,0.0799979238143933,0.0,0.0,0.3175171334811529,0.0,0.0,0.1597545051824122,0.0,0.1711432551600978,0.0,0.0,0.080669157681044,0.0,0.0,0.0,0.0903484436371906,0.0,0.4430264193853863,0.528638691658015,0.0,0.0
2622,3.619788758288394,4166.666666666668,2,1,0,0,0,1,0,0,0,0,1,0,0,0.0,0.0,6.8175e-05,0.0,0.0,0.0,0.0,0.0,0.0,0.0,0.0,0.0,0.0,0.0,0.0,0.0,0.0,1.0,1,0.0244398086565954,4,1.0,0.0,0.0,0.0,0.0,0.0,0.0,0.0,0.0,0.0,0.0,0.0,0.0,0.0,0.0,0.0,0.0,0.0,0.0,0.0,0.0,0.0,0.0,0.0,0.0,0.0,0.0,1.0,0.0,0.0,0.0,0.0,1.0,0.0,0.0,1.0,1.0,6.8175e-05,0,0,0,0,0,0,0,0,0,0,0,0,0,0,0,0,0,0,0,0,0,0,0,0,0,0,0,0,0,0,0,0,0,0,0,0,0.0,0.0,0.0,0.0,0.0,0.0,0.0,0.0,0.0,0.0,0.0,0.0,0.8729469837881908,0.0,0.0,0.0,0.0,0.0,0.0,0.3935017567433637,0.0,0.0,0.0,0.0,0.2883052738591281,0.0,0.0,0.0,0.0,0.0,0.0,0.0,0.0,0.0,0.0,0.0,0.0,0.0,0.0,0.0,0.0,0.0,0.0,0.0,0.0,0.0,0.0,0.0,0.0,0.0
2780,2.4771212547196626,300.0000000000001,6,1,0,0,1,1,0,1,0,1,1,0,1,0.0,0.0,0.0,0.0,0.0,0.0,0.0,0.0,0.0,0.0,0.0166666666666666,0.0,0.0,0.0,0.0,0.0,0.0,1.0,1,0.0144917051122692,5,0.0,0.0,1.0,0.0,1.0,0.0,0.0,0.0,0.0,0.0,0.0,0.0,0.0,0.0,0.0,0.0,1.0,0.0,0.0,0.0,0.0,1.0,0.0,0.0,0.0,0.0,0.0,0.0,0.0,0.0,0.0,0.0,0.0,0.0,0.0,1.0,0.0625,0.0166666666666666,0,0,0,0,0,0,0,0,0,0,0,0,0,0,0,0,0,0,0,0,0,0,0,0,0,0,0,0,0,0,0,0,0,0,0,0,0.0,0.1973149104646616,0.2263482078065221,0.0,0.1908347022146284,0.4579787383121069,0.1919468844804677,0.0471527730874281,0.0,0.0,0.1629105501183388,0.1256302208805241,0.1350370166462033,0.1420553421433718,0.0570988233712993,0.0,0.0582134441411719,0.1414384912044945,0.0532572924496582,0.1826135066475822,0.0,0.0,0.0,0.0418444709568246,0.4682813392764651,0.0,0.0,0.0681956703820652,0.0,0.0,0.1225957539358798,0.1209994738116179,0.212264292935236,0.1797939171914849,0.0627804877534177,0.128157532970835,0.0,0.0,0.0,0.0585784850694783,0.0,0.0675321659371023,0.0938072274712421,0.1957891499844686,0.0,0.0562269716209266,0.0,0.0706803547088947,0.2542414154068104,0.0
2782,2.4771212547196626,300.0000000000001,5,1,0,0,1,1,0,1,0,0,1,0,1,0.0,0.0,0.0,0.0,0.0,0.0,0.0,0.0,0.0,0.0,0.0166666666666666,0.0,0.0,0.0,0.0,0.0,0.0,1.0,1,0.1766382333307339,6,1.0,0.0,1.0,0.0,1.0,0.0,0.0,0.0,0.0,0.0,0.0,0.0,0.0,0.0,0.0,0.0,1.0,0.0,0.0,0.0,0.0,1.0,0.0,0.0,0.0,0.0,0.0,0.0,0.0,0.0,0.0,0.0,0.0,0.0,0.0,1.0,0.0625,0.0166666666666666,0,0,0,0,0,0,0,0,0,0,0,0,0,0,0,0,0,0,0,0,0,0,0,0,0,0,0,0,0,0,0,0,0,0,0,0,0.0,0.1810873029477678,0.2077328387511035,0.0,0.1751400411226228,0.4623449275392475,0.1761607550992447,0.0432748264426763,0.0,0.0,0.1495124320467949,0.1152981181929528,0.1239312786093442,0.1303724017484868,0.0524028919124761,0.0,0.0534258438452544,0.1298062819728499,0.0488772968515036,0.1675949745651252,0.0,0.0,0.0,0.0384030906280885,0.5525599668902142,0.0,0.0,0.0625871100826659,0.0,0.0,0.1125132124116525,0.1110482138376928,0.1948072156799372,0.1650072742802243,0.0576172838547235,0.1176175786385112,0.0,0.0,0.0,0.0537608630134301,0.0,0.0619781736867837,0.0860923169960709,0.1796870243289255,0.0,0.0516027431468634,0.0,0.0648674485647531,0.2333320482736044,0.0
2783,3.051152522447381,1124.9999999999993,6,1,0,0,1,1,0,1,0,1,1,0,1,0.0,0.0,0.0,0.0,0.0,0.0,0.0,0.0,0.0,0.0,0.0333333333333333,0.0,0.0,0.0,0.0,0.0,0.0,1.0,1,0.0250663134823955,5,1.0,0.0,0.0,0.0,1.0,0.0,0.0,0.0,0.0,0.0,0.0,0.0,0.0,0.0,0.0,0.0,1.0,0.0,0.0,0.0,0.0,1.0,0.0,0.0,0.0,0.0,0.0,0.0,0.0,0.0,0.0,0.0,0.0,0.0,0.0,1.0,0.25,0.0333333333333333,0,0,0,0,0,0,0,0,0,0,0,0,0,0,0,0,0,0,0,0,0,0,0,0,0,0,0,0,0,0,0,0,0,0,0,0,0.0,0.1946280535112115,0.2232660015271602,0.0,0.1882360869077696,0.4517423958346511,0.1893331244759911,0.0930213780808582,0.0,0.0,0.1606921807951841,0.1239195015449129,0.1331982040278636,0.1401209602818398,0.0563213029586366,0.0,0.057420745825537,0.1395125090641517,0.052532082549386,0.1801268401864694,0.0,0.0,0.0,0.0825493411861723,0.3959183187830731,0.0,0.0,0.0672670430891265,0.0,0.0,0.1209263552414256,0.1193518118239408,0.209373868739218,0.177345645363186,0.0619255995462162,0.1264123989726552,0.0,0.0,0.0,0.0577808159548591,0.0,0.0666125736508308,0.2775895350992419,0.1931230694647197,0.0,0.0554613233011146,0.0,0.0697178932199242,0.2507793845180545,0.0596549358624261
2784,2.574031267727719,375.0,6,1,0,0,1,1,0,1,0,1,1,0,1,0.0,0.0,0.0,0.0,0.0,0.0,0.0,0.0,0.0,0.0,0.012,0.0,0.0,0.0,0.0,0.0,0.0,1.0,1,0.0200345438014429,5,1.0,0.0,0.0,0.0,1.0,0.0,0.0,0.0,0.0,0.0,0.0,0.0,0.0,0.0,0.0,0.0,1.0,0.0,0.0,0.0,0.0,1.0,0.0,0.0,0.0,0.0,0.0,0.0,0.0,0.0,0.0,0.0,0.0,0.0,0.0,1.0,0.25,0.012,0,0,0,0,0,0,0,0,0,0,0,0,0,0,0,0,0,0,0,0,0,0,0,0,0,0,0,0,0,0,0,0,0,0,0,0,0.0,0.2572170644222644,0.2212983603676827,0.0,0.1865771640544678,0.4477611943734106,0.1876645334409779,0.0461007907778829,0.0,0.0,0.1592760021259014,0.1228274001500122,0.1320243295157524,0.138886075584348,0.0558249438484326,0.0,0.0569146973357473,0.1382829866414858,0.0520691178028047,0.1785393840478131,0.0,0.0,0.0,0.0409109173115864,0.3924290943848212,0.0,0.0,0.0666742192746936,0.0,0.0,0.1198606324165839,0.118299965435343,0.2075286588145882,0.1757826998681987,0.0613798498231996,0.1252983276963053,0.0,0.0,0.0,0.0572715941704257,0.0,0.0660255176693667,0.2751431411522662,0.1914210776803718,0.0,0.0549725431834974,0.0,0.0691034700864723,0.2485692681745406,0.0591291974769755
2785,1.5740312677277188,37.5,6,1,0,0,1,1,0,1,0,1,1,0,1,0.0,0.0,0.0,0.0,0.0,0.0,0.0,0.0,0.0,0.0,0.0010166666666666,0.0,0.0,0.0,0.0,0.0,0.0,1.0,1,0.0032742302198544,5,1.0,0.0,0.0,0.0,1.0,0.0,0.0,0.0,0.0,0.0,0.0,0.0,0.0,0.0,0.0,0.0,1.0,0.0,0.0,0.0,0.0,1.0,0.0,0.0,0.0,0.0,0.0,0.0,0.0,0.0,0.0,0.0,0.0,0.0,0.0,1.0,0.25,0.0010166666666666,0,0,0,0,0,0,0,0,0,0,0,0,0,0,0,0,0,0,0,0,0,0,0,0,0,0,0,0,0,0,0,0,0,0,0,0,0.0,0.2499633074674452,0.2150575437865095,0.0,0.1813155170311244,0.4351339183212579,0.1823722216043665,0.0448007062268099,0.0,0.0,0.1547842728903175,0.1193635548951038,0.1283011224237919,0.1349693609644983,0.054250629268634,0.0,0.055309650708853,0.1343832796825527,0.050600720959688,0.1735044097872412,0.0,0.0,0.0,0.0397571919487552,0.3813622342639306,0.0,0.0,0.0647939451845695,0.0,0.0,0.1164804527307855,0.1149637979887589,0.2016761604370726,0.1708254666279787,0.05964888180387,0.1217648000199992,0.0,0.0,0.0,0.0556564827256994,0.0,0.0641635375590445,0.3565118032060055,0.1860228278533561,0.0,0.0534222670836708,0.0,0.0671546888970603,0.2415593869995678,0.0574616999165206
2797,2.920818753952376,833.3333333333345,2,1,0,0,0,1,0,0,0,0,1,0,0,730.0,0.0,0.0,0.0,5.555555555555555e-07,0.0,0.0,0.0,0.0,0.0,0.0,0.0,0.0,0.0,0.0,0.0,0.0,0.0,249,1.0000000000000002,14,1.0,0.0,1.0,1.0,1.0,1.0,0.0,0.0,1.0,0.0,1.0,1.0,1.0,0.0,0.0,0.0,0.0,1.0,0.0,0.0,1.0,1.0,0.0,1.0,1.0,0.0,0.0,0.0,0.0,0.0,0.0,0.0,0.0,0.0,0.0,0.0,0.2,5.555555555555555e-07,0,0,0,0,0,0,0,0,0,0,0,0,0,0,0,0,0,0,0,0,0,0,0,0,0,0,0,0,0,0,0,0,0,0,0,0,0.0,0.0451249306523499,0.155294100529452,0.0,0.0872858790368934,0.1256849292813223,0.1316918700779126,0.0,0.0911043414738495,0.0,0.1490273038021181,0.0861930047514837,0.602204627858845,0.0324873444582564,0.0391746438050678,0.0,0.6390298935772223,0.1293850949661279,0.0,0.0313220949860644,0.0,0.0,0.0,0.0,0.0458972546782727,0.0,0.0,0.0,0.0,0.0,0.0,0.0830159188455954,0.0873788030362689,0.1233539020321499,0.0430727482711102,0.0879269555595127,0.0,0.0,0.2075574592079047,0.0,0.0443993328034505,0.0463328031957398,0.0,0.0,0.0497266952158103,0.0385764794339813,0.0975345621571302,0.0,0.0,0.0414933735702282
2802,3.2218487496163566,1666.6666666666674,2,1,1,0,0,1,0,0,0,0,0,0,0,365.0,0.0,0.0,0.0,0.0,0.0,0.0,0.0,0.0,0.0,0.0,0.0,0.0,0.0,0.0,0.0,0.0,1.0,214,0.8111171420218937,3,1.0,0.0,0.0,0.0,0.0,0.0,0.0,0.0,0.0,0.0,0.0,1.0,0.0,0.0,0.0,0.0,0.0,0.0,0.0,0.0,0.0,1.0,0.0,0.0,0.0,0.0,0.0,0.0,0.0,0.0,0.0,0.0,0.0,0.0,0.0,0.0,1.0,0.0,0,0,0,0,0,0,0,0,0,0,0,0,0,0,0,0,0,0,0,0,0,0,0,0,0,0,0,0,0,0,0,0,0,0,0,0,0.0,0.4714020902782417,0.1081530210154474,0.0,0.0607893762714995,0.2188300256021296,0.0917154839980469,0.0450607929091302,0.0,0.0,0.0518942865988948,0.060028254920758,0.0322614909142199,0.4298842279459736,0.0545655766739012,0.0,0.0556307461728471,0.0901089535742112,0.0,0.0218139593566415,0.0340601212285647,0.0,0.0625973525077206,0.3598919904484436,0.0,0.0,0.0211054237035235,0.0,0.0313717433292396,0.0,0.0292891675183164,0.0578156052606877,0.1014234871003567,0.085908589658822,0.0299975841521099,0.0612358475951813,0.0,0.0656012941729593,0.0,0.027989795846706,0.0309214706636761,0.032268016754333,0.0,0.031183794588096,0.0346316588612734,0.0268662027514309,0.0,0.0,0.5669107253515523,0.0577952889188036
2808,1.916453948549925,82.49999999999999,7,1,0,0,0,1,1,1,1,1,1,0,1,0.0,0.0,0.0,0.0,0.0,0.0,0.0,0.0,0.25,0.0,0.0,0.0,0.0,0.0,0.0,0.0,0.0,1.0,249,1.0000000000000002,3,0.0,0.0,1.0,0.0,0.0,0.0,0.0,0.0,0.0,0.0,0.0,0.0,0.0,0.0,0.0,0.0,0.0,0.0,1.0,0.0,0.0,0.0,0.0,1.0,0.0,0.0,0.0,0.0,0.0,0.0,0.0,0.0,0.0,0.0,0.0,0.0,1.0,0.25,0,0,0,0,0,0,0,0,0,0,0,0,0,0,0,0,0,0,0,0,0,0,0,0,0,0,0,0,0,0,0,0,0,0,0,0,0.0,0.0452913931267543,0.1558669687834491,0.0,0.0876078700780983,0.157685714412623,0.132177671479382,0.0,0.0,0.0,0.0747885271572212,0.0865109642616673,0.0,0.0326071878279231,0.0786383122378718,0.0,0.5211271217588125,0.1298623868477499,0.0,0.0628752796761811,0.0,0.0,0.0,0.0,0.0,0.0,0.0,0.0,0.0904240767806674,0.0,0.0,0.0833221583248859,0.1461685614451947,0.1238089452967682,0.0432316403990971,0.0882513114837811,0.0,0.0,0.0,0.0403380746513824,0.0,0.0,0.0,0.7190587546388428,0.1497303997604888,0.0774375703289692,0.0,0.0486716141814177,0.0,0.0
2810,1.916453948549925,82.49999999999999,4,1,0,0,0,1,0,1,0,1,1,0,0,0.0,0.0,0.0,0.0,0.0,0.0,0.0,0.0,0.25,0.0,0.0,0.0,0.0,0.0,0.0,0.0,0.0,1.0,249,1.0000000000000002,3,0.0,0.0,1.0,0.0,0.0,0.0,0.0,0.0,0.0,0.0,0.0,0.0,0.0,0.0,0.0,0.0,0.0,1.0,0.0,0.0,0.0,0.0,0.0,1.0,0.0,0.0,0.0,0.0,0.0,0.0,0.0,0.0,0.0,0.0,0.0,0.0,1.0,0.25,0,0,0,0,0,0,0,0,0,0,0,0,0,0,0,0,0,0,0,0,0,0,0,0,0,0,0,0,0,0,0,0,0,0,0,0,0.0,0.0568144533869043,0.1955227256472765,0.0532351435478929,0.1098971108472673,0.1978041975040186,0.1658063847592017,0.0,0.0,0.0,0.0938162639015662,0.1085211296712625,0.0,0.0409031258487218,0.0986455133442163,0.0,0.7542837236109178,0.1629020441836504,0.0460043889070777,0.1971801041951606,0.0,0.0,0.0,0.0,0.0,0.0,0.0,0.0,0.0,0.0,0.0,0.1045210260368233,0.1833568443703552,0.1553084828227516,0.0542306572778615,0.1107042569566408,0.0,0.0,0.0,0.0506009089979755,0.0,0.0,0.0,0.3382507741333543,0.0,0.0485696390210113,0.0,0.0,0.0732057552601316,0.0
2812,3.845098040014257,7000.000000000002,1,0,0,0,0,1,0,0,0,0,0,0,0,0.0,0.0,0.0,0.0,0.0,0.0,0.0,0.0,0.0,0.0,0.0,1.0,0.0,0.0,0.0,0.0,0.0,1.0,26,0.1847120883943919,5,1.0,0.0,0.0,0.0,0.0,0.0,0.0,0.0,0.0,0.0,0.0,1.0,0.0,0.0,0.0,0.0,0.0,0.0,0.0,0.0,0.0,1.0,0.0,0.0,0.0,0.0,0.0,1.0,0.0,0.0,0.0,0.0,0.0,0.0,0.0,1.0,1.0,1.0,0,0,0,0,0,0,0,0,0,0,0,0,0,0,0,0,0,0,0,0,0,0,0,0,0,0,0,0,0,0,0,0,0,0,0,0,0.0,0.1623708378196671,0.1396967975733922,0.0380353692767993,0.1177786960347532,0.1130614882598782,0.118465108807186,0.0,0.0,0.0,0.1005445652209656,0.1550720432515961,0.7500750752980474,0.0292244068963933,0.0352400526934918,0.0,0.0359279704533403,0.087292514777804,0.0,0.0281761918059016,0.0879881082547369,0.0,0.0,0.0258254246652479,0.4954495611183189,0.0,0.0,0.0,0.0,0.0,0.0,0.0746780332981346,0.1572054433278096,0.0739763885570363,0.0,0.0790958192884627,0.0,0.0,0.0,0.0361532651405031,0.0,0.0,0.0,0.0,0.0,0.06940393254103,0.0,0.0,0.0,0.037325895758532
2813,4.096910013008056,12499.999999999995,3,1,0,0,1,1,0,0,0,0,1,0,0,2920.0,0.0,0.0,0.0,0.0,0.0,0.0,0.0,0.0,0.0,0.0,0.0,0.0,0.0,0.0,0.0,0.0,1.0,1,0.16094331555107,0,0.0,0.0,0.0,0.0,0.0,0.0,0.0,0.0,0.0,0.0,0.0,0.0,0.0,0.0,0.0,0.0,0.0,0.0,0.0,0.0,0.0,0.0,0.0,0.0,0.0,0.0,0.0,0.0,0.0,0.0,0.0,0.0,0.0,0.0,0.0,0.0,1.0,0.0,0,0,0,0,0,0,0,0,0,0,0,0,0,0,0,0,0,0,0,0,0,0,0,0,0,0,0,0,0,0,0,0,0,0,0,0,0.0,0.060298344187402,0.0,0.0,0.1749540852732298,0.0839734600742239,0.0586579051671597,0.0864577583413421,0.0,0.0,0.0995691242964014,0.1151756998164093,0.0,0.0434113260576639,0.1046945057389843,0.0,0.0,0.0864456396519803,0.0,0.0,0.0,0.0,0.0,0.0767246318938349,0.0,0.0,0.0,0.0625206578930817,0.0,0.0,0.5619687546165198,0.7210470008247881,0.1556803024845506,0.1098880512991445,0.0,0.0587463487813892,0.0,0.0,0.0,0.0537037821375682,0.0,0.0619123680385842,0.0,0.0,0.0,0.0,0.0,0.0,0.0,0.1108913270276143
2843,2.920818753952376,833.3333333333345,2,1,0,0,0,1,0,0,0,0,1,0,0,0.0,0.0003695491500369,0.0,0.0,0.0,0.0,0.0,0.0,0.0,0.0,0.0,0.0,0.0,0.0,0.0,0.0,1.0,0.0,5,0.1915951343561408,5,1.0,0.0,0.0,0.0,0.0,0.0,0.0,0.0,0.0,0.0,0.0,0.0,0.0,1.0,0.0,0.0,0.0,0.0,0.0,0.0,0.0,0.0,0.0,1.0,0.0,1.0,0.0,0.0,0.0,0.0,0.0,0.0,0.0,0.0,0.0,1.0,1.0,0.0003695491500369,0,0,0,0,0,0,0,0,0,0,0,0,0,0,0,0,0,0,0,0,0,0,0,0,0,0,0,0,0,0,0,0,0,0,0,0,0.0,0.0808009720315931,0.0926901832472085,0.0252368372745952,0.0520982065335375,0.1875434914587885,0.0786027513477518,0.0,0.40782995347395,0.0169973412421691,0.0889497286191886,0.0771688561684352,0.0,0.0193906780797502,0.0233821175470037,0.0,0.0953542306729215,0.0579194321660343,0.0,0.0186951771770246,0.0583809652001656,0.0,0.0268238465289934,0.0171354203263049,0.7670497340254726,0.0,0.0,0.0,0.0,0.0,0.0,0.0495496010730574,0.052153669957459,0.0490840529663252,0.0,0.0524808450249836,0.0,0.0,0.0,0.0239880428833568,0.3710079900913676,0.0276545986224086,0.0,0.0,0.0296803064386686,0.0230250919743713,0.0,0.0,0.0,0.0495321893962086
2854,2.396489942276805,249.1666666666667,3,1,1,0,0,1,0,0,0,1,0,0,0,0.0,0.0,0.0,0.0,0.0,0.0,0.0,0.0,0.0006944444444444,0.0,0.0,0.0,0.0,0.0,0.0,0.0,0.0,0.0,1,0.16094331555107,8,1.0,0.0,1.0,1.0,0.0,0.0,0.0,0.0,0.0,0.0,0.0,0.0,0.0,0.0,0.0,0.0,0.0,1.0,1.0,0.0,0.0,1.0,1.0,1.0,0.0,0.0,0.0,0.0,0.0,0.0,0.0,0.0,0.0,0.0,0.0,0.0,1.0,0.0006944444444444,0,0,0,0,0,0,0,0,0,0,0,0,0,0,0,0,0,0,0,0,0,0,0,0,0,0,0,0,0,0,0,0,0,0,0,0,0.0,0.1883351092903779,0.0,0.0,0.1214332102030902,0.2185680634310901,0.4274932250349048,0.0,0.0,0.0,0.1036643275423355,0.1199127897835442,0.0,0.0451968012703657,0.0,0.0,0.1111283008332052,0.0900010838381298,0.0,0.0,0.0680386954822265,0.0,0.0,0.0,0.0,0.0,0.0,0.0,0.0,0.0,0.0,0.1154927880043339,0.081041658158038,0.1144076642569728,0.0,0.1223250839057608,0.1336588932331989,0.0,0.0,0.0,0.0,0.7735053264304407,0.0,0.0,0.0,0.0536680822567169,0.0,0.0,0.0,0.0
2857,4.0,10000.0,2,1,0,0,0,1,0,0,0,0,1,0,0,0.0,0.1773835920177383,0.0,0.0,0.0,0.0,0.0,0.0,0.0,0.0,0.0,0.0,0.0,0.0,0.0,0.0,1.0,1.0,1,0.16094331555107,2,0.0,0.0,1.0,0.0,0.0,0.0,0.0,0.0,0.0,0.0,0.0,0.0,0.0,0.0,0.0,0.0,1.0,0.0,0.0,0.0,0.0,0.0,0.0,0.0,0.0,0.0,0.0,0.0,0.0,0.0,0.0,0.0,0.0,0.0,0.0,0.0,1.0,0.1773835920177383,0,0,0,0,0,0,0,0,0,0,0,0,0,0,0,0,0,0,0,0,0,0,0,0,0,0,0,0,0,0,0,0,0,0,0,0,0.0,0.1480087364971226,0.0,0.0,0.2862956792071769,0.206121841194342,0.2159731551427884,0.0530549542650175,0.0,0.0467028107053012,0.1222015337223332,0.1413555383214007,0.0,0.1065577439322432,0.0,0.0,0.0655001055991442,0.1060950352202899,0.0,0.0513678762084573,0.0,0.0,0.0,0.3295754296612233,0.0,0.0,0.0993988092124651,0.0,0.0,0.1444170406566521,0.0,0.136145153907781,0.7165011694791171,0.2022989832652252,0.0706388127017948,0.0720995988706545,0.0,0.0,0.0,0.0,0.0,0.0759852653536895,0.0,0.0734321208691341,0.0,0.0632649834247831,0.0,0.0,0.0,0.0
2923,4.130333768495007,13500.000000000042,2,1,0,0,0,1,0,0,0,0,1,0,0,365.0,0.2032520325203252,0.0,0.0,0.0,0.0,0.0,0.0,0.0,0.0,0.0,0.0,0.0,0.0,0.0,0.0,1.0,0.0,1,0.16094331555107,10,1.0,1.0,1.0,0.0,0.0,0.0,0.0,0.0,0.0,0.0,0.0,1.0,1.0,1.0,1.0,0.0,0.0,1.0,0.0,0.0,0.0,1.0,0.0,0.0,0.0,0.0,0.0,0.0,0.0,0.0,0.0,0.0,0.0,0.0,0.0,1.0,1.0,0.2032520325203252,0,0,0,0,0,0,0,0,0,0,0,0,0,0,0,0,0,0,0,0,0,0,0,0,0,0,0,0,0,0,0,0,0,0,0,0,0.0,0.085276721741099,0.1630408390345663,0.0,0.1099680894936181,0.0791727808879922,0.0829567366113636,0.0,0.1147788220385436,0.0,0.0469384282495942,0.0542956098100857,0.0291805471420489,0.0204647718635308,0.0246773062456955,0.0,0.1006361184956028,0.0611277213137256,0.0,0.0197307455831388,0.0,0.0,0.0,0.0180845902511139,0.8384504487106794,0.0,0.01908987445655,0.0,0.0,0.0,0.0529841559890764,0.05229426623033,0.1467802144426475,0.1295073258864406,0.0271328414680425,0.0553878784550189,0.0,0.0,0.0,0.0,0.0279684976370752,0.0,0.0,0.0,0.0,0.0243005042141565,0.0,0.0,0.0,0.3920691756080922
2976,2.419129307741976,262.50000000000034,6,1,0,0,1,1,0,1,0,1,1,0,1,0.0,0.0,0.0,0.0,0.0,0.0,0.0,0.0,0.0,0.0,0.0066666666666666,0.0,0.0,0.0,0.0,0.0,0.0,1.0,1,0.0100783944244605,5,1.0,0.0,0.0,0.0,1.0,0.0,0.0,0.0,0.0,0.0,0.0,0.0,0.0,0.0,0.0,0.0,1.0,0.0,0.0,0.0,0.0,1.0,0.0,0.0,0.0,0.0,0.0,0.0,0.0,0.0,0.0,0.0,0.0,0.0,0.0,1.0,0.2,0.0066666666666666,0,0,0,0,0,0,0,0,0,0,0,0,0,0,0,0,0,0,0,0,0,0,0,0,0,0,0,0,0,0,0,0,0,0,0,0,0.0,0.1957668653399942,0.22457238032979,0.0,0.1893374979248714,0.45438564060157,0.190440954502772,0.0467828333787632,0.0,0.0,0.1616324263198196,0.1246445819823436,0.1339775762076855,0.1409408390410967,0.0566508513709268,0.0,0.0577567273214414,0.140328827640632,0.052839459394186,0.1811808022057411,0.0,0.0,0.0,0.0415161778283101,0.3982349245165623,0.0,0.0,0.0676606374501404,0.0,0.0,0.1216339221171975,0.1200501656975971,0.2105989615973988,0.1783833339958324,0.0622879399385462,0.1271520659048251,0.0,0.0,0.0,0.0581189043008042,0.0,0.0670023385662717,0.2792137729232053,0.1942530752986657,0.0,0.0557858397820422,0.0,0.0701258280476343,0.2522467502156081,0.0600039900988519
3163,2.4771212547196626,300.0000000000001,6,1,0,0,1,1,0,1,0,1,1,0,1,0.0,0.0,0.0,0.0,0.0,0.0,0.0,0.0,0.0,0.0,0.0166666666666666,0.0,0.0,0.0,0.0,0.0,0.0,1.0,1,0.0144917051122692,4,0.0,0.0,1.0,0.0,1.0,0.0,0.0,0.0,0.0,0.0,0.0,0.0,0.0,0.0,0.0,0.0,0.0,0.0,0.0,0.0,0.0,1.0,0.0,0.0,0.0,0.0,0.0,0.0,0.0,0.0,0.0,0.0,0.0,0.0,0.0,1.0,0.0625,0.0166666666666666,0,0,0,0,0,0,0,0,0,0,0,0,0,0,0,0,0,0,0,0,0,0,0,0,0,0,0,0,0,0,0,0,0,0,0,0,0.0,0.0,0.0,0.0,0.0,0.3670438656253186,0.0,0.0944756528040419,0.0,0.0,0.1088029368040089,0.0,0.1352805939610983,0.1897487719815546,0.0,0.0,0.0,0.0,0.1067067139705244,0.2744143523549007,0.0,0.0,0.0,0.0,0.4021080142630858,0.0,0.0,0.13663736098424,0.0,0.0,0.1228168899273499,0.0,0.0850588685626702,0.0,0.0,0.0,0.0,0.0,0.0,0.1173682957511214,0.0,0.1353079584598111,0.1879528704844249,0.3922846217853282,0.0,0.0,0.0,0.1416156932947055,0.5094000228967683,0.0
3164,2.2730012720637376,187.49999999999997,6,1,0,0,1,1,0,1,0,1,1,0,1,0.0,0.0,0.0,0.0,0.0,0.0,0.0,0.0,0.0,0.0,0.0166666666666666,0.0,0.0,0.0,0.0,0.0,0.0,1.0,1,0.0144917051122692,4,0.0,0.0,1.0,0.0,1.0,0.0,0.0,0.0,0.0,0.0,0.0,0.0,0.0,0.0,0.0,0.0,0.0,0.0,0.0,0.0,0.0,1.0,0.0,0.0,0.0,0.0,0.0,0.0,0.0,0.0,0.0,0.0,0.0,0.0,0.0,1.0,0.0625,0.0166666666666666,0,0,0,0,0,0,0,0,0,0,0,0,0,0,0,0,0,0,0,0,0,0,0,0,0,0,0,0,0,0,0,0,0,0,0,0,0.0,0.0,0.0,0.0,0.0,0.3670438656253186,0.0,0.0944756528040419,0.0,0.0,0.1088029368040089,0.0,0.1352805939610983,0.1897487719815546,0.0,0.0,0.0,0.0,0.1067067139705244,0.2744143523549007,0.0,0.0,0.0,0.0,0.4021080142630858,0.0,0.0,0.13663736098424,0.0,0.0,0.1228168899273499,0.0,0.0850588685626702,0.0,0.0,0.0,0.0,0.0,0.0,0.1173682957511214,0.0,0.1353079584598111,0.1879528704844249,0.3922846217853282,0.0,0.0,0.0,0.1416156932947055,0.5094000228967683,0.0
3165,2.096910013008056,124.99999999999982,6,1,0,0,1,1,0,1,0,1,1,0,1,0.0,0.0,0.0,0.0,0.0,0.0,0.0,0.0,0.0,0.0,0.0166666666666666,0.0,0.0,0.0,0.0,0.0,0.0,1.0,1,0.0144917051122692,4,0.0,0.0,1.0,0.0,1.0,0.0,0.0,0.0,0.0,0.0,0.0,0.0,0.0,0.0,0.0,0.0,0.0,0.0,0.0,0.0,0.0,1.0,0.0,0.0,0.0,0.0,0.0,0.0,0.0,0.0,0.0,0.0,0.0,0.0,0.0,1.0,0.0625,0.0166666666666666,0,0,0,0,0,0,0,0,0,0,0,0,0,0,0,0,0,0,0,0,0,0,0,0,0,0,0,0,0,0,0,0,0,0,0,0,0.0,0.0,0.0,0.0,0.0,0.3670438656253186,0.0,0.0944756528040419,0.0,0.0,0.1088029368040089,0.0,0.1352805939610983,0.1897487719815546,0.0,0.0,0.0,0.0,0.1067067139705244,0.2744143523549007,0.0,0.0,0.0,0.0,0.4021080142630858,0.0,0.0,0.13663736098424,0.0,0.0,0.1228168899273499,0.0,0.0850588685626702,0.0,0.0,0.0,0.0,0.0,0.0,0.1173682957511214,0.0,0.1353079584598111,0.1879528704844249,0.3922846217853282,0.0,0.0,0.0,0.1416156932947055,0.5094000228967683,0.0
3169,2.4771212547196626,300.0000000000001,5,1,0,0,1,1,0,1,0,0,1,0,1,0.0,0.0,0.0,0.0,0.0,0.0,0.0,0.0,0.0,0.0,0.0166666666666666,0.0,0.0,0.0,0.0,0.0,0.0,1.0,1,0.1766382333307339,5,1.0,0.0,1.0,0.0,1.0,0.0,0.0,0.0,0.0,0.0,0.0,0.0,0.0,0.0,0.0,0.0,0.0,0.0,0.0,0.0,0.0,1.0,0.0,0.0,0.0,0.0,0.0,0.0,0.0,0.0,0.0,0.0,0.0,0.0,0.0,1.0,0.0625,0.0166666666666666,0,0,0,0,0,0,0,0,0,0,0,0,0,0,0,0,0,0,0,0,0,0,0,0,0,0,0,0,0,0,0,0,0,0,0,0,0.0,0.0,0.0,0.0,0.0,0.3670438656253186,0.0,0.0944756528040419,0.0,0.0,0.1088029368040089,0.0,0.1352805939610983,0.1897487719815546,0.0,0.0,0.0,0.0,0.1067067139705244,0.2744143523549007,0.0,0.0,0.0,0.0,0.4021080142630858,0.0,0.0,0.13663736098424,0.0,0.0,0.1228168899273499,0.0,0.0850588685626702,0.0,0.0,0.0,0.0,0.0,0.0,0.1173682957511214,0.0,0.1353079584598111,0.1879528704844249,0.3922846217853282,0.0,0.0,0.0,0.1416156932947055,0.5094000228967683,0.0
3170,2.2730012720637376,187.49999999999997,5,1,0,0,1,1,0,1,0,0,1,0,1,0.0,0.0,0.0,0.0,0.0,0.0,0.0,0.0,0.0,0.0,0.0166666666666666,0.0,0.0,0.0,0.0,0.0,0.0,1.0,1,0.1766382333307339,5,1.0,0.0,1.0,0.0,1.0,0.0,0.0,0.0,0.0,0.0,0.0,0.0,0.0,0.0,0.0,0.0,0.0,0.0,0.0,0.0,0.0,1.0,0.0,0.0,0.0,0.0,0.0,0.0,0.0,0.0,0.0,0.0,0.0,0.0,0.0,1.0,0.0625,0.0166666666666666,0,0,0,0,0,0,0,0,0,0,0,0,0,0,0,0,0,0,0,0,0,0,0,0,0,0,0,0,0,0,0,0,0,0,0,0,0.0,0.0,0.0,0.0,0.0,0.3670438656253186,0.0,0.0944756528040419,0.0,0.0,0.1088029368040089,0.0,0.1352805939610983,0.1897487719815546,0.0,0.0,0.0,0.0,0.1067067139705244,0.2744143523549007,0.0,0.0,0.0,0.0,0.4021080142630858,0.0,0.0,0.13663736098424,0.0,0.0,0.1228168899273499,0.0,0.0850588685626702,0.0,0.0,0.0,0.0,0.0,0.0,0.1173682957511214,0.0,0.1353079584598111,0.1879528704844249,0.3922846217853282,0.0,0.0,0.0,0.1416156932947055,0.5094000228967683,0.0
3171,2.096910013008056,124.99999999999982,5,1,0,0,1,1,0,1,0,0,1,0,1,0.0,0.0,0.0,0.0,0.0,0.0,0.0,0.0,0.0,0.0,0.0166666666666666,0.0,0.0,0.0,0.0,0.0,0.0,1.0,1,0.1766382333307339,5,1.0,0.0,1.0,0.0,1.0,0.0,0.0,0.0,0.0,0.0,0.0,0.0,0.0,0.0,0.0,0.0,0.0,0.0,0.0,0.0,0.0,1.0,0.0,0.0,0.0,0.0,0.0,0.0,0.0,0.0,0.0,0.0,0.0,0.0,0.0,1.0,0.0625,0.0166666666666666,0,0,0,0,0,0,0,0,0,0,0,0,0,0,0,0,0,0,0,0,0,0,0,0,0,0,0,0,0,0,0,0,0,0,0,0,0.0,0.0,0.0,0.0,0.0,0.3670438656253186,0.0,0.0944756528040419,0.0,0.0,0.1088029368040089,0.0,0.1352805939610983,0.1897487719815546,0.0,0.0,0.0,0.0,0.1067067139705244,0.2744143523549007,0.0,0.0,0.0,0.0,0.4021080142630858,0.0,0.0,0.13663736098424,0.0,0.0,0.1228168899273499,0.0,0.0850588685626702,0.0,0.0,0.0,0.0,0.0,0.0,0.1173682957511214,0.0,0.1353079584598111,0.1879528704844249,0.3922846217853282,0.0,0.0,0.0,0.1416156932947055,0.5094000228967683,0.0
3172,3.0791812460476247,1199.9999999999995,6,1,0,0,1,1,0,1,0,1,1,0,1,0.0,0.0,0.0,0.0,0.0,0.0,0.0,0.0,0.0,0.0,0.0333333333333333,0.0,0.0,0.0,0.0,0.0,0.0,1.0,1,0.0250663134823955,4,1.0,0.0,0.0,0.0,1.0,0.0,0.0,0.0,0.0,0.0,0.0,0.0,0.0,0.0,0.0,0.0,0.0,0.0,0.0,0.0,0.0,1.0,0.0,0.0,0.0,0.0,0.0,0.0,0.0,0.0,0.0,0.0,0.0,0.0,0.0,1.0,0.25,0.0333333333333333,0,0,0,0,0,0,0,0,0,0,0,0,0,0,0,0,0,0,0,0,0,0,0,0,0,0,0,0,0,0,0,0,0,0,0,0,0.0,0.0,0.0,0.0,0.0,0.3670438656253186,0.0,0.0944756528040419,0.0,0.0,0.1088029368040089,0.0,0.1352805939610983,0.1897487719815546,0.0,0.0,0.0,0.0,0.1067067139705244,0.2744143523549007,0.0,0.0,0.0,0.0,0.4021080142630858,0.0,0.0,0.13663736098424,0.0,0.0,0.1228168899273499,0.0,0.0850588685626702,0.0,0.0,0.0,0.0,0.0,0.0,0.1173682957511214,0.0,0.1353079584598111,0.1879528704844249,0.3922846217853282,0.0,0.0,0.0,0.1416156932947055,0.5094000228967683,0.0
3173,2.7781512503836434,599.9999999999997,6,1,0,0,1,1,0,1,0,1,1,0,1,0.0,0.0,0.0,0.0,0.0,0.0,0.0,0.0,0.0,0.0,0.0333333333333333,0.0,0.0,0.0,0.0,0.0,0.0,1.0,1,0.0250663134823955,4,1.0,0.0,0.0,0.0,1.0,0.0,0.0,0.0,0.0,0.0,0.0,0.0,0.0,0.0,0.0,0.0,0.0,0.0,0.0,0.0,0.0,1.0,0.0,0.0,0.0,0.0,0.0,0.0,0.0,0.0,0.0,0.0,0.0,0.0,0.0,1.0,0.25,0.0333333333333333,0,0,0,0,0,0,0,0,0,0,0,0,0,0,0,0,0,0,0,0,0,0,0,0,0,0,0,0,0,0,0,0,0,0,0,0,0.0,0.0,0.0,0.0,0.0,0.3670438656253186,0.0,0.0944756528040419,0.0,0.0,0.1088029368040089,0.0,0.1352805939610983,0.1897487719815546,0.0,0.0,0.0,0.0,0.1067067139705244,0.2744143523549007,0.0,0.0,0.0,0.0,0.4021080142630858,0.0,0.0,0.13663736098424,0.0,0.0,0.1228168899273499,0.0,0.0850588685626702,0.0,0.0,0.0,0.0,0.0,0.0,0.1173682957511214,0.0,0.1353079584598111,0.1879528704844249,0.3922846217853282,0.0,0.0,0.0,0.1416156932947055,0.5094000228967683,0.0
3174,2.6020599913279625,400.0000000000001,6,1,0,0,1,1,0,1,0,1,1,0,1,0.0,0.0,0.0,0.0,0.0,0.0,0.0,0.0,0.0,0.0,0.0333333333333333,0.0,0.0,0.0,0.0,0.0,0.0,1.0,1,0.0250663134823955,4,1.0,0.0,0.0,0.0,1.0,0.0,0.0,0.0,0.0,0.0,0.0,0.0,0.0,0.0,0.0,0.0,0.0,0.0,0.0,0.0,0.0,1.0,0.0,0.0,0.0,0.0,0.0,0.0,0.0,0.0,0.0,0.0,0.0,0.0,0.0,1.0,0.25,0.0333333333333333,0,0,0,0,0,0,0,0,0,0,0,0,0,0,0,0,0,0,0,0,0,0,0,0,0,0,0,0,0,0,0,0,0,0,0,0,0.0,0.0,0.0,0.0,0.0,0.3670438656253186,0.0,0.0944756528040419,0.0,0.0,0.1088029368040089,0.0,0.1352805939610983,0.1897487719815546,0.0,0.0,0.0,0.0,0.1067067139705244,0.2744143523549007,0.0,0.0,0.0,0.0,0.4021080142630858,0.0,0.0,0.13663736098424,0.0,0.0,0.1228168899273499,0.0,0.0850588685626702,0.0,0.0,0.0,0.0,0.0,0.0,0.1173682957511214,0.0,0.1353079584598111,0.1879528704844249,0.3922846217853282,0.0,0.0,0.0,0.1416156932947055,0.5094000228967683,0.0
3175,2.6532125137753435,449.99999999999983,6,1,0,0,1,1,0,1,0,1,1,0,1,0.0,0.0,0.0,0.0,0.0,0.0,0.0,0.0,0.0,0.0,0.012,0.0,0.0,0.0,0.0,0.0,0.0,1.0,1,0.0200345438014429,4,1.0,0.0,0.0,0.0,1.0,0.0,0.0,0.0,0.0,0.0,0.0,0.0,0.0,0.0,0.0,0.0,0.0,0.0,0.0,0.0,0.0,1.0,0.0,0.0,0.0,0.0,0.0,0.0,0.0,0.0,0.0,0.0,0.0,0.0,0.0,1.0,0.25,0.012,0,0,0,0,0,0,0,0,0,0,0,0,0,0,0,0,0,0,0,0,0,0,0,0,0,0,0,0,0,0,0,0,0,0,0,0,0.0,0.0,0.0,0.0,0.0,0.3670438656253186,0.0,0.0944756528040419,0.0,0.0,0.1088029368040089,0.0,0.1352805939610983,0.1897487719815546,0.0,0.0,0.0,0.0,0.1067067139705244,0.2744143523549007,0.0,0.0,0.0,0.0,0.4021080142630858,0.0,0.0,0.13663736098424,0.0,0.0,0.1228168899273499,0.0,0.0850588685626702,0.0,0.0,0.0,0.0,0.0,0.0,0.1173682957511214,0.0,0.1353079584598111,0.1879528704844249,0.3922846217853282,0.0,0.0,0.0,0.1416156932947055,0.5094000228967683,0.0
3176,2.3521825181113627,225.0000000000001,6,1,0,0,1,1,0,1,0,1,1,0,1,0.0,0.0,0.0,0.0,0.0,0.0,0.0,0.0,0.0,0.0,0.012,0.0,0.0,0.0,0.0,0.0,0.0,1.0,1,0.0200345438014429,4,1.0,0.0,0.0,0.0,1.0,0.0,0.0,0.0,0.0,0.0,0.0,0.0,0.0,0.0,0.0,0.0,0.0,0.0,0.0,0.0,0.0,1.0,0.0,0.0,0.0,0.0,0.0,0.0,0.0,0.0,0.0,0.0,0.0,0.0,0.0,1.0,0.25,0.012,0,0,0,0,0,0,0,0,0,0,0,0,0,0,0,0,0,0,0,0,0,0,0,0,0,0,0,0,0,0,0,0,0,0,0,0,0.0,0.0,0.0,0.0,0.0,0.3670438656253186,0.0,0.0944756528040419,0.0,0.0,0.1088029368040089,0.0,0.1352805939610983,0.1897487719815546,0.0,0.0,0.0,0.0,0.1067067139705244,0.2744143523549007,0.0,0.0,0.0,0.0,0.4021080142630858,0.0,0.0,0.13663736098424,0.0,0.0,0.1228168899273499,0.0,0.0850588685626702,0.0,0.0,0.0,0.0,0.0,0.0,0.1173682957511214,0.0,0.1353079584598111,0.1879528704844249,0.3922846217853282,0.0,0.0,0.0,0.1416156932947055,0.5094000228967683,0.0
3177,2.1760912590556813,150.00000000000003,6,1,0,0,1,1,0,1,0,1,1,0,1,0.0,0.0,0.0,0.0,0.0,0.0,0.0,0.0,0.0,0.0,0.012,0.0,0.0,0.0,0.0,0.0,0.0,1.0,1,0.0200345438014429,4,1.0,0.0,0.0,0.0,1.0,0.0,0.0,0.0,0.0,0.0,0.0,0.0,0.0,0.0,0.0,0.0,0.0,0.0,0.0,0.0,0.0,1.0,0.0,0.0,0.0,0.0,0.0,0.0,0.0,0.0,0.0,0.0,0.0,0.0,0.0,1.0,0.25,0.012,0,0,0,0,0,0,0,0,0,0,0,0,0,0,0,0,0,0,0,0,0,0,0,0,0,0,0,0,0,0,0,0,0,0,0,0,0.0,0.0,0.0,0.0,0.0,0.3670438656253186,0.0,0.0944756528040419,0.0,0.0,0.1088029368040089,0.0,0.1352805939610983,0.1897487719815546,0.0,0.0,0.0,0.0,0.1067067139705244,0.2744143523549007,0.0,0.0,0.0,0.0,0.4021080142630858,0.0,0.0,0.13663736098424,0.0,0.0,0.1228168899273499,0.0,0.0850588685626702,0.0,0.0,0.0,0.0,0.0,0.0,0.1173682957511214,0.0,0.1353079584598111,0.1879528704844249,0.3922846217853282,0.0,0.0,0.0,0.1416156932947055,0.5094000228967683,0.0
3178,1.6532125137753435,44.99999999999998,6,1,0,0,1,1,0,1,0,1,1,0,1,0.0,0.0,0.0,0.0,0.0,0.0,0.0,0.0,0.0,0.0,0.0010166666666666,0.0,0.0,0.0,0.0,0.0,0.0,1.0,1,0.0032742302198544,4,1.0,0.0,0.0,0.0,1.0,0.0,0.0,0.0,0.0,0.0,0.0,0.0,0.0,0.0,0.0,0.0,0.0,0.0,0.0,0.0,0.0,1.0,0.0,0.0,0.0,0.0,0.0,0.0,0.0,0.0,0.0,0.0,0.0,0.0,0.0,1.0,0.25,0.0010166666666666,0,0,0,0,0,0,0,0,0,0,0,0,0,0,0,0,0,0,0,0,0,0,0,0,0,0,0,0,0,0,0,0,0,0,0,0,0.0,0.0,0.0,0.0,0.0,0.3670438656253186,0.0,0.0944756528040419,0.0,0.0,0.1088029368040089,0.0,0.1352805939610983,0.1897487719815546,0.0,0.0,0.0,0.0,0.1067067139705244,0.2744143523549007,0.0,0.0,0.0,0.0,0.4021080142630858,0.0,0.0,0.13663736098424,0.0,0.0,0.1228168899273499,0.0,0.0850588685626702,0.0,0.0,0.0,0.0,0.0,0.0,0.1173682957511214,0.0,0.1353079584598111,0.1879528704844249,0.3922846217853282,0.0,0.0,0.0,0.1416156932947055,0.5094000228967683,0.0
3179,1.3521825181113625,22.5,6,1,0,0,1,1,0,1,0,1,1,0,1,0.0,0.0,0.0,0.0,0.0,0.0,0.0,0.0,0.0,0.0,0.0010166666666666,0.0,0.0,0.0,0.0,0.0,0.0,1.0,1,0.0032742302198544,4,1.0,0.0,0.0,0.0,1.0,0.0,0.0,0.0,0.0,0.0,0.0,0.0,0.0,0.0,0.0,0.0,0.0,0.0,0.0,0.0,0.0,1.0,0.0,0.0,0.0,0.0,0.0,0.0,0.0,0.0,0.0,0.0,0.0,0.0,0.0,1.0,0.25,0.0010166666666666,0,0,0,0,0,0,0,0,0,0,0,0,0,0,0,0,0,0,0,0,0,0,0,0,0,0,0,0,0,0,0,0,0,0,0,0,0.0,0.0,0.0,0.0,0.0,0.3670438656253186,0.0,0.0944756528040419,0.0,0.0,0.1088029368040089,0.0,0.1352805939610983,0.1897487719815546,0.0,0.0,0.0,0.0,0.1067067139705244,0.2744143523549007,0.0,0.0,0.0,0.0,0.4021080142630858,0.0,0.0,0.13663736098424,0.0,0.0,0.1228168899273499,0.0,0.0850588685626702,0.0,0.0,0.0,0.0,0.0,0.0,0.1173682957511214,0.0,0.1353079584598111,0.1879528704844249,0.3922846217853282,0.0,0.0,0.0,0.1416156932947055,0.5094000228967683,0.0
3180,1.1760912590556811,14.999999999999996,6,1,0,0,1,1,0,1,0,1,1,0,1,0.0,0.0,0.0,0.0,0.0,0.0,0.0,0.0,0.0,0.0,0.0010166666666666,0.0,0.0,0.0,0.0,0.0,0.0,1.0,1,0.0032742302198544,4,1.0,0.0,0.0,0.0,1.0,0.0,0.0,0.0,0.0,0.0,0.0,0.0,0.0,0.0,0.0,0.0,0.0,0.0,0.0,0.0,0.0,1.0,0.0,0.0,0.0,0.0,0.0,0.0,0.0,0.0,0.0,0.0,0.0,0.0,0.0,1.0,0.25,0.0010166666666666,0,0,0,0,0,0,0,0,0,0,0,0,0,0,0,0,0,0,0,0,0,0,0,0,0,0,0,0,0,0,0,0,0,0,0,0,0.0,0.0,0.0,0.0,0.0,0.3670438656253186,0.0,0.0944756528040419,0.0,0.0,0.1088029368040089,0.0,0.1352805939610983,0.1897487719815546,0.0,0.0,0.0,0.0,0.1067067139705244,0.2744143523549007,0.0,0.0,0.0,0.0,0.4021080142630858,0.0,0.0,0.13663736098424,0.0,0.0,0.1228168899273499,0.0,0.0850588685626702,0.0,0.0,0.0,0.0,0.0,0.0,0.1173682957511214,0.0,0.1353079584598111,0.1879528704844249,0.3922846217853282,0.0,0.0,0.0,0.1416156932947055,0.5094000228967683,0.0
3193,3.2218487496163566,1666.6666666666674,2,1,0,0,0,1,0,0,0,0,1,0,0,0.0,0.0,0.0,0.0,0.0,0.0,0.0,0.0,0.0,4.065040650406504e-05,0.0,0.0,0.0,0.0,0.0,0.0,0.0,0.0,1,0.16094331555107,6,0.0,0.0,1.0,0.0,1.0,0.0,0.0,0.0,1.0,1.0,0.0,0.0,0.0,0.0,0.0,0.0,0.0,0.0,0.0,0.0,0.0,1.0,1.0,0.0,0.0,0.0,0.0,0.0,0.0,0.0,0.0,0.0,0.0,0.0,0.0,0.0,0.25,4.065040650406504e-05,0,0,0,0,0,0,0,0,0,0,0,0,0,0,0,0,0,0,0,0,0,0,0,0,0,0,0,0,0,0,0,0,0,0,0,0,0.0,0.0,0.0,0.0,0.0,0.0,0.0,0.0,0.0,0.0,0.0,0.0,0.0,0.0,0.0,0.0,0.0,0.1960447024764023,0.0,0.3796746940032418,0.0,0.0,0.0,0.0,0.0,0.0,0.0,0.0,0.0,0.0,0.0,0.0,0.1765288492565449,0.0,0.0,0.0,0.0,0.0,0.0,0.0,0.0,0.0,0.0,0.0,0.0,0.0,0.886708050456656,0.0,0.0,0.0
3194,2.920818753952376,833.3333333333345,2,1,0,0,0,1,0,0,0,0,1,0,0,0.0,0.0,0.0,0.0,0.0,0.0,0.0,0.0,0.0,4.065040650406504e-05,0.0,0.0,0.0,0.0,0.0,0.0,0.0,0.0,1,0.16094331555107,5,0.0,0.0,1.0,0.0,1.0,0.0,0.0,0.0,1.0,0.0,0.0,0.0,0.0,0.0,0.0,0.0,0.0,0.0,0.0,0.0,0.0,1.0,1.0,0.0,0.0,0.0,0.0,0.0,0.0,0.0,0.0,0.0,0.0,0.0,0.0,0.0,0.25,4.065040650406504e-05,0,0,0,0,0,0,0,0,0,0,0,0,0,0,0,0,0,0,0,0,0,0,0,0,0,0,0,0,0,0,0,0,0,0,0,0,0.0,0.0,0.0,0.0,0.0,0.0,0.0,0.0,0.0,0.0,0.0,0.0,0.0,0.0,0.0,0.0,0.0,0.1960447024764023,0.0,0.3796746940032418,0.0,0.0,0.0,0.0,0.0,0.0,0.0,0.0,0.0,0.0,0.0,0.0,0.1765288492565449,0.0,0.0,0.0,0.0,0.0,0.0,0.0,0.0,0.0,0.0,0.0,0.0,0.0,0.886708050456656,0.0,0.0,0.0
3195,2.619788758288394,416.66666666666674,2,1,0,0,0,1,0,0,0,0,1,0,0,0.0,0.0,0.0,0.0,0.0,0.0,0.0,0.0,0.0,4.065040650406504e-05,0.0,0.0,0.0,0.0,0.0,0.0,0.0,0.0,1,0.16094331555107,4,0.0,0.0,1.0,0.0,1.0,0.0,0.0,0.0,0.0,0.0,0.0,0.0,0.0,0.0,0.0,0.0,0.0,0.0,0.0,0.0,0.0,1.0,1.0,0.0,0.0,0.0,0.0,0.0,0.0,0.0,0.0,0.0,0.0,0.0,0.0,0.0,0.25,4.065040650406504e-05,0,0,0,0,0,0,0,0,0,0,0,0,0,0,0,0,0,0,0,0,0,0,0,0,0,0,0,0,0,0,0,0,0,0,0,0,0.0,0.0,0.0,0.0,0.0,0.0,0.0,0.0,0.0,0.0,0.0,0.0,0.0,0.0,0.0,0.0,0.0,0.1960447024764023,0.0,0.3796746940032418,0.0,0.0,0.0,0.0,0.0,0.0,0.0,0.0,0.0,0.0,0.0,0.0,0.1765288492565449,0.0,0.0,0.0,0.0,0.0,0.0,0.0,0.0,0.0,0.0,0.0,0.0,0.0,0.886708050456656,0.0,0.0,0.0
3196,2.4436974992327127,277.77777777777777,2,1,0,0,0,1,0,0,0,0,1,0,0,0.0,0.0,0.0,0.0,0.0,0.0,0.0,0.0,0.0,4.065040650406504e-05,0.0,0.0,0.0,0.0,0.0,0.0,0.0,0.0,1,0.16094331555107,4,0.0,0.0,1.0,0.0,1.0,0.0,0.0,0.0,0.0,0.0,0.0,0.0,0.0,0.0,0.0,0.0,0.0,0.0,0.0,0.0,0.0,1.0,1.0,0.0,0.0,0.0,0.0,0.0,0.0,0.0,0.0,0.0,0.0,0.0,0.0,0.0,0.25,4.065040650406504e-05,0,0,0,0,0,0,0,0,0,0,0,0,0,0,0,0,0,0,0,0,0,0,0,0,0,0,0,0,0,0,0,0,0,0,0,0,0.0,0.0,0.0,0.0,0.0,0.0,0.0,0.0,0.0,0.0,0.0,0.0,0.0,0.0,0.0,0.0,0.0,0.1960447024764023,0.0,0.3796746940032418,0.0,0.0,0.0,0.0,0.0,0.0,0.0,0.0,0.0,0.0,0.0,0.0,0.1765288492565449,0.0,0.0,0.0,0.0,0.0,0.0,0.0,0.0,0.0,0.0,0.0,0.0,0.0,0.886708050456656,0.0,0.0,0.0
3221,3.0,1000.0,2,1,0,0,0,1,0,0,0,0,1,0,0,730.0,0.0,0.0,0.0,5.555555555555555e-07,0.0,0.0,0.0,0.0,0.0,0.0,0.0,0.0,0.0,0.0,0.0,0.0,0.0,249,1.0000000000000002,13,1.0,0.0,1.0,1.0,1.0,1.0,0.0,0.0,1.0,1.0,1.0,1.0,0.0,0.0,0.0,0.0,0.0,0.0,0.0,0.0,1.0,1.0,0.0,1.0,1.0,0.0,0.0,0.0,0.0,0.0,0.0,0.0,0.0,0.0,0.0,0.0,0.2,5.555555555555555e-07,0,0,0,0,0,0,0,0,0,0,0,0,0,0,0,0,0,0,0,0,0,0,0,0,0,0,0,0,0,0,0,0,0,0,0,0,0.0,0.0,0.0,0.0,0.0,0.0,0.0,0.0,0.0,0.0,0.0,0.0,0.4350452831226262,0.0,0.0,0.0,0.375089511260339,0.3037791660327255,0.0,0.0,0.0,0.0,0.0,0.0,0.4310428416196588,0.0,0.0,0.0,0.0,0.0,0.0,0.0,0.0,0.0,0.0,0.0,0.0,0.0,0.0,0.0,0.416975148334438,0.0,0.0,0.0,0.4670069301623037,0.0,0.0,0.0,0.0,0.0
3222,2.5228787452803374,333.3333333333332,2,1,0,0,0,1,0,0,0,0,1,0,0,730.0,0.0,0.0,0.0,5.555555555555555e-07,0.0,0.0,0.0,0.0,0.0,0.0,0.0,0.0,0.0,0.0,0.0,0.0,0.0,249,1.0000000000000002,12,1.0,0.0,1.0,1.0,1.0,1.0,0.0,0.0,1.0,1.0,1.0,0.0,0.0,0.0,0.0,0.0,0.0,0.0,0.0,0.0,1.0,1.0,0.0,1.0,1.0,0.0,0.0,0.0,0.0,0.0,0.0,0.0,0.0,0.0,0.0,0.0,0.2,5.555555555555555e-07,0,0,0,0,0,0,0,0,0,0,0,0,0,0,0,0,0,0,0,0,0,0,0,0,0,0,0,0,0,0,0,0,0,0,0,0,0.0,0.0,0.0,0.0,0.0,0.0,0.0,0.0,0.0,0.0,0.0,0.0,0.4350452831226262,0.0,0.0,0.0,0.375089511260339,0.3037791660327255,0.0,0.0,0.0,0.0,0.0,0.0,0.4310428416196588,0.0,0.0,0.0,0.0,0.0,0.0,0.0,0.0,0.0,0.0,0.0,0.0,0.0,0.0,0.0,0.416975148334438,0.0,0.0,0.0,0.4670069301623037,0.0,0.0,0.0,0.0,0.0
3223,2.221848749616356,166.66666666666657,2,1,0,0,0,1,0,0,0,0,1,0,0,730.0,0.0,0.0,0.0,5.555555555555555e-07,0.0,0.0,0.0,0.0,0.0,0.0,0.0,0.0,0.0,0.0,0.0,0.0,0.0,249,1.0000000000000002,11,1.0,0.0,1.0,1.0,1.0,1.0,0.0,0.0,1.0,1.0,0.0,0.0,0.0,0.0,0.0,0.0,0.0,0.0,0.0,0.0,1.0,1.0,0.0,1.0,1.0,0.0,0.0,0.0,0.0,0.0,0.0,0.0,0.0,0.0,0.0,0.0,0.2,5.555555555555555e-07,0,0,0,0,0,0,0,0,0,0,0,0,0,0,0,0,0,0,0,0,0,0,0,0,0,0,0,0,0,0,0,0,0,0,0,0,0.0,0.0,0.0,0.0,0.0,0.0,0.0,0.0,0.0,0.0,0.0,0.0,0.4350452831226262,0.0,0.0,0.0,0.375089511260339,0.3037791660327255,0.0,0.0,0.0,0.0,0.0,0.0,0.4310428416196588,0.0,0.0,0.0,0.0,0.0,0.0,0.0,0.0,0.0,0.0,0.0,0.0,0.0,0.0,0.0,0.416975148334438,0.0,0.0,0.0,0.4670069301623037,0.0,0.0,0.0,0.0,0.0
3224,1.9208187539523751,83.33333333333333,2,1,0,0,0,1,0,0,0,0,1,0,0,730.0,0.0,0.0,0.0,5.555555555555555e-07,0.0,0.0,0.0,0.0,0.0,0.0,0.0,0.0,0.0,0.0,0.0,0.0,0.0,249,1.0000000000000002,10,1.0,0.0,1.0,1.0,1.0,1.0,0.0,0.0,1.0,0.0,0.0,0.0,0.0,0.0,0.0,0.0,0.0,0.0,0.0,0.0,1.0,1.0,0.0,1.0,1.0,0.0,0.0,0.0,0.0,0.0,0.0,0.0,0.0,0.0,0.0,0.0,0.2,5.555555555555555e-07,0,0,0,0,0,0,0,0,0,0,0,0,0,0,0,0,0,0,0,0,0,0,0,0,0,0,0,0,0,0,0,0,0,0,0,0,0.0,0.0,0.0,0.0,0.0,0.0,0.0,0.0,0.0,0.0,0.0,0.0,0.4350452831226262,0.0,0.0,0.0,0.375089511260339,0.3037791660327255,0.0,0.0,0.0,0.0,0.0,0.0,0.4310428416196588,0.0,0.0,0.0,0.0,0.0,0.0,0.0,0.0,0.0,0.0,0.0,0.0,0.0,0.0,0.0,0.416975148334438,0.0,0.0,0.0,0.4670069301623037,0.0,0.0,0.0,0.0,0.0
3319,2.829303772831025,674.9999999999999,7,1,0,1,1,1,0,1,1,1,0,0,1,365.0,0.0,0.0,0.0,0.0,0.0,0.0,0.0002586206896551,0.0,0.0,0.0,0.0,0.0,0.0,0.0,0.0,0.0,0.0,1,0.0717882338393952,5,1.0,1.0,0.0,0.0,0.0,0.0,0.0,0.0,1.0,0.0,0.0,0.0,0.0,0.0,0.0,0.0,0.0,0.0,0.0,0.0,0.0,0.0,0.0,0.0,1.0,0.0,1.0,0.0,0.0,0.0,0.0,0.0,0.0,0.0,0.0,0.0,0.25,0.0002586206896551,0,0,0,0,0,0,0,0,0,0,0,0,0,0,0,0,0,0,0,0,0,0,0,0,0,0,0,0,0,0,0,0,0,0,0,0,0.0,0.0,0.0,0.0,0.0,0.0,0.0,0.0,0.4306831634621874,0.0,0.0,0.0,0.0,0.0,0.0,0.0,0.0,0.3058250633470768,0.0,0.0,0.0,0.0,0.0,0.0,0.0,0.0,0.0,0.4423678102823693,0.0,0.4162904561510669,0.0,0.0,0.0,0.0,0.0,0.4156625113726316,0.0,0.0,0.0,0.0,0.0,0.0,0.0,0.4233446545332471,0.0,0.0,0.0,0.0,0.0,0.0
3320,2.528273777167044,337.5000000000002,7,1,0,1,1,1,0,1,1,1,0,0,1,365.0,0.0,0.0,0.0,0.0,0.0,0.0,0.0002586206896551,0.0,0.0,0.0,0.0,0.0,0.0,0.0,0.0,0.0,0.0,1,0.0717882338393952,4,1.0,1.0,0.0,0.0,0.0,0.0,0.0,0.0,0.0,0.0,0.0,0.0,0.0,0.0,0.0,0.0,0.0,0.0,0.0,0.0,0.0,0.0,0.0,0.0,1.0,0.0,1.0,0.0,0.0,0.0,0.0,0.0,0.0,0.0,0.0,0.0,0.25,0.0002586206896551,0,0,0,0,0,0,0,0,0,0,0,0,0,0,0,0,0,0,0,0,0,0,0,0,0,0,0,0,0,0,0,0,0,0,0,0,0.0,0.0,0.0,0.0,0.0,0.0,0.0,0.0,0.4306831634621874,0.0,0.0,0.0,0.0,0.0,0.0,0.0,0.0,0.3058250633470768,0.0,0.0,0.0,0.0,0.0,0.0,0.0,0.0,0.0,0.4423678102823693,0.0,0.4162904561510669,0.0,0.0,0.0,0.0,0.0,0.4156625113726316,0.0,0.0,0.0,0.0,0.0,0.0,0.0,0.4233446545332471,0.0,0.0,0.0,0.0,0.0,0.0
3321,2.3521825181113627,225.0000000000001,7,1,0,1,1,1,0,1,1,1,0,0,1,365.0,0.0,0.0,0.0,0.0,0.0,0.0,0.0002586206896551,0.0,0.0,0.0,0.0,0.0,0.0,0.0,0.0,0.0,0.0,1,0.0717882338393952,4,1.0,1.0,0.0,0.0,0.0,0.0,0.0,0.0,0.0,0.0,0.0,0.0,0.0,0.0,0.0,0.0,0.0,0.0,0.0,0.0,0.0,0.0,0.0,0.0,1.0,0.0,1.0,0.0,0.0,0.0,0.0,0.0,0.0,0.0,0.0,0.0,0.25,0.0002586206896551,0,0,0,0,0,0,0,0,0,0,0,0,0,0,0,0,0,0,0,0,0,0,0,0,0,0,0,0,0,0,0,0,0,0,0,0,0.0,0.0,0.0,0.0,0.0,0.0,0.0,0.0,0.4306831634621874,0.0,0.0,0.0,0.0,0.0,0.0,0.0,0.0,0.3058250633470768,0.0,0.0,0.0,0.0,0.0,0.0,0.0,0.0,0.0,0.4423678102823693,0.0,0.4162904561510669,0.0,0.0,0.0,0.0,0.0,0.4156625113726316,0.0,0.0,0.0,0.0,0.0,0.0,0.0,0.4233446545332471,0.0,0.0,0.0,0.0,0.0,0.0
3322,2.130333768495006,135.0,7,1,0,1,1,1,0,1,1,1,0,0,1,365.0,0.0,0.0,0.0,0.0,0.0,0.0,0.0002586206896551,0.0,0.0,0.0,0.0,0.0,0.0,0.0,0.0,0.0,0.0,1,0.0717882338393952,4,1.0,1.0,0.0,0.0,0.0,0.0,0.0,0.0,0.0,0.0,0.0,0.0,0.0,0.0,0.0,0.0,0.0,0.0,0.0,0.0,0.0,0.0,0.0,0.0,1.0,0.0,1.0,0.0,0.0,0.0,0.0,0.0,0.0,0.0,0.0,0.0,0.25,0.0002586206896551,0,0,0,0,0,0,0,0,0,0,0,0,0,0,0,0,0,0,0,0,0,0,0,0,0,0,0,0,0,0,0,0,0,0,0,0,0.0,0.0,0.0,0.0,0.0,0.0,0.0,0.0,0.4306831634621874,0.0,0.0,0.0,0.0,0.0,0.0,0.0,0.0,0.3058250633470768,0.0,0.0,0.0,0.0,0.0,0.0,0.0,0.0,0.0,0.4423678102823693,0.0,0.4162904561510669,0.0,0.0,0.0,0.0,0.0,0.4156625113726316,0.0,0.0,0.0,0.0,0.0,0.0,0.0,0.4233446545332471,0.0,0.0,0.0,0.0,0.0,0.0
3353,2.4771212547196626,300.0000000000001,6,1,0,0,1,1,0,1,0,1,1,0,1,0.0,0.0,0.0,0.0,0.0,0.0,0.0,0.0,0.0,0.0,0.0066666666666666,0.0,0.0,0.0,0.0,0.0,0.0,1.0,1,0.0100783944244605,5,1.0,0.0,0.0,0.0,1.0,0.0,0.0,0.0,1.0,0.0,0.0,0.0,0.0,0.0,0.0,0.0,0.0,0.0,0.0,0.0,0.0,1.0,0.0,0.0,0.0,0.0,0.0,0.0,0.0,0.0,0.0,0.0,0.0,0.0,0.0,1.0,0.2,0.0066666666666666,0,0,0,0,0,0,0,0,0,0,0,0,0,0,0,0,0,0,0,0,0,0,0,0,0,0,0,0,0,0,0,0,0,0,0,0,0.0,0.0,0.0,0.0,0.0,0.3670438656253186,0.0,0.0944756528040419,0.0,0.0,0.1088029368040089,0.0,0.1352805939610983,0.1897487719815546,0.0,0.0,0.0,0.0,0.1067067139705244,0.2744143523549007,0.0,0.0,0.0,0.0,0.4021080142630858,0.0,0.0,0.13663736098424,0.0,0.0,0.1228168899273499,0.0,0.0850588685626702,0.0,0.0,0.0,0.0,0.0,0.0,0.1173682957511214,0.0,0.1353079584598111,0.1879528704844249,0.3922846217853282,0.0,0.0,0.0,0.1416156932947055,0.5094000228967683,0.0
3354,2.1760912590556813,150.00000000000003,6,1,0,0,1,1,0,1,0,1,1,0,1,0.0,0.0,0.0,0.0,0.0,0.0,0.0,0.0,0.0,0.0,0.0066666666666666,0.0,0.0,0.0,0.0,0.0,0.0,1.0,1,0.0100783944244605,4,1.0,0.0,0.0,0.0,1.0,0.0,0.0,0.0,0.0,0.0,0.0,0.0,0.0,0.0,0.0,0.0,0.0,0.0,0.0,0.0,0.0,1.0,0.0,0.0,0.0,0.0,0.0,0.0,0.0,0.0,0.0,0.0,0.0,0.0,0.0,1.0,0.2,0.0066666666666666,0,0,0,0,0,0,0,0,0,0,0,0,0,0,0,0,0,0,0,0,0,0,0,0,0,0,0,0,0,0,0,0,0,0,0,0,0.0,0.0,0.0,0.0,0.0,0.3670438656253186,0.0,0.0944756528040419,0.0,0.0,0.1088029368040089,0.0,0.1352805939610983,0.1897487719815546,0.0,0.0,0.0,0.0,0.1067067139705244,0.2744143523549007,0.0,0.0,0.0,0.0,0.4021080142630858,0.0,0.0,0.13663736098424,0.0,0.0,0.1228168899273499,0.0,0.0850588685626702,0.0,0.0,0.0,0.0,0.0,0.0,0.1173682957511214,0.0,0.1353079584598111,0.1879528704844249,0.3922846217853282,0.0,0.0,0.0,0.1416156932947055,0.5094000228967683,0.0
3355,2.0,100.0,6,1,0,0,1,1,0,1,0,1,1,0,1,0.0,0.0,0.0,0.0,0.0,0.0,0.0,0.0,0.0,0.0,0.0066666666666666,0.0,0.0,0.0,0.0,0.0,0.0,1.0,1,0.0100783944244605,4,1.0,0.0,0.0,0.0,1.0,0.0,0.0,0.0,0.0,0.0,0.0,0.0,0.0,0.0,0.0,0.0,0.0,0.0,0.0,0.0,0.0,1.0,0.0,0.0,0.0,0.0,0.0,0.0,0.0,0.0,0.0,0.0,0.0,0.0,0.0,1.0,0.2,0.0066666666666666,0,0,0,0,0,0,0,0,0,0,0,0,0,0,0,0,0,0,0,0,0,0,0,0,0,0,0,0,0,0,0,0,0,0,0,0,0.0,0.0,0.0,0.0,0.0,0.3670438656253186,0.0,0.0944756528040419,0.0,0.0,0.1088029368040089,0.0,0.1352805939610983,0.1897487719815546,0.0,0.0,0.0,0.0,0.1067067139705244,0.2744143523549007,0.0,0.0,0.0,0.0,0.4021080142630858,0.0,0.0,0.13663736098424,0.0,0.0,0.1228168899273499,0.0,0.0850588685626702,0.0,0.0,0.0,0.0,0.0,0.0,0.1173682957511214,0.0,0.1353079584598111,0.1879528704844249,0.3922846217853282,0.0,0.0,0.0,0.1416156932947055,0.5094000228967683,0.0
3356,1.7781512503836436,60.0,6,1,0,0,1,1,0,1,0,1,1,0,1,0.0,0.0,0.0,0.0,0.0,0.0,0.0,0.0,0.0,0.0,0.0066666666666666,0.0,0.0,0.0,0.0,0.0,0.0,1.0,1,0.0100783944244605,4,1.0,0.0,0.0,0.0,1.0,0.0,0.0,0.0,0.0,0.0,0.0,0.0,0.0,0.0,0.0,0.0,0.0,0.0,0.0,0.0,0.0,1.0,0.0,0.0,0.0,0.0,0.0,0.0,0.0,0.0,0.0,0.0,0.0,0.0,0.0,1.0,0.2,0.0066666666666666,0,0,0,0,0,0,0,0,0,0,0,0,0,0,0,0,0,0,0,0,0,0,0,0,0,0,0,0,0,0,0,0,0,0,0,0,0.0,0.0,0.0,0.0,0.0,0.3670438656253186,0.0,0.0944756528040419,0.0,0.0,0.1088029368040089,0.0,0.1352805939610983,0.1897487719815546,0.0,0.0,0.0,0.0,0.1067067139705244,0.2744143523549007,0.0,0.0,0.0,0.0,0.4021080142630858,0.0,0.0,0.13663736098424,0.0,0.0,0.1228168899273499,0.0,0.0850588685626702,0.0,0.0,0.0,0.0,0.0,0.0,0.1173682957511214,0.0,0.1353079584598111,0.1879528704844249,0.3922846217853282,0.0,0.0,0.0,0.1416156932947055,0.5094000228967683,0.0
3379,1.3010299956639813,20.000000000000004,3,1,0,0,1,1,0,0,0,0,1,0,0,360.0,0.0,0.0,0.0,2.777777777777778e-05,0.0,0.0,0.0,0.0,0.0,0.0,0.0,0.0,0.0,0.0,0.0,0.0,1.0,1,0.0248934068468906,3,0.0,1.0,0.0,0.0,0.0,0.0,0.0,0.0,0.0,0.0,0.0,0.0,0.0,0.0,0.0,0.0,0.0,0.0,0.0,0.0,0.0,1.0,1.0,0.0,0.0,0.0,0.0,0.0,0.0,0.0,0.0,0.0,0.0,0.0,0.0,0.0,1.0,2.777777777777778e-05,0,0,0,0,0,0,0,0,0,0,0,0,0,0,0,0,0,0,0,0,0,0,0,0,0,0,0,0,0,0,0,0,0,0,0,0,0.0,0.0,0.0,0.0,0.0,0.1732500003813903,0.0,0.0,0.2511649930559549,0.0,0.0,0.0,0.0,0.0,0.0,0.0,0.0,0.0,0.0,0.0,0.0,0.0,0.0,0.0,0.0,0.0,0.0,0.0,0.0,0.0,0.4637707526429628,0.0,0.0,0.0,0.0,0.0,0.0,0.0,0.572213869913419,0.0,0.0,0.0,0.0,0.0,0.2741824342621386,0.0,0.5377848570244674,0.0,0.0,0.0
3439,1.6232492903979006,42.00000000000001,2,1,0,0,0,1,0,0,0,0,1,0,0,0.0,7.390983000739099e-10,0.0,0.0,0.0,0.0,0.0,0.0,0.0,0.0,0.0,0.0,0.0,0.0,0.0,0.0,1.0,0.0,1,0.16094331555107,3,0.0,0.0,0.0,0.0,0.0,0.0,1.0,0.0,0.0,0.0,0.0,0.0,0.0,0.0,0.0,0.0,0.0,0.0,0.0,0.0,1.0,1.0,0.0,0.0,0.0,0.0,0.0,0.0,0.0,0.0,0.0,0.0,0.0,0.0,0.0,0.0,0.1111111111111111,7.390983000739099e-10,0,0,0,0,0,0,0,0,0,0,0,0,0,0,0,0,0,0,0,0,0,0,0,0,0,0,0,0,0,0,0,0,0,0,0,0,0.0,0.0,0.0,0.0,0.0,0.0872158089533461,0.0,0.1795920598571989,0.5057560289042209,0.0,0.0,0.0,0.0,0.0,0.0,0.0,0.0,0.0,0.0,0.0,0.0,0.0,0.0,0.0,0.0,0.0,0.0841167292532649,0.7792161594323956,0.0,0.0,0.2334669048866735,0.0,0.0,0.0,0.0,0.0,0.0,0.0,0.0,0.0,0.0,0.1286058061184952,0.0,0.0,0.1380262207926592,0.0,0.0,0.0,0.0,0.0
3440,2.322219294733919,209.99999999999991,2,1,0,0,0,1,0,0,0,0,1,0,0,0.0,3.6954915003695484e-09,0.0,0.0,0.0,0.0,0.0,0.0,0.0,0.0,0.0,0.0,0.0,0.0,0.0,0.0,1.0,0.0,1,0.16094331555107,3,0.0,0.0,0.0,0.0,0.0,0.0,1.0,0.0,0.0,0.0,0.0,0.0,0.0,0.0,0.0,0.0,0.0,0.0,0.0,0.0,1.0,1.0,0.0,0.0,0.0,0.0,0.0,0.0,0.0,0.0,0.0,0.0,0.0,0.0,0.0,0.0,0.1111111111111111,3.6954915003695484e-09,0,0,0,0,0,0,0,0,0,0,0,0,0,0,0,0,0,0,0,0,0,0,0,0,0,0,0,0,0,0,0,0,0,0,0,0,0.0,0.0,0.0,0.0,0.0,0.0872158089533461,0.0,0.1795920598571989,0.5057560289042209,0.0,0.0,0.0,0.0,0.0,0.0,0.0,0.0,0.0,0.0,0.0,0.0,0.0,0.0,0.0,0.0,0.0,0.0841167292532649,0.7792161594323956,0.0,0.0,0.2334669048866735,0.0,0.0,0.0,0.0,0.0,0.0,0.0,0.0,0.0,0.0,0.1286058061184952,0.0,0.0,0.1380262207926592,0.0,0.0,0.0,0.0,0.0
3441,2.6232492903979003,419.9999999999999,2,1,0,0,0,1,0,0,0,0,1,0,0,0.0,7.390983000739097e-09,0.0,0.0,0.0,0.0,0.0,0.0,0.0,0.0,0.0,0.0,0.0,0.0,0.0,0.0,1.0,0.0,1,0.16094331555107,3,0.0,0.0,0.0,0.0,0.0,0.0,1.0,0.0,0.0,0.0,0.0,0.0,0.0,0.0,0.0,0.0,0.0,0.0,0.0,0.0,1.0,1.0,0.0,0.0,0.0,0.0,0.0,0.0,0.0,0.0,0.0,0.0,0.0,0.0,0.0,0.0,0.1111111111111111,7.390983000739097e-09,0,0,0,0,0,0,0,0,0,0,0,0,0,0,0,0,0,0,0,0,0,0,0,0,0,0,0,0,0,0,0,0,0,0,0,0,0.0,0.0,0.0,0.0,0.0,0.0872158089533461,0.0,0.1795920598571989,0.5057560289042209,0.0,0.0,0.0,0.0,0.0,0.0,0.0,0.0,0.0,0.0,0.0,0.0,0.0,0.0,0.0,0.0,0.0,0.0841167292532649,0.7792161594323956,0.0,0.0,0.2334669048866735,0.0,0.0,0.0,0.0,0.0,0.0,0.0,0.0,0.0,0.0,0.1286058061184952,0.0,0.0,0.1380262207926592,0.0,0.0,0.0,0.0,0.0
3442,2.9242792860618816,839.9999999999999,2,1,0,0,0,1,0,0,0,0,1,0,0,0.0,1.4781966001478197e-08,0.0,0.0,0.0,0.0,0.0,0.0,0.0,0.0,0.0,0.0,0.0,0.0,0.0,0.0,1.0,0.0,1,0.16094331555107,3,0.0,0.0,0.0,0.0,0.0,0.0,1.0,0.0,0.0,0.0,0.0,0.0,0.0,0.0,0.0,0.0,0.0,0.0,0.0,0.0,1.0,1.0,0.0,0.0,0.0,0.0,0.0,0.0,0.0,0.0,0.0,0.0,0.0,0.0,0.0,0.0,0.1111111111111111,1.4781966001478197e-08,0,0,0,0,0,0,0,0,0,0,0,0,0,0,0,0,0,0,0,0,0,0,0,0,0,0,0,0,0,0,0,0,0,0,0,0,0.0,0.0,0.0,0.0,0.0,0.0872158089533461,0.0,0.1795920598571989,0.5057560289042209,0.0,0.0,0.0,0.0,0.0,0.0,0.0,0.0,0.0,0.0,0.0,0.0,0.0,0.0,0.0,0.0,0.0,0.0841167292532649,0.7792161594323956,0.0,0.0,0.2334669048866735,0.0,0.0,0.0,0.0,0.0,0.0,0.0,0.0,0.0,0.0,0.1286058061184952,0.0,0.0,0.1380262207926592,0.0,0.0,0.0,0.0,0.0
3443,3.322219294733919,2099.999999999999,2,1,0,0,0,1,0,0,0,0,1,0,0,0.0,3.695491500369549e-08,0.0,0.0,0.0,0.0,0.0,0.0,0.0,0.0,0.0,0.0,0.0,0.0,0.0,0.0,1.0,0.0,1,0.16094331555107,3,0.0,0.0,0.0,0.0,0.0,0.0,1.0,0.0,0.0,0.0,0.0,0.0,0.0,0.0,0.0,0.0,0.0,0.0,0.0,0.0,1.0,1.0,0.0,0.0,0.0,0.0,0.0,0.0,0.0,0.0,0.0,0.0,0.0,0.0,0.0,0.0,0.1111111111111111,3.695491500369549e-08,0,0,0,0,0,0,0,0,0,0,0,0,0,0,0,0,0,0,0,0,0,0,0,0,0,0,0,0,0,0,0,0,0,0,0,0,0.0,0.0,0.0,0.0,0.0,0.0872158089533461,0.0,0.1795920598571989,0.5057560289042209,0.0,0.0,0.0,0.0,0.0,0.0,0.0,0.0,0.0,0.0,0.0,0.0,0.0,0.0,0.0,0.0,0.0,0.0841167292532649,0.7792161594323956,0.0,0.0,0.2334669048866735,0.0,0.0,0.0,0.0,0.0,0.0,0.0,0.0,0.0,0.0,0.1286058061184952,0.0,0.0,0.1380262207926592,0.0,0.0,0.0,0.0,0.0
3444,3.6232492903979,4199.9999999999945,2,1,0,0,0,1,0,0,0,0,1,0,0,0.0,7.390983000739098e-08,0.0,0.0,0.0,0.0,0.0,0.0,0.0,0.0,0.0,0.0,0.0,0.0,0.0,0.0,1.0,0.0,1,0.16094331555107,3,0.0,0.0,0.0,0.0,0.0,0.0,1.0,0.0,0.0,0.0,0.0,0.0,0.0,0.0,0.0,0.0,0.0,0.0,0.0,0.0,1.0,1.0,0.0,0.0,0.0,0.0,0.0,0.0,0.0,0.0,0.0,0.0,0.0,0.0,0.0,0.0,0.1111111111111111,7.390983000739098e-08,0,0,0,0,0,0,0,0,0,0,0,0,0,0,0,0,0,0,0,0,0,0,0,0,0,0,0,0,0,0,0,0,0,0,0,0,0.0,0.0,0.0,0.0,0.0,0.0872158089533461,0.0,0.1795920598571989,0.5057560289042209,0.0,0.0,0.0,0.0,0.0,0.0,0.0,0.0,0.0,0.0,0.0,0.0,0.0,0.0,0.0,0.0,0.0,0.0841167292532649,0.7792161594323956,0.0,0.0,0.2334669048866735,0.0,0.0,0.0,0.0,0.0,0.0,0.0,0.0,0.0,0.0,0.1286058061184952,0.0,0.0,0.1380262207926592,0.0,0.0,0.0,0.0,0.0
3445,3.9242792860618816,8399.999999999998,2,1,0,0,0,1,0,0,0,0,1,0,0,0.0,1.4781966001478196e-07,0.0,0.0,0.0,0.0,0.0,0.0,0.0,0.0,0.0,0.0,0.0,0.0,0.0,0.0,1.0,0.0,1,0.16094331555107,3,0.0,0.0,0.0,0.0,0.0,0.0,1.0,0.0,0.0,0.0,0.0,0.0,0.0,0.0,0.0,0.0,0.0,0.0,0.0,0.0,1.0,1.0,0.0,0.0,0.0,0.0,0.0,0.0,0.0,0.0,0.0,0.0,0.0,0.0,0.0,0.0,0.1111111111111111,1.4781966001478196e-07,0,0,0,0,0,0,0,0,0,0,0,0,0,0,0,0,0,0,0,0,0,0,0,0,0,0,0,0,0,0,0,0,0,0,0,0,0.0,0.0,0.0,0.0,0.0,0.0872158089533461,0.0,0.1795920598571989,0.5057560289042209,0.0,0.0,0.0,0.0,0.0,0.0,0.0,0.0,0.0,0.0,0.0,0.0,0.0,0.0,0.0,0.0,0.0,0.0841167292532649,0.7792161594323956,0.0,0.0,0.2334669048866735,0.0,0.0,0.0,0.0,0.0,0.0,0.0,0.0,0.0,0.0,0.1286058061184952,0.0,0.0,0.1380262207926592,0.0,0.0,0.0,0.0,0.0
3446,4.32221929473392,21000.000000000055,2,1,0,0,0,1,0,0,0,0,1,0,0,0.0,3.695491500369549e-07,0.0,0.0,0.0,0.0,0.0,0.0,0.0,0.0,0.0,0.0,0.0,0.0,0.0,0.0,1.0,0.0,1,0.16094331555107,3,0.0,0.0,0.0,0.0,0.0,0.0,1.0,0.0,0.0,0.0,0.0,0.0,0.0,0.0,0.0,0.0,0.0,0.0,0.0,0.0,1.0,1.0,0.0,0.0,0.0,0.0,0.0,0.0,0.0,0.0,0.0,0.0,0.0,0.0,0.0,0.0,0.1111111111111111,3.695491500369549e-07,0,0,0,0,0,0,0,0,0,0,0,0,0,0,0,0,0,0,0,0,0,0,0,0,0,0,0,0,0,0,0,0,0,0,0,0,0.0,0.0,0.0,0.0,0.0,0.0872158089533461,0.0,0.1795920598571989,0.5057560289042209,0.0,0.0,0.0,0.0,0.0,0.0,0.0,0.0,0.0,0.0,0.0,0.0,0.0,0.0,0.0,0.0,0.0,0.0841167292532649,0.7792161594323956,0.0,0.0,0.2334669048866735,0.0,0.0,0.0,0.0,0.0,0.0,0.0,0.0,0.0,0.0,0.1286058061184952,0.0,0.0,0.1380262207926592,0.0,0.0,0.0,0.0,0.0
3447,4.623249290397901,42000.00000000003,2,1,0,0,0,1,0,0,0,0,1,0,0,0.0,7.390983000739098e-07,0.0,0.0,0.0,0.0,0.0,0.0,0.0,0.0,0.0,0.0,0.0,0.0,0.0,0.0,1.0,0.0,1,0.16094331555107,3,0.0,0.0,0.0,0.0,0.0,0.0,1.0,0.0,0.0,0.0,0.0,0.0,0.0,0.0,0.0,0.0,0.0,0.0,0.0,0.0,1.0,1.0,0.0,0.0,0.0,0.0,0.0,0.0,0.0,0.0,0.0,0.0,0.0,0.0,0.0,0.0,0.1111111111111111,7.390983000739098e-07,0,0,0,0,0,0,0,0,0,0,0,0,0,0,0,0,0,0,0,0,0,0,0,0,0,0,0,0,0,0,0,0,0,0,0,0,0.0,0.0,0.0,0.0,0.0,0.0872158089533461,0.0,0.1795920598571989,0.5057560289042209,0.0,0.0,0.0,0.0,0.0,0.0,0.0,0.0,0.0,0.0,0.0,0.0,0.0,0.0,0.0,0.0,0.0,0.0841167292532649,0.7792161594323956,0.0,0.0,0.2334669048866735,0.0,0.0,0.0,0.0,0.0,0.0,0.0,0.0,0.0,0.0,0.1286058061184952,0.0,0.0,0.1380262207926592,0.0,0.0,0.0,0.0,0.0
3530,2.8750612633917,750.0000000000001,4,1,0,0,1,1,0,0,0,0,1,0,1,30.0,1.1086474501108647e-05,0.0,0.0,0.0,0.0,0.0,0.0,0.0,0.0,0.0,0.0,0.0,0.0,0.0,0.0,1.0,0.0,2,0.1435764676787905,3,0.0,1.0,0.0,0.0,0.0,0.0,0.0,0.0,0.0,0.0,0.0,0.0,0.0,1.0,0.0,0.0,0.0,0.0,0.0,0.0,0.0,1.0,0.0,0.0,0.0,0.0,0.0,0.0,0.0,0.0,0.0,0.0,0.0,0.0,0.0,0.0,0.5,1.1086474501108647e-05,0,0,0,0,0,0,0,0,0,0,0,0,0,0,0,0,0,0,0,0,0,0,0,0,0,0,0,0,0,0,0,0,0,0,0,0,0.0,0.0,0.0,0.0,0.0,0.0998511849178459,0.0,0.0,0.0,0.0,0.0,0.0,0.0,0.0,0.0,0.0,0.0,0.0,0.0,0.0,0.0,0.945311801906336,0.0,0.0,0.0,0.0,0.0,0.0,0.0,0.0,0.2672903842984073,0.0,0.0,0.0,0.0,0.0,0.0,0.0,0.0,0.0,0.0,0.0,0.0,0.0,0.1580227468078821,0.0,0.0,0.0,0.0,0.0
3531,2.0,100.0,4,1,0,0,1,1,0,0,0,0,1,0,1,30.0,1.1086474501108647e-05,0.0,0.0,0.0,0.0,0.0,0.0,0.0,0.0,0.0,0.0,0.0,0.0,0.0,0.0,1.0,0.0,2,0.1435764676787905,3,0.0,1.0,0.0,0.0,0.0,0.0,0.0,0.0,0.0,0.0,0.0,1.0,0.0,0.0,0.0,0.0,0.0,0.0,0.0,0.0,0.0,1.0,0.0,0.0,0.0,0.0,0.0,0.0,0.0,0.0,0.0,0.0,0.0,0.0,0.0,0.0,0.5,1.1086474501108647e-05,0,0,0,0,0,0,0,0,0,0,0,0,0,0,0,0,0,0,0,0,0,0,0,0,0,0,0,0,0,0,0,0,0,0,0,0,0.0,0.0,0.0,0.0,0.0,0.0998511849178459,0.0,0.0,0.0,0.0,0.0,0.0,0.0,0.0,0.0,0.0,0.0,0.0,0.0,0.0,0.0,0.945311801906336,0.0,0.0,0.0,0.0,0.0,0.0,0.0,0.0,0.2672903842984073,0.0,0.0,0.0,0.0,0.0,0.0,0.0,0.0,0.0,0.0,0.0,0.0,0.0,0.1580227468078821,0.0,0.0,0.0,0.0,0.0
3535,3.3010299956639813,2000.0000000000002,3,1,0,0,0,1,0,1,0,0,1,0,0,0.0,0.0062823355506282,0.0,0.0,0.0,0.0,0.0,0.0,0.0,0.0,0.0,0.0,0.0,0.0,0.0,0.0,0.0,0.0,1,0.16094331555107,2,0.0,1.0,0.0,0.0,0.0,0.0,0.0,0.0,0.0,0.0,0.0,0.0,0.0,0.0,0.0,0.0,0.0,0.0,0.0,0.0,0.0,1.0,0.0,0.0,0.0,0.0,0.0,0.0,0.0,0.0,0.0,0.0,0.0,0.0,0.0,0.0,0.25,0.0062823355506282,0,0,0,0,0,0,0,0,0,0,0,0,0,0,0,0,0,0,0,0,0,0,0,0,0,0,0,0,0,0,0,0,0,0,0,0,0.0,0.0,0.0,0.0,0.0,0.099098572488518,0.0,0.0,0.0,0.0,0.0,0.0,0.0,0.1024609546479465,0.0,0.0,0.0,0.0,0.0,0.1975718118770526,0.0,0.0,0.0,0.0,0.5790164272858069,0.0,0.0955772570527983,0.0,0.0,0.0,0.2652757255276745,0.0,0.0,0.0,0.0,0.0,0.0,0.0,0.3273049208757255,0.1267535752930347,0.0,0.2922555429577089,0.0,0.2824356045247772,0.1568316754804663,0.0,0.46141741575538,0.0,0.0,0.0
3536,2.8239087409443187,666.6666666666665,3,1,0,0,0,1,0,1,0,0,1,0,0,0.0,0.0062823355506282,0.0,0.0,0.0,0.0,0.0,0.0,0.0,0.0,0.0,0.0,0.0,0.0,0.0,0.0,0.0,0.0,1,0.16094331555107,2,0.0,1.0,0.0,0.0,0.0,0.0,0.0,0.0,0.0,0.0,0.0,0.0,0.0,0.0,0.0,0.0,0.0,0.0,0.0,0.0,0.0,1.0,0.0,0.0,0.0,0.0,0.0,0.0,0.0,0.0,0.0,0.0,0.0,0.0,0.0,0.0,0.25,0.0062823355506282,0,0,0,0,0,0,0,0,0,0,0,0,0,0,0,0,0,0,0,0,0,0,0,0,0,0,0,0,0,0,0,0,0,0,0,0,0.0,0.0,0.0,0.0,0.0,0.099098572488518,0.0,0.0,0.0,0.0,0.0,0.0,0.0,0.1024609546479465,0.0,0.0,0.0,0.0,0.0,0.1975718118770526,0.0,0.0,0.0,0.0,0.5790164272858069,0.0,0.0955772570527983,0.0,0.0,0.0,0.2652757255276745,0.0,0.0,0.0,0.0,0.0,0.0,0.0,0.3273049208757255,0.1267535752930347,0.0,0.2922555429577089,0.0,0.2824356045247772,0.1568316754804663,0.0,0.46141741575538,0.0,0.0,0.0
3537,2.5228787452803374,333.3333333333332,3,1,0,0,0,1,0,1,0,0,1,0,0,0.0,0.0062823355506282,0.0,0.0,0.0,0.0,0.0,0.0,0.0,0.0,0.0,0.0,0.0,0.0,0.0,0.0,0.0,0.0,1,0.16094331555107,2,0.0,1.0,0.0,0.0,0.0,0.0,0.0,0.0,0.0,0.0,0.0,0.0,0.0,0.0,0.0,0.0,0.0,0.0,0.0,0.0,0.0,1.0,0.0,0.0,0.0,0.0,0.0,0.0,0.0,0.0,0.0,0.0,0.0,0.0,0.0,0.0,0.25,0.0062823355506282,0,0,0,0,0,0,0,0,0,0,0,0,0,0,0,0,0,0,0,0,0,0,0,0,0,0,0,0,0,0,0,0,0,0,0,0,0.0,0.0,0.0,0.0,0.0,0.099098572488518,0.0,0.0,0.0,0.0,0.0,0.0,0.0,0.1024609546479465,0.0,0.0,0.0,0.0,0.0,0.1975718118770526,0.0,0.0,0.0,0.0,0.5790164272858069,0.0,0.0955772570527983,0.0,0.0,0.0,0.2652757255276745,0.0,0.0,0.0,0.0,0.0,0.0,0.0,0.3273049208757255,0.1267535752930347,0.0,0.2922555429577089,0.0,0.2824356045247772,0.1568316754804663,0.0,0.46141741575538,0.0,0.0,0.0
3538,2.221848749616356,166.66666666666657,3,1,0,0,0,1,0,1,0,0,1,0,0,0.0,0.0062823355506282,0.0,0.0,0.0,0.0,0.0,0.0,0.0,0.0,0.0,0.0,0.0,0.0,0.0,0.0,0.0,0.0,1,0.16094331555107,2,0.0,1.0,0.0,0.0,0.0,0.0,0.0,0.0,0.0,0.0,0.0,0.0,0.0,0.0,0.0,0.0,0.0,0.0,0.0,0.0,0.0,1.0,0.0,0.0,0.0,0.0,0.0,0.0,0.0,0.0,0.0,0.0,0.0,0.0,0.0,0.0,0.25,0.0062823355506282,0,0,0,0,0,0,0,0,0,0,0,0,0,0,0,0,0,0,0,0,0,0,0,0,0,0,0,0,0,0,0,0,0,0,0,0,0.0,0.0,0.0,0.0,0.0,0.099098572488518,0.0,0.0,0.0,0.0,0.0,0.0,0.0,0.1024609546479465,0.0,0.0,0.0,0.0,0.0,0.1975718118770526,0.0,0.0,0.0,0.0,0.5790164272858069,0.0,0.0955772570527983,0.0,0.0,0.0,0.2652757255276745,0.0,0.0,0.0,0.0,0.0,0.0,0.0,0.3273049208757255,0.1267535752930347,0.0,0.2922555429577089,0.0,0.2824356045247772,0.1568316754804663,0.0,0.46141741575538,0.0,0.0,0.0
3539,3.6989700043360183,4999.9999999999945,3,1,0,0,0,1,0,0,0,0,1,0,1,0.0,0.0613451589061345,0.0,0.0,0.0,0.0,0.0,0.0,0.0,0.0,0.0,0.0,0.0,0.0,0.0,0.0,0.0,0.0,1,0.0351316369426522,2,0.0,1.0,0.0,0.0,0.0,0.0,0.0,0.0,0.0,0.0,0.0,0.0,0.0,0.0,0.0,0.0,0.0,0.0,0.0,0.0,0.0,1.0,0.0,0.0,0.0,0.0,0.0,0.0,0.0,0.0,0.0,0.0,0.0,0.0,0.0,0.0,0.25,0.0613451589061345,0,0,0,0,0,0,0,0,0,0,0,0,0,0,0,0,0,0,0,0,0,0,0,0,0,0,0,0,0,0,0,0,0,0,0,0,0.0,0.0,0.0,0.0,0.0,0.0697485345053326,0.0,0.0,0.0,0.0,0.0,0.0,0.0,0.0,0.0,0.0,0.0,0.0,0.0,0.0,0.0,0.0,0.0,0.0,0.1018822628912685,0.0,0.0672701275514795,0.0,0.0,0.0,0.186708977039381,0.0,0.0,0.0,0.0,0.0,0.0,0.0,0.0,0.0892129512867084,0.0,0.0,0.0,0.7951464491585228,0.1103828163624238,0.0,0.5412655926990337,0.0,0.0,0.0
3540,3.2218487496163566,1666.6666666666674,3,1,0,0,0,1,0,0,0,0,1,0,1,0.0,0.0613451589061345,0.0,0.0,0.0,0.0,0.0,0.0,0.0,0.0,0.0,0.0,0.0,0.0,0.0,0.0,0.0,0.0,1,0.0351316369426522,2,0.0,1.0,0.0,0.0,0.0,0.0,0.0,0.0,0.0,0.0,0.0,0.0,0.0,0.0,0.0,0.0,0.0,0.0,0.0,0.0,0.0,1.0,0.0,0.0,0.0,0.0,0.0,0.0,0.0,0.0,0.0,0.0,0.0,0.0,0.0,0.0,0.25,0.0613451589061345,0,0,0,0,0,0,0,0,0,0,0,0,0,0,0,0,0,0,0,0,0,0,0,0,0,0,0,0,0,0,0,0,0,0,0,0,0.0,0.0,0.0,0.0,0.0,0.0697485345053326,0.0,0.0,0.0,0.0,0.0,0.0,0.0,0.0,0.0,0.0,0.0,0.0,0.0,0.0,0.0,0.0,0.0,0.0,0.1018822628912685,0.0,0.0672701275514795,0.0,0.0,0.0,0.186708977039381,0.0,0.0,0.0,0.0,0.0,0.0,0.0,0.0,0.0892129512867084,0.0,0.0,0.0,0.7951464491585228,0.1103828163624238,0.0,0.5412655926990337,0.0,0.0,0.0
3541,2.920818753952376,833.3333333333345,3,1,0,0,0,1,0,0,0,0,1,0,1,0.0,0.0613451589061345,0.0,0.0,0.0,0.0,0.0,0.0,0.0,0.0,0.0,0.0,0.0,0.0,0.0,0.0,0.0,0.0,1,0.0351316369426522,2,0.0,1.0,0.0,0.0,0.0,0.0,0.0,0.0,0.0,0.0,0.0,0.0,0.0,0.0,0.0,0.0,0.0,0.0,0.0,0.0,0.0,1.0,0.0,0.0,0.0,0.0,0.0,0.0,0.0,0.0,0.0,0.0,0.0,0.0,0.0,0.0,0.25,0.0613451589061345,0,0,0,0,0,0,0,0,0,0,0,0,0,0,0,0,0,0,0,0,0,0,0,0,0,0,0,0,0,0,0,0,0,0,0,0,0.0,0.0,0.0,0.0,0.0,0.0697485345053326,0.0,0.0,0.0,0.0,0.0,0.0,0.0,0.0,0.0,0.0,0.0,0.0,0.0,0.0,0.0,0.0,0.0,0.0,0.1018822628912685,0.0,0.0672701275514795,0.0,0.0,0.0,0.186708977039381,0.0,0.0,0.0,0.0,0.0,0.0,0.0,0.0,0.0892129512867084,0.0,0.0,0.0,0.7951464491585228,0.1103828163624238,0.0,0.5412655926990337,0.0,0.0,0.0
3542,2.619788758288394,416.66666666666674,3,1,0,0,0,1,0,0,0,0,1,0,1,0.0,0.0613451589061345,0.0,0.0,0.0,0.0,0.0,0.0,0.0,0.0,0.0,0.0,0.0,0.0,0.0,0.0,0.0,0.0,1,0.0351316369426522,2,0.0,1.0,0.0,0.0,0.0,0.0,0.0,0.0,0.0,0.0,0.0,0.0,0.0,0.0,0.0,0.0,0.0,0.0,0.0,0.0,0.0,1.0,0.0,0.0,0.0,0.0,0.0,0.0,0.0,0.0,0.0,0.0,0.0,0.0,0.0,0.0,0.25,0.0613451589061345,0,0,0,0,0,0,0,0,0,0,0,0,0,0,0,0,0,0,0,0,0,0,0,0,0,0,0,0,0,0,0,0,0,0,0,0,0.0,0.0,0.0,0.0,0.0,0.0697485345053326,0.0,0.0,0.0,0.0,0.0,0.0,0.0,0.0,0.0,0.0,0.0,0.0,0.0,0.0,0.0,0.0,0.0,0.0,0.1018822628912685,0.0,0.0672701275514795,0.0,0.0,0.0,0.186708977039381,0.0,0.0,0.0,0.0,0.0,0.0,0.0,0.0,0.0892129512867084,0.0,0.0,0.0,0.7951464491585228,0.1103828163624238,0.0,0.5412655926990337,0.0,0.0,0.0
3548,2.6989700043360187,499.99999999999994,2,1,0,0,0,1,0,0,0,0,1,0,0,730.0,0.0001478196600147,0.0,0.0,0.0,0.0,0.0,0.0,0.0,0.0,0.0,0.0,0.0,0.0,0.0,0.0,0.0,0.0,1,0.0248934068468906,3,0.0,1.0,0.0,0.0,0.0,0.0,0.0,0.0,0.0,0.0,0.0,1.0,0.0,0.0,0.0,0.0,0.0,0.0,0.0,0.0,0.0,1.0,0.0,0.0,0.0,0.0,0.0,0.0,0.0,0.0,0.0,0.0,0.0,0.0,0.0,0.0,1.0,0.0001478196600147,0,0,0,0,0,0,0,0,0,0,0,0,0,0,0,0,0,0,0,0,0,0,0,0,0,0,0,0,0,0,0,0,0,0,0,0,0.0,0.0,0.0,0.3951523664114987,0.0,0.1468255583072135,0.0,0.0,0.0,0.0,0.0,0.0,0.0,0.0,0.3661116081970906,0.0,0.0,0.0,0.0,0.0,0.0,0.0,0.0,0.0,0.0,0.0,0.2832166755959097,0.0,0.0,0.0,0.3930354951426245,0.0,0.2722032331349219,0.0,0.0,0.0,0.0,0.0,0.0,0.0,0.0,0.0,0.0,0.4184597646448491,0.232363572294073,0.0,0.0,0.0,0.0,0.3877815916568385
3598,2.619788758288394,416.66666666666674,2,1,0,0,0,1,0,0,0,0,1,0,0,0.0,0.0,1.21875e-06,0.0,0.0,0.0,0.0,0.0,0.0,0.0,0.0,0.0,0.0,0.0,0.0,0.0,0.0,1.0,249,1.0,3,0.0,1.0,0.0,0.0,0.0,0.0,0.0,0.0,0.0,0.0,0.0,0.0,0.0,1.0,0.0,0.0,0.0,0.0,0.0,0.0,0.0,1.0,0.0,0.0,0.0,0.0,0.0,0.0,0.0,0.0,0.0,0.0,0.0,0.0,0.0,0.0,1.0,1.21875e-06,0,0,0,0,0,0,0,0,0,0,0,0,0,0,0,0,0,0,0,0,0,0,0,0,0,0,0,0,0,0,0,0,0,0,0,0,0.3112870219500468,0.0,0.0,0.0,0.0,0.0905846742651547,0.0,0.0,0.0,0.0,0.0,0.0,0.0,0.3746327305675934,0.0,0.0,0.2302834360745887,0.0,0.0,0.0,0.2819836974776827,0.0,0.0,0.0,0.0,0.0,0.3494635484598057,0.0,0.0,0.0,0.2424849781782799,0.0,0.0,0.0,0.4966999170581838,0.0,0.0,0.0,0.0,0.0,0.0,0.0,0.0,0.2581705931205346,0.1433577283820362,0.0,0.2811836420840026,0.0,0.1676233259518909,0.0
3615,1.1760912590556811,14.999999999999996,8,1,0,0,1,1,0,1,1,1,1,1,1,0.0,0.0,0.0,0.0,0.0,0.0,0.0,0.0,0.0,0.0,0.0,0.0,0.0,0.0,1.0,0.0,0.0,0.0,0,0.0,1,0.0,0.0,0.0,0.0,0.0,0.0,0.0,0.0,0.0,0.0,0.0,0.0,0.0,0.0,0.0,0.0,0.0,0.0,0.0,0.0,0.0,0.0,0.0,0.0,0.0,0.0,1.0,0.0,0.0,0.0,0.0,0.0,0.0,0.0,0.0,0.0,0.25,0.0,0,0,0,0,0,0,0,0,0,0,0,0,0,0,0,0,0,0,0,0,0,0,0,0,0,0,0,0,0,0,0,0,0,0,0,0,0.0,0.0,0.0,0.1539628468442294,0.158918253228518,0.0,0.0,0.1177999008614328,0.0,0.0,0.0,0.1569284964161674,0.0,0.1182970737146864,0.1426477233899286,0.0,0.0,0.0,0.1330505792116554,0.1140540183032165,0.1780829250894225,0.0,0.0,0.0,0.0,0.0,0.0,0.0,0.0,0.1603272805313906,0.1531380522721548,0.0,0.4242331642778343,0.0,0.0,0.3201708762837388,0.0,0.0,0.0,0.6585493655805319,0.0,0.0,0.0,0.0,0.0,0.1404696107777745,0.0887888305556733,0.0,0.0,0.1510909787722228
3616,1.6989700043360187,49.99999999999999,8,1,0,0,1,1,0,1,1,1,1,1,1,0.0,0.0,0.0,0.0,0.0,0.0,0.0,0.0,0.0,0.0,0.0,0.0,0.0,0.0,1.0,0.0,0.0,0.0,249,1.0,1,0.0,0.0,0.0,0.0,0.0,0.0,0.0,0.0,0.0,0.0,0.0,0.0,0.0,0.0,0.0,0.0,0.0,0.0,0.0,0.0,0.0,0.0,0.0,0.0,0.0,0.0,1.0,0.0,0.0,0.0,0.0,0.0,0.0,0.0,0.0,0.0,0.25,0.0,0,0,0,0,0,0,0,0,0,0,0,0,0,0,0,0,0,0,0,0,0,0,0,0,0,0,0,0,0,0,0,0,0,0,0,0,0.0,0.0,0.0,0.1539628468442294,0.158918253228518,0.0,0.0,0.1177999008614328,0.0,0.0,0.0,0.1569284964161674,0.0,0.1182970737146864,0.1426477233899286,0.0,0.0,0.0,0.1330505792116554,0.1140540183032165,0.1780829250894225,0.0,0.0,0.0,0.0,0.0,0.0,0.0,0.0,0.1603272805313906,0.1531380522721548,0.0,0.4242331642778343,0.0,0.0,0.3201708762837388,0.0,0.0,0.0,0.6585493655805319,0.0,0.0,0.0,0.0,0.0,0.1404696107777745,0.0887888305556733,0.0,0.0,0.1510909787722228
3617,2.0,100.0,8,1,0,0,1,1,0,1,1,1,1,1,1,0.0,0.0,0.0,0.0,0.0,0.0,0.0,0.0,0.0,0.0,0.0,0.0,0.0,0.0,1.0,0.0,0.0,0.0,249,1.0,1,0.0,0.0,0.0,0.0,0.0,0.0,0.0,0.0,0.0,0.0,0.0,0.0,0.0,0.0,0.0,0.0,0.0,0.0,0.0,0.0,0.0,0.0,0.0,0.0,0.0,0.0,1.0,0.0,0.0,0.0,0.0,0.0,0.0,0.0,0.0,0.0,0.25,0.0,0,0,0,0,0,0,0,0,0,0,0,0,0,0,0,0,0,0,0,0,0,0,0,0,0,0,0,0,0,0,0,0,0,0,0,0,0.0,0.0,0.0,0.1539628468442294,0.158918253228518,0.0,0.0,0.1177999008614328,0.0,0.0,0.0,0.1569284964161674,0.0,0.1182970737146864,0.1426477233899286,0.0,0.0,0.0,0.1330505792116554,0.1140540183032165,0.1780829250894225,0.0,0.0,0.0,0.0,0.0,0.0,0.0,0.0,0.1603272805313906,0.1531380522721548,0.0,0.4242331642778343,0.0,0.0,0.3201708762837388,0.0,0.0,0.0,0.6585493655805319,0.0,0.0,0.0,0.0,0.0,0.1404696107777745,0.0887888305556733,0.0,0.0,0.1510909787722228
3618,2.2430380486862944,175.0,8,1,0,0,1,1,0,1,1,1,1,1,1,0.0,0.0,0.0,0.0,0.0,0.0,0.0,0.0,0.0,0.0,0.0,0.0,0.0,0.0,1.0,0.0,0.0,0.0,249,1.0,1,0.0,0.0,0.0,0.0,0.0,0.0,0.0,0.0,0.0,0.0,0.0,0.0,0.0,0.0,0.0,0.0,0.0,0.0,0.0,0.0,0.0,0.0,0.0,0.0,0.0,0.0,1.0,0.0,0.0,0.0,0.0,0.0,0.0,0.0,0.0,0.0,0.25,0.0,0,0,0,0,0,0,0,0,0,0,0,0,0,0,0,0,0,0,0,0,0,0,0,0,0,0,0,0,0,0,0,0,0,0,0,0,0.0,0.0,0.0,0.1539628468442294,0.158918253228518,0.0,0.0,0.1177999008614328,0.0,0.0,0.0,0.1569284964161674,0.0,0.1182970737146864,0.1426477233899286,0.0,0.0,0.0,0.1330505792116554,0.1140540183032165,0.1780829250894225,0.0,0.0,0.0,0.0,0.0,0.0,0.0,0.0,0.1603272805313906,0.1531380522721548,0.0,0.4242331642778343,0.0,0.0,0.3201708762837388,0.0,0.0,0.0,0.6585493655805319,0.0,0.0,0.0,0.0,0.0,0.1404696107777745,0.0887888305556733,0.0,0.0,0.1510909787722228
3640,1.9855013201808869,96.7166666666667,8,1,1,0,1,1,0,1,1,1,1,0,1,0.0,0.0,1.0,0.0,0.0,0.0,0.0,0.0,0.0,0.0,0.0,0.0,0.0,0.0,1.0,0.0,0.0,1.0,249,1.0,4,0.0,0.0,1.0,1.0,0.0,0.0,0.0,0.0,0.0,0.0,0.0,0.0,0.0,0.0,0.0,0.0,0.0,0.0,0.0,0.0,0.0,0.0,0.0,1.0,1.0,0.0,0.0,0.0,0.0,0.0,0.0,0.0,0.0,0.0,0.0,0.0,1.0,1.0,0,0,0,0,0,0,0,0,0,0,0,0,0,0,0,0,0,0,0,0,0,0,0,0,0,0,0,0,0,0,0,0,0,0,0,0,0.0,0.0,0.0,0.0,0.0,0.2387411802110867,0.6670706433170468,0.2458041772551993,0.0,0.0,0.0,0.0,0.0,0.0,0.0,0.0,0.0,0.0,0.0,0.4759758527241698,0.0,0.0,0.0,0.0,0.0,0.0,0.0,0.0,0.0,0.0,0.0,0.3153809856891177,0.0,0.0,0.0,0.3340382218087522,0.0,0.0,0.0,0.0,0.0,0.0,0.0,0.0,0.0,0.0,0.0,0.0,0.0,0.0
3659,2.5138831856110926,326.4999999999999,8,1,0,0,1,1,0,1,1,1,1,1,1,0.0,3.5882483370288247e-05,0.0,0.0,0.0,0.0,0.0,0.0,0.0,0.0,0.0,0.0,0.0,0.0,0.0,0.0,1.0,1.0,1,0.16094331555107,5,0.0,1.0,0.0,0.0,0.0,0.0,0.0,0.0,1.0,0.0,0.0,0.0,0.0,0.0,0.0,0.0,0.0,0.0,0.0,0.0,1.0,1.0,1.0,0.0,0.0,0.0,0.0,0.0,0.0,0.0,0.0,0.0,0.0,0.0,0.0,0.0,0.25,3.5882483370288247e-05,1,0,0,0,0,0,0,0,0,0,0,0,0,0,0,0,0,0,0,0,0,0,0,0,0,0,0,0,0,0,0,0,0,0,0,0,0.0,0.0,0.0,0.0,0.0,0.0,0.0,0.4523526532957623,0.0,0.7963870907657175,0.0,0.0,0.0,0.0,0.0,0.0,0.0,0.0,0.0,0.0,0.0,0.0,0.0,0.4014282983522719,0.0,0.0,0.0,0.0,0.0,0.0,0.0,0.0,0.0,0.0,0.0,0.0,0.0,0.0,0.0,0.0,0.0,0.0,0.0,0.0,0.0,0.0,0.0,0.0,0.0,0.0
3672,1.044670394919461,11.083333333333332,9,1,0,0,1,1,1,1,1,1,1,1,1,0.0,2.9933481152993346e-07,0.0,0.0,0.0,0.0,0.0,0.0,0.0,0.0,0.0,0.0,0.0,0.0,0.0,0.0,1.0,1.0,1,0.16094331555107,5,0.0,1.0,0.0,0.0,0.0,0.0,0.0,0.0,1.0,0.0,0.0,0.0,0.0,0.0,0.0,0.0,0.0,0.0,0.0,0.0,1.0,1.0,1.0,0.0,0.0,0.0,0.0,0.0,0.0,0.0,0.0,0.0,0.0,0.0,0.0,0.0,0.25,2.9933481152993346e-07,1,0,0,0,0,0,0,0,0,0,0,0,0,0,0,0,0,0,0,0,0,0,0,0,0,0,0,0,0,0,0,0,0,0,0,0,0.0,0.0,0.0,0.0,0.0,0.0,0.0,0.0,0.0,0.5810939871877168,0.0,0.0,0.0,0.0,0.0,0.0,0.0,0.3300186118668733,0.0,0.0,0.0,0.0,0.4585180620064731,0.5858145446210531,0.0,0.0,0.0,0.0,0.0,0.0,0.0,0.0,0.0,0.0,0.0,0.0,0.0,0.0,0.0,0.0,0.0,0.0,0.0,0.0,0.0,0.0,0.0,0.0,0.0,0.0
3673,2.2924406811283964,196.08333333333331,2,1,0,0,0,1,0,0,0,0,1,0,0,0.0,1.6374722838137473e-05,0.0,0.0,0.0,0.0,0.0,0.0,0.0,0.0,0.0,0.0,0.0,0.0,0.0,0.0,1.0,1.0,1,0.16094331555107,5,0.0,1.0,0.0,0.0,0.0,0.0,0.0,0.0,1.0,0.0,0.0,0.0,0.0,0.0,0.0,0.0,0.0,0.0,0.0,0.0,1.0,1.0,1.0,0.0,0.0,0.0,0.0,0.0,0.0,0.0,0.0,0.0,0.0,0.0,0.0,0.0,0.25,1.6374722838137473e-05,1,0,0,0,0,0,0,0,0,0,0,0,0,0,0,0,0,0,0,0,0,0,0,0,0,0,0,0,0,0,0,0,0,0,0,0,0.0,0.0,0.0,0.0,0.0,0.0,0.0,0.3494920322248278,0.0,0.6152963639352139,0.0,0.0,0.0,0.0,0.0,0.0,0.0,0.0,0.0,0.3383786433495137,0.0,0.0,0.0,0.6202947667556185,0.0,0.0,0.0,0.0,0.0,0.0,0.0,0.0,0.0,0.0,0.0,0.0,0.0,0.0,0.0,0.0,0.0,0.0,0.0,0.0,0.0,0.0,0.0,0.0,0.0,0.0
3676,1.5471591213274176,35.25000000000001,10,1,1,0,1,1,1,1,1,1,1,1,1,0.0,1.4464153732446415e-06,0.0,0.0,0.0,0.0,0.0,0.0,0.0,0.0,0.0,0.0,0.0,0.0,0.0,0.0,1.0,1.0,1,0.16094331555107,5,0.0,1.0,0.0,0.0,0.0,0.0,0.0,0.0,1.0,0.0,0.0,0.0,0.0,0.0,0.0,0.0,0.0,0.0,0.0,0.0,1.0,1.0,1.0,0.0,0.0,0.0,0.0,0.0,0.0,0.0,0.0,0.0,0.0,0.0,0.0,0.0,0.25,1.4464153732446415e-06,1,0,0,0,0,0,0,0,0,0,0,0,0,0,0,0,0,0,0,0,0,0,0,0,0,0,0,0,0,0,0,0,0,0,0,0,0.0,0.0,0.0,0.0,0.0,0.0,0.0,0.0,0.0,0.7372843937968651,0.0,0.0,0.0,0.0,0.0,0.0,0.0,0.0,0.0,0.4054652482263333,0.0,0.0,0.0,0.3716368874324582,0.0,0.0,0.3922953976837626,0.0,0.0,0.0,0.0,0.0,0.0,0.0,0.0,0.0,0.0,0.0,0.0,0.0,0.0,0.0,0.0,0.0,0.0,0.0,0.0,0.0,0.0,0.0
3692,0.870208760597288,7.416666666666668,8,1,0,0,1,1,1,1,1,1,1,0,1,0.0,1.0790835181079085e-07,0.0,0.0,0.0,0.0,0.0,0.0,0.0,0.0,0.0,0.0,0.0,0.0,0.0,0.0,1.0,1.0,1,0.16094331555107,5,0.0,1.0,0.0,0.0,0.0,0.0,0.0,0.0,1.0,0.0,0.0,0.0,0.0,0.0,0.0,0.0,0.0,0.0,0.0,0.0,1.0,1.0,1.0,0.0,0.0,0.0,0.0,0.0,0.0,0.0,0.0,0.0,0.0,0.0,0.0,0.0,0.25,1.0790835181079085e-07,1,0,0,0,0,0,0,0,0,0,0,0,0,0,0,0,0,0,0,0,0,0,0,0,0,0,0,0,0,0,0,0,0,0,0,0,0.0,0.0,0.0,0.0,0.0,0.0,0.0,0.0,0.0,0.4016843236724519,0.0,0.0,0.0,0.0,0.0,0.0,0.0,0.0,0.0,0.0,0.0,0.0,0.0,0.8098948684443286,0.0,0.0,0.4274576074692652,0.0,0.0,0.0,0.0,0.0,0.0,0.0,0.0,0.0,0.0,0.0,0.0,0.0,0.0,0.0,0.0,0.0,0.0,0.0,0.0,0.0,0.0,0.0
3723,2.179456036676452,151.16666666666686,9,1,1,0,1,1,1,1,1,1,1,0,1,0.0,1.1780487804878048e-05,0.0,0.0,0.0,0.0,0.0,0.0,0.0,0.0,0.0,0.0,0.0,0.0,0.0,0.0,1.0,1.0,1,0.16094331555107,5,0.0,1.0,0.0,0.0,0.0,0.0,0.0,0.0,1.0,0.0,0.0,0.0,0.0,0.0,0.0,0.0,0.0,0.0,0.0,0.0,1.0,1.0,1.0,0.0,0.0,0.0,0.0,0.0,0.0,0.0,0.0,0.0,0.0,0.0,0.0,0.0,0.25,1.1780487804878048e-05,1,0,0,0,0,0,0,0,0,0,0,0,0,0,0,0,0,0,0,0,0,0,0,0,0,0,0,0,0,0,0,0,0,0,0,0,0.0,0.0,0.0,0.0,0.0,0.0,0.0,0.0,0.0,0.1723974412745145,0.0,0.0,0.0,0.0,0.0,0.0,0.0,0.0,0.0,0.0,0.0,0.0,0.0,0.3475958477658096,0.0,0.9216595080928576,0.0,0.0,0.0,0.0,0.0,0.0,0.0,0.0,0.0,0.0,0.0,0.0,0.0,0.0,0.0,0.0,0.0,0.0,0.0,0.0,0.0,0.0,0.0,0.0
3736,1.762803558542489,57.916666666666664,8,1,0,1,1,1,0,0,1,1,1,1,1,0.0,3.0532150776053213e-06,0.0,0.0,0.0,0.0,0.0,0.0,0.0,0.0,0.0,0.0,0.0,0.0,0.0,0.0,1.0,1.0,1,0.16094331555107,5,0.0,1.0,0.0,0.0,0.0,0.0,0.0,0.0,1.0,0.0,0.0,0.0,0.0,0.0,0.0,0.0,0.0,0.0,0.0,0.0,1.0,1.0,1.0,0.0,0.0,0.0,0.0,0.0,0.0,0.0,0.0,0.0,0.0,0.0,0.0,0.0,0.25,3.0532150776053213e-06,1,0,0,0,0,0,0,0,0,0,0,0,0,0,0,0,0,0,0,0,0,0,0,0,0,0,0,0,0,0,0,0,0,0,0,0,0.0,0.0,0.0,0.0,0.0,0.0,0.0,0.0,0.0,0.5823131196553365,0.0,0.0,0.0,0.0,0.0,0.0,0.0,0.0,0.3735780492410908,0.0,0.0,0.0,0.0,0.5870435807960921,0.0,0.0,0.0,0.0,0.0,0.0,0.0,0.0,0.0,0.4203935133283968,0.0,0.0,0.0,0.0,0.0,0.0,0.0,0.0,0.0,0.0,0.0,0.0,0.0,0.0,0.0,0.0
3756,1.8911656301824684,77.83333333333331,9,1,0,0,1,1,1,1,1,1,1,1,1,0.0,4.687361419068736e-06,0.0,0.0,0.0,0.0,0.0,0.0,0.0,0.0,0.0,0.0,0.0,0.0,0.0,0.0,1.0,1.0,1,0.16094331555107,5,0.0,1.0,0.0,0.0,0.0,0.0,0.0,0.0,1.0,0.0,0.0,0.0,0.0,0.0,0.0,0.0,0.0,0.0,0.0,0.0,1.0,1.0,1.0,0.0,0.0,0.0,0.0,0.0,0.0,0.0,0.0,0.0,0.0,0.0,0.0,0.0,0.25,4.687361419068736e-06,1,0,0,0,0,0,0,0,0,0,0,0,0,0,0,0,0,0,0,0,0,0,0,0,0,0,0,0,0,0,0,0,0,0,0,0,0.0,0.0,0.0,0.0,0.0,0.0,0.0,0.0,0.0,0.2280550488279563,0.0,0.0,0.0,0.0,0.0,0.0,0.0,0.0,0.2926135695213471,0.0,0.0,0.3403176799112342,0.0,0.6897230096507113,0.0,0.0,0.0,0.0,0.0,0.0,0.0,0.0,0.0,0.0,0.0,0.0,0.0,0.3771691778767468,0.0,0.0,0.0,0.0,0.0,0.3585772602857471,0.0,0.0,0.0,0.0,0.0,0.0
3763,2.204119982655925,160.00000000000009,10,1,1,0,1,1,1,1,1,1,1,1,1,0.0,1.2679970436067998e-05,0.0,0.0,0.0,0.0,0.0,0.0,0.0,0.0,0.0,0.0,0.0,0.0,0.0,0.0,1.0,1.0,1,0.16094331555107,5,0.0,1.0,0.0,0.0,0.0,0.0,0.0,0.0,1.0,0.0,0.0,0.0,0.0,0.0,0.0,0.0,0.0,0.0,0.0,0.0,1.0,1.0,1.0,0.0,0.0,0.0,0.0,0.0,0.0,0.0,0.0,0.0,0.0,0.0,0.0,0.0,0.25,1.2679970436067998e-05,1,0,0,0,0,0,0,0,0,0,0,0,0,0,0,0,0,0,0,0,0,0,0,0,0,0,0,0,0,0,0,0,0,0,0,0,0.0,0.0,0.0,0.0,0.0,0.0,0.0,0.0,0.0,0.3570518383385618,0.0,0.0,0.0,0.0,0.0,0.0,0.0,0.0,0.4581271647233884,0.0,0.0,0.0,0.0,0.7199047475769023,0.0,0.0,0.3799613665858669,0.0,0.0,0.0,0.0,0.0,0.0,0.0,0.0,0.0,0.0,0.0,0.0,0.0,0.0,0.0,0.0,0.0,0.0,0.0,0.0,0.0,0.0,0.0
3767,2.4119001673755625,258.16666666666674,8,1,1,0,0,1,1,1,1,1,1,1,0,0.0,2.505838876570584e-05,0.0,0.0,0.0,0.0,0.0,0.0,0.0,0.0,0.0,0.0,0.0,0.0,0.0,0.0,1.0,1.0,1,0.16094331555107,5,0.0,1.0,0.0,0.0,0.0,0.0,0.0,0.0,1.0,0.0,0.0,0.0,0.0,0.0,0.0,0.0,0.0,0.0,0.0,0.0,1.0,1.0,1.0,0.0,0.0,0.0,0.0,0.0,0.0,0.0,0.0,0.0,0.0,0.0,0.0,0.0,0.25,2.505838876570584e-05,1,0,0,0,0,0,0,0,0,0,0,0,0,0,0,0,0,0,0,0,0,0,0,0,0,0,0,0,0,0,0,0,0,0,0,0,0.0,0.0,0.0,0.0,0.0,0.0,0.0,0.0,0.0,0.424285906512247,0.0,0.0,0.0,0.0,0.5836620444492729,0.0,0.0,0.0,0.5443940585407023,0.0,0.0,0.0,0.0,0.4277326225926171,0.0,0.0,0.0,0.0,0.0,0.0,0.0,0.0,0.0,0.0,0.0,0.0,0.0,0.0,0.0,0.0,0.0,0.0,0.0,0.0,0.0,0.0,0.0,0.0,0.0,0.0
3775,2.110028243534681,128.8333333333333,5,1,0,0,0,1,0,0,1,1,1,0,1,0.0,9.492978566149295e-06,0.0,0.0,0.0,0.0,0.0,0.0,0.0,0.0,0.0,0.0,0.0,0.0,0.0,0.0,1.0,1.0,1,0.16094331555107,5,0.0,1.0,0.0,0.0,0.0,0.0,0.0,0.0,1.0,0.0,0.0,0.0,0.0,0.0,0.0,0.0,0.0,0.0,0.0,0.0,1.0,1.0,1.0,0.0,0.0,0.0,0.0,0.0,0.0,0.0,0.0,0.0,0.0,0.0,0.0,0.0,0.25,9.492978566149295e-06,1,0,0,0,0,0,0,0,0,0,0,0,0,0,0,0,0,0,0,0,0,0,0,0,0,0,0,0,0,0,0,0,0,0,0,0,0.0,0.0,0.0,0.0,0.0,0.0,0.0,0.0,0.0,0.3314591434689233,0.0,0.0,0.0,0.0,0.0,0.0,0.0,0.0,0.4252896115187449,0.0,0.0,0.0,0.0,0.6683035497629602,0.0,0.0,0.0,0.0,0.0,0.5124782414106077,0.0,0.0,0.0,0.0,0.0,0.0,0.0,0.0,0.0,0.0,0.0,0.0,0.0,0.0,0.0,0.0,0.0,0.0,0.0,0.0
3781,2.48737408483543,307.1666666666667,6,1,0,0,1,1,1,1,0,0,1,0,1,0.0,3.281522542498152e-05,0.0,0.0,0.0,0.0,0.0,0.0,0.0,0.0,0.0,0.0,0.0,0.0,0.0,0.0,1.0,1.0,1,0.16094331555107,5,0.0,1.0,0.0,0.0,0.0,0.0,0.0,0.0,1.0,0.0,0.0,0.0,0.0,0.0,0.0,0.0,0.0,0.0,0.0,0.0,1.0,1.0,1.0,0.0,0.0,0.0,0.0,0.0,0.0,0.0,0.0,0.0,0.0,0.0,0.0,0.0,0.25,3.281522542498152e-05,1,0,0,0,0,0,0,0,0,0,0,0,0,0,0,0,0,0,0,0,0,0,0,0,0,0,0,0,0,0,0,0,0,0,0,0,0.0,0.0,0.0,0.0,0.0,0.3621465775896105,0.0,0.0,0.0,0.6564374920285565,0.0,0.0,0.0,0.0,0.0,0.0,0.0,0.0,0.0,0.0,0.0,0.0,0.0,0.6617701076653364,0.0,0.0,0.0,0.0,0.0,0.0,0.0,0.0,0.0,0.0,0.0,0.0,0.0,0.0,0.0,0.0,0.0,0.0,0.0,0.0,0.0,0.0,0.0,0.0,0.0,0.0
3782,2.235317981925527,171.9166666666667,9,1,0,0,1,1,1,1,1,1,1,1,1,0.0,1.3896526237989652e-05,0.0,0.0,0.0,0.0,0.0,0.0,0.0,0.0,0.0,0.0,0.0,0.0,0.0,0.0,1.0,1.0,1,0.16094331555107,5,0.0,1.0,0.0,0.0,0.0,0.0,0.0,0.0,1.0,0.0,0.0,0.0,0.0,0.0,0.0,0.0,0.0,0.0,0.0,0.0,1.0,1.0,1.0,0.0,0.0,0.0,0.0,0.0,0.0,0.0,0.0,0.0,0.0,0.0,0.0,0.0,0.25,1.3896526237989652e-05,1,0,0,0,0,0,0,0,0,0,0,0,0,0,0,0,0,0,0,0,0,0,0,0,0,0,0,0,0,0,0,0,0,0,0,0,0.0,0.0,0.0,0.0,0.0,0.0,0.0,0.0,0.0,0.2657041868831451,0.0,0.0,0.0,0.0,0.0,0.0,0.0,0.0,0.0,0.0,0.0,0.0,0.0,0.5357253066622234,0.0,0.0,0.2827525729190537,0.0,0.0,0.0,0.0,0.0,0.0,0.0,0.0,0.0,0.0,0.0,0.0,0.7499671082001454,0.0,0.0,0.0,0.0,0.0,0.0,0.0,0.0,0.0,0.0
3784,2.804877401046314,638.0833333333336,4,1,0,0,1,1,0,0,0,0,1,0,1,0.0,9.138950480413896e-05,0.0,0.0,0.0,0.0,0.0,0.0,0.0,0.0,0.0,0.0,0.0,0.0,0.0,0.0,1.0,1.0,1,0.16094331555107,5,0.0,1.0,0.0,0.0,0.0,0.0,0.0,0.0,1.0,0.0,0.0,0.0,0.0,0.0,0.0,0.0,0.0,0.0,0.0,0.0,1.0,1.0,1.0,0.0,0.0,0.0,0.0,0.0,0.0,0.0,0.0,0.0,0.0,0.0,0.0,0.0,0.25,9.138950480413896e-05,1,0,0,0,0,0,0,0,0,0,0,0,0,0,0,0,0,0,0,0,0,0,0,0,0,0,0,0,0,0,0,0,0,0,0,0,0.0,0.0,0.0,0.0,0.0,0.0,0.0,0.0,0.0,0.5327410966629286,0.0,0.0,0.0,0.0,0.0,0.0,0.0,0.0,0.3417755378063503,0.0,0.0,0.0,0.0,0.537068856026034,0.0,0.0,0.0,0.0,0.0,0.4118429461436377,0.0,0.0,0.0,0.0,0.0,0.0,0.0,0.0,0.0,0.3759239780622885,0.0,0.0,0.0,0.0,0.0,0.0,0.0,0.0,0.0,0.0
3786,2.089905111439398,123.00000000000003,2,1,0,0,0,1,0,0,0,0,1,0,0,0.0,8.89209164818921e-06,0.0,0.0,0.0,0.0,0.0,0.0,0.0,0.0,0.0,0.0,0.0,0.0,0.0,0.0,1.0,1.0,1,0.16094331555107,5,0.0,1.0,0.0,0.0,0.0,0.0,0.0,0.0,1.0,0.0,0.0,0.0,0.0,0.0,0.0,0.0,0.0,0.0,0.0,0.0,1.0,1.0,1.0,0.0,0.0,0.0,0.0,0.0,0.0,0.0,0.0,0.0,0.0,0.0,0.0,0.0,0.25,8.89209164818921e-06,1,0,0,0,0,0,0,0,0,0,0,0,0,0,0,0,0,0,0,0,0,0,0,0,0,0,0,0,0,0,0,0,0,0,0,0,0.0,0.0,0.0,0.0,0.0,0.0,0.0,0.0,0.0,0.365444330088324,0.0,0.0,0.0,0.0,0.0,0.0,0.0,0.4150909601183273,0.0,0.0,0.0,0.0,0.0,0.7368260850576658,0.0,0.0,0.3888923460457081,0.0,0.0,0.0,0.0,0.0,0.0,0.0,0.0,0.0,0.0,0.0,0.0,0.0,0.0,0.0,0.0,0.0,0.0,0.0,0.0,0.0,0.0,0.0
3791,2.9779140435650424,950.4166666666664,3,1,0,0,0,1,0,0,0,0,1,0,1,0.0,0.0001533658536585,0.0,0.0,0.0,0.0,0.0,0.0,0.0,0.0,0.0,0.0,0.0,0.0,0.0,0.0,1.0,1.0,1,0.16094331555107,5,0.0,1.0,0.0,0.0,0.0,0.0,0.0,0.0,1.0,0.0,0.0,0.0,0.0,0.0,0.0,0.0,0.0,0.0,0.0,0.0,1.0,1.0,1.0,0.0,0.0,0.0,0.0,0.0,0.0,0.0,0.0,0.0,0.0,0.0,0.0,0.0,0.25,0.0001533658536585,1,0,0,0,0,0,0,0,0,0,0,0,0,0,0,0,0,0,0,0,0,0,0,0,0,0,0,0,0,0,0,0,0,0,0,0,0.0,0.0,0.0,0.0,0.0,0.0,0.0,0.0,0.0,0.3180259485011579,0.0,0.0,0.0,0.0,0.0,0.0,0.0,0.0,0.4080537066361507,0.0,0.0,0.0,0.0,0.6412189088396144,0.0,0.5667362521728879,0.0,0.0,0.0,0.0,0.0,0.0,0.0,0.0,0.0,0.0,0.0,0.0,0.0,0.0,0.0,0.0,0.0,0.0,0.0,0.0,0.0,0.0,0.0,0.0
3806,2.53959877845859,346.4166666666666,10,1,1,0,1,1,1,1,1,1,1,1,1,0.0,3.919068736141907e-05,0.0,0.0,0.0,0.0,0.0,0.0,0.0,0.0,0.0,0.0,0.0,0.0,0.0,0.0,1.0,1.0,1,0.16094331555107,5,0.0,1.0,0.0,0.0,0.0,0.0,0.0,0.0,1.0,0.0,0.0,0.0,0.0,0.0,0.0,0.0,0.0,0.0,0.0,0.0,1.0,1.0,1.0,0.0,0.0,0.0,0.0,0.0,0.0,0.0,0.0,0.0,0.0,0.0,0.0,0.0,0.25,3.919068736141907e-05,1,0,0,0,0,0,0,0,0,0,0,0,0,0,0,0,0,0,0,0,0,0,0,0,0,0,0,0,0,0,0,0,0,0,0,0,0.0,0.0,0.0,0.0,0.0,0.0,0.0,0.0,0.0,0.4205419600329504,0.0,0.0,0.0,0.0,0.0,0.0,0.0,0.0,0.5395902642417638,0.0,0.0,0.0,0.0,0.4239582619036184,0.0,0.0,0.0,0.0,0.0,0.0,0.0,0.0,0.0,0.0,0.0,0.0,0.0,0.0,0.0,0.5935033266552183,0.0,0.0,0.0,0.0,0.0,0.0,0.0,0.0,0.0,0.0
3808,2.2836780569110555,192.1666666666667,6,1,0,0,1,1,0,1,0,1,1,1,0,0.0,1.5971914264597193e-05,0.0,0.0,0.0,0.0,0.0,0.0,0.0,0.0,0.0,0.0,0.0,0.0,0.0,0.0,1.0,1.0,1,0.16094331555107,5,0.0,1.0,0.0,0.0,0.0,0.0,0.0,0.0,1.0,0.0,0.0,0.0,0.0,0.0,0.0,0.0,0.0,0.0,0.0,0.0,1.0,1.0,1.0,0.0,0.0,0.0,0.0,0.0,0.0,0.0,0.0,0.0,0.0,0.0,0.0,0.0,0.25,1.5971914264597193e-05,1,0,0,0,0,0,0,0,0,0,0,0,0,0,0,0,0,0,0,0,0,0,0,0,0,0,0,0,0,0,0,0,0,0,0,0,0.0,0.0,0.0,0.0,0.0,0.0,0.0,0.447964697928719,0.0,0.3943309494815093,0.0,0.0,0.0,0.0,0.0,0.0,0.0,0.0,0.0,0.0,0.0,0.0,0.0,0.3975343243843857,0.0,0.0,0.4196324185006021,0.0,0.0,0.0,0.0,0.0,0.0,0.0,0.0,0.0,0.0,0.0,0.0,0.5565121975035484,0.0,0.0,0.0,0.0,0.0,0.0,0.0,0.0,0.0,0.0
3810,2.0089548426529262,102.08333333333329,8,1,0,0,1,1,1,1,1,1,1,0,1,0.0,6.840354767184035e-06,0.0,0.0,0.0,0.0,0.0,0.0,0.0,0.0,0.0,0.0,0.0,0.0,0.0,0.0,1.0,1.0,1,0.16094331555107,5,0.0,1.0,0.0,0.0,0.0,0.0,0.0,0.0,1.0,0.0,0.0,0.0,0.0,0.0,0.0,0.0,0.0,0.0,0.0,0.0,1.0,1.0,1.0,0.0,0.0,0.0,0.0,0.0,0.0,0.0,0.0,0.0,0.0,0.0,0.0,0.0,0.25,6.840354767184035e-06,1,0,0,0,0,0,0,0,0,0,0,0,0,0,0,0,0,0,0,0,0,0,0,0,0,0,0,0,0,0,0,0,0,0,0,0,0.0,0.0,0.0,0.0,0.0,0.0,0.0,0.4506077329462029,0.0,0.396657540198984,0.0,0.0,0.0,0.0,0.0,0.0,0.0,0.0,0.0,0.0,0.0,0.0,0.0,0.7997596306468431,0.0,0.0,0.0,0.0,0.0,0.0,0.0,0.0,0.0,0.0,0.0,0.0,0.0,0.0,0.0,0.0,0.0,0.0,0.0,0.0,0.0,0.0,0.0,0.0,0.0,0.0
3812,2.32871929409501,213.16666666666657,9,1,0,0,1,1,1,1,1,1,1,1,1,0.0,1.8123429416112344e-05,0.0,0.0,0.0,0.0,0.0,0.0,0.0,0.0,0.0,0.0,0.0,0.0,0.0,0.0,1.0,1.0,1,0.16094331555107,5,0.0,1.0,0.0,0.0,0.0,0.0,0.0,0.0,1.0,0.0,0.0,0.0,0.0,0.0,0.0,0.0,0.0,0.0,0.0,0.0,1.0,1.0,1.0,0.0,0.0,0.0,0.0,0.0,0.0,0.0,0.0,0.0,0.0,0.0,0.0,0.0,0.25,1.8123429416112344e-05,1,0,0,0,0,0,0,0,0,0,0,0,0,0,0,0,0,0,0,0,0,0,0,0,0,0,0,0,0,0,0,0,0,0,0,0,0.0,0.0,0.0,0.0,0.0,0.0,0.0,0.5391712004702657,0.0,0.4746175142764403,0.0,0.0,0.0,0.0,0.0,0.0,0.0,0.0,0.0,0.0,0.0,0.0,0.0,0.4784731026742007,0.0,0.0,0.505070412658304,0.0,0.0,0.0,0.0,0.0,0.0,0.0,0.0,0.0,0.0,0.0,0.0,0.0,0.0,0.0,0.0,0.0,0.0,0.0,0.0,0.0,0.0,0.0
3813,2.4704349934714607,295.41666666666674,7,1,0,0,1,1,1,1,1,1,1,0,0,0.0,3.095713229859571e-05,0.0,0.0,0.0,0.0,0.0,0.0,0.0,0.0,0.0,0.0,0.0,0.0,0.0,0.0,1.0,1.0,1,0.16094331555107,5,0.0,1.0,0.0,0.0,0.0,0.0,0.0,0.0,1.0,0.0,0.0,0.0,0.0,0.0,0.0,0.0,0.0,0.0,0.0,0.0,1.0,1.0,1.0,0.0,0.0,0.0,0.0,0.0,0.0,0.0,0.0,0.0,0.0,0.0,0.0,0.0,0.25,3.095713229859571e-05,1,0,0,0,0,0,0,0,0,0,0,0,0,0,0,0,0,0,0,0,0,0,0,0,0,0,0,0,0,0,0,0,0,0,0,0,0.0,0.0,0.0,0.0,0.0,0.0,0.0,0.0,0.0,0.4994988666351123,0.0,0.0,0.0,0.0,0.0,0.0,0.0,0.0,0.0,0.0,0.0,0.0,0.0,0.5035565804298271,0.0,0.0,0.0,0.0,0.0,0.0,0.0,0.0,0.0,0.0,0.0,0.0,0.0,0.0,0.0,0.7049337930160942,0.0,0.0,0.0,0.0,0.0,0.0,0.0,0.0,0.0,0.0
3815,1.3832167518513312,24.166666666666664,9,1,0,0,1,1,1,1,1,1,1,1,1,0.0,7.413155949741315e-07,0.0,0.0,0.0,0.0,0.0,0.0,0.0,0.0,0.0,0.0,0.0,0.0,0.0,0.0,1.0,1.0,1,0.16094331555107,5,0.0,1.0,0.0,0.0,0.0,0.0,0.0,0.0,1.0,0.0,0.0,0.0,0.0,0.0,0.0,0.0,0.0,0.0,0.0,0.0,1.0,1.0,1.0,0.0,0.0,0.0,0.0,0.0,0.0,0.0,0.0,0.0,0.0,0.0,0.0,0.0,0.25,7.413155949741315e-07,1,0,0,0,0,0,0,0,0,0,0,0,0,0,0,0,0,0,0,0,0,0,0,0,0,0,0,0,0,0,0,0,0,0,0,0,0.0,0.0,0.0,0.0,0.0,0.0,0.0,0.0,0.0,0.4994988666351123,0.0,0.0,0.0,0.0,0.0,0.0,0.0,0.0,0.0,0.0,0.0,0.0,0.0,0.5035565804298271,0.0,0.0,0.0,0.0,0.0,0.0,0.0,0.0,0.0,0.0,0.0,0.0,0.0,0.0,0.0,0.7049337930160942,0.0,0.0,0.0,0.0,0.0,0.0,0.0,0.0,0.0,0.0
3822,2.028028723600244,106.66666666666681,9,1,0,0,1,1,1,1,1,1,1,1,1,0.0,7.249076127124908e-06,0.0,0.0,0.0,0.0,0.0,0.0,0.0,0.0,0.0,0.0,0.0,0.0,0.0,0.0,1.0,1.0,1,0.16094331555107,5,0.0,1.0,0.0,0.0,0.0,0.0,0.0,0.0,1.0,0.0,0.0,0.0,0.0,0.0,0.0,0.0,0.0,0.0,0.0,0.0,1.0,1.0,1.0,0.0,0.0,0.0,0.0,0.0,0.0,0.0,0.0,0.0,0.0,0.0,0.0,0.0,0.25,7.249076127124908e-06,1,0,0,0,0,0,0,0,0,0,0,0,0,0,0,0,0,0,0,0,0,0,0,0,0,0,0,0,0,0,0,0,0,0,0,0,0.0,0.0,0.0,0.0,0.0,0.0,0.0,0.0,0.0,0.7042405219590901,0.0,0.0,0.0,0.0,0.0,0.0,0.0,0.0,0.0,0.0,0.0,0.0,0.0,0.7099614688353081,0.0,0.0,0.0,0.0,0.0,0.0,0.0,0.0,0.0,0.0,0.0,0.0,0.0,0.0,0.0,0.0,0.0,0.0,0.0,0.0,0.0,0.0,0.0,0.0,0.0,0.0
3827,3.009344646383631,1021.75,8,1,0,0,1,1,1,1,1,1,1,0,1,0.0,0.0001675129342202,0.0,0.0,0.0,0.0,0.0,0.0,0.0,0.0,0.0,0.0,0.0,0.0,0.0,0.0,1.0,1.0,1,0.16094331555107,5,0.0,1.0,0.0,0.0,0.0,0.0,0.0,0.0,1.0,0.0,0.0,0.0,0.0,0.0,0.0,0.0,0.0,0.0,0.0,0.0,1.0,1.0,1.0,0.0,0.0,0.0,0.0,0.0,0.0,0.0,0.0,0.0,0.0,0.0,0.0,0.0,0.25,0.0001675129342202,1,0,0,0,0,0,0,0,0,0,0,0,0,0,0,0,0,0,0,0,0,0,0,0,0,0,0,0,0,0,0,0,0,0,0,0,0.0,0.0,0.0,0.0,0.0,0.0,0.0,0.0,0.0,0.7042405219590901,0.0,0.0,0.0,0.0,0.0,0.0,0.0,0.0,0.0,0.0,0.0,0.0,0.0,0.7099614688353081,0.0,0.0,0.0,0.0,0.0,0.0,0.0,0.0,0.0,0.0,0.0,0.0,0.0,0.0,0.0,0.0,0.0,0.0,0.0,0.0,0.0,0.0,0.0,0.0,0.0,0.0
3879,2.162862993321926,145.5,2,1,0,0,0,1,0,0,0,0,1,0,0,0.0,1.1195861049519586e-05,0.0,0.0,0.0,0.0,0.0,0.0,0.0,0.0,0.0,0.0,0.0,0.0,0.0,0.0,1.0,1.0,1,0.16094331555107,5,0.0,1.0,0.0,0.0,0.0,0.0,0.0,0.0,1.0,0.0,0.0,0.0,0.0,0.0,0.0,0.0,0.0,0.0,0.0,0.0,1.0,1.0,1.0,0.0,0.0,0.0,0.0,0.0,0.0,0.0,0.0,0.0,0.0,0.0,0.0,0.0,0.25,1.1195861049519586e-05,1,0,0,0,0,0,0,0,0,0,0,0,0,0,0,0,0,0,0,0,0,0,0,0,0,0,0,0,0,0,0,0,0,0,0,0,0.0,0.0,0.0,0.0,0.0,0.0,0.0,0.0,0.0,0.3037491907532896,0.0,0.0,0.0,0.0,0.0,0.0,0.0,0.0,0.0,0.0,0.0,0.0,0.0,0.6124334368741962,0.4895529009470908,0.5412944408447861,0.0,0.0,0.0,0.0,0.0,0.0,0.0,0.0,0.0,0.0,0.0,0.0,0.0,0.0,0.0,0.0,0.0,0.0,0.0,0.0,0.0,0.0,0.0,0.0
3880,2.302294844227405,200.58333333333334,7,1,0,0,0,1,0,1,1,1,1,1,1,0.0,1.6830007390983e-05,0.0,0.0,0.0,0.0,0.0,0.0,0.0,0.0,0.0,0.0,0.0,0.0,0.0,0.0,1.0,1.0,1,0.16094331555107,5,0.0,1.0,0.0,0.0,0.0,0.0,0.0,0.0,1.0,0.0,0.0,0.0,0.0,0.0,0.0,0.0,0.0,0.0,0.0,0.0,1.0,1.0,1.0,0.0,0.0,0.0,0.0,0.0,0.0,0.0,0.0,0.0,0.0,0.0,0.0,0.0,0.25,1.6830007390983e-05,1,0,0,0,0,0,0,0,0,0,0,0,0,0,0,0,0,0,0,0,0,0,0,0,0,0,0,0,0,0,0,0,0,0,0,0,0.0,0.0,0.0,0.0,0.0,0.0,0.0,0.0,0.0,0.4388669762005182,0.0,0.0,0.0,0.0,0.0,0.0,0.0,0.0,0.0,0.0,0.0,0.0,0.0,0.4424321426149488,0.0,0.7820802876826389,0.0,0.0,0.0,0.0,0.0,0.0,0.0,0.0,0.0,0.0,0.0,0.0,0.0,0.0,0.0,0.0,0.0,0.0,0.0,0.0,0.0,0.0,0.0,0.0
3886,2.124395528930348,133.1666666666668,10,1,1,0,1,1,1,1,1,1,1,1,1,0.0,9.93939393939394e-06,0.0,0.0,0.0,0.0,0.0,0.0,0.0,0.0,0.0,0.0,0.0,0.0,0.0,0.0,1.0,1.0,1,0.16094331555107,5,0.0,1.0,0.0,0.0,0.0,0.0,0.0,0.0,1.0,0.0,0.0,0.0,0.0,0.0,0.0,0.0,0.0,0.0,0.0,0.0,1.0,1.0,1.0,0.0,0.0,0.0,0.0,0.0,0.0,0.0,0.0,0.0,0.0,0.0,0.0,0.0,0.25,9.93939393939394e-06,1,0,0,0,0,0,0,0,0,0,0,0,0,0,0,0,0,0,0,0,0,0,0,0,0,0,0,0,0,0,0,0,0,0,0,0,0.0,0.0,0.0,0.0,0.0,0.0,0.0,0.0,0.0,0.7348758267769911,0.0,0.0,0.0,0.0,0.0,0.0,0.0,0.0,0.0,0.0,0.0,0.0,0.0,0.3704228208416427,0.0,0.0,0.0,0.0,0.0,0.5681060226916752,0.0,0.0,0.0,0.0,0.0,0.0,0.0,0.0,0.0,0.0,0.0,0.0,0.0,0.0,0.0,0.0,0.0,0.0,0.0,0.0
3900,1.661181443446619,45.83333333333333,10,1,1,0,1,1,1,1,1,1,1,1,1,0.0,2.158167036215817e-06,0.0,0.0,0.0,0.0,0.0,0.0,0.0,0.0,0.0,0.0,0.0,0.0,0.0,0.0,1.0,1.0,1,0.16094331555107,5,0.0,1.0,0.0,0.0,0.0,0.0,0.0,0.0,1.0,0.0,0.0,0.0,0.0,0.0,0.0,0.0,0.0,0.0,0.0,0.0,1.0,1.0,1.0,0.0,0.0,0.0,0.0,0.0,0.0,0.0,0.0,0.0,0.0,0.0,0.0,0.0,0.25,2.158167036215817e-06,1,0,0,0,0,0,0,0,0,0,0,0,0,0,0,0,0,0,0,0,0,0,0,0,0,0,0,0,0,0,0,0,0,0,0,0,0.0,0.0,0.0,0.0,0.0,0.0,0.0,0.0,0.0,0.4994988666351123,0.0,0.0,0.0,0.0,0.0,0.0,0.0,0.0,0.0,0.0,0.0,0.0,0.0,0.5035565804298271,0.0,0.0,0.0,0.0,0.0,0.0,0.0,0.0,0.0,0.0,0.0,0.0,0.0,0.0,0.0,0.7049337930160942,0.0,0.0,0.0,0.0,0.0,0.0,0.0,0.0,0.0,0.0
3903,2.1709947020363,148.24999999999994,10,1,1,0,1,1,1,1,1,1,1,1,1,0.0,1.147819660014782e-05,0.0,0.0,0.0,0.0,0.0,0.0,0.0,0.0,0.0,0.0,0.0,0.0,0.0,0.0,1.0,1.0,1,0.16094331555107,5,0.0,1.0,0.0,0.0,0.0,0.0,0.0,0.0,1.0,0.0,0.0,0.0,0.0,0.0,0.0,0.0,0.0,0.0,0.0,0.0,1.0,1.0,1.0,0.0,0.0,0.0,0.0,0.0,0.0,0.0,0.0,0.0,0.0,0.0,0.0,0.0,0.25,1.147819660014782e-05,1,0,0,0,0,0,0,0,0,0,0,0,0,0,0,0,0,0,0,0,0,0,0,0,0,0,0,0,0,0,0,0,0,0,0,0,0.0,0.0,0.0,0.0,0.0,0.0,0.0,0.0,0.0,0.7042405219590901,0.0,0.0,0.0,0.0,0.0,0.0,0.0,0.0,0.0,0.0,0.0,0.0,0.0,0.7099614688353081,0.0,0.0,0.0,0.0,0.0,0.0,0.0,0.0,0.0,0.0,0.0,0.0,0.0,0.0,0.0,0.0,0.0,0.0,0.0,0.0,0.0,0.0,0.0,0.0,0.0,0.0
3925,2.2584776449785173,181.3333333333333,3,1,0,0,0,1,0,0,1,0,1,0,0,0.0,1.486178861788618e-05,0.0,0.0,0.0,0.0,0.0,0.0,0.0,0.0,0.0,0.0,0.0,0.0,0.0,0.0,1.0,1.0,1,0.16094331555107,5,0.0,1.0,0.0,0.0,0.0,0.0,0.0,0.0,1.0,0.0,0.0,0.0,0.0,0.0,0.0,0.0,0.0,0.0,0.0,0.0,1.0,1.0,1.0,0.0,0.0,0.0,0.0,0.0,0.0,0.0,0.0,0.0,0.0,0.0,0.0,0.0,0.25,1.486178861788618e-05,1,0,0,0,0,0,0,0,0,0,0,0,0,0,0,0,0,0,0,0,0,0,0,0,0,0,0,0,0,0,0,0,0,0,0,0,0.0,0.0,0.0,0.0,0.0,0.0,0.0,0.0,0.0,0.4443236695004606,0.0,0.0,0.0,0.0,0.0,0.0,0.0,0.0,0.0,0.0,0.0,0.0,0.0,0.8958663274851029,0.0,0.0,0.0,0.0,0.0,0.0,0.0,0.0,0.0,0.0,0.0,0.0,0.0,0.0,0.0,0.0,0.0,0.0,0.0,0.0,0.0,0.0,0.0,0.0,0.0,0.0
3943,1.236789099409293,17.25,10,1,0,1,1,1,1,1,1,1,1,1,1,0.0,5.336289726533629e-07,0.0,0.0,0.0,0.0,0.0,0.0,0.0,0.0,0.0,0.0,0.0,0.0,0.0,0.0,1.0,1.0,1,0.0144917051122692,5,0.0,1.0,0.0,0.0,0.0,0.0,0.0,0.0,1.0,0.0,0.0,0.0,0.0,0.0,0.0,0.0,0.0,0.0,0.0,0.0,1.0,1.0,1.0,0.0,0.0,0.0,0.0,0.0,0.0,0.0,0.0,0.0,0.0,0.0,0.0,0.0,0.25,5.336289726533629e-07,0,1,0,0,0,0,0,0,0,0,0,0,0,0,0,0,0,0,0,0,0,0,0,0,0,0,0,0,0,0,0,0,0,0,0,0,0.0,0.0,0.0,0.0,0.0,0.0,0.0,0.0,0.0,0.5635474511460147,0.0,0.0,0.0,0.0,0.0,0.0,0.0,0.0,0.0,0.0,0.0,0.0,0.0,0.5681254680730522,0.0,0.0,0.5997063638428438,0.0,0.0,0.0,0.0,0.0,0.0,0.0,0.0,0.0,0.0,0.0,0.0,0.0,0.0,0.0,0.0,0.0,0.0,0.0,0.0,0.0,0.0,0.0
3944,2.689604800860389,489.33333333333275,10,1,0,1,1,1,1,1,1,1,1,1,1,0.0,6.37309682187731e-05,0.0,0.0,0.0,0.0,0.0,0.0,0.0,0.0,0.0,0.0,0.0,0.0,0.0,0.0,1.0,1.0,1,0.16094331555107,5,0.0,1.0,0.0,0.0,0.0,0.0,0.0,0.0,1.0,0.0,0.0,0.0,0.0,0.0,0.0,0.0,0.0,0.0,0.0,0.0,1.0,1.0,1.0,0.0,0.0,0.0,0.0,0.0,0.0,0.0,0.0,0.0,0.0,0.0,0.0,0.0,0.25,6.37309682187731e-05,1,0,0,0,0,0,0,0,0,0,0,0,0,0,0,0,0,0,0,0,0,0,0,0,0,0,0,0,0,0,0,0,0,0,0,0,0.0,0.0,0.0,0.0,0.0,0.0,0.0,0.0,0.0,0.4016843236724519,0.0,0.0,0.0,0.0,0.0,0.0,0.0,0.0,0.0,0.0,0.0,0.0,0.0,0.8098948684443286,0.0,0.0,0.4274576074692652,0.0,0.0,0.0,0.0,0.0,0.0,0.0,0.0,0.0,0.0,0.0,0.0,0.0,0.0,0.0,0.0,0.0,0.0,0.0,0.0,0.0,0.0,0.0
3965,1.2730012720637376,18.749999999999996,9,1,0,1,1,1,1,1,1,1,1,0,1,0.0,5.853658536585366e-07,0.0,0.0,0.0,0.0,0.0,0.0,0.0,0.0,0.0,0.0,0.0,0.0,0.0,0.0,1.0,1.0,1,0.16094331555107,5,0.0,1.0,0.0,0.0,0.0,0.0,0.0,0.0,1.0,0.0,0.0,0.0,0.0,0.0,0.0,0.0,0.0,0.0,0.0,0.0,1.0,1.0,1.0,0.0,0.0,0.0,0.0,0.0,0.0,0.0,0.0,0.0,0.0,0.0,0.0,0.0,0.25,5.853658536585366e-07,1,0,0,0,0,0,0,0,0,0,0,0,0,0,0,0,0,0,0,0,0,0,0,0,0,0,0,0,0,0,0,0,0,0,0,0,0.0,0.0,0.0,0.0,0.0,0.0,0.0,0.0,0.0,0.4016843236724519,0.0,0.0,0.0,0.0,0.0,0.0,0.0,0.0,0.0,0.0,0.0,0.0,0.0,0.8098948684443286,0.0,0.0,0.4274576074692652,0.0,0.0,0.0,0.0,0.0,0.0,0.0,0.0,0.0,0.0,0.0,0.0,0.0,0.0,0.0,0.0,0.0,0.0,0.0,0.0,0.0,0.0,0.0
3967,1.4107772333772095,25.749999999999982,9,1,0,1,1,1,1,1,1,0,1,1,1,0.0,9.02439024390244e-07,0.0,0.0,0.0,0.0,0.0,0.0,0.0,0.0,0.0,0.0,0.0,0.0,0.0,0.0,1.0,1.0,1,0.16094331555107,5,0.0,1.0,0.0,0.0,0.0,0.0,0.0,0.0,1.0,0.0,0.0,0.0,0.0,0.0,0.0,0.0,0.0,0.0,0.0,0.0,1.0,1.0,1.0,0.0,0.0,0.0,0.0,0.0,0.0,0.0,0.0,0.0,0.0,0.0,0.0,0.0,0.25,9.02439024390244e-07,1,0,0,0,0,0,0,0,0,0,0,0,0,0,0,0,0,0,0,0,0,0,0,0,0,0,0,0,0,0,0,0,0,0,0,0,0.0,0.0,0.0,0.0,0.0,0.0,0.0,0.0,0.0,0.4443236695004606,0.0,0.0,0.0,0.0,0.0,0.0,0.0,0.0,0.0,0.0,0.0,0.0,0.0,0.8958663274851029,0.0,0.0,0.0,0.0,0.0,0.0,0.0,0.0,0.0,0.0,0.0,0.0,0.0,0.0,0.0,0.0,0.0,0.0,0.0,0.0,0.0,0.0,0.0,0.0,0.0,0.0
3977,1.166331421766525,14.666666666666668,9,1,0,1,1,1,1,1,1,1,1,0,1,0.0,4.449371766444937e-07,0.0,0.0,0.0,0.0,0.0,0.0,0.0,0.0,0.0,0.0,0.0,0.0,0.0,0.0,1.0,1.0,1,0.16094331555107,5,0.0,1.0,0.0,0.0,0.0,0.0,0.0,0.0,1.0,0.0,0.0,0.0,0.0,0.0,0.0,0.0,0.0,0.0,0.0,0.0,1.0,1.0,1.0,0.0,0.0,0.0,0.0,0.0,0.0,0.0,0.0,0.0,0.0,0.0,0.0,0.0,0.25,4.449371766444937e-07,1,0,0,0,0,0,0,0,0,0,0,0,0,0,0,0,0,0,0,0,0,0,0,0,0,0,0,0,0,0,0,0,0,0,0,0,0.0,0.0,0.0,0.0,0.0,0.0,0.0,0.0,0.0,0.4994988666351123,0.0,0.0,0.0,0.0,0.0,0.0,0.0,0.0,0.0,0.0,0.0,0.0,0.0,0.5035565804298271,0.0,0.0,0.0,0.0,0.0,0.0,0.0,0.0,0.0,0.0,0.0,0.0,0.0,0.0,0.0,0.7049337930160942,0.0,0.0,0.0,0.0,0.0,0.0,0.0,0.0,0.0,0.0
3983,2.0390834800418545,109.41666666666666,10,1,1,1,1,1,1,1,1,1,1,0,1,0.0,7.342941611234294e-06,0.0,0.0,0.0,0.0,0.0,0.0,0.0,0.0,0.0,0.0,0.0,0.0,0.0,0.0,1.0,1.0,1,0.16094331555107,5,0.0,1.0,0.0,0.0,0.0,0.0,0.0,0.0,1.0,0.0,0.0,0.0,0.0,0.0,0.0,0.0,0.0,0.0,0.0,0.0,1.0,1.0,1.0,0.0,0.0,0.0,0.0,0.0,0.0,0.0,0.0,0.0,0.0,0.0,0.0,0.0,0.25,7.342941611234294e-06,1,0,0,0,0,0,0,0,0,0,0,0,0,0,0,0,0,0,0,0,0,0,0,0,0,0,0,0,0,0,0,0,0,0,0,0,0.0,0.0,0.0,0.0,0.0,0.0,0.0,0.0,0.0,0.7042405219590901,0.0,0.0,0.0,0.0,0.0,0.0,0.0,0.0,0.0,0.0,0.0,0.0,0.0,0.7099614688353081,0.0,0.0,0.0,0.0,0.0,0.0,0.0,0.0,0.0,0.0,0.0,0.0,0.0,0.0,0.0,0.0,0.0,0.0,0.0,0.0,0.0,0.0,0.0,0.0,0.0,0.0
3997,3.264050048516414,1836.7499999999998,7,1,0,0,1,1,0,0,1,1,1,1,1,0.0,0.0003704316334072,0.0,0.0,0.0,0.0,0.0,0.0,0.0,0.0,0.0,0.0,0.0,0.0,0.0,0.0,1.0,1.0,1,0.0248934068468906,5,0.0,1.0,0.0,0.0,0.0,0.0,0.0,0.0,1.0,0.0,0.0,0.0,0.0,0.0,0.0,0.0,0.0,0.0,0.0,0.0,1.0,1.0,1.0,0.0,0.0,0.0,0.0,0.0,0.0,0.0,0.0,0.0,0.0,0.0,0.0,0.0,0.25,0.0003704316334072,0,0,0,0,0,1,0,0,0,0,0,0,0,0,0,0,0,0,0,0,0,0,0,0,0,0,0,0,0,0,0,0,0,0,0,0,0.0,0.0,0.0,0.0,0.0,0.0,0.0,0.0,0.0,0.7042405219590901,0.0,0.0,0.0,0.0,0.0,0.0,0.0,0.0,0.0,0.0,0.0,0.0,0.0,0.7099614688353081,0.0,0.0,0.0,0.0,0.0,0.0,0.0,0.0,0.0,0.0,0.0,0.0,0.0,0.0,0.0,0.0,0.0,0.0,0.0,0.0,0.0,0.0,0.0,0.0,0.0,0.0
4034,2.039414119176137,109.49999999999991,6,1,0,0,1,1,0,1,0,1,1,0,1,0.0,7.515151515151515e-06,0.0,0.0,0.0,0.0,0.0,0.0,0.0,0.0,0.0,0.0,0.0,0.0,0.0,0.0,1.0,1.0,1,0.0042216928146581,5,0.0,1.0,0.0,0.0,0.0,0.0,0.0,0.0,1.0,0.0,0.0,0.0,0.0,0.0,0.0,0.0,0.0,0.0,0.0,0.0,1.0,1.0,1.0,0.0,0.0,0.0,0.0,0.0,0.0,0.0,0.0,0.0,0.0,0.0,0.0,0.0,0.25,7.515151515151515e-06,0,0,0,0,0,0,0,0,0,0,0,0,0,0,0,0,0,0,0,0,0,0,0,0,0,0,0,0,0,0,0,0,0,0,0,0,0.0,0.0,0.0,0.0,0.0,0.3621465775896105,0.0,0.0,0.0,0.6564374920285565,0.0,0.0,0.0,0.0,0.0,0.0,0.0,0.0,0.0,0.0,0.0,0.0,0.0,0.6617701076653364,0.0,0.0,0.0,0.0,0.0,0.0,0.0,0.0,0.0,0.0,0.0,0.0,0.0,0.0,0.0,0.0,0.0,0.0,0.0,0.0,0.0,0.0,0.0,0.0,0.0,0.0
4039,3.069112851387121,1172.5,6,1,0,0,0,1,0,1,1,1,1,1,0,0.0,0.0002011352549889,0.0,0.0,0.0,0.0,0.0,0.0,0.0,0.0,0.0,0.0,0.0,0.0,0.0,0.0,1.0,1.0,249,1.0,5,0.0,1.0,0.0,0.0,0.0,0.0,0.0,0.0,1.0,0.0,0.0,0.0,0.0,0.0,0.0,0.0,0.0,0.0,0.0,0.0,1.0,1.0,1.0,0.0,0.0,0.0,0.0,0.0,0.0,0.0,0.0,0.0,0.0,0.0,0.0,0.0,0.25,0.0002011352549889,0,0,0,0,0,0,0,0,0,0,0,0,0,0,0,0,0,0,0,0,0,0,0,0,0,0,0,0,0,0,0,0,0,0,0,0,0.0,0.0,0.0,0.0,0.0,0.4051929818961453,0.0,0.0,0.0,0.3672323325458765,0.0,0.0,0.0,0.0,0.0,0.0,0.0,0.0,0.0,0.0,0.0,0.0,0.0,0.7404311398974917,0.0,0.0,0.3907950721607501,0.0,0.0,0.0,0.0,0.0,0.0,0.0,0.0,0.0,0.0,0.0,0.0,0.0,0.0,0.0,0.0,0.0,0.0,0.0,0.0,0.0,0.0,0.0
4044,2.010723865391773,102.49999999999996,4,1,1,0,0,1,0,0,0,1,1,0,0,0.0,9.940872135994087e-06,0.0,0.0,0.0,0.0,0.0,0.0,0.0,0.0,0.0,0.0,0.0,0.0,0.0,0.0,1.0,1.0,1,0.0144917051122692,5,0.0,1.0,0.0,0.0,0.0,0.0,0.0,0.0,1.0,0.0,0.0,0.0,0.0,0.0,0.0,0.0,0.0,0.0,0.0,0.0,1.0,1.0,1.0,0.0,0.0,0.0,0.0,0.0,0.0,0.0,0.0,0.0,0.0,0.0,0.0,0.0,0.25,9.940872135994087e-06,0,1,0,0,0,0,0,0,0,0,0,0,0,0,0,0,0,0,0,0,0,0,0,0,0,0,0,0,0,0,0,0,0,0,0,0,0.0,0.0,0.0,0.0,0.0,0.0,0.0,0.0,0.0,0.3494408112995332,0.0,0.0,0.0,0.0,0.0,0.0,0.0,0.0,0.0,0.0,0.0,0.0,0.0,0.7045590360834989,0.0,0.0,0.3718619929813844,0.0,0.0,0.0,0.0,0.0,0.0,0.0,0.0,0.0,0.0,0.0,0.0,0.4931595504979374,0.0,0.0,0.0,0.0,0.0,0.0,0.0,0.0,0.0,0.0
4047,2.5819686111971616,381.9166666666665,3,1,0,0,0,1,0,0,0,1,1,0,0,0.0,6.621433850702143e-05,0.0,0.0,0.0,0.0,0.0,0.0,0.0,0.0,0.0,0.0,0.0,0.0,0.0,0.0,1.0,1.0,1,0.16094331555107,5,0.0,1.0,0.0,0.0,0.0,0.0,0.0,0.0,1.0,0.0,0.0,0.0,0.0,0.0,0.0,0.0,0.0,0.0,0.0,0.0,1.0,1.0,1.0,0.0,0.0,0.0,0.0,0.0,0.0,0.0,0.0,0.0,0.0,0.0,0.0,0.0,0.25,6.621433850702143e-05,1,0,0,0,0,0,0,0,0,0,0,0,0,0,0,0,0,0,0,0,0,0,0,0,0,0,0,0,0,0,0,0,0,0,0,0,0.0,0.0,0.0,0.0,0.0,0.0,0.0,0.0,0.0,0.8065594108417231,0.0,0.0,0.0,0.0,0.0,0.0,0.0,0.0,0.0,0.0,0.0,0.0,0.0,0.4065557761652025,0.0,0.0,0.4291553537465917,0.0,0.0,0.0,0.0,0.0,0.0,0.0,0.0,0.0,0.0,0.0,0.0,0.0,0.0,0.0,0.0,0.0,0.0,0.0,0.0,0.0,0.0,0.0
4048,2.8766988401777507,752.8333333333335,4,1,1,0,0,1,0,0,0,1,1,0,0,0.0,0.0001634641537324,0.0,0.0,0.0,0.0,0.0,0.0,0.0,0.0,0.0,0.0,0.0,0.0,0.0,0.0,1.0,1.0,1,0.16094331555107,5,0.0,1.0,0.0,0.0,0.0,0.0,0.0,0.0,1.0,0.0,0.0,0.0,0.0,0.0,0.0,0.0,0.0,0.0,0.0,0.0,1.0,1.0,1.0,0.0,0.0,0.0,0.0,0.0,0.0,0.0,0.0,0.0,0.0,0.0,0.0,0.0,0.25,0.0001634641537324,1,0,0,0,0,0,0,0,0,0,0,0,0,0,0,0,0,0,0,0,0,0,0,0,0,0,0,0,0,0,0,0,0,0,0,0,0.0,0.0,0.0,0.0,0.0,0.0,0.0,0.0,0.0,0.4443236695004606,0.0,0.0,0.0,0.0,0.0,0.0,0.0,0.0,0.0,0.0,0.0,0.0,0.0,0.8958663274851029,0.0,0.0,0.0,0.0,0.0,0.0,0.0,0.0,0.0,0.0,0.0,0.0,0.0,0.0,0.0,0.0,0.0,0.0,0.0,0.0,0.0,0.0,0.0,0.0,0.0,0.0
4050,1.8716702128409215,74.41666666666664,4,1,1,0,0,1,0,0,0,1,1,0,0,0.0,6.411677753141167e-06,0.0,0.0,0.0,0.0,0.0,0.0,0.0,0.0,0.0,0.0,0.0,0.0,0.0,0.0,1.0,1.0,1,0.0144917051122692,5,0.0,1.0,0.0,0.0,0.0,0.0,0.0,0.0,1.0,0.0,0.0,0.0,0.0,0.0,0.0,0.0,0.0,0.0,0.0,0.0,1.0,1.0,1.0,0.0,0.0,0.0,0.0,0.0,0.0,0.0,0.0,0.0,0.0,0.0,0.0,0.0,0.25,6.411677753141167e-06,0,1,0,0,0,0,0,0,0,0,0,0,0,0,0,0,0,0,0,0,0,0,0,0,0,0,0,0,0,0,0,0,0,0,0,0,0.0,0.0,0.0,0.0,0.0,0.0,0.0,0.0,0.0,0.4655498766658807,0.0,0.0,0.0,0.0,0.0,0.0,0.0,0.0,0.0,0.0,0.0,0.0,0.0,0.4693318034786495,0.7503272423282135,0.0,0.0,0.0,0.0,0.0,0.0,0.0,0.0,0.0,0.0,0.0,0.0,0.0,0.0,0.0,0.0,0.0,0.0,0.0,0.0,0.0,0.0,0.0,0.0,0.0
4061,2.5138831856110926,326.4999999999999,8,1,0,0,1,1,0,1,1,1,1,1,1,0.0,3.5882483370288247e-05,0.0,0.0,0.0,0.0,0.0,0.0,0.0,0.0,0.0,0.0,0.0,0.0,0.0,0.0,1.0,1.0,1,0.16094331555107,5,0.0,1.0,0.0,0.0,0.0,0.0,0.0,0.0,0.0,1.0,0.0,0.0,0.0,0.0,0.0,0.0,0.0,0.0,0.0,0.0,1.0,1.0,1.0,0.0,0.0,0.0,0.0,0.0,0.0,0.0,0.0,0.0,0.0,0.0,0.0,0.0,0.25,3.5882483370288247e-05,1,0,0,0,0,0,0,0,0,0,0,0,0,0,0,0,0,0,0,0,0,0,0,0,0,0,0,0,0,0,0,0,0,0,0,0,0.0,0.0,0.0,0.0,0.0,0.0,0.0,0.4523526532957623,0.0,0.7963870907657175,0.0,0.0,0.0,0.0,0.0,0.0,0.0,0.0,0.0,0.0,0.0,0.0,0.0,0.4014282983522719,0.0,0.0,0.0,0.0,0.0,0.0,0.0,0.0,0.0,0.0,0.0,0.0,0.0,0.0,0.0,0.0,0.0,0.0,0.0,0.0,0.0,0.0,0.0,0.0,0.0,0.0
4074,1.044670394919461,11.083333333333332,9,1,0,0,1,1,1,1,1,1,1,1,1,0.0,2.9933481152993346e-07,0.0,0.0,0.0,0.0,0.0,0.0,0.0,0.0,0.0,0.0,0.0,0.0,0.0,0.0,1.0,1.0,1,0.16094331555107,5,0.0,1.0,0.0,0.0,0.0,0.0,0.0,0.0,0.0,1.0,0.0,0.0,0.0,0.0,0.0,0.0,0.0,0.0,0.0,0.0,1.0,1.0,1.0,0.0,0.0,0.0,0.0,0.0,0.0,0.0,0.0,0.0,0.0,0.0,0.0,0.0,0.25,2.9933481152993346e-07,1,0,0,0,0,0,0,0,0,0,0,0,0,0,0,0,0,0,0,0,0,0,0,0,0,0,0,0,0,0,0,0,0,0,0,0,0.0,0.0,0.0,0.0,0.0,0.0,0.0,0.0,0.0,0.5810939871877168,0.0,0.0,0.0,0.0,0.0,0.0,0.0,0.3300186118668733,0.0,0.0,0.0,0.0,0.4585180620064731,0.5858145446210531,0.0,0.0,0.0,0.0,0.0,0.0,0.0,0.0,0.0,0.0,0.0,0.0,0.0,0.0,0.0,0.0,0.0,0.0,0.0,0.0,0.0,0.0,0.0,0.0,0.0,0.0
4075,2.2924406811283964,196.08333333333331,2,1,0,0,0,1,0,0,0,0,1,0,0,0.0,1.6374722838137473e-05,0.0,0.0,0.0,0.0,0.0,0.0,0.0,0.0,0.0,0.0,0.0,0.0,0.0,0.0,1.0,1.0,1,0.16094331555107,5,0.0,1.0,0.0,0.0,0.0,0.0,0.0,0.0,0.0,1.0,0.0,0.0,0.0,0.0,0.0,0.0,0.0,0.0,0.0,0.0,1.0,1.0,1.0,0.0,0.0,0.0,0.0,0.0,0.0,0.0,0.0,0.0,0.0,0.0,0.0,0.0,0.25,1.6374722838137473e-05,1,0,0,0,0,0,0,0,0,0,0,0,0,0,0,0,0,0,0,0,0,0,0,0,0,0,0,0,0,0,0,0,0,0,0,0,0.0,0.0,0.0,0.0,0.0,0.0,0.0,0.3494920322248278,0.0,0.6152963639352139,0.0,0.0,0.0,0.0,0.0,0.0,0.0,0.0,0.0,0.3383786433495137,0.0,0.0,0.0,0.6202947667556185,0.0,0.0,0.0,0.0,0.0,0.0,0.0,0.0,0.0,0.0,0.0,0.0,0.0,0.0,0.0,0.0,0.0,0.0,0.0,0.0,0.0,0.0,0.0,0.0,0.0,0.0
4078,1.5471591213274176,35.25000000000001,10,1,1,0,1,1,1,1,1,1,1,1,1,0.0,1.4464153732446415e-06,0.0,0.0,0.0,0.0,0.0,0.0,0.0,0.0,0.0,0.0,0.0,0.0,0.0,0.0,1.0,1.0,1,0.16094331555107,5,0.0,1.0,0.0,0.0,0.0,0.0,0.0,0.0,0.0,1.0,0.0,0.0,0.0,0.0,0.0,0.0,0.0,0.0,0.0,0.0,1.0,1.0,1.0,0.0,0.0,0.0,0.0,0.0,0.0,0.0,0.0,0.0,0.0,0.0,0.0,0.0,0.25,1.4464153732446415e-06,1,0,0,0,0,0,0,0,0,0,0,0,0,0,0,0,0,0,0,0,0,0,0,0,0,0,0,0,0,0,0,0,0,0,0,0,0.0,0.0,0.0,0.0,0.0,0.0,0.0,0.0,0.0,0.7372843937968651,0.0,0.0,0.0,0.0,0.0,0.0,0.0,0.0,0.0,0.4054652482263333,0.0,0.0,0.0,0.3716368874324582,0.0,0.0,0.3922953976837626,0.0,0.0,0.0,0.0,0.0,0.0,0.0,0.0,0.0,0.0,0.0,0.0,0.0,0.0,0.0,0.0,0.0,0.0,0.0,0.0,0.0,0.0,0.0
4094,0.870208760597288,7.416666666666668,8,1,0,0,1,1,1,1,1,1,1,0,1,0.0,1.0790835181079085e-07,0.0,0.0,0.0,0.0,0.0,0.0,0.0,0.0,0.0,0.0,0.0,0.0,0.0,0.0,1.0,1.0,1,0.16094331555107,5,0.0,1.0,0.0,0.0,0.0,0.0,0.0,0.0,0.0,1.0,0.0,0.0,0.0,0.0,0.0,0.0,0.0,0.0,0.0,0.0,1.0,1.0,1.0,0.0,0.0,0.0,0.0,0.0,0.0,0.0,0.0,0.0,0.0,0.0,0.0,0.0,0.25,1.0790835181079085e-07,1,0,0,0,0,0,0,0,0,0,0,0,0,0,0,0,0,0,0,0,0,0,0,0,0,0,0,0,0,0,0,0,0,0,0,0,0.0,0.0,0.0,0.0,0.0,0.0,0.0,0.0,0.0,0.4016843236724519,0.0,0.0,0.0,0.0,0.0,0.0,0.0,0.0,0.0,0.0,0.0,0.0,0.0,0.8098948684443286,0.0,0.0,0.4274576074692652,0.0,0.0,0.0,0.0,0.0,0.0,0.0,0.0,0.0,0.0,0.0,0.0,0.0,0.0,0.0,0.0,0.0,0.0,0.0,0.0,0.0,0.0,0.0
4125,2.179456036676452,151.16666666666686,9,1,1,0,1,1,1,1,1,1,1,0,1,0.0,1.1780487804878048e-05,0.0,0.0,0.0,0.0,0.0,0.0,0.0,0.0,0.0,0.0,0.0,0.0,0.0,0.0,1.0,1.0,1,0.16094331555107,5,0.0,1.0,0.0,0.0,0.0,0.0,0.0,0.0,0.0,1.0,0.0,0.0,0.0,0.0,0.0,0.0,0.0,0.0,0.0,0.0,1.0,1.0,1.0,0.0,0.0,0.0,0.0,0.0,0.0,0.0,0.0,0.0,0.0,0.0,0.0,0.0,0.25,1.1780487804878048e-05,1,0,0,0,0,0,0,0,0,0,0,0,0,0,0,0,0,0,0,0,0,0,0,0,0,0,0,0,0,0,0,0,0,0,0,0,0.0,0.0,0.0,0.0,0.0,0.0,0.0,0.0,0.0,0.1723974412745145,0.0,0.0,0.0,0.0,0.0,0.0,0.0,0.0,0.0,0.0,0.0,0.0,0.0,0.3475958477658096,0.0,0.9216595080928576,0.0,0.0,0.0,0.0,0.0,0.0,0.0,0.0,0.0,0.0,0.0,0.0,0.0,0.0,0.0,0.0,0.0,0.0,0.0,0.0,0.0,0.0,0.0,0.0
4138,1.762803558542489,57.916666666666664,8,1,0,1,1,1,0,0,1,1,1,1,1,0.0,3.0532150776053213e-06,0.0,0.0,0.0,0.0,0.0,0.0,0.0,0.0,0.0,0.0,0.0,0.0,0.0,0.0,1.0,1.0,1,0.16094331555107,5,0.0,1.0,0.0,0.0,0.0,0.0,0.0,0.0,0.0,1.0,0.0,0.0,0.0,0.0,0.0,0.0,0.0,0.0,0.0,0.0,1.0,1.0,1.0,0.0,0.0,0.0,0.0,0.0,0.0,0.0,0.0,0.0,0.0,0.0,0.0,0.0,0.25,3.0532150776053213e-06,1,0,0,0,0,0,0,0,0,0,0,0,0,0,0,0,0,0,0,0,0,0,0,0,0,0,0,0,0,0,0,0,0,0,0,0,0.0,0.0,0.0,0.0,0.0,0.0,0.0,0.0,0.0,0.5823131196553365,0.0,0.0,0.0,0.0,0.0,0.0,0.0,0.0,0.3735780492410908,0.0,0.0,0.0,0.0,0.5870435807960921,0.0,0.0,0.0,0.0,0.0,0.0,0.0,0.0,0.0,0.4203935133283968,0.0,0.0,0.0,0.0,0.0,0.0,0.0,0.0,0.0,0.0,0.0,0.0,0.0,0.0,0.0,0.0
4158,1.8911656301824684,77.83333333333331,9,1,0,0,1,1,1,1,1,1,1,1,1,0.0,4.687361419068736e-06,0.0,0.0,0.0,0.0,0.0,0.0,0.0,0.0,0.0,0.0,0.0,0.0,0.0,0.0,1.0,1.0,1,0.16094331555107,5,0.0,1.0,0.0,0.0,0.0,0.0,0.0,0.0,0.0,1.0,0.0,0.0,0.0,0.0,0.0,0.0,0.0,0.0,0.0,0.0,1.0,1.0,1.0,0.0,0.0,0.0,0.0,0.0,0.0,0.0,0.0,0.0,0.0,0.0,0.0,0.0,0.25,4.687361419068736e-06,1,0,0,0,0,0,0,0,0,0,0,0,0,0,0,0,0,0,0,0,0,0,0,0,0,0,0,0,0,0,0,0,0,0,0,0,0.0,0.0,0.0,0.0,0.0,0.0,0.0,0.0,0.0,0.2280550488279563,0.0,0.0,0.0,0.0,0.0,0.0,0.0,0.0,0.2926135695213471,0.0,0.0,0.3403176799112342,0.0,0.6897230096507113,0.0,0.0,0.0,0.0,0.0,0.0,0.0,0.0,0.0,0.0,0.0,0.0,0.0,0.3771691778767468,0.0,0.0,0.0,0.0,0.0,0.3585772602857471,0.0,0.0,0.0,0.0,0.0,0.0
4165,2.204119982655925,160.00000000000009,10,1,1,0,1,1,1,1,1,1,1,1,1,0.0,1.2679970436067998e-05,0.0,0.0,0.0,0.0,0.0,0.0,0.0,0.0,0.0,0.0,0.0,0.0,0.0,0.0,1.0,1.0,1,0.16094331555107,5,0.0,1.0,0.0,0.0,0.0,0.0,0.0,0.0,0.0,1.0,0.0,0.0,0.0,0.0,0.0,0.0,0.0,0.0,0.0,0.0,1.0,1.0,1.0,0.0,0.0,0.0,0.0,0.0,0.0,0.0,0.0,0.0,0.0,0.0,0.0,0.0,0.25,1.2679970436067998e-05,1,0,0,0,0,0,0,0,0,0,0,0,0,0,0,0,0,0,0,0,0,0,0,0,0,0,0,0,0,0,0,0,0,0,0,0,0.0,0.0,0.0,0.0,0.0,0.0,0.0,0.0,0.0,0.3570518383385618,0.0,0.0,0.0,0.0,0.0,0.0,0.0,0.0,0.4581271647233884,0.0,0.0,0.0,0.0,0.7199047475769023,0.0,0.0,0.3799613665858669,0.0,0.0,0.0,0.0,0.0,0.0,0.0,0.0,0.0,0.0,0.0,0.0,0.0,0.0,0.0,0.0,0.0,0.0,0.0,0.0,0.0,0.0,0.0
4169,2.4119001673755625,258.16666666666674,8,1,1,0,0,1,1,1,1,1,1,1,0,0.0,2.505838876570584e-05,0.0,0.0,0.0,0.0,0.0,0.0,0.0,0.0,0.0,0.0,0.0,0.0,0.0,0.0,1.0,1.0,1,0.16094331555107,5,0.0,1.0,0.0,0.0,0.0,0.0,0.0,0.0,0.0,1.0,0.0,0.0,0.0,0.0,0.0,0.0,0.0,0.0,0.0,0.0,1.0,1.0,1.0,0.0,0.0,0.0,0.0,0.0,0.0,0.0,0.0,0.0,0.0,0.0,0.0,0.0,0.25,2.505838876570584e-05,1,0,0,0,0,0,0,0,0,0,0,0,0,0,0,0,0,0,0,0,0,0,0,0,0,0,0,0,0,0,0,0,0,0,0,0,0.0,0.0,0.0,0.0,0.0,0.0,0.0,0.0,0.0,0.424285906512247,0.0,0.0,0.0,0.0,0.5836620444492729,0.0,0.0,0.0,0.5443940585407023,0.0,0.0,0.0,0.0,0.4277326225926171,0.0,0.0,0.0,0.0,0.0,0.0,0.0,0.0,0.0,0.0,0.0,0.0,0.0,0.0,0.0,0.0,0.0,0.0,0.0,0.0,0.0,0.0,0.0,0.0,0.0,0.0
4177,2.110028243534681,128.8333333333333,5,1,0,0,0,1,0,0,1,1,1,0,1,0.0,9.492978566149295e-06,0.0,0.0,0.0,0.0,0.0,0.0,0.0,0.0,0.0,0.0,0.0,0.0,0.0,0.0,1.0,1.0,1,0.16094331555107,5,0.0,1.0,0.0,0.0,0.0,0.0,0.0,0.0,0.0,1.0,0.0,0.0,0.0,0.0,0.0,0.0,0.0,0.0,0.0,0.0,1.0,1.0,1.0,0.0,0.0,0.0,0.0,0.0,0.0,0.0,0.0,0.0,0.0,0.0,0.0,0.0,0.25,9.492978566149295e-06,1,0,0,0,0,0,0,0,0,0,0,0,0,0,0,0,0,0,0,0,0,0,0,0,0,0,0,0,0,0,0,0,0,0,0,0,0.0,0.0,0.0,0.0,0.0,0.0,0.0,0.0,0.0,0.3314591434689233,0.0,0.0,0.0,0.0,0.0,0.0,0.0,0.0,0.4252896115187449,0.0,0.0,0.0,0.0,0.6683035497629602,0.0,0.0,0.0,0.0,0.0,0.5124782414106077,0.0,0.0,0.0,0.0,0.0,0.0,0.0,0.0,0.0,0.0,0.0,0.0,0.0,0.0,0.0,0.0,0.0,0.0,0.0,0.0
4183,2.48737408483543,307.1666666666667,6,1,0,0,1,1,1,1,0,0,1,0,1,0.0,3.281522542498152e-05,0.0,0.0,0.0,0.0,0.0,0.0,0.0,0.0,0.0,0.0,0.0,0.0,0.0,0.0,1.0,1.0,1,0.16094331555107,5,0.0,1.0,0.0,0.0,0.0,0.0,0.0,0.0,0.0,1.0,0.0,0.0,0.0,0.0,0.0,0.0,0.0,0.0,0.0,0.0,1.0,1.0,1.0,0.0,0.0,0.0,0.0,0.0,0.0,0.0,0.0,0.0,0.0,0.0,0.0,0.0,0.25,3.281522542498152e-05,1,0,0,0,0,0,0,0,0,0,0,0,0,0,0,0,0,0,0,0,0,0,0,0,0,0,0,0,0,0,0,0,0,0,0,0,0.0,0.0,0.0,0.0,0.0,0.3621465775896105,0.0,0.0,0.0,0.6564374920285565,0.0,0.0,0.0,0.0,0.0,0.0,0.0,0.0,0.0,0.0,0.0,0.0,0.0,0.6617701076653364,0.0,0.0,0.0,0.0,0.0,0.0,0.0,0.0,0.0,0.0,0.0,0.0,0.0,0.0,0.0,0.0,0.0,0.0,0.0,0.0,0.0,0.0,0.0,0.0,0.0,0.0
4184,2.235317981925527,171.9166666666667,9,1,0,0,1,1,1,1,1,1,1,1,1,0.0,1.3896526237989652e-05,0.0,0.0,0.0,0.0,0.0,0.0,0.0,0.0,0.0,0.0,0.0,0.0,0.0,0.0,1.0,1.0,1,0.16094331555107,5,0.0,1.0,0.0,0.0,0.0,0.0,0.0,0.0,0.0,1.0,0.0,0.0,0.0,0.0,0.0,0.0,0.0,0.0,0.0,0.0,1.0,1.0,1.0,0.0,0.0,0.0,0.0,0.0,0.0,0.0,0.0,0.0,0.0,0.0,0.0,0.0,0.25,1.3896526237989652e-05,1,0,0,0,0,0,0,0,0,0,0,0,0,0,0,0,0,0,0,0,0,0,0,0,0,0,0,0,0,0,0,0,0,0,0,0,0.0,0.0,0.0,0.0,0.0,0.0,0.0,0.0,0.0,0.2657041868831451,0.0,0.0,0.0,0.0,0.0,0.0,0.0,0.0,0.0,0.0,0.0,0.0,0.0,0.5357253066622234,0.0,0.0,0.2827525729190537,0.0,0.0,0.0,0.0,0.0,0.0,0.0,0.0,0.0,0.0,0.0,0.0,0.7499671082001454,0.0,0.0,0.0,0.0,0.0,0.0,0.0,0.0,0.0,0.0
4186,2.804877401046314,638.0833333333336,4,1,0,0,1,1,0,0,0,0,1,0,1,0.0,9.138950480413896e-05,0.0,0.0,0.0,0.0,0.0,0.0,0.0,0.0,0.0,0.0,0.0,0.0,0.0,0.0,1.0,1.0,1,0.16094331555107,5,0.0,1.0,0.0,0.0,0.0,0.0,0.0,0.0,0.0,1.0,0.0,0.0,0.0,0.0,0.0,0.0,0.0,0.0,0.0,0.0,1.0,1.0,1.0,0.0,0.0,0.0,0.0,0.0,0.0,0.0,0.0,0.0,0.0,0.0,0.0,0.0,0.25,9.138950480413896e-05,1,0,0,0,0,0,0,0,0,0,0,0,0,0,0,0,0,0,0,0,0,0,0,0,0,0,0,0,0,0,0,0,0,0,0,0,0.0,0.0,0.0,0.0,0.0,0.0,0.0,0.0,0.0,0.5327410966629286,0.0,0.0,0.0,0.0,0.0,0.0,0.0,0.0,0.3417755378063503,0.0,0.0,0.0,0.0,0.537068856026034,0.0,0.0,0.0,0.0,0.0,0.4118429461436377,0.0,0.0,0.0,0.0,0.0,0.0,0.0,0.0,0.0,0.3759239780622885,0.0,0.0,0.0,0.0,0.0,0.0,0.0,0.0,0.0,0.0
4188,2.089905111439398,123.00000000000003,2,1,0,0,0,1,0,0,0,0,1,0,0,0.0,8.89209164818921e-06,0.0,0.0,0.0,0.0,0.0,0.0,0.0,0.0,0.0,0.0,0.0,0.0,0.0,0.0,1.0,1.0,1,0.16094331555107,5,0.0,1.0,0.0,0.0,0.0,0.0,0.0,0.0,0.0,1.0,0.0,0.0,0.0,0.0,0.0,0.0,0.0,0.0,0.0,0.0,1.0,1.0,1.0,0.0,0.0,0.0,0.0,0.0,0.0,0.0,0.0,0.0,0.0,0.0,0.0,0.0,0.25,8.89209164818921e-06,1,0,0,0,0,0,0,0,0,0,0,0,0,0,0,0,0,0,0,0,0,0,0,0,0,0,0,0,0,0,0,0,0,0,0,0,0.0,0.0,0.0,0.0,0.0,0.0,0.0,0.0,0.0,0.365444330088324,0.0,0.0,0.0,0.0,0.0,0.0,0.0,0.4150909601183273,0.0,0.0,0.0,0.0,0.0,0.7368260850576658,0.0,0.0,0.3888923460457081,0.0,0.0,0.0,0.0,0.0,0.0,0.0,0.0,0.0,0.0,0.0,0.0,0.0,0.0,0.0,0.0,0.0,0.0,0.0,0.0,0.0,0.0,0.0
4193,2.9779140435650424,950.4166666666664,3,1,0,0,0,1,0,0,0,0,1,0,1,0.0,0.0001533658536585,0.0,0.0,0.0,0.0,0.0,0.0,0.0,0.0,0.0,0.0,0.0,0.0,0.0,0.0,1.0,1.0,1,0.16094331555107,5,0.0,1.0,0.0,0.0,0.0,0.0,0.0,0.0,0.0,1.0,0.0,0.0,0.0,0.0,0.0,0.0,0.0,0.0,0.0,0.0,1.0,1.0,1.0,0.0,0.0,0.0,0.0,0.0,0.0,0.0,0.0,0.0,0.0,0.0,0.0,0.0,0.25,0.0001533658536585,1,0,0,0,0,0,0,0,0,0,0,0,0,0,0,0,0,0,0,0,0,0,0,0,0,0,0,0,0,0,0,0,0,0,0,0,0.0,0.0,0.0,0.0,0.0,0.0,0.0,0.0,0.0,0.3180259485011579,0.0,0.0,0.0,0.0,0.0,0.0,0.0,0.0,0.4080537066361507,0.0,0.0,0.0,0.0,0.6412189088396144,0.0,0.5667362521728879,0.0,0.0,0.0,0.0,0.0,0.0,0.0,0.0,0.0,0.0,0.0,0.0,0.0,0.0,0.0,0.0,0.0,0.0,0.0,0.0,0.0,0.0,0.0,0.0
4208,2.53959877845859,346.4166666666666,10,1,1,0,1,1,1,1,1,1,1,1,1,0.0,3.919068736141907e-05,0.0,0.0,0.0,0.0,0.0,0.0,0.0,0.0,0.0,0.0,0.0,0.0,0.0,0.0,1.0,1.0,1,0.16094331555107,5,0.0,1.0,0.0,0.0,0.0,0.0,0.0,0.0,0.0,1.0,0.0,0.0,0.0,0.0,0.0,0.0,0.0,0.0,0.0,0.0,1.0,1.0,1.0,0.0,0.0,0.0,0.0,0.0,0.0,0.0,0.0,0.0,0.0,0.0,0.0,0.0,0.25,3.919068736141907e-05,1,0,0,0,0,0,0,0,0,0,0,0,0,0,0,0,0,0,0,0,0,0,0,0,0,0,0,0,0,0,0,0,0,0,0,0,0.0,0.0,0.0,0.0,0.0,0.0,0.0,0.0,0.0,0.4205419600329504,0.0,0.0,0.0,0.0,0.0,0.0,0.0,0.0,0.5395902642417638,0.0,0.0,0.0,0.0,0.4239582619036184,0.0,0.0,0.0,0.0,0.0,0.0,0.0,0.0,0.0,0.0,0.0,0.0,0.0,0.0,0.0,0.5935033266552183,0.0,0.0,0.0,0.0,0.0,0.0,0.0,0.0,0.0,0.0
4210,2.2836780569110555,192.1666666666667,6,1,0,0,1,1,0,1,0,1,1,1,0,0.0,1.5971914264597193e-05,0.0,0.0,0.0,0.0,0.0,0.0,0.0,0.0,0.0,0.0,0.0,0.0,0.0,0.0,1.0,1.0,1,0.16094331555107,5,0.0,1.0,0.0,0.0,0.0,0.0,0.0,0.0,0.0,1.0,0.0,0.0,0.0,0.0,0.0,0.0,0.0,0.0,0.0,0.0,1.0,1.0,1.0,0.0,0.0,0.0,0.0,0.0,0.0,0.0,0.0,0.0,0.0,0.0,0.0,0.0,0.25,1.5971914264597193e-05,1,0,0,0,0,0,0,0,0,0,0,0,0,0,0,0,0,0,0,0,0,0,0,0,0,0,0,0,0,0,0,0,0,0,0,0,0.0,0.0,0.0,0.0,0.0,0.0,0.0,0.447964697928719,0.0,0.3943309494815093,0.0,0.0,0.0,0.0,0.0,0.0,0.0,0.0,0.0,0.0,0.0,0.0,0.0,0.3975343243843857,0.0,0.0,0.4196324185006021,0.0,0.0,0.0,0.0,0.0,0.0,0.0,0.0,0.0,0.0,0.0,0.0,0.5565121975035484,0.0,0.0,0.0,0.0,0.0,0.0,0.0,0.0,0.0,0.0
4212,2.0089548426529262,102.08333333333329,8,1,0,0,1,1,1,1,1,1,1,0,1,0.0,6.840354767184035e-06,0.0,0.0,0.0,0.0,0.0,0.0,0.0,0.0,0.0,0.0,0.0,0.0,0.0,0.0,1.0,1.0,1,0.16094331555107,5,0.0,1.0,0.0,0.0,0.0,0.0,0.0,0.0,0.0,1.0,0.0,0.0,0.0,0.0,0.0,0.0,0.0,0.0,0.0,0.0,1.0,1.0,1.0,0.0,0.0,0.0,0.0,0.0,0.0,0.0,0.0,0.0,0.0,0.0,0.0,0.0,0.25,6.840354767184035e-06,1,0,0,0,0,0,0,0,0,0,0,0,0,0,0,0,0,0,0,0,0,0,0,0,0,0,0,0,0,0,0,0,0,0,0,0,0.0,0.0,0.0,0.0,0.0,0.0,0.0,0.4506077329462029,0.0,0.396657540198984,0.0,0.0,0.0,0.0,0.0,0.0,0.0,0.0,0.0,0.0,0.0,0.0,0.0,0.7997596306468431,0.0,0.0,0.0,0.0,0.0,0.0,0.0,0.0,0.0,0.0,0.0,0.0,0.0,0.0,0.0,0.0,0.0,0.0,0.0,0.0,0.0,0.0,0.0,0.0,0.0,0.0
4214,2.32871929409501,213.16666666666657,9,1,0,0,1,1,1,1,1,1,1,1,1,0.0,1.8123429416112344e-05,0.0,0.0,0.0,0.0,0.0,0.0,0.0,0.0,0.0,0.0,0.0,0.0,0.0,0.0,1.0,1.0,1,0.16094331555107,5,0.0,1.0,0.0,0.0,0.0,0.0,0.0,0.0,0.0,1.0,0.0,0.0,0.0,0.0,0.0,0.0,0.0,0.0,0.0,0.0,1.0,1.0,1.0,0.0,0.0,0.0,0.0,0.0,0.0,0.0,0.0,0.0,0.0,0.0,0.0,0.0,0.25,1.8123429416112344e-05,1,0,0,0,0,0,0,0,0,0,0,0,0,0,0,0,0,0,0,0,0,0,0,0,0,0,0,0,0,0,0,0,0,0,0,0,0.0,0.0,0.0,0.0,0.0,0.0,0.0,0.5391712004702657,0.0,0.4746175142764403,0.0,0.0,0.0,0.0,0.0,0.0,0.0,0.0,0.0,0.0,0.0,0.0,0.0,0.4784731026742007,0.0,0.0,0.505070412658304,0.0,0.0,0.0,0.0,0.0,0.0,0.0,0.0,0.0,0.0,0.0,0.0,0.0,0.0,0.0,0.0,0.0,0.0,0.0,0.0,0.0,0.0,0.0
4215,2.4704349934714607,295.41666666666674,7,1,0,0,1,1,1,1,1,1,1,0,0,0.0,3.095713229859571e-05,0.0,0.0,0.0,0.0,0.0,0.0,0.0,0.0,0.0,0.0,0.0,0.0,0.0,0.0,1.0,1.0,1,0.16094331555107,5,0.0,1.0,0.0,0.0,0.0,0.0,0.0,0.0,0.0,1.0,0.0,0.0,0.0,0.0,0.0,0.0,0.0,0.0,0.0,0.0,1.0,1.0,1.0,0.0,0.0,0.0,0.0,0.0,0.0,0.0,0.0,0.0,0.0,0.0,0.0,0.0,0.25,3.095713229859571e-05,1,0,0,0,0,0,0,0,0,0,0,0,0,0,0,0,0,0,0,0,0,0,0,0,0,0,0,0,0,0,0,0,0,0,0,0,0.0,0.0,0.0,0.0,0.0,0.0,0.0,0.0,0.0,0.4994988666351123,0.0,0.0,0.0,0.0,0.0,0.0,0.0,0.0,0.0,0.0,0.0,0.0,0.0,0.5035565804298271,0.0,0.0,0.0,0.0,0.0,0.0,0.0,0.0,0.0,0.0,0.0,0.0,0.0,0.0,0.0,0.7049337930160942,0.0,0.0,0.0,0.0,0.0,0.0,0.0,0.0,0.0,0.0
4217,1.3832167518513312,24.166666666666664,9,1,0,0,1,1,1,1,1,1,1,1,1,0.0,7.413155949741315e-07,0.0,0.0,0.0,0.0,0.0,0.0,0.0,0.0,0.0,0.0,0.0,0.0,0.0,0.0,1.0,1.0,1,0.16094331555107,5,0.0,1.0,0.0,0.0,0.0,0.0,0.0,0.0,0.0,1.0,0.0,0.0,0.0,0.0,0.0,0.0,0.0,0.0,0.0,0.0,1.0,1.0,1.0,0.0,0.0,0.0,0.0,0.0,0.0,0.0,0.0,0.0,0.0,0.0,0.0,0.0,0.25,7.413155949741315e-07,1,0,0,0,0,0,0,0,0,0,0,0,0,0,0,0,0,0,0,0,0,0,0,0,0,0,0,0,0,0,0,0,0,0,0,0,0.0,0.0,0.0,0.0,0.0,0.0,0.0,0.0,0.0,0.4994988666351123,0.0,0.0,0.0,0.0,0.0,0.0,0.0,0.0,0.0,0.0,0.0,0.0,0.0,0.5035565804298271,0.0,0.0,0.0,0.0,0.0,0.0,0.0,0.0,0.0,0.0,0.0,0.0,0.0,0.0,0.0,0.7049337930160942,0.0,0.0,0.0,0.0,0.0,0.0,0.0,0.0,0.0,0.0
4224,2.028028723600244,106.66666666666681,9,1,0,0,1,1,1,1,1,1,1,1,1,0.0,7.249076127124908e-06,0.0,0.0,0.0,0.0,0.0,0.0,0.0,0.0,0.0,0.0,0.0,0.0,0.0,0.0,1.0,1.0,1,0.16094331555107,5,0.0,1.0,0.0,0.0,0.0,0.0,0.0,0.0,0.0,1.0,0.0,0.0,0.0,0.0,0.0,0.0,0.0,0.0,0.0,0.0,1.0,1.0,1.0,0.0,0.0,0.0,0.0,0.0,0.0,0.0,0.0,0.0,0.0,0.0,0.0,0.0,0.25,7.249076127124908e-06,1,0,0,0,0,0,0,0,0,0,0,0,0,0,0,0,0,0,0,0,0,0,0,0,0,0,0,0,0,0,0,0,0,0,0,0,0.0,0.0,0.0,0.0,0.0,0.0,0.0,0.0,0.0,0.7042405219590901,0.0,0.0,0.0,0.0,0.0,0.0,0.0,0.0,0.0,0.0,0.0,0.0,0.0,0.7099614688353081,0.0,0.0,0.0,0.0,0.0,0.0,0.0,0.0,0.0,0.0,0.0,0.0,0.0,0.0,0.0,0.0,0.0,0.0,0.0,0.0,0.0,0.0,0.0,0.0,0.0,0.0
4229,3.009344646383631,1021.75,8,1,0,0,1,1,1,1,1,1,1,0,1,0.0,0.0001675129342202,0.0,0.0,0.0,0.0,0.0,0.0,0.0,0.0,0.0,0.0,0.0,0.0,0.0,0.0,1.0,1.0,1,0.16094331555107,5,0.0,1.0,0.0,0.0,0.0,0.0,0.0,0.0,0.0,1.0,0.0,0.0,0.0,0.0,0.0,0.0,0.0,0.0,0.0,0.0,1.0,1.0,1.0,0.0,0.0,0.0,0.0,0.0,0.0,0.0,0.0,0.0,0.0,0.0,0.0,0.0,0.25,0.0001675129342202,1,0,0,0,0,0,0,0,0,0,0,0,0,0,0,0,0,0,0,0,0,0,0,0,0,0,0,0,0,0,0,0,0,0,0,0,0.0,0.0,0.0,0.0,0.0,0.0,0.0,0.0,0.0,0.7042405219590901,0.0,0.0,0.0,0.0,0.0,0.0,0.0,0.0,0.0,0.0,0.0,0.0,0.0,0.7099614688353081,0.0,0.0,0.0,0.0,0.0,0.0,0.0,0.0,0.0,0.0,0.0,0.0,0.0,0.0,0.0,0.0,0.0,0.0,0.0,0.0,0.0,0.0,0.0,0.0,0.0,0.0
4281,2.162862993321926,145.5,2,1,0,0,0,1,0,0,0,0,1,0,0,0.0,1.1195861049519586e-05,0.0,0.0,0.0,0.0,0.0,0.0,0.0,0.0,0.0,0.0,0.0,0.0,0.0,0.0,1.0,1.0,1,0.16094331555107,5,0.0,1.0,0.0,0.0,0.0,0.0,0.0,0.0,0.0,1.0,0.0,0.0,0.0,0.0,0.0,0.0,0.0,0.0,0.0,0.0,1.0,1.0,1.0,0.0,0.0,0.0,0.0,0.0,0.0,0.0,0.0,0.0,0.0,0.0,0.0,0.0,0.25,1.1195861049519586e-05,1,0,0,0,0,0,0,0,0,0,0,0,0,0,0,0,0,0,0,0,0,0,0,0,0,0,0,0,0,0,0,0,0,0,0,0,0.0,0.0,0.0,0.0,0.0,0.0,0.0,0.0,0.0,0.3037491907532896,0.0,0.0,0.0,0.0,0.0,0.0,0.0,0.0,0.0,0.0,0.0,0.0,0.0,0.6124334368741962,0.4895529009470908,0.5412944408447861,0.0,0.0,0.0,0.0,0.0,0.0,0.0,0.0,0.0,0.0,0.0,0.0,0.0,0.0,0.0,0.0,0.0,0.0,0.0,0.0,0.0,0.0,0.0,0.0
4282,2.302294844227405,200.58333333333334,7,1,0,0,0,1,0,1,1,1,1,1,1,0.0,1.6830007390983e-05,0.0,0.0,0.0,0.0,0.0,0.0,0.0,0.0,0.0,0.0,0.0,0.0,0.0,0.0,1.0,1.0,1,0.16094331555107,5,0.0,1.0,0.0,0.0,0.0,0.0,0.0,0.0,0.0,1.0,0.0,0.0,0.0,0.0,0.0,0.0,0.0,0.0,0.0,0.0,1.0,1.0,1.0,0.0,0.0,0.0,0.0,0.0,0.0,0.0,0.0,0.0,0.0,0.0,0.0,0.0,0.25,1.6830007390983e-05,1,0,0,0,0,0,0,0,0,0,0,0,0,0,0,0,0,0,0,0,0,0,0,0,0,0,0,0,0,0,0,0,0,0,0,0,0.0,0.0,0.0,0.0,0.0,0.0,0.0,0.0,0.0,0.4388669762005182,0.0,0.0,0.0,0.0,0.0,0.0,0.0,0.0,0.0,0.0,0.0,0.0,0.0,0.4424321426149488,0.0,0.7820802876826389,0.0,0.0,0.0,0.0,0.0,0.0,0.0,0.0,0.0,0.0,0.0,0.0,0.0,0.0,0.0,0.0,0.0,0.0,0.0,0.0,0.0,0.0,0.0,0.0
4288,2.124395528930348,133.1666666666668,10,1,1,0,1,1,1,1,1,1,1,1,1,0.0,9.93939393939394e-06,0.0,0.0,0.0,0.0,0.0,0.0,0.0,0.0,0.0,0.0,0.0,0.0,0.0,0.0,1.0,1.0,1,0.16094331555107,5,0.0,1.0,0.0,0.0,0.0,0.0,0.0,0.0,0.0,1.0,0.0,0.0,0.0,0.0,0.0,0.0,0.0,0.0,0.0,0.0,1.0,1.0,1.0,0.0,0.0,0.0,0.0,0.0,0.0,0.0,0.0,0.0,0.0,0.0,0.0,0.0,0.25,9.93939393939394e-06,1,0,0,0,0,0,0,0,0,0,0,0,0,0,0,0,0,0,0,0,0,0,0,0,0,0,0,0,0,0,0,0,0,0,0,0,0.0,0.0,0.0,0.0,0.0,0.0,0.0,0.0,0.0,0.7348758267769911,0.0,0.0,0.0,0.0,0.0,0.0,0.0,0.0,0.0,0.0,0.0,0.0,0.0,0.3704228208416427,0.0,0.0,0.0,0.0,0.0,0.5681060226916752,0.0,0.0,0.0,0.0,0.0,0.0,0.0,0.0,0.0,0.0,0.0,0.0,0.0,0.0,0.0,0.0,0.0,0.0,0.0,0.0
4302,1.661181443446619,45.83333333333333,10,1,1,0,1,1,1,1,1,1,1,1,1,0.0,2.158167036215817e-06,0.0,0.0,0.0,0.0,0.0,0.0,0.0,0.0,0.0,0.0,0.0,0.0,0.0,0.0,1.0,1.0,1,0.16094331555107,5,0.0,1.0,0.0,0.0,0.0,0.0,0.0,0.0,0.0,1.0,0.0,0.0,0.0,0.0,0.0,0.0,0.0,0.0,0.0,0.0,1.0,1.0,1.0,0.0,0.0,0.0,0.0,0.0,0.0,0.0,0.0,0.0,0.0,0.0,0.0,0.0,0.25,2.158167036215817e-06,1,0,0,0,0,0,0,0,0,0,0,0,0,0,0,0,0,0,0,0,0,0,0,0,0,0,0,0,0,0,0,0,0,0,0,0,0.0,0.0,0.0,0.0,0.0,0.0,0.0,0.0,0.0,0.4994988666351123,0.0,0.0,0.0,0.0,0.0,0.0,0.0,0.0,0.0,0.0,0.0,0.0,0.0,0.5035565804298271,0.0,0.0,0.0,0.0,0.0,0.0,0.0,0.0,0.0,0.0,0.0,0.0,0.0,0.0,0.0,0.7049337930160942,0.0,0.0,0.0,0.0,0.0,0.0,0.0,0.0,0.0,0.0
4305,2.1709947020363,148.24999999999994,10,1,1,0,1,1,1,1,1,1,1,1,1,0.0,1.147819660014782e-05,0.0,0.0,0.0,0.0,0.0,0.0,0.0,0.0,0.0,0.0,0.0,0.0,0.0,0.0,1.0,1.0,1,0.16094331555107,5,0.0,1.0,0.0,0.0,0.0,0.0,0.0,0.0,0.0,1.0,0.0,0.0,0.0,0.0,0.0,0.0,0.0,0.0,0.0,0.0,1.0,1.0,1.0,0.0,0.0,0.0,0.0,0.0,0.0,0.0,0.0,0.0,0.0,0.0,0.0,0.0,0.25,1.147819660014782e-05,1,0,0,0,0,0,0,0,0,0,0,0,0,0,0,0,0,0,0,0,0,0,0,0,0,0,0,0,0,0,0,0,0,0,0,0,0.0,0.0,0.0,0.0,0.0,0.0,0.0,0.0,0.0,0.7042405219590901,0.0,0.0,0.0,0.0,0.0,0.0,0.0,0.0,0.0,0.0,0.0,0.0,0.0,0.7099614688353081,0.0,0.0,0.0,0.0,0.0,0.0,0.0,0.0,0.0,0.0,0.0,0.0,0.0,0.0,0.0,0.0,0.0,0.0,0.0,0.0,0.0,0.0,0.0,0.0,0.0,0.0
4327,2.2584776449785173,181.3333333333333,3,1,0,0,0,1,0,0,1,0,1,0,0,0.0,1.486178861788618e-05,0.0,0.0,0.0,0.0,0.0,0.0,0.0,0.0,0.0,0.0,0.0,0.0,0.0,0.0,1.0,1.0,1,0.16094331555107,5,0.0,1.0,0.0,0.0,0.0,0.0,0.0,0.0,0.0,1.0,0.0,0.0,0.0,0.0,0.0,0.0,0.0,0.0,0.0,0.0,1.0,1.0,1.0,0.0,0.0,0.0,0.0,0.0,0.0,0.0,0.0,0.0,0.0,0.0,0.0,0.0,0.25,1.486178861788618e-05,1,0,0,0,0,0,0,0,0,0,0,0,0,0,0,0,0,0,0,0,0,0,0,0,0,0,0,0,0,0,0,0,0,0,0,0,0.0,0.0,0.0,0.0,0.0,0.0,0.0,0.0,0.0,0.4443236695004606,0.0,0.0,0.0,0.0,0.0,0.0,0.0,0.0,0.0,0.0,0.0,0.0,0.0,0.8958663274851029,0.0,0.0,0.0,0.0,0.0,0.0,0.0,0.0,0.0,0.0,0.0,0.0,0.0,0.0,0.0,0.0,0.0,0.0,0.0,0.0,0.0,0.0,0.0,0.0,0.0,0.0
4345,1.236789099409293,17.25,10,1,0,1,1,1,1,1,1,1,1,1,1,0.0,5.336289726533629e-07,0.0,0.0,0.0,0.0,0.0,0.0,0.0,0.0,0.0,0.0,0.0,0.0,0.0,0.0,1.0,1.0,1,0.0144917051122692,5,0.0,1.0,0.0,0.0,0.0,0.0,0.0,0.0,0.0,1.0,0.0,0.0,0.0,0.0,0.0,0.0,0.0,0.0,0.0,0.0,1.0,1.0,1.0,0.0,0.0,0.0,0.0,0.0,0.0,0.0,0.0,0.0,0.0,0.0,0.0,0.0,0.25,5.336289726533629e-07,0,1,0,0,0,0,0,0,0,0,0,0,0,0,0,0,0,0,0,0,0,0,0,0,0,0,0,0,0,0,0,0,0,0,0,0,0.0,0.0,0.0,0.0,0.0,0.0,0.0,0.0,0.0,0.5635474511460147,0.0,0.0,0.0,0.0,0.0,0.0,0.0,0.0,0.0,0.0,0.0,0.0,0.0,0.5681254680730522,0.0,0.0,0.5997063638428438,0.0,0.0,0.0,0.0,0.0,0.0,0.0,0.0,0.0,0.0,0.0,0.0,0.0,0.0,0.0,0.0,0.0,0.0,0.0,0.0,0.0,0.0,0.0
4346,2.689604800860389,489.33333333333275,10,1,0,1,1,1,1,1,1,1,1,1,1,0.0,6.37309682187731e-05,0.0,0.0,0.0,0.0,0.0,0.0,0.0,0.0,0.0,0.0,0.0,0.0,0.0,0.0,1.0,1.0,1,0.16094331555107,5,0.0,1.0,0.0,0.0,0.0,0.0,0.0,0.0,0.0,1.0,0.0,0.0,0.0,0.0,0.0,0.0,0.0,0.0,0.0,0.0,1.0,1.0,1.0,0.0,0.0,0.0,0.0,0.0,0.0,0.0,0.0,0.0,0.0,0.0,0.0,0.0,0.25,6.37309682187731e-05,1,0,0,0,0,0,0,0,0,0,0,0,0,0,0,0,0,0,0,0,0,0,0,0,0,0,0,0,0,0,0,0,0,0,0,0,0.0,0.0,0.0,0.0,0.0,0.0,0.0,0.0,0.0,0.4016843236724519,0.0,0.0,0.0,0.0,0.0,0.0,0.0,0.0,0.0,0.0,0.0,0.0,0.0,0.8098948684443286,0.0,0.0,0.4274576074692652,0.0,0.0,0.0,0.0,0.0,0.0,0.0,0.0,0.0,0.0,0.0,0.0,0.0,0.0,0.0,0.0,0.0,0.0,0.0,0.0,0.0,0.0,0.0
4367,1.2730012720637376,18.749999999999996,9,1,0,1,1,1,1,1,1,1,1,0,1,0.0,5.853658536585366e-07,0.0,0.0,0.0,0.0,0.0,0.0,0.0,0.0,0.0,0.0,0.0,0.0,0.0,0.0,1.0,1.0,1,0.16094331555107,5,0.0,1.0,0.0,0.0,0.0,0.0,0.0,0.0,0.0,1.0,0.0,0.0,0.0,0.0,0.0,0.0,0.0,0.0,0.0,0.0,1.0,1.0,1.0,0.0,0.0,0.0,0.0,0.0,0.0,0.0,0.0,0.0,0.0,0.0,0.0,0.0,0.25,5.853658536585366e-07,1,0,0,0,0,0,0,0,0,0,0,0,0,0,0,0,0,0,0,0,0,0,0,0,0,0,0,0,0,0,0,0,0,0,0,0,0.0,0.0,0.0,0.0,0.0,0.0,0.0,0.0,0.0,0.4016843236724519,0.0,0.0,0.0,0.0,0.0,0.0,0.0,0.0,0.0,0.0,0.0,0.0,0.0,0.8098948684443286,0.0,0.0,0.4274576074692652,0.0,0.0,0.0,0.0,0.0,0.0,0.0,0.0,0.0,0.0,0.0,0.0,0.0,0.0,0.0,0.0,0.0,0.0,0.0,0.0,0.0,0.0,0.0
4369,1.4107772333772095,25.749999999999982,9,1,0,1,1,1,1,1,1,0,1,1,1,0.0,9.02439024390244e-07,0.0,0.0,0.0,0.0,0.0,0.0,0.0,0.0,0.0,0.0,0.0,0.0,0.0,0.0,1.0,1.0,1,0.16094331555107,5,0.0,1.0,0.0,0.0,0.0,0.0,0.0,0.0,0.0,1.0,0.0,0.0,0.0,0.0,0.0,0.0,0.0,0.0,0.0,0.0,1.0,1.0,1.0,0.0,0.0,0.0,0.0,0.0,0.0,0.0,0.0,0.0,0.0,0.0,0.0,0.0,0.25,9.02439024390244e-07,1,0,0,0,0,0,0,0,0,0,0,0,0,0,0,0,0,0,0,0,0,0,0,0,0,0,0,0,0,0,0,0,0,0,0,0,0.0,0.0,0.0,0.0,0.0,0.0,0.0,0.0,0.0,0.4443236695004606,0.0,0.0,0.0,0.0,0.0,0.0,0.0,0.0,0.0,0.0,0.0,0.0,0.0,0.8958663274851029,0.0,0.0,0.0,0.0,0.0,0.0,0.0,0.0,0.0,0.0,0.0,0.0,0.0,0.0,0.0,0.0,0.0,0.0,0.0,0.0,0.0,0.0,0.0,0.0,0.0,0.0
4379,1.166331421766525,14.666666666666668,9,1,0,1,1,1,1,1,1,1,1,0,1,0.0,4.449371766444937e-07,0.0,0.0,0.0,0.0,0.0,0.0,0.0,0.0,0.0,0.0,0.0,0.0,0.0,0.0,1.0,1.0,1,0.16094331555107,5,0.0,1.0,0.0,0.0,0.0,0.0,0.0,0.0,0.0,1.0,0.0,0.0,0.0,0.0,0.0,0.0,0.0,0.0,0.0,0.0,1.0,1.0,1.0,0.0,0.0,0.0,0.0,0.0,0.0,0.0,0.0,0.0,0.0,0.0,0.0,0.0,0.25,4.449371766444937e-07,1,0,0,0,0,0,0,0,0,0,0,0,0,0,0,0,0,0,0,0,0,0,0,0,0,0,0,0,0,0,0,0,0,0,0,0,0.0,0.0,0.0,0.0,0.0,0.0,0.0,0.0,0.0,0.4994988666351123,0.0,0.0,0.0,0.0,0.0,0.0,0.0,0.0,0.0,0.0,0.0,0.0,0.0,0.5035565804298271,0.0,0.0,0.0,0.0,0.0,0.0,0.0,0.0,0.0,0.0,0.0,0.0,0.0,0.0,0.0,0.7049337930160942,0.0,0.0,0.0,0.0,0.0,0.0,0.0,0.0,0.0,0.0
4385,2.0390834800418545,109.41666666666666,10,1,1,1,1,1,1,1,1,1,1,0,1,0.0,7.342941611234294e-06,0.0,0.0,0.0,0.0,0.0,0.0,0.0,0.0,0.0,0.0,0.0,0.0,0.0,0.0,1.0,1.0,1,0.16094331555107,5,0.0,1.0,0.0,0.0,0.0,0.0,0.0,0.0,0.0,1.0,0.0,0.0,0.0,0.0,0.0,0.0,0.0,0.0,0.0,0.0,1.0,1.0,1.0,0.0,0.0,0.0,0.0,0.0,0.0,0.0,0.0,0.0,0.0,0.0,0.0,0.0,0.25,7.342941611234294e-06,1,0,0,0,0,0,0,0,0,0,0,0,0,0,0,0,0,0,0,0,0,0,0,0,0,0,0,0,0,0,0,0,0,0,0,0,0.0,0.0,0.0,0.0,0.0,0.0,0.0,0.0,0.0,0.7042405219590901,0.0,0.0,0.0,0.0,0.0,0.0,0.0,0.0,0.0,0.0,0.0,0.0,0.0,0.7099614688353081,0.0,0.0,0.0,0.0,0.0,0.0,0.0,0.0,0.0,0.0,0.0,0.0,0.0,0.0,0.0,0.0,0.0,0.0,0.0,0.0,0.0,0.0,0.0,0.0,0.0,0.0
4399,3.264050048516414,1836.7499999999998,7,1,0,0,1,1,0,0,1,1,1,1,1,0.0,0.0003704316334072,0.0,0.0,0.0,0.0,0.0,0.0,0.0,0.0,0.0,0.0,0.0,0.0,0.0,0.0,1.0,1.0,1,0.0248934068468906,5,0.0,1.0,0.0,0.0,0.0,0.0,0.0,0.0,0.0,1.0,0.0,0.0,0.0,0.0,0.0,0.0,0.0,0.0,0.0,0.0,1.0,1.0,1.0,0.0,0.0,0.0,0.0,0.0,0.0,0.0,0.0,0.0,0.0,0.0,0.0,0.0,0.25,0.0003704316334072,0,0,0,0,0,1,0,0,0,0,0,0,0,0,0,0,0,0,0,0,0,0,0,0,0,0,0,0,0,0,0,0,0,0,0,0,0.0,0.0,0.0,0.0,0.0,0.0,0.0,0.0,0.0,0.7042405219590901,0.0,0.0,0.0,0.0,0.0,0.0,0.0,0.0,0.0,0.0,0.0,0.0,0.0,0.7099614688353081,0.0,0.0,0.0,0.0,0.0,0.0,0.0,0.0,0.0,0.0,0.0,0.0,0.0,0.0,0.0,0.0,0.0,0.0,0.0,0.0,0.0,0.0,0.0,0.0,0.0,0.0
4436,2.039414119176137,109.49999999999991,6,1,0,0,1,1,0,1,0,1,1,0,1,0.0,7.515151515151515e-06,0.0,0.0,0.0,0.0,0.0,0.0,0.0,0.0,0.0,0.0,0.0,0.0,0.0,0.0,1.0,1.0,1,0.0042216928146581,5,0.0,1.0,0.0,0.0,0.0,0.0,0.0,0.0,0.0,1.0,0.0,0.0,0.0,0.0,0.0,0.0,0.0,0.0,0.0,0.0,1.0,1.0,1.0,0.0,0.0,0.0,0.0,0.0,0.0,0.0,0.0,0.0,0.0,0.0,0.0,0.0,0.25,7.515151515151515e-06,0,0,0,0,0,0,0,0,0,0,0,0,0,0,0,0,0,0,0,0,0,0,0,0,0,0,0,0,0,0,0,0,0,0,0,0,0.0,0.0,0.0,0.0,0.0,0.3621465775896105,0.0,0.0,0.0,0.6564374920285565,0.0,0.0,0.0,0.0,0.0,0.0,0.0,0.0,0.0,0.0,0.0,0.0,0.0,0.6617701076653364,0.0,0.0,0.0,0.0,0.0,0.0,0.0,0.0,0.0,0.0,0.0,0.0,0.0,0.0,0.0,0.0,0.0,0.0,0.0,0.0,0.0,0.0,0.0,0.0,0.0,0.0
4441,3.069112851387121,1172.5,6,1,0,0,0,1,0,1,1,1,1,1,0,0.0,0.0002011352549889,0.0,0.0,0.0,0.0,0.0,0.0,0.0,0.0,0.0,0.0,0.0,0.0,0.0,0.0,1.0,1.0,249,1.0,5,0.0,1.0,0.0,0.0,0.0,0.0,0.0,0.0,0.0,1.0,0.0,0.0,0.0,0.0,0.0,0.0,0.0,0.0,0.0,0.0,1.0,1.0,1.0,0.0,0.0,0.0,0.0,0.0,0.0,0.0,0.0,0.0,0.0,0.0,0.0,0.0,0.25,0.0002011352549889,0,0,0,0,0,0,0,0,0,0,0,0,0,0,0,0,0,0,0,0,0,0,0,0,0,0,0,0,0,0,0,0,0,0,0,0,0.0,0.0,0.0,0.0,0.0,0.4051929818961453,0.0,0.0,0.0,0.3672323325458765,0.0,0.0,0.0,0.0,0.0,0.0,0.0,0.0,0.0,0.0,0.0,0.0,0.0,0.7404311398974917,0.0,0.0,0.3907950721607501,0.0,0.0,0.0,0.0,0.0,0.0,0.0,0.0,0.0,0.0,0.0,0.0,0.0,0.0,0.0,0.0,0.0,0.0,0.0,0.0,0.0,0.0,0.0
4446,2.010723865391773,102.49999999999996,4,1,1,0,0,1,0,0,0,1,1,0,0,0.0,9.940872135994087e-06,0.0,0.0,0.0,0.0,0.0,0.0,0.0,0.0,0.0,0.0,0.0,0.0,0.0,0.0,1.0,1.0,1,0.0144917051122692,5,0.0,1.0,0.0,0.0,0.0,0.0,0.0,0.0,0.0,1.0,0.0,0.0,0.0,0.0,0.0,0.0,0.0,0.0,0.0,0.0,1.0,1.0,1.0,0.0,0.0,0.0,0.0,0.0,0.0,0.0,0.0,0.0,0.0,0.0,0.0,0.0,0.25,9.940872135994087e-06,0,1,0,0,0,0,0,0,0,0,0,0,0,0,0,0,0,0,0,0,0,0,0,0,0,0,0,0,0,0,0,0,0,0,0,0,0.0,0.0,0.0,0.0,0.0,0.0,0.0,0.0,0.0,0.3494408112995332,0.0,0.0,0.0,0.0,0.0,0.0,0.0,0.0,0.0,0.0,0.0,0.0,0.0,0.7045590360834989,0.0,0.0,0.3718619929813844,0.0,0.0,0.0,0.0,0.0,0.0,0.0,0.0,0.0,0.0,0.0,0.0,0.4931595504979374,0.0,0.0,0.0,0.0,0.0,0.0,0.0,0.0,0.0,0.0
4449,2.5819686111971616,381.9166666666665,3,1,0,0,0,1,0,0,0,1,1,0,0,0.0,6.621433850702143e-05,0.0,0.0,0.0,0.0,0.0,0.0,0.0,0.0,0.0,0.0,0.0,0.0,0.0,0.0,1.0,1.0,1,0.16094331555107,5,0.0,1.0,0.0,0.0,0.0,0.0,0.0,0.0,0.0,1.0,0.0,0.0,0.0,0.0,0.0,0.0,0.0,0.0,0.0,0.0,1.0,1.0,1.0,0.0,0.0,0.0,0.0,0.0,0.0,0.0,0.0,0.0,0.0,0.0,0.0,0.0,0.25,6.621433850702143e-05,1,0,0,0,0,0,0,0,0,0,0,0,0,0,0,0,0,0,0,0,0,0,0,0,0,0,0,0,0,0,0,0,0,0,0,0,0.0,0.0,0.0,0.0,0.0,0.0,0.0,0.0,0.0,0.8065594108417231,0.0,0.0,0.0,0.0,0.0,0.0,0.0,0.0,0.0,0.0,0.0,0.0,0.0,0.4065557761652025,0.0,0.0,0.4291553537465917,0.0,0.0,0.0,0.0,0.0,0.0,0.0,0.0,0.0,0.0,0.0,0.0,0.0,0.0,0.0,0.0,0.0,0.0,0.0,0.0,0.0,0.0,0.0
4450,2.8766988401777507,752.8333333333335,4,1,1,0,0,1,0,0,0,1,1,0,0,0.0,0.0001634641537324,0.0,0.0,0.0,0.0,0.0,0.0,0.0,0.0,0.0,0.0,0.0,0.0,0.0,0.0,1.0,1.0,1,0.16094331555107,5,0.0,1.0,0.0,0.0,0.0,0.0,0.0,0.0,0.0,1.0,0.0,0.0,0.0,0.0,0.0,0.0,0.0,0.0,0.0,0.0,1.0,1.0,1.0,0.0,0.0,0.0,0.0,0.0,0.0,0.0,0.0,0.0,0.0,0.0,0.0,0.0,0.25,0.0001634641537324,1,0,0,0,0,0,0,0,0,0,0,0,0,0,0,0,0,0,0,0,0,0,0,0,0,0,0,0,0,0,0,0,0,0,0,0,0.0,0.0,0.0,0.0,0.0,0.0,0.0,0.0,0.0,0.4443236695004606,0.0,0.0,0.0,0.0,0.0,0.0,0.0,0.0,0.0,0.0,0.0,0.0,0.0,0.8958663274851029,0.0,0.0,0.0,0.0,0.0,0.0,0.0,0.0,0.0,0.0,0.0,0.0,0.0,0.0,0.0,0.0,0.0,0.0,0.0,0.0,0.0,0.0,0.0,0.0,0.0,0.0
4452,1.8716702128409215,74.41666666666664,4,1,1,0,0,1,0,0,0,1,1,0,0,0.0,6.411677753141167e-06,0.0,0.0,0.0,0.0,0.0,0.0,0.0,0.0,0.0,0.0,0.0,0.0,0.0,0.0,1.0,1.0,1,0.0144917051122692,5,0.0,1.0,0.0,0.0,0.0,0.0,0.0,0.0,0.0,1.0,0.0,0.0,0.0,0.0,0.0,0.0,0.0,0.0,0.0,0.0,1.0,1.0,1.0,0.0,0.0,0.0,0.0,0.0,0.0,0.0,0.0,0.0,0.0,0.0,0.0,0.0,0.25,6.411677753141167e-06,0,1,0,0,0,0,0,0,0,0,0,0,0,0,0,0,0,0,0,0,0,0,0,0,0,0,0,0,0,0,0,0,0,0,0,0,0.0,0.0,0.0,0.0,0.0,0.0,0.0,0.0,0.0,0.4655498766658807,0.0,0.0,0.0,0.0,0.0,0.0,0.0,0.0,0.0,0.0,0.0,0.0,0.0,0.4693318034786495,0.7503272423282135,0.0,0.0,0.0,0.0,0.0,0.0,0.0,0.0,0.0,0.0,0.0,0.0,0.0,0.0,0.0,0.0,0.0,0.0,0.0,0.0,0.0,0.0,0.0,0.0,0.0
4463,2.5138831856110926,326.4999999999999,8,1,0,0,1,1,0,1,1,1,1,1,1,0.0,3.5882483370288247e-05,0.0,0.0,0.0,0.0,0.0,0.0,0.0,0.0,0.0,0.0,0.0,0.0,0.0,0.0,1.0,1.0,1,0.16094331555107,5,0.0,1.0,0.0,0.0,0.0,0.0,0.0,0.0,0.0,0.0,1.0,0.0,0.0,0.0,0.0,0.0,0.0,0.0,0.0,0.0,1.0,1.0,1.0,0.0,0.0,0.0,0.0,0.0,0.0,0.0,0.0,0.0,0.0,0.0,0.0,0.0,0.25,3.5882483370288247e-05,1,0,0,0,0,0,0,0,0,0,0,0,0,0,0,0,0,0,0,0,0,0,0,0,0,0,0,0,0,0,0,0,0,0,0,0,0.0,0.0,0.0,0.0,0.0,0.0,0.0,0.4523526532957623,0.0,0.7963870907657175,0.0,0.0,0.0,0.0,0.0,0.0,0.0,0.0,0.0,0.0,0.0,0.0,0.0,0.4014282983522719,0.0,0.0,0.0,0.0,0.0,0.0,0.0,0.0,0.0,0.0,0.0,0.0,0.0,0.0,0.0,0.0,0.0,0.0,0.0,0.0,0.0,0.0,0.0,0.0,0.0,0.0
4476,1.044670394919461,11.083333333333332,9,1,0,0,1,1,1,1,1,1,1,1,1,0.0,2.9933481152993346e-07,0.0,0.0,0.0,0.0,0.0,0.0,0.0,0.0,0.0,0.0,0.0,0.0,0.0,0.0,1.0,1.0,1,0.16094331555107,5,0.0,1.0,0.0,0.0,0.0,0.0,0.0,0.0,0.0,0.0,1.0,0.0,0.0,0.0,0.0,0.0,0.0,0.0,0.0,0.0,1.0,1.0,1.0,0.0,0.0,0.0,0.0,0.0,0.0,0.0,0.0,0.0,0.0,0.0,0.0,0.0,0.25,2.9933481152993346e-07,1,0,0,0,0,0,0,0,0,0,0,0,0,0,0,0,0,0,0,0,0,0,0,0,0,0,0,0,0,0,0,0,0,0,0,0,0.0,0.0,0.0,0.0,0.0,0.0,0.0,0.0,0.0,0.5810939871877168,0.0,0.0,0.0,0.0,0.0,0.0,0.0,0.3300186118668733,0.0,0.0,0.0,0.0,0.4585180620064731,0.5858145446210531,0.0,0.0,0.0,0.0,0.0,0.0,0.0,0.0,0.0,0.0,0.0,0.0,0.0,0.0,0.0,0.0,0.0,0.0,0.0,0.0,0.0,0.0,0.0,0.0,0.0,0.0
4477,2.2924406811283964,196.08333333333331,2,1,0,0,0,1,0,0,0,0,1,0,0,0.0,1.6374722838137473e-05,0.0,0.0,0.0,0.0,0.0,0.0,0.0,0.0,0.0,0.0,0.0,0.0,0.0,0.0,1.0,1.0,1,0.16094331555107,5,0.0,1.0,0.0,0.0,0.0,0.0,0.0,0.0,0.0,0.0,1.0,0.0,0.0,0.0,0.0,0.0,0.0,0.0,0.0,0.0,1.0,1.0,1.0,0.0,0.0,0.0,0.0,0.0,0.0,0.0,0.0,0.0,0.0,0.0,0.0,0.0,0.25,1.6374722838137473e-05,1,0,0,0,0,0,0,0,0,0,0,0,0,0,0,0,0,0,0,0,0,0,0,0,0,0,0,0,0,0,0,0,0,0,0,0,0.0,0.0,0.0,0.0,0.0,0.0,0.0,0.3494920322248278,0.0,0.6152963639352139,0.0,0.0,0.0,0.0,0.0,0.0,0.0,0.0,0.0,0.3383786433495137,0.0,0.0,0.0,0.6202947667556185,0.0,0.0,0.0,0.0,0.0,0.0,0.0,0.0,0.0,0.0,0.0,0.0,0.0,0.0,0.0,0.0,0.0,0.0,0.0,0.0,0.0,0.0,0.0,0.0,0.0,0.0
4480,1.5471591213274176,35.25000000000001,10,1,1,0,1,1,1,1,1,1,1,1,1,0.0,1.4464153732446415e-06,0.0,0.0,0.0,0.0,0.0,0.0,0.0,0.0,0.0,0.0,0.0,0.0,0.0,0.0,1.0,1.0,1,0.16094331555107,5,0.0,1.0,0.0,0.0,0.0,0.0,0.0,0.0,0.0,0.0,1.0,0.0,0.0,0.0,0.0,0.0,0.0,0.0,0.0,0.0,1.0,1.0,1.0,0.0,0.0,0.0,0.0,0.0,0.0,0.0,0.0,0.0,0.0,0.0,0.0,0.0,0.25,1.4464153732446415e-06,1,0,0,0,0,0,0,0,0,0,0,0,0,0,0,0,0,0,0,0,0,0,0,0,0,0,0,0,0,0,0,0,0,0,0,0,0.0,0.0,0.0,0.0,0.0,0.0,0.0,0.0,0.0,0.7372843937968651,0.0,0.0,0.0,0.0,0.0,0.0,0.0,0.0,0.0,0.4054652482263333,0.0,0.0,0.0,0.3716368874324582,0.0,0.0,0.3922953976837626,0.0,0.0,0.0,0.0,0.0,0.0,0.0,0.0,0.0,0.0,0.0,0.0,0.0,0.0,0.0,0.0,0.0,0.0,0.0,0.0,0.0,0.0,0.0
4496,0.870208760597288,7.416666666666668,8,1,0,0,1,1,1,1,1,1,1,0,1,0.0,1.0790835181079085e-07,0.0,0.0,0.0,0.0,0.0,0.0,0.0,0.0,0.0,0.0,0.0,0.0,0.0,0.0,1.0,1.0,1,0.16094331555107,5,0.0,1.0,0.0,0.0,0.0,0.0,0.0,0.0,0.0,0.0,1.0,0.0,0.0,0.0,0.0,0.0,0.0,0.0,0.0,0.0,1.0,1.0,1.0,0.0,0.0,0.0,0.0,0.0,0.0,0.0,0.0,0.0,0.0,0.0,0.0,0.0,0.25,1.0790835181079085e-07,1,0,0,0,0,0,0,0,0,0,0,0,0,0,0,0,0,0,0,0,0,0,0,0,0,0,0,0,0,0,0,0,0,0,0,0,0.0,0.0,0.0,0.0,0.0,0.0,0.0,0.0,0.0,0.4016843236724519,0.0,0.0,0.0,0.0,0.0,0.0,0.0,0.0,0.0,0.0,0.0,0.0,0.0,0.8098948684443286,0.0,0.0,0.4274576074692652,0.0,0.0,0.0,0.0,0.0,0.0,0.0,0.0,0.0,0.0,0.0,0.0,0.0,0.0,0.0,0.0,0.0,0.0,0.0,0.0,0.0,0.0,0.0
4527,2.179456036676452,151.16666666666686,9,1,1,0,1,1,1,1,1,1,1,0,1,0.0,1.1780487804878048e-05,0.0,0.0,0.0,0.0,0.0,0.0,0.0,0.0,0.0,0.0,0.0,0.0,0.0,0.0,1.0,1.0,1,0.16094331555107,5,0.0,1.0,0.0,0.0,0.0,0.0,0.0,0.0,0.0,0.0,1.0,0.0,0.0,0.0,0.0,0.0,0.0,0.0,0.0,0.0,1.0,1.0,1.0,0.0,0.0,0.0,0.0,0.0,0.0,0.0,0.0,0.0,0.0,0.0,0.0,0.0,0.25,1.1780487804878048e-05,1,0,0,0,0,0,0,0,0,0,0,0,0,0,0,0,0,0,0,0,0,0,0,0,0,0,0,0,0,0,0,0,0,0,0,0,0.0,0.0,0.0,0.0,0.0,0.0,0.0,0.0,0.0,0.1723974412745145,0.0,0.0,0.0,0.0,0.0,0.0,0.0,0.0,0.0,0.0,0.0,0.0,0.0,0.3475958477658096,0.0,0.9216595080928576,0.0,0.0,0.0,0.0,0.0,0.0,0.0,0.0,0.0,0.0,0.0,0.0,0.0,0.0,0.0,0.0,0.0,0.0,0.0,0.0,0.0,0.0,0.0,0.0
4540,1.762803558542489,57.916666666666664,8,1,0,1,1,1,0,0,1,1,1,1,1,0.0,3.0532150776053213e-06,0.0,0.0,0.0,0.0,0.0,0.0,0.0,0.0,0.0,0.0,0.0,0.0,0.0,0.0,1.0,1.0,1,0.16094331555107,5,0.0,1.0,0.0,0.0,0.0,0.0,0.0,0.0,0.0,0.0,1.0,0.0,0.0,0.0,0.0,0.0,0.0,0.0,0.0,0.0,1.0,1.0,1.0,0.0,0.0,0.0,0.0,0.0,0.0,0.0,0.0,0.0,0.0,0.0,0.0,0.0,0.25,3.0532150776053213e-06,1,0,0,0,0,0,0,0,0,0,0,0,0,0,0,0,0,0,0,0,0,0,0,0,0,0,0,0,0,0,0,0,0,0,0,0,0.0,0.0,0.0,0.0,0.0,0.0,0.0,0.0,0.0,0.5823131196553365,0.0,0.0,0.0,0.0,0.0,0.0,0.0,0.0,0.3735780492410908,0.0,0.0,0.0,0.0,0.5870435807960921,0.0,0.0,0.0,0.0,0.0,0.0,0.0,0.0,0.0,0.4203935133283968,0.0,0.0,0.0,0.0,0.0,0.0,0.0,0.0,0.0,0.0,0.0,0.0,0.0,0.0,0.0,0.0
4560,1.8911656301824684,77.83333333333331,9,1,0,0,1,1,1,1,1,1,1,1,1,0.0,4.687361419068736e-06,0.0,0.0,0.0,0.0,0.0,0.0,0.0,0.0,0.0,0.0,0.0,0.0,0.0,0.0,1.0,1.0,1,0.16094331555107,5,0.0,1.0,0.0,0.0,0.0,0.0,0.0,0.0,0.0,0.0,1.0,0.0,0.0,0.0,0.0,0.0,0.0,0.0,0.0,0.0,1.0,1.0,1.0,0.0,0.0,0.0,0.0,0.0,0.0,0.0,0.0,0.0,0.0,0.0,0.0,0.0,0.25,4.687361419068736e-06,1,0,0,0,0,0,0,0,0,0,0,0,0,0,0,0,0,0,0,0,0,0,0,0,0,0,0,0,0,0,0,0,0,0,0,0,0.0,0.0,0.0,0.0,0.0,0.0,0.0,0.0,0.0,0.2280550488279563,0.0,0.0,0.0,0.0,0.0,0.0,0.0,0.0,0.2926135695213471,0.0,0.0,0.3403176799112342,0.0,0.6897230096507113,0.0,0.0,0.0,0.0,0.0,0.0,0.0,0.0,0.0,0.0,0.0,0.0,0.0,0.3771691778767468,0.0,0.0,0.0,0.0,0.0,0.3585772602857471,0.0,0.0,0.0,0.0,0.0,0.0
4567,2.204119982655925,160.00000000000009,10,1,1,0,1,1,1,1,1,1,1,1,1,0.0,1.2679970436067998e-05,0.0,0.0,0.0,0.0,0.0,0.0,0.0,0.0,0.0,0.0,0.0,0.0,0.0,0.0,1.0,1.0,1,0.16094331555107,5,0.0,1.0,0.0,0.0,0.0,0.0,0.0,0.0,0.0,0.0,1.0,0.0,0.0,0.0,0.0,0.0,0.0,0.0,0.0,0.0,1.0,1.0,1.0,0.0,0.0,0.0,0.0,0.0,0.0,0.0,0.0,0.0,0.0,0.0,0.0,0.0,0.25,1.2679970436067998e-05,1,0,0,0,0,0,0,0,0,0,0,0,0,0,0,0,0,0,0,0,0,0,0,0,0,0,0,0,0,0,0,0,0,0,0,0,0.0,0.0,0.0,0.0,0.0,0.0,0.0,0.0,0.0,0.3570518383385618,0.0,0.0,0.0,0.0,0.0,0.0,0.0,0.0,0.4581271647233884,0.0,0.0,0.0,0.0,0.7199047475769023,0.0,0.0,0.3799613665858669,0.0,0.0,0.0,0.0,0.0,0.0,0.0,0.0,0.0,0.0,0.0,0.0,0.0,0.0,0.0,0.0,0.0,0.0,0.0,0.0,0.0,0.0,0.0
4571,2.4119001673755625,258.16666666666674,8,1,1,0,0,1,1,1,1,1,1,1,0,0.0,2.505838876570584e-05,0.0,0.0,0.0,0.0,0.0,0.0,0.0,0.0,0.0,0.0,0.0,0.0,0.0,0.0,1.0,1.0,1,0.16094331555107,5,0.0,1.0,0.0,0.0,0.0,0.0,0.0,0.0,0.0,0.0,1.0,0.0,0.0,0.0,0.0,0.0,0.0,0.0,0.0,0.0,1.0,1.0,1.0,0.0,0.0,0.0,0.0,0.0,0.0,0.0,0.0,0.0,0.0,0.0,0.0,0.0,0.25,2.505838876570584e-05,1,0,0,0,0,0,0,0,0,0,0,0,0,0,0,0,0,0,0,0,0,0,0,0,0,0,0,0,0,0,0,0,0,0,0,0,0.0,0.0,0.0,0.0,0.0,0.0,0.0,0.0,0.0,0.424285906512247,0.0,0.0,0.0,0.0,0.5836620444492729,0.0,0.0,0.0,0.5443940585407023,0.0,0.0,0.0,0.0,0.4277326225926171,0.0,0.0,0.0,0.0,0.0,0.0,0.0,0.0,0.0,0.0,0.0,0.0,0.0,0.0,0.0,0.0,0.0,0.0,0.0,0.0,0.0,0.0,0.0,0.0,0.0,0.0
4579,2.110028243534681,128.8333333333333,5,1,0,0,0,1,0,0,1,1,1,0,1,0.0,9.492978566149295e-06,0.0,0.0,0.0,0.0,0.0,0.0,0.0,0.0,0.0,0.0,0.0,0.0,0.0,0.0,1.0,1.0,1,0.16094331555107,5,0.0,1.0,0.0,0.0,0.0,0.0,0.0,0.0,0.0,0.0,1.0,0.0,0.0,0.0,0.0,0.0,0.0,0.0,0.0,0.0,1.0,1.0,1.0,0.0,0.0,0.0,0.0,0.0,0.0,0.0,0.0,0.0,0.0,0.0,0.0,0.0,0.25,9.492978566149295e-06,1,0,0,0,0,0,0,0,0,0,0,0,0,0,0,0,0,0,0,0,0,0,0,0,0,0,0,0,0,0,0,0,0,0,0,0,0.0,0.0,0.0,0.0,0.0,0.0,0.0,0.0,0.0,0.3314591434689233,0.0,0.0,0.0,0.0,0.0,0.0,0.0,0.0,0.4252896115187449,0.0,0.0,0.0,0.0,0.6683035497629602,0.0,0.0,0.0,0.0,0.0,0.5124782414106077,0.0,0.0,0.0,0.0,0.0,0.0,0.0,0.0,0.0,0.0,0.0,0.0,0.0,0.0,0.0,0.0,0.0,0.0,0.0,0.0
4585,2.48737408483543,307.1666666666667,6,1,0,0,1,1,1,1,0,0,1,0,1,0.0,3.281522542498152e-05,0.0,0.0,0.0,0.0,0.0,0.0,0.0,0.0,0.0,0.0,0.0,0.0,0.0,0.0,1.0,1.0,1,0.16094331555107,5,0.0,1.0,0.0,0.0,0.0,0.0,0.0,0.0,0.0,0.0,1.0,0.0,0.0,0.0,0.0,0.0,0.0,0.0,0.0,0.0,1.0,1.0,1.0,0.0,0.0,0.0,0.0,0.0,0.0,0.0,0.0,0.0,0.0,0.0,0.0,0.0,0.25,3.281522542498152e-05,1,0,0,0,0,0,0,0,0,0,0,0,0,0,0,0,0,0,0,0,0,0,0,0,0,0,0,0,0,0,0,0,0,0,0,0,0.0,0.0,0.0,0.0,0.0,0.3621465775896105,0.0,0.0,0.0,0.6564374920285565,0.0,0.0,0.0,0.0,0.0,0.0,0.0,0.0,0.0,0.0,0.0,0.0,0.0,0.6617701076653364,0.0,0.0,0.0,0.0,0.0,0.0,0.0,0.0,0.0,0.0,0.0,0.0,0.0,0.0,0.0,0.0,0.0,0.0,0.0,0.0,0.0,0.0,0.0,0.0,0.0,0.0
4586,2.235317981925527,171.9166666666667,9,1,0,0,1,1,1,1,1,1,1,1,1,0.0,1.3896526237989652e-05,0.0,0.0,0.0,0.0,0.0,0.0,0.0,0.0,0.0,0.0,0.0,0.0,0.0,0.0,1.0,1.0,1,0.16094331555107,5,0.0,1.0,0.0,0.0,0.0,0.0,0.0,0.0,0.0,0.0,1.0,0.0,0.0,0.0,0.0,0.0,0.0,0.0,0.0,0.0,1.0,1.0,1.0,0.0,0.0,0.0,0.0,0.0,0.0,0.0,0.0,0.0,0.0,0.0,0.0,0.0,0.25,1.3896526237989652e-05,1,0,0,0,0,0,0,0,0,0,0,0,0,0,0,0,0,0,0,0,0,0,0,0,0,0,0,0,0,0,0,0,0,0,0,0,0.0,0.0,0.0,0.0,0.0,0.0,0.0,0.0,0.0,0.2657041868831451,0.0,0.0,0.0,0.0,0.0,0.0,0.0,0.0,0.0,0.0,0.0,0.0,0.0,0.5357253066622234,0.0,0.0,0.2827525729190537,0.0,0.0,0.0,0.0,0.0,0.0,0.0,0.0,0.0,0.0,0.0,0.0,0.7499671082001454,0.0,0.0,0.0,0.0,0.0,0.0,0.0,0.0,0.0,0.0
4588,2.804877401046314,638.0833333333336,4,1,0,0,1,1,0,0,0,0,1,0,1,0.0,9.138950480413896e-05,0.0,0.0,0.0,0.0,0.0,0.0,0.0,0.0,0.0,0.0,0.0,0.0,0.0,0.0,1.0,1.0,1,0.16094331555107,5,0.0,1.0,0.0,0.0,0.0,0.0,0.0,0.0,0.0,0.0,1.0,0.0,0.0,0.0,0.0,0.0,0.0,0.0,0.0,0.0,1.0,1.0,1.0,0.0,0.0,0.0,0.0,0.0,0.0,0.0,0.0,0.0,0.0,0.0,0.0,0.0,0.25,9.138950480413896e-05,1,0,0,0,0,0,0,0,0,0,0,0,0,0,0,0,0,0,0,0,0,0,0,0,0,0,0,0,0,0,0,0,0,0,0,0,0.0,0.0,0.0,0.0,0.0,0.0,0.0,0.0,0.0,0.5327410966629286,0.0,0.0,0.0,0.0,0.0,0.0,0.0,0.0,0.3417755378063503,0.0,0.0,0.0,0.0,0.537068856026034,0.0,0.0,0.0,0.0,0.0,0.4118429461436377,0.0,0.0,0.0,0.0,0.0,0.0,0.0,0.0,0.0,0.3759239780622885,0.0,0.0,0.0,0.0,0.0,0.0,0.0,0.0,0.0,0.0
4590,2.089905111439398,123.00000000000003,2,1,0,0,0,1,0,0,0,0,1,0,0,0.0,8.89209164818921e-06,0.0,0.0,0.0,0.0,0.0,0.0,0.0,0.0,0.0,0.0,0.0,0.0,0.0,0.0,1.0,1.0,1,0.16094331555107,5,0.0,1.0,0.0,0.0,0.0,0.0,0.0,0.0,0.0,0.0,1.0,0.0,0.0,0.0,0.0,0.0,0.0,0.0,0.0,0.0,1.0,1.0,1.0,0.0,0.0,0.0,0.0,0.0,0.0,0.0,0.0,0.0,0.0,0.0,0.0,0.0,0.25,8.89209164818921e-06,1,0,0,0,0,0,0,0,0,0,0,0,0,0,0,0,0,0,0,0,0,0,0,0,0,0,0,0,0,0,0,0,0,0,0,0,0.0,0.0,0.0,0.0,0.0,0.0,0.0,0.0,0.0,0.365444330088324,0.0,0.0,0.0,0.0,0.0,0.0,0.0,0.4150909601183273,0.0,0.0,0.0,0.0,0.0,0.7368260850576658,0.0,0.0,0.3888923460457081,0.0,0.0,0.0,0.0,0.0,0.0,0.0,0.0,0.0,0.0,0.0,0.0,0.0,0.0,0.0,0.0,0.0,0.0,0.0,0.0,0.0,0.0,0.0
4595,2.9779140435650424,950.4166666666664,3,1,0,0,0,1,0,0,0,0,1,0,1,0.0,0.0001533658536585,0.0,0.0,0.0,0.0,0.0,0.0,0.0,0.0,0.0,0.0,0.0,0.0,0.0,0.0,1.0,1.0,1,0.16094331555107,5,0.0,1.0,0.0,0.0,0.0,0.0,0.0,0.0,0.0,0.0,1.0,0.0,0.0,0.0,0.0,0.0,0.0,0.0,0.0,0.0,1.0,1.0,1.0,0.0,0.0,0.0,0.0,0.0,0.0,0.0,0.0,0.0,0.0,0.0,0.0,0.0,0.25,0.0001533658536585,1,0,0,0,0,0,0,0,0,0,0,0,0,0,0,0,0,0,0,0,0,0,0,0,0,0,0,0,0,0,0,0,0,0,0,0,0.0,0.0,0.0,0.0,0.0,0.0,0.0,0.0,0.0,0.3180259485011579,0.0,0.0,0.0,0.0,0.0,0.0,0.0,0.0,0.4080537066361507,0.0,0.0,0.0,0.0,0.6412189088396144,0.0,0.5667362521728879,0.0,0.0,0.0,0.0,0.0,0.0,0.0,0.0,0.0,0.0,0.0,0.0,0.0,0.0,0.0,0.0,0.0,0.0,0.0,0.0,0.0,0.0,0.0,0.0
4610,2.53959877845859,346.4166666666666,10,1,1,0,1,1,1,1,1,1,1,1,1,0.0,3.919068736141907e-05,0.0,0.0,0.0,0.0,0.0,0.0,0.0,0.0,0.0,0.0,0.0,0.0,0.0,0.0,1.0,1.0,1,0.16094331555107,5,0.0,1.0,0.0,0.0,0.0,0.0,0.0,0.0,0.0,0.0,1.0,0.0,0.0,0.0,0.0,0.0,0.0,0.0,0.0,0.0,1.0,1.0,1.0,0.0,0.0,0.0,0.0,0.0,0.0,0.0,0.0,0.0,0.0,0.0,0.0,0.0,0.25,3.919068736141907e-05,1,0,0,0,0,0,0,0,0,0,0,0,0,0,0,0,0,0,0,0,0,0,0,0,0,0,0,0,0,0,0,0,0,0,0,0,0.0,0.0,0.0,0.0,0.0,0.0,0.0,0.0,0.0,0.4205419600329504,0.0,0.0,0.0,0.0,0.0,0.0,0.0,0.0,0.5395902642417638,0.0,0.0,0.0,0.0,0.4239582619036184,0.0,0.0,0.0,0.0,0.0,0.0,0.0,0.0,0.0,0.0,0.0,0.0,0.0,0.0,0.0,0.5935033266552183,0.0,0.0,0.0,0.0,0.0,0.0,0.0,0.0,0.0,0.0
4612,2.2836780569110555,192.1666666666667,6,1,0,0,1,1,0,1,0,1,1,1,0,0.0,1.5971914264597193e-05,0.0,0.0,0.0,0.0,0.0,0.0,0.0,0.0,0.0,0.0,0.0,0.0,0.0,0.0,1.0,1.0,1,0.16094331555107,5,0.0,1.0,0.0,0.0,0.0,0.0,0.0,0.0,0.0,0.0,1.0,0.0,0.0,0.0,0.0,0.0,0.0,0.0,0.0,0.0,1.0,1.0,1.0,0.0,0.0,0.0,0.0,0.0,0.0,0.0,0.0,0.0,0.0,0.0,0.0,0.0,0.25,1.5971914264597193e-05,1,0,0,0,0,0,0,0,0,0,0,0,0,0,0,0,0,0,0,0,0,0,0,0,0,0,0,0,0,0,0,0,0,0,0,0,0.0,0.0,0.0,0.0,0.0,0.0,0.0,0.447964697928719,0.0,0.3943309494815093,0.0,0.0,0.0,0.0,0.0,0.0,0.0,0.0,0.0,0.0,0.0,0.0,0.0,0.3975343243843857,0.0,0.0,0.4196324185006021,0.0,0.0,0.0,0.0,0.0,0.0,0.0,0.0,0.0,0.0,0.0,0.0,0.5565121975035484,0.0,0.0,0.0,0.0,0.0,0.0,0.0,0.0,0.0,0.0
4614,2.0089548426529262,102.08333333333329,8,1,0,0,1,1,1,1,1,1,1,0,1,0.0,6.840354767184035e-06,0.0,0.0,0.0,0.0,0.0,0.0,0.0,0.0,0.0,0.0,0.0,0.0,0.0,0.0,1.0,1.0,1,0.16094331555107,5,0.0,1.0,0.0,0.0,0.0,0.0,0.0,0.0,0.0,0.0,1.0,0.0,0.0,0.0,0.0,0.0,0.0,0.0,0.0,0.0,1.0,1.0,1.0,0.0,0.0,0.0,0.0,0.0,0.0,0.0,0.0,0.0,0.0,0.0,0.0,0.0,0.25,6.840354767184035e-06,1,0,0,0,0,0,0,0,0,0,0,0,0,0,0,0,0,0,0,0,0,0,0,0,0,0,0,0,0,0,0,0,0,0,0,0,0.0,0.0,0.0,0.0,0.0,0.0,0.0,0.4506077329462029,0.0,0.396657540198984,0.0,0.0,0.0,0.0,0.0,0.0,0.0,0.0,0.0,0.0,0.0,0.0,0.0,0.7997596306468431,0.0,0.0,0.0,0.0,0.0,0.0,0.0,0.0,0.0,0.0,0.0,0.0,0.0,0.0,0.0,0.0,0.0,0.0,0.0,0.0,0.0,0.0,0.0,0.0,0.0,0.0
4616,2.32871929409501,213.16666666666657,9,1,0,0,1,1,1,1,1,1,1,1,1,0.0,1.8123429416112344e-05,0.0,0.0,0.0,0.0,0.0,0.0,0.0,0.0,0.0,0.0,0.0,0.0,0.0,0.0,1.0,1.0,1,0.16094331555107,5,0.0,1.0,0.0,0.0,0.0,0.0,0.0,0.0,0.0,0.0,1.0,0.0,0.0,0.0,0.0,0.0,0.0,0.0,0.0,0.0,1.0,1.0,1.0,0.0,0.0,0.0,0.0,0.0,0.0,0.0,0.0,0.0,0.0,0.0,0.0,0.0,0.25,1.8123429416112344e-05,1,0,0,0,0,0,0,0,0,0,0,0,0,0,0,0,0,0,0,0,0,0,0,0,0,0,0,0,0,0,0,0,0,0,0,0,0.0,0.0,0.0,0.0,0.0,0.0,0.0,0.5391712004702657,0.0,0.4746175142764403,0.0,0.0,0.0,0.0,0.0,0.0,0.0,0.0,0.0,0.0,0.0,0.0,0.0,0.4784731026742007,0.0,0.0,0.505070412658304,0.0,0.0,0.0,0.0,0.0,0.0,0.0,0.0,0.0,0.0,0.0,0.0,0.0,0.0,0.0,0.0,0.0,0.0,0.0,0.0,0.0,0.0,0.0
4617,2.4704349934714607,295.41666666666674,7,1,0,0,1,1,1,1,1,1,1,0,0,0.0,3.095713229859571e-05,0.0,0.0,0.0,0.0,0.0,0.0,0.0,0.0,0.0,0.0,0.0,0.0,0.0,0.0,1.0,1.0,1,0.16094331555107,5,0.0,1.0,0.0,0.0,0.0,0.0,0.0,0.0,0.0,0.0,1.0,0.0,0.0,0.0,0.0,0.0,0.0,0.0,0.0,0.0,1.0,1.0,1.0,0.0,0.0,0.0,0.0,0.0,0.0,0.0,0.0,0.0,0.0,0.0,0.0,0.0,0.25,3.095713229859571e-05,1,0,0,0,0,0,0,0,0,0,0,0,0,0,0,0,0,0,0,0,0,0,0,0,0,0,0,0,0,0,0,0,0,0,0,0,0.0,0.0,0.0,0.0,0.0,0.0,0.0,0.0,0.0,0.4994988666351123,0.0,0.0,0.0,0.0,0.0,0.0,0.0,0.0,0.0,0.0,0.0,0.0,0.0,0.5035565804298271,0.0,0.0,0.0,0.0,0.0,0.0,0.0,0.0,0.0,0.0,0.0,0.0,0.0,0.0,0.0,0.7049337930160942,0.0,0.0,0.0,0.0,0.0,0.0,0.0,0.0,0.0,0.0
4619,1.3832167518513312,24.166666666666664,9,1,0,0,1,1,1,1,1,1,1,1,1,0.0,7.413155949741315e-07,0.0,0.0,0.0,0.0,0.0,0.0,0.0,0.0,0.0,0.0,0.0,0.0,0.0,0.0,1.0,1.0,1,0.16094331555107,5,0.0,1.0,0.0,0.0,0.0,0.0,0.0,0.0,0.0,0.0,1.0,0.0,0.0,0.0,0.0,0.0,0.0,0.0,0.0,0.0,1.0,1.0,1.0,0.0,0.0,0.0,0.0,0.0,0.0,0.0,0.0,0.0,0.0,0.0,0.0,0.0,0.25,7.413155949741315e-07,1,0,0,0,0,0,0,0,0,0,0,0,0,0,0,0,0,0,0,0,0,0,0,0,0,0,0,0,0,0,0,0,0,0,0,0,0.0,0.0,0.0,0.0,0.0,0.0,0.0,0.0,0.0,0.4994988666351123,0.0,0.0,0.0,0.0,0.0,0.0,0.0,0.0,0.0,0.0,0.0,0.0,0.0,0.5035565804298271,0.0,0.0,0.0,0.0,0.0,0.0,0.0,0.0,0.0,0.0,0.0,0.0,0.0,0.0,0.0,0.7049337930160942,0.0,0.0,0.0,0.0,0.0,0.0,0.0,0.0,0.0,0.0
4626,2.028028723600244,106.66666666666681,9,1,0,0,1,1,1,1,1,1,1,1,1,0.0,7.249076127124908e-06,0.0,0.0,0.0,0.0,0.0,0.0,0.0,0.0,0.0,0.0,0.0,0.0,0.0,0.0,1.0,1.0,1,0.16094331555107,5,0.0,1.0,0.0,0.0,0.0,0.0,0.0,0.0,0.0,0.0,1.0,0.0,0.0,0.0,0.0,0.0,0.0,0.0,0.0,0.0,1.0,1.0,1.0,0.0,0.0,0.0,0.0,0.0,0.0,0.0,0.0,0.0,0.0,0.0,0.0,0.0,0.25,7.249076127124908e-06,1,0,0,0,0,0,0,0,0,0,0,0,0,0,0,0,0,0,0,0,0,0,0,0,0,0,0,0,0,0,0,0,0,0,0,0,0.0,0.0,0.0,0.0,0.0,0.0,0.0,0.0,0.0,0.7042405219590901,0.0,0.0,0.0,0.0,0.0,0.0,0.0,0.0,0.0,0.0,0.0,0.0,0.0,0.7099614688353081,0.0,0.0,0.0,0.0,0.0,0.0,0.0,0.0,0.0,0.0,0.0,0.0,0.0,0.0,0.0,0.0,0.0,0.0,0.0,0.0,0.0,0.0,0.0,0.0,0.0,0.0
4631,3.009344646383631,1021.75,8,1,0,0,1,1,1,1,1,1,1,0,1,0.0,0.0001675129342202,0.0,0.0,0.0,0.0,0.0,0.0,0.0,0.0,0.0,0.0,0.0,0.0,0.0,0.0,1.0,1.0,1,0.16094331555107,5,0.0,1.0,0.0,0.0,0.0,0.0,0.0,0.0,0.0,0.0,1.0,0.0,0.0,0.0,0.0,0.0,0.0,0.0,0.0,0.0,1.0,1.0,1.0,0.0,0.0,0.0,0.0,0.0,0.0,0.0,0.0,0.0,0.0,0.0,0.0,0.0,0.25,0.0001675129342202,1,0,0,0,0,0,0,0,0,0,0,0,0,0,0,0,0,0,0,0,0,0,0,0,0,0,0,0,0,0,0,0,0,0,0,0,0.0,0.0,0.0,0.0,0.0,0.0,0.0,0.0,0.0,0.7042405219590901,0.0,0.0,0.0,0.0,0.0,0.0,0.0,0.0,0.0,0.0,0.0,0.0,0.0,0.7099614688353081,0.0,0.0,0.0,0.0,0.0,0.0,0.0,0.0,0.0,0.0,0.0,0.0,0.0,0.0,0.0,0.0,0.0,0.0,0.0,0.0,0.0,0.0,0.0,0.0,0.0,0.0
4683,2.162862993321926,145.5,2,1,0,0,0,1,0,0,0,0,1,0,0,0.0,1.1195861049519586e-05,0.0,0.0,0.0,0.0,0.0,0.0,0.0,0.0,0.0,0.0,0.0,0.0,0.0,0.0,1.0,1.0,1,0.16094331555107,5,0.0,1.0,0.0,0.0,0.0,0.0,0.0,0.0,0.0,0.0,1.0,0.0,0.0,0.0,0.0,0.0,0.0,0.0,0.0,0.0,1.0,1.0,1.0,0.0,0.0,0.0,0.0,0.0,0.0,0.0,0.0,0.0,0.0,0.0,0.0,0.0,0.25,1.1195861049519586e-05,1,0,0,0,0,0,0,0,0,0,0,0,0,0,0,0,0,0,0,0,0,0,0,0,0,0,0,0,0,0,0,0,0,0,0,0,0.0,0.0,0.0,0.0,0.0,0.0,0.0,0.0,0.0,0.3037491907532896,0.0,0.0,0.0,0.0,0.0,0.0,0.0,0.0,0.0,0.0,0.0,0.0,0.0,0.6124334368741962,0.4895529009470908,0.5412944408447861,0.0,0.0,0.0,0.0,0.0,0.0,0.0,0.0,0.0,0.0,0.0,0.0,0.0,0.0,0.0,0.0,0.0,0.0,0.0,0.0,0.0,0.0,0.0,0.0
4684,2.302294844227405,200.58333333333334,7,1,0,0,0,1,0,1,1,1,1,1,1,0.0,1.6830007390983e-05,0.0,0.0,0.0,0.0,0.0,0.0,0.0,0.0,0.0,0.0,0.0,0.0,0.0,0.0,1.0,1.0,1,0.16094331555107,5,0.0,1.0,0.0,0.0,0.0,0.0,0.0,0.0,0.0,0.0,1.0,0.0,0.0,0.0,0.0,0.0,0.0,0.0,0.0,0.0,1.0,1.0,1.0,0.0,0.0,0.0,0.0,0.0,0.0,0.0,0.0,0.0,0.0,0.0,0.0,0.0,0.25,1.6830007390983e-05,1,0,0,0,0,0,0,0,0,0,0,0,0,0,0,0,0,0,0,0,0,0,0,0,0,0,0,0,0,0,0,0,0,0,0,0,0.0,0.0,0.0,0.0,0.0,0.0,0.0,0.0,0.0,0.4388669762005182,0.0,0.0,0.0,0.0,0.0,0.0,0.0,0.0,0.0,0.0,0.0,0.0,0.0,0.4424321426149488,0.0,0.7820802876826389,0.0,0.0,0.0,0.0,0.0,0.0,0.0,0.0,0.0,0.0,0.0,0.0,0.0,0.0,0.0,0.0,0.0,0.0,0.0,0.0,0.0,0.0,0.0,0.0
4690,2.124395528930348,133.1666666666668,10,1,1,0,1,1,1,1,1,1,1,1,1,0.0,9.93939393939394e-06,0.0,0.0,0.0,0.0,0.0,0.0,0.0,0.0,0.0,0.0,0.0,0.0,0.0,0.0,1.0,1.0,1,0.16094331555107,5,0.0,1.0,0.0,0.0,0.0,0.0,0.0,0.0,0.0,0.0,1.0,0.0,0.0,0.0,0.0,0.0,0.0,0.0,0.0,0.0,1.0,1.0,1.0,0.0,0.0,0.0,0.0,0.0,0.0,0.0,0.0,0.0,0.0,0.0,0.0,0.0,0.25,9.93939393939394e-06,1,0,0,0,0,0,0,0,0,0,0,0,0,0,0,0,0,0,0,0,0,0,0,0,0,0,0,0,0,0,0,0,0,0,0,0,0.0,0.0,0.0,0.0,0.0,0.0,0.0,0.0,0.0,0.7348758267769911,0.0,0.0,0.0,0.0,0.0,0.0,0.0,0.0,0.0,0.0,0.0,0.0,0.0,0.3704228208416427,0.0,0.0,0.0,0.0,0.0,0.5681060226916752,0.0,0.0,0.0,0.0,0.0,0.0,0.0,0.0,0.0,0.0,0.0,0.0,0.0,0.0,0.0,0.0,0.0,0.0,0.0,0.0
4704,1.661181443446619,45.83333333333333,10,1,1,0,1,1,1,1,1,1,1,1,1,0.0,2.158167036215817e-06,0.0,0.0,0.0,0.0,0.0,0.0,0.0,0.0,0.0,0.0,0.0,0.0,0.0,0.0,1.0,1.0,1,0.16094331555107,5,0.0,1.0,0.0,0.0,0.0,0.0,0.0,0.0,0.0,0.0,1.0,0.0,0.0,0.0,0.0,0.0,0.0,0.0,0.0,0.0,1.0,1.0,1.0,0.0,0.0,0.0,0.0,0.0,0.0,0.0,0.0,0.0,0.0,0.0,0.0,0.0,0.25,2.158167036215817e-06,1,0,0,0,0,0,0,0,0,0,0,0,0,0,0,0,0,0,0,0,0,0,0,0,0,0,0,0,0,0,0,0,0,0,0,0,0.0,0.0,0.0,0.0,0.0,0.0,0.0,0.0,0.0,0.4994988666351123,0.0,0.0,0.0,0.0,0.0,0.0,0.0,0.0,0.0,0.0,0.0,0.0,0.0,0.5035565804298271,0.0,0.0,0.0,0.0,0.0,0.0,0.0,0.0,0.0,0.0,0.0,0.0,0.0,0.0,0.0,0.7049337930160942,0.0,0.0,0.0,0.0,0.0,0.0,0.0,0.0,0.0,0.0
4707,2.1709947020363,148.24999999999994,10,1,1,0,1,1,1,1,1,1,1,1,1,0.0,1.147819660014782e-05,0.0,0.0,0.0,0.0,0.0,0.0,0.0,0.0,0.0,0.0,0.0,0.0,0.0,0.0,1.0,1.0,1,0.16094331555107,5,0.0,1.0,0.0,0.0,0.0,0.0,0.0,0.0,0.0,0.0,1.0,0.0,0.0,0.0,0.0,0.0,0.0,0.0,0.0,0.0,1.0,1.0,1.0,0.0,0.0,0.0,0.0,0.0,0.0,0.0,0.0,0.0,0.0,0.0,0.0,0.0,0.25,1.147819660014782e-05,1,0,0,0,0,0,0,0,0,0,0,0,0,0,0,0,0,0,0,0,0,0,0,0,0,0,0,0,0,0,0,0,0,0,0,0,0.0,0.0,0.0,0.0,0.0,0.0,0.0,0.0,0.0,0.7042405219590901,0.0,0.0,0.0,0.0,0.0,0.0,0.0,0.0,0.0,0.0,0.0,0.0,0.0,0.7099614688353081,0.0,0.0,0.0,0.0,0.0,0.0,0.0,0.0,0.0,0.0,0.0,0.0,0.0,0.0,0.0,0.0,0.0,0.0,0.0,0.0,0.0,0.0,0.0,0.0,0.0,0.0
4729,2.2584776449785173,181.3333333333333,3,1,0,0,0,1,0,0,1,0,1,0,0,0.0,1.486178861788618e-05,0.0,0.0,0.0,0.0,0.0,0.0,0.0,0.0,0.0,0.0,0.0,0.0,0.0,0.0,1.0,1.0,1,0.16094331555107,5,0.0,1.0,0.0,0.0,0.0,0.0,0.0,0.0,0.0,0.0,1.0,0.0,0.0,0.0,0.0,0.0,0.0,0.0,0.0,0.0,1.0,1.0,1.0,0.0,0.0,0.0,0.0,0.0,0.0,0.0,0.0,0.0,0.0,0.0,0.0,0.0,0.25,1.486178861788618e-05,1,0,0,0,0,0,0,0,0,0,0,0,0,0,0,0,0,0,0,0,0,0,0,0,0,0,0,0,0,0,0,0,0,0,0,0,0.0,0.0,0.0,0.0,0.0,0.0,0.0,0.0,0.0,0.4443236695004606,0.0,0.0,0.0,0.0,0.0,0.0,0.0,0.0,0.0,0.0,0.0,0.0,0.0,0.8958663274851029,0.0,0.0,0.0,0.0,0.0,0.0,0.0,0.0,0.0,0.0,0.0,0.0,0.0,0.0,0.0,0.0,0.0,0.0,0.0,0.0,0.0,0.0,0.0,0.0,0.0,0.0
4747,1.236789099409293,17.25,10,1,0,1,1,1,1,1,1,1,1,1,1,0.0,5.336289726533629e-07,0.0,0.0,0.0,0.0,0.0,0.0,0.0,0.0,0.0,0.0,0.0,0.0,0.0,0.0,1.0,1.0,1,0.0144917051122692,5,0.0,1.0,0.0,0.0,0.0,0.0,0.0,0.0,0.0,0.0,1.0,0.0,0.0,0.0,0.0,0.0,0.0,0.0,0.0,0.0,1.0,1.0,1.0,0.0,0.0,0.0,0.0,0.0,0.0,0.0,0.0,0.0,0.0,0.0,0.0,0.0,0.25,5.336289726533629e-07,0,1,0,0,0,0,0,0,0,0,0,0,0,0,0,0,0,0,0,0,0,0,0,0,0,0,0,0,0,0,0,0,0,0,0,0,0.0,0.0,0.0,0.0,0.0,0.0,0.0,0.0,0.0,0.5635474511460147,0.0,0.0,0.0,0.0,0.0,0.0,0.0,0.0,0.0,0.0,0.0,0.0,0.0,0.5681254680730522,0.0,0.0,0.5997063638428438,0.0,0.0,0.0,0.0,0.0,0.0,0.0,0.0,0.0,0.0,0.0,0.0,0.0,0.0,0.0,0.0,0.0,0.0,0.0,0.0,0.0,0.0,0.0
4748,2.689604800860389,489.33333333333275,10,1,0,1,1,1,1,1,1,1,1,1,1,0.0,6.37309682187731e-05,0.0,0.0,0.0,0.0,0.0,0.0,0.0,0.0,0.0,0.0,0.0,0.0,0.0,0.0,1.0,1.0,1,0.16094331555107,5,0.0,1.0,0.0,0.0,0.0,0.0,0.0,0.0,0.0,0.0,1.0,0.0,0.0,0.0,0.0,0.0,0.0,0.0,0.0,0.0,1.0,1.0,1.0,0.0,0.0,0.0,0.0,0.0,0.0,0.0,0.0,0.0,0.0,0.0,0.0,0.0,0.25,6.37309682187731e-05,1,0,0,0,0,0,0,0,0,0,0,0,0,0,0,0,0,0,0,0,0,0,0,0,0,0,0,0,0,0,0,0,0,0,0,0,0.0,0.0,0.0,0.0,0.0,0.0,0.0,0.0,0.0,0.4016843236724519,0.0,0.0,0.0,0.0,0.0,0.0,0.0,0.0,0.0,0.0,0.0,0.0,0.0,0.8098948684443286,0.0,0.0,0.4274576074692652,0.0,0.0,0.0,0.0,0.0,0.0,0.0,0.0,0.0,0.0,0.0,0.0,0.0,0.0,0.0,0.0,0.0,0.0,0.0,0.0,0.0,0.0,0.0
4769,1.2730012720637376,18.749999999999996,9,1,0,1,1,1,1,1,1,1,1,0,1,0.0,5.853658536585366e-07,0.0,0.0,0.0,0.0,0.0,0.0,0.0,0.0,0.0,0.0,0.0,0.0,0.0,0.0,1.0,1.0,1,0.16094331555107,5,0.0,1.0,0.0,0.0,0.0,0.0,0.0,0.0,0.0,0.0,1.0,0.0,0.0,0.0,0.0,0.0,0.0,0.0,0.0,0.0,1.0,1.0,1.0,0.0,0.0,0.0,0.0,0.0,0.0,0.0,0.0,0.0,0.0,0.0,0.0,0.0,0.25,5.853658536585366e-07,1,0,0,0,0,0,0,0,0,0,0,0,0,0,0,0,0,0,0,0,0,0,0,0,0,0,0,0,0,0,0,0,0,0,0,0,0.0,0.0,0.0,0.0,0.0,0.0,0.0,0.0,0.0,0.4016843236724519,0.0,0.0,0.0,0.0,0.0,0.0,0.0,0.0,0.0,0.0,0.0,0.0,0.0,0.8098948684443286,0.0,0.0,0.4274576074692652,0.0,0.0,0.0,0.0,0.0,0.0,0.0,0.0,0.0,0.0,0.0,0.0,0.0,0.0,0.0,0.0,0.0,0.0,0.0,0.0,0.0,0.0,0.0
4771,1.4107772333772095,25.749999999999982,9,1,0,1,1,1,1,1,1,0,1,1,1,0.0,9.02439024390244e-07,0.0,0.0,0.0,0.0,0.0,0.0,0.0,0.0,0.0,0.0,0.0,0.0,0.0,0.0,1.0,1.0,1,0.16094331555107,5,0.0,1.0,0.0,0.0,0.0,0.0,0.0,0.0,0.0,0.0,1.0,0.0,0.0,0.0,0.0,0.0,0.0,0.0,0.0,0.0,1.0,1.0,1.0,0.0,0.0,0.0,0.0,0.0,0.0,0.0,0.0,0.0,0.0,0.0,0.0,0.0,0.25,9.02439024390244e-07,1,0,0,0,0,0,0,0,0,0,0,0,0,0,0,0,0,0,0,0,0,0,0,0,0,0,0,0,0,0,0,0,0,0,0,0,0.0,0.0,0.0,0.0,0.0,0.0,0.0,0.0,0.0,0.4443236695004606,0.0,0.0,0.0,0.0,0.0,0.0,0.0,0.0,0.0,0.0,0.0,0.0,0.0,0.8958663274851029,0.0,0.0,0.0,0.0,0.0,0.0,0.0,0.0,0.0,0.0,0.0,0.0,0.0,0.0,0.0,0.0,0.0,0.0,0.0,0.0,0.0,0.0,0.0,0.0,0.0,0.0
4781,1.166331421766525,14.666666666666668,9,1,0,1,1,1,1,1,1,1,1,0,1,0.0,4.449371766444937e-07,0.0,0.0,0.0,0.0,0.0,0.0,0.0,0.0,0.0,0.0,0.0,0.0,0.0,0.0,1.0,1.0,1,0.16094331555107,5,0.0,1.0,0.0,0.0,0.0,0.0,0.0,0.0,0.0,0.0,1.0,0.0,0.0,0.0,0.0,0.0,0.0,0.0,0.0,0.0,1.0,1.0,1.0,0.0,0.0,0.0,0.0,0.0,0.0,0.0,0.0,0.0,0.0,0.0,0.0,0.0,0.25,4.449371766444937e-07,1,0,0,0,0,0,0,0,0,0,0,0,0,0,0,0,0,0,0,0,0,0,0,0,0,0,0,0,0,0,0,0,0,0,0,0,0.0,0.0,0.0,0.0,0.0,0.0,0.0,0.0,0.0,0.4994988666351123,0.0,0.0,0.0,0.0,0.0,0.0,0.0,0.0,0.0,0.0,0.0,0.0,0.0,0.5035565804298271,0.0,0.0,0.0,0.0,0.0,0.0,0.0,0.0,0.0,0.0,0.0,0.0,0.0,0.0,0.0,0.7049337930160942,0.0,0.0,0.0,0.0,0.0,0.0,0.0,0.0,0.0,0.0
4787,2.0390834800418545,109.41666666666666,10,1,1,1,1,1,1,1,1,1,1,0,1,0.0,7.342941611234294e-06,0.0,0.0,0.0,0.0,0.0,0.0,0.0,0.0,0.0,0.0,0.0,0.0,0.0,0.0,1.0,1.0,1,0.16094331555107,5,0.0,1.0,0.0,0.0,0.0,0.0,0.0,0.0,0.0,0.0,1.0,0.0,0.0,0.0,0.0,0.0,0.0,0.0,0.0,0.0,1.0,1.0,1.0,0.0,0.0,0.0,0.0,0.0,0.0,0.0,0.0,0.0,0.0,0.0,0.0,0.0,0.25,7.342941611234294e-06,1,0,0,0,0,0,0,0,0,0,0,0,0,0,0,0,0,0,0,0,0,0,0,0,0,0,0,0,0,0,0,0,0,0,0,0,0.0,0.0,0.0,0.0,0.0,0.0,0.0,0.0,0.0,0.7042405219590901,0.0,0.0,0.0,0.0,0.0,0.0,0.0,0.0,0.0,0.0,0.0,0.0,0.0,0.7099614688353081,0.0,0.0,0.0,0.0,0.0,0.0,0.0,0.0,0.0,0.0,0.0,0.0,0.0,0.0,0.0,0.0,0.0,0.0,0.0,0.0,0.0,0.0,0.0,0.0,0.0,0.0
4801,3.264050048516414,1836.7499999999998,7,1,0,0,1,1,0,0,1,1,1,1,1,0.0,0.0003704316334072,0.0,0.0,0.0,0.0,0.0,0.0,0.0,0.0,0.0,0.0,0.0,0.0,0.0,0.0,1.0,1.0,1,0.0248934068468906,5,0.0,1.0,0.0,0.0,0.0,0.0,0.0,0.0,0.0,0.0,1.0,0.0,0.0,0.0,0.0,0.0,0.0,0.0,0.0,0.0,1.0,1.0,1.0,0.0,0.0,0.0,0.0,0.0,0.0,0.0,0.0,0.0,0.0,0.0,0.0,0.0,0.25,0.0003704316334072,0,0,0,0,0,1,0,0,0,0,0,0,0,0,0,0,0,0,0,0,0,0,0,0,0,0,0,0,0,0,0,0,0,0,0,0,0.0,0.0,0.0,0.0,0.0,0.0,0.0,0.0,0.0,0.7042405219590901,0.0,0.0,0.0,0.0,0.0,0.0,0.0,0.0,0.0,0.0,0.0,0.0,0.0,0.7099614688353081,0.0,0.0,0.0,0.0,0.0,0.0,0.0,0.0,0.0,0.0,0.0,0.0,0.0,0.0,0.0,0.0,0.0,0.0,0.0,0.0,0.0,0.0,0.0,0.0,0.0,0.0
4838,2.039414119176137,109.49999999999991,6,1,0,0,1,1,0,1,0,1,1,0,1,0.0,7.515151515151515e-06,0.0,0.0,0.0,0.0,0.0,0.0,0.0,0.0,0.0,0.0,0.0,0.0,0.0,0.0,1.0,1.0,1,0.0042216928146581,5,0.0,1.0,0.0,0.0,0.0,0.0,0.0,0.0,0.0,0.0,1.0,0.0,0.0,0.0,0.0,0.0,0.0,0.0,0.0,0.0,1.0,1.0,1.0,0.0,0.0,0.0,0.0,0.0,0.0,0.0,0.0,0.0,0.0,0.0,0.0,0.0,0.25,7.515151515151515e-06,0,0,0,0,0,0,0,0,0,0,0,0,0,0,0,0,0,0,0,0,0,0,0,0,0,0,0,0,0,0,0,0,0,0,0,0,0.0,0.0,0.0,0.0,0.0,0.3621465775896105,0.0,0.0,0.0,0.6564374920285565,0.0,0.0,0.0,0.0,0.0,0.0,0.0,0.0,0.0,0.0,0.0,0.0,0.0,0.6617701076653364,0.0,0.0,0.0,0.0,0.0,0.0,0.0,0.0,0.0,0.0,0.0,0.0,0.0,0.0,0.0,0.0,0.0,0.0,0.0,0.0,0.0,0.0,0.0,0.0,0.0,0.0
4843,3.069112851387121,1172.5,6,1,0,0,0,1,0,1,1,1,1,1,0,0.0,0.0002011352549889,0.0,0.0,0.0,0.0,0.0,0.0,0.0,0.0,0.0,0.0,0.0,0.0,0.0,0.0,1.0,1.0,249,1.0,5,0.0,1.0,0.0,0.0,0.0,0.0,0.0,0.0,0.0,0.0,1.0,0.0,0.0,0.0,0.0,0.0,0.0,0.0,0.0,0.0,1.0,1.0,1.0,0.0,0.0,0.0,0.0,0.0,0.0,0.0,0.0,0.0,0.0,0.0,0.0,0.0,0.25,0.0002011352549889,0,0,0,0,0,0,0,0,0,0,0,0,0,0,0,0,0,0,0,0,0,0,0,0,0,0,0,0,0,0,0,0,0,0,0,0,0.0,0.0,0.0,0.0,0.0,0.4051929818961453,0.0,0.0,0.0,0.3672323325458765,0.0,0.0,0.0,0.0,0.0,0.0,0.0,0.0,0.0,0.0,0.0,0.0,0.0,0.7404311398974917,0.0,0.0,0.3907950721607501,0.0,0.0,0.0,0.0,0.0,0.0,0.0,0.0,0.0,0.0,0.0,0.0,0.0,0.0,0.0,0.0,0.0,0.0,0.0,0.0,0.0,0.0,0.0
4848,2.010723865391773,102.49999999999996,4,1,1,0,0,1,0,0,0,1,1,0,0,0.0,9.940872135994087e-06,0.0,0.0,0.0,0.0,0.0,0.0,0.0,0.0,0.0,0.0,0.0,0.0,0.0,0.0,1.0,1.0,1,0.0144917051122692,5,0.0,1.0,0.0,0.0,0.0,0.0,0.0,0.0,0.0,0.0,1.0,0.0,0.0,0.0,0.0,0.0,0.0,0.0,0.0,0.0,1.0,1.0,1.0,0.0,0.0,0.0,0.0,0.0,0.0,0.0,0.0,0.0,0.0,0.0,0.0,0.0,0.25,9.940872135994087e-06,0,1,0,0,0,0,0,0,0,0,0,0,0,0,0,0,0,0,0,0,0,0,0,0,0,0,0,0,0,0,0,0,0,0,0,0,0.0,0.0,0.0,0.0,0.0,0.0,0.0,0.0,0.0,0.3494408112995332,0.0,0.0,0.0,0.0,0.0,0.0,0.0,0.0,0.0,0.0,0.0,0.0,0.0,0.7045590360834989,0.0,0.0,0.3718619929813844,0.0,0.0,0.0,0.0,0.0,0.0,0.0,0.0,0.0,0.0,0.0,0.0,0.4931595504979374,0.0,0.0,0.0,0.0,0.0,0.0,0.0,0.0,0.0,0.0
4851,2.5819686111971616,381.9166666666665,3,1,0,0,0,1,0,0,0,1,1,0,0,0.0,6.621433850702143e-05,0.0,0.0,0.0,0.0,0.0,0.0,0.0,0.0,0.0,0.0,0.0,0.0,0.0,0.0,1.0,1.0,1,0.16094331555107,5,0.0,1.0,0.0,0.0,0.0,0.0,0.0,0.0,0.0,0.0,1.0,0.0,0.0,0.0,0.0,0.0,0.0,0.0,0.0,0.0,1.0,1.0,1.0,0.0,0.0,0.0,0.0,0.0,0.0,0.0,0.0,0.0,0.0,0.0,0.0,0.0,0.25,6.621433850702143e-05,1,0,0,0,0,0,0,0,0,0,0,0,0,0,0,0,0,0,0,0,0,0,0,0,0,0,0,0,0,0,0,0,0,0,0,0,0.0,0.0,0.0,0.0,0.0,0.0,0.0,0.0,0.0,0.8065594108417231,0.0,0.0,0.0,0.0,0.0,0.0,0.0,0.0,0.0,0.0,0.0,0.0,0.0,0.4065557761652025,0.0,0.0,0.4291553537465917,0.0,0.0,0.0,0.0,0.0,0.0,0.0,0.0,0.0,0.0,0.0,0.0,0.0,0.0,0.0,0.0,0.0,0.0,0.0,0.0,0.0,0.0,0.0
4852,2.8766988401777507,752.8333333333335,4,1,1,0,0,1,0,0,0,1,1,0,0,0.0,0.0001634641537324,0.0,0.0,0.0,0.0,0.0,0.0,0.0,0.0,0.0,0.0,0.0,0.0,0.0,0.0,1.0,1.0,1,0.16094331555107,5,0.0,1.0,0.0,0.0,0.0,0.0,0.0,0.0,0.0,0.0,1.0,0.0,0.0,0.0,0.0,0.0,0.0,0.0,0.0,0.0,1.0,1.0,1.0,0.0,0.0,0.0,0.0,0.0,0.0,0.0,0.0,0.0,0.0,0.0,0.0,0.0,0.25,0.0001634641537324,1,0,0,0,0,0,0,0,0,0,0,0,0,0,0,0,0,0,0,0,0,0,0,0,0,0,0,0,0,0,0,0,0,0,0,0,0.0,0.0,0.0,0.0,0.0,0.0,0.0,0.0,0.0,0.4443236695004606,0.0,0.0,0.0,0.0,0.0,0.0,0.0,0.0,0.0,0.0,0.0,0.0,0.0,0.8958663274851029,0.0,0.0,0.0,0.0,0.0,0.0,0.0,0.0,0.0,0.0,0.0,0.0,0.0,0.0,0.0,0.0,0.0,0.0,0.0,0.0,0.0,0.0,0.0,0.0,0.0,0.0
4854,1.8716702128409215,74.41666666666664,4,1,1,0,0,1,0,0,0,1,1,0,0,0.0,6.411677753141167e-06,0.0,0.0,0.0,0.0,0.0,0.0,0.0,0.0,0.0,0.0,0.0,0.0,0.0,0.0,1.0,1.0,1,0.0144917051122692,5,0.0,1.0,0.0,0.0,0.0,0.0,0.0,0.0,0.0,0.0,1.0,0.0,0.0,0.0,0.0,0.0,0.0,0.0,0.0,0.0,1.0,1.0,1.0,0.0,0.0,0.0,0.0,0.0,0.0,0.0,0.0,0.0,0.0,0.0,0.0,0.0,0.25,6.411677753141167e-06,0,1,0,0,0,0,0,0,0,0,0,0,0,0,0,0,0,0,0,0,0,0,0,0,0,0,0,0,0,0,0,0,0,0,0,0,0.0,0.0,0.0,0.0,0.0,0.0,0.0,0.0,0.0,0.4655498766658807,0.0,0.0,0.0,0.0,0.0,0.0,0.0,0.0,0.0,0.0,0.0,0.0,0.0,0.4693318034786495,0.7503272423282135,0.0,0.0,0.0,0.0,0.0,0.0,0.0,0.0,0.0,0.0,0.0,0.0,0.0,0.0,0.0,0.0,0.0,0.0,0.0,0.0,0.0,0.0,0.0,0.0,0.0
4865,2.5138831856110926,326.4999999999999,8,1,0,0,1,1,0,1,1,1,1,1,1,0.0,3.5882483370288247e-05,0.0,0.0,0.0,0.0,0.0,0.0,0.0,0.0,0.0,0.0,0.0,0.0,0.0,0.0,1.0,1.0,1,0.16094331555107,5,0.0,1.0,0.0,0.0,0.0,0.0,0.0,0.0,0.0,0.0,0.0,1.0,0.0,0.0,0.0,0.0,0.0,0.0,0.0,0.0,1.0,1.0,1.0,0.0,0.0,0.0,0.0,0.0,0.0,0.0,0.0,0.0,0.0,0.0,0.0,0.0,0.25,3.5882483370288247e-05,1,0,0,0,0,0,0,0,0,0,0,0,0,0,0,0,0,0,0,0,0,0,0,0,0,0,0,0,0,0,0,0,0,0,0,0,0.0,0.0,0.0,0.0,0.0,0.0,0.0,0.4523526532957623,0.0,0.7963870907657175,0.0,0.0,0.0,0.0,0.0,0.0,0.0,0.0,0.0,0.0,0.0,0.0,0.0,0.4014282983522719,0.0,0.0,0.0,0.0,0.0,0.0,0.0,0.0,0.0,0.0,0.0,0.0,0.0,0.0,0.0,0.0,0.0,0.0,0.0,0.0,0.0,0.0,0.0,0.0,0.0,0.0
4878,1.044670394919461,11.083333333333332,9,1,0,0,1,1,1,1,1,1,1,1,1,0.0,2.9933481152993346e-07,0.0,0.0,0.0,0.0,0.0,0.0,0.0,0.0,0.0,0.0,0.0,0.0,0.0,0.0,1.0,1.0,1,0.16094331555107,5,0.0,1.0,0.0,0.0,0.0,0.0,0.0,0.0,0.0,0.0,0.0,1.0,0.0,0.0,0.0,0.0,0.0,0.0,0.0,0.0,1.0,1.0,1.0,0.0,0.0,0.0,0.0,0.0,0.0,0.0,0.0,0.0,0.0,0.0,0.0,0.0,0.25,2.9933481152993346e-07,1,0,0,0,0,0,0,0,0,0,0,0,0,0,0,0,0,0,0,0,0,0,0,0,0,0,0,0,0,0,0,0,0,0,0,0,0.0,0.0,0.0,0.0,0.0,0.0,0.0,0.0,0.0,0.5810939871877168,0.0,0.0,0.0,0.0,0.0,0.0,0.0,0.3300186118668733,0.0,0.0,0.0,0.0,0.4585180620064731,0.5858145446210531,0.0,0.0,0.0,0.0,0.0,0.0,0.0,0.0,0.0,0.0,0.0,0.0,0.0,0.0,0.0,0.0,0.0,0.0,0.0,0.0,0.0,0.0,0.0,0.0,0.0,0.0
4879,2.2924406811283964,196.08333333333331,2,1,0,0,0,1,0,0,0,0,1,0,0,0.0,1.6374722838137473e-05,0.0,0.0,0.0,0.0,0.0,0.0,0.0,0.0,0.0,0.0,0.0,0.0,0.0,0.0,1.0,1.0,1,0.16094331555107,5,0.0,1.0,0.0,0.0,0.0,0.0,0.0,0.0,0.0,0.0,0.0,1.0,0.0,0.0,0.0,0.0,0.0,0.0,0.0,0.0,1.0,1.0,1.0,0.0,0.0,0.0,0.0,0.0,0.0,0.0,0.0,0.0,0.0,0.0,0.0,0.0,0.25,1.6374722838137473e-05,1,0,0,0,0,0,0,0,0,0,0,0,0,0,0,0,0,0,0,0,0,0,0,0,0,0,0,0,0,0,0,0,0,0,0,0,0.0,0.0,0.0,0.0,0.0,0.0,0.0,0.3494920322248278,0.0,0.6152963639352139,0.0,0.0,0.0,0.0,0.0,0.0,0.0,0.0,0.0,0.3383786433495137,0.0,0.0,0.0,0.6202947667556185,0.0,0.0,0.0,0.0,0.0,0.0,0.0,0.0,0.0,0.0,0.0,0.0,0.0,0.0,0.0,0.0,0.0,0.0,0.0,0.0,0.0,0.0,0.0,0.0,0.0,0.0
4882,1.5471591213274176,35.25000000000001,10,1,1,0,1,1,1,1,1,1,1,1,1,0.0,1.4464153732446415e-06,0.0,0.0,0.0,0.0,0.0,0.0,0.0,0.0,0.0,0.0,0.0,0.0,0.0,0.0,1.0,1.0,1,0.16094331555107,5,0.0,1.0,0.0,0.0,0.0,0.0,0.0,0.0,0.0,0.0,0.0,1.0,0.0,0.0,0.0,0.0,0.0,0.0,0.0,0.0,1.0,1.0,1.0,0.0,0.0,0.0,0.0,0.0,0.0,0.0,0.0,0.0,0.0,0.0,0.0,0.0,0.25,1.4464153732446415e-06,1,0,0,0,0,0,0,0,0,0,0,0,0,0,0,0,0,0,0,0,0,0,0,0,0,0,0,0,0,0,0,0,0,0,0,0,0.0,0.0,0.0,0.0,0.0,0.0,0.0,0.0,0.0,0.7372843937968651,0.0,0.0,0.0,0.0,0.0,0.0,0.0,0.0,0.0,0.4054652482263333,0.0,0.0,0.0,0.3716368874324582,0.0,0.0,0.3922953976837626,0.0,0.0,0.0,0.0,0.0,0.0,0.0,0.0,0.0,0.0,0.0,0.0,0.0,0.0,0.0,0.0,0.0,0.0,0.0,0.0,0.0,0.0,0.0
4898,0.870208760597288,7.416666666666668,8,1,0,0,1,1,1,1,1,1,1,0,1,0.0,1.0790835181079085e-07,0.0,0.0,0.0,0.0,0.0,0.0,0.0,0.0,0.0,0.0,0.0,0.0,0.0,0.0,1.0,1.0,1,0.16094331555107,5,0.0,1.0,0.0,0.0,0.0,0.0,0.0,0.0,0.0,0.0,0.0,1.0,0.0,0.0,0.0,0.0,0.0,0.0,0.0,0.0,1.0,1.0,1.0,0.0,0.0,0.0,0.0,0.0,0.0,0.0,0.0,0.0,0.0,0.0,0.0,0.0,0.25,1.0790835181079085e-07,1,0,0,0,0,0,0,0,0,0,0,0,0,0,0,0,0,0,0,0,0,0,0,0,0,0,0,0,0,0,0,0,0,0,0,0,0.0,0.0,0.0,0.0,0.0,0.0,0.0,0.0,0.0,0.4016843236724519,0.0,0.0,0.0,0.0,0.0,0.0,0.0,0.0,0.0,0.0,0.0,0.0,0.0,0.8098948684443286,0.0,0.0,0.4274576074692652,0.0,0.0,0.0,0.0,0.0,0.0,0.0,0.0,0.0,0.0,0.0,0.0,0.0,0.0,0.0,0.0,0.0,0.0,0.0,0.0,0.0,0.0,0.0
4929,2.179456036676452,151.16666666666686,9,1,1,0,1,1,1,1,1,1,1,0,1,0.0,1.1780487804878048e-05,0.0,0.0,0.0,0.0,0.0,0.0,0.0,0.0,0.0,0.0,0.0,0.0,0.0,0.0,1.0,1.0,1,0.16094331555107,5,0.0,1.0,0.0,0.0,0.0,0.0,0.0,0.0,0.0,0.0,0.0,1.0,0.0,0.0,0.0,0.0,0.0,0.0,0.0,0.0,1.0,1.0,1.0,0.0,0.0,0.0,0.0,0.0,0.0,0.0,0.0,0.0,0.0,0.0,0.0,0.0,0.25,1.1780487804878048e-05,1,0,0,0,0,0,0,0,0,0,0,0,0,0,0,0,0,0,0,0,0,0,0,0,0,0,0,0,0,0,0,0,0,0,0,0,0.0,0.0,0.0,0.0,0.0,0.0,0.0,0.0,0.0,0.1723974412745145,0.0,0.0,0.0,0.0,0.0,0.0,0.0,0.0,0.0,0.0,0.0,0.0,0.0,0.3475958477658096,0.0,0.9216595080928576,0.0,0.0,0.0,0.0,0.0,0.0,0.0,0.0,0.0,0.0,0.0,0.0,0.0,0.0,0.0,0.0,0.0,0.0,0.0,0.0,0.0,0.0,0.0,0.0
4942,1.762803558542489,57.916666666666664,7,1,0,0,1,1,0,0,1,1,1,1,1,0.0,3.0532150776053213e-06,0.0,0.0,0.0,0.0,0.0,0.0,0.0,0.0,0.0,0.0,0.0,0.0,0.0,0.0,1.0,1.0,1,0.16094331555107,5,0.0,1.0,0.0,0.0,0.0,0.0,0.0,0.0,0.0,0.0,0.0,1.0,0.0,0.0,0.0,0.0,0.0,0.0,0.0,0.0,1.0,1.0,1.0,0.0,0.0,0.0,0.0,0.0,0.0,0.0,0.0,0.0,0.0,0.0,0.0,0.0,0.25,3.0532150776053213e-06,1,0,0,0,0,0,0,0,0,0,0,0,0,0,0,0,0,0,0,0,0,0,0,0,0,0,0,0,0,0,0,0,0,0,0,0,0.0,0.0,0.0,0.0,0.0,0.0,0.0,0.0,0.0,0.5823131196553365,0.0,0.0,0.0,0.0,0.0,0.0,0.0,0.0,0.3735780492410908,0.0,0.0,0.0,0.0,0.5870435807960921,0.0,0.0,0.0,0.0,0.0,0.0,0.0,0.0,0.0,0.4203935133283968,0.0,0.0,0.0,0.0,0.0,0.0,0.0,0.0,0.0,0.0,0.0,0.0,0.0,0.0,0.0,0.0
4962,1.8911656301824684,77.83333333333331,9,1,0,0,1,1,1,1,1,1,1,1,1,0.0,4.687361419068736e-06,0.0,0.0,0.0,0.0,0.0,0.0,0.0,0.0,0.0,0.0,0.0,0.0,0.0,0.0,1.0,1.0,1,0.16094331555107,5,0.0,1.0,0.0,0.0,0.0,0.0,0.0,0.0,0.0,0.0,0.0,1.0,0.0,0.0,0.0,0.0,0.0,0.0,0.0,0.0,1.0,1.0,1.0,0.0,0.0,0.0,0.0,0.0,0.0,0.0,0.0,0.0,0.0,0.0,0.0,0.0,0.25,4.687361419068736e-06,1,0,0,0,0,0,0,0,0,0,0,0,0,0,0,0,0,0,0,0,0,0,0,0,0,0,0,0,0,0,0,0,0,0,0,0,0.0,0.0,0.0,0.0,0.0,0.0,0.0,0.0,0.0,0.2280550488279563,0.0,0.0,0.0,0.0,0.0,0.0,0.0,0.0,0.2926135695213471,0.0,0.0,0.3403176799112342,0.0,0.6897230096507113,0.0,0.0,0.0,0.0,0.0,0.0,0.0,0.0,0.0,0.0,0.0,0.0,0.0,0.3771691778767468,0.0,0.0,0.0,0.0,0.0,0.3585772602857471,0.0,0.0,0.0,0.0,0.0,0.0
4969,2.204119982655925,160.00000000000009,10,1,1,0,1,1,1,1,1,1,1,1,1,0.0,1.2679970436067998e-05,0.0,0.0,0.0,0.0,0.0,0.0,0.0,0.0,0.0,0.0,0.0,0.0,0.0,0.0,1.0,1.0,1,0.16094331555107,5,0.0,1.0,0.0,0.0,0.0,0.0,0.0,0.0,0.0,0.0,0.0,1.0,0.0,0.0,0.0,0.0,0.0,0.0,0.0,0.0,1.0,1.0,1.0,0.0,0.0,0.0,0.0,0.0,0.0,0.0,0.0,0.0,0.0,0.0,0.0,0.0,0.25,1.2679970436067998e-05,1,0,0,0,0,0,0,0,0,0,0,0,0,0,0,0,0,0,0,0,0,0,0,0,0,0,0,0,0,0,0,0,0,0,0,0,0.0,0.0,0.0,0.0,0.0,0.0,0.0,0.0,0.0,0.3570518383385618,0.0,0.0,0.0,0.0,0.0,0.0,0.0,0.0,0.4581271647233884,0.0,0.0,0.0,0.0,0.7199047475769023,0.0,0.0,0.3799613665858669,0.0,0.0,0.0,0.0,0.0,0.0,0.0,0.0,0.0,0.0,0.0,0.0,0.0,0.0,0.0,0.0,0.0,0.0,0.0,0.0,0.0,0.0,0.0
4973,2.4119001673755625,258.16666666666674,8,1,1,0,0,1,1,1,1,1,1,1,0,0.0,2.505838876570584e-05,0.0,0.0,0.0,0.0,0.0,0.0,0.0,0.0,0.0,0.0,0.0,0.0,0.0,0.0,1.0,1.0,1,0.16094331555107,5,0.0,1.0,0.0,0.0,0.0,0.0,0.0,0.0,0.0,0.0,0.0,1.0,0.0,0.0,0.0,0.0,0.0,0.0,0.0,0.0,1.0,1.0,1.0,0.0,0.0,0.0,0.0,0.0,0.0,0.0,0.0,0.0,0.0,0.0,0.0,0.0,0.25,2.505838876570584e-05,1,0,0,0,0,0,0,0,0,0,0,0,0,0,0,0,0,0,0,0,0,0,0,0,0,0,0,0,0,0,0,0,0,0,0,0,0.0,0.0,0.0,0.0,0.0,0.0,0.0,0.0,0.0,0.424285906512247,0.0,0.0,0.0,0.0,0.5836620444492729,0.0,0.0,0.0,0.5443940585407023,0.0,0.0,0.0,0.0,0.4277326225926171,0.0,0.0,0.0,0.0,0.0,0.0,0.0,0.0,0.0,0.0,0.0,0.0,0.0,0.0,0.0,0.0,0.0,0.0,0.0,0.0,0.0,0.0,0.0,0.0,0.0,0.0
4981,2.110028243534681,128.8333333333333,5,1,0,0,0,1,0,0,1,1,1,0,1,0.0,9.492978566149295e-06,0.0,0.0,0.0,0.0,0.0,0.0,0.0,0.0,0.0,0.0,0.0,0.0,0.0,0.0,1.0,1.0,1,0.16094331555107,5,0.0,1.0,0.0,0.0,0.0,0.0,0.0,0.0,0.0,0.0,0.0,1.0,0.0,0.0,0.0,0.0,0.0,0.0,0.0,0.0,1.0,1.0,1.0,0.0,0.0,0.0,0.0,0.0,0.0,0.0,0.0,0.0,0.0,0.0,0.0,0.0,0.25,9.492978566149295e-06,1,0,0,0,0,0,0,0,0,0,0,0,0,0,0,0,0,0,0,0,0,0,0,0,0,0,0,0,0,0,0,0,0,0,0,0,0.0,0.0,0.0,0.0,0.0,0.0,0.0,0.0,0.0,0.3314591434689233,0.0,0.0,0.0,0.0,0.0,0.0,0.0,0.0,0.4252896115187449,0.0,0.0,0.0,0.0,0.6683035497629602,0.0,0.0,0.0,0.0,0.0,0.5124782414106077,0.0,0.0,0.0,0.0,0.0,0.0,0.0,0.0,0.0,0.0,0.0,0.0,0.0,0.0,0.0,0.0,0.0,0.0,0.0,0.0
4987,2.48737408483543,307.1666666666667,6,1,0,0,1,1,1,1,0,0,1,0,1,0.0,3.281522542498152e-05,0.0,0.0,0.0,0.0,0.0,0.0,0.0,0.0,0.0,0.0,0.0,0.0,0.0,0.0,1.0,1.0,1,0.16094331555107,5,0.0,1.0,0.0,0.0,0.0,0.0,0.0,0.0,0.0,0.0,0.0,1.0,0.0,0.0,0.0,0.0,0.0,0.0,0.0,0.0,1.0,1.0,1.0,0.0,0.0,0.0,0.0,0.0,0.0,0.0,0.0,0.0,0.0,0.0,0.0,0.0,0.25,3.281522542498152e-05,1,0,0,0,0,0,0,0,0,0,0,0,0,0,0,0,0,0,0,0,0,0,0,0,0,0,0,0,0,0,0,0,0,0,0,0,0.0,0.0,0.0,0.0,0.0,0.3621465775896105,0.0,0.0,0.0,0.6564374920285565,0.0,0.0,0.0,0.0,0.0,0.0,0.0,0.0,0.0,0.0,0.0,0.0,0.0,0.6617701076653364,0.0,0.0,0.0,0.0,0.0,0.0,0.0,0.0,0.0,0.0,0.0,0.0,0.0,0.0,0.0,0.0,0.0,0.0,0.0,0.0,0.0,0.0,0.0,0.0,0.0,0.0
4988,2.235317981925527,171.9166666666667,9,1,0,0,1,1,1,1,1,1,1,1,1,0.0,1.3896526237989652e-05,0.0,0.0,0.0,0.0,0.0,0.0,0.0,0.0,0.0,0.0,0.0,0.0,0.0,0.0,1.0,1.0,1,0.16094331555107,5,0.0,1.0,0.0,0.0,0.0,0.0,0.0,0.0,0.0,0.0,0.0,1.0,0.0,0.0,0.0,0.0,0.0,0.0,0.0,0.0,1.0,1.0,1.0,0.0,0.0,0.0,0.0,0.0,0.0,0.0,0.0,0.0,0.0,0.0,0.0,0.0,0.25,1.3896526237989652e-05,1,0,0,0,0,0,0,0,0,0,0,0,0,0,0,0,0,0,0,0,0,0,0,0,0,0,0,0,0,0,0,0,0,0,0,0,0.0,0.0,0.0,0.0,0.0,0.0,0.0,0.0,0.0,0.2657041868831451,0.0,0.0,0.0,0.0,0.0,0.0,0.0,0.0,0.0,0.0,0.0,0.0,0.0,0.5357253066622234,0.0,0.0,0.2827525729190537,0.0,0.0,0.0,0.0,0.0,0.0,0.0,0.0,0.0,0.0,0.0,0.0,0.7499671082001454,0.0,0.0,0.0,0.0,0.0,0.0,0.0,0.0,0.0,0.0
4990,2.804877401046314,638.0833333333336,4,1,0,0,1,1,0,0,0,0,1,0,1,0.0,9.138950480413896e-05,0.0,0.0,0.0,0.0,0.0,0.0,0.0,0.0,0.0,0.0,0.0,0.0,0.0,0.0,1.0,1.0,1,0.16094331555107,5,0.0,1.0,0.0,0.0,0.0,0.0,0.0,0.0,0.0,0.0,0.0,1.0,0.0,0.0,0.0,0.0,0.0,0.0,0.0,0.0,1.0,1.0,1.0,0.0,0.0,0.0,0.0,0.0,0.0,0.0,0.0,0.0,0.0,0.0,0.0,0.0,0.25,9.138950480413896e-05,1,0,0,0,0,0,0,0,0,0,0,0,0,0,0,0,0,0,0,0,0,0,0,0,0,0,0,0,0,0,0,0,0,0,0,0,0.0,0.0,0.0,0.0,0.0,0.0,0.0,0.0,0.0,0.5327410966629286,0.0,0.0,0.0,0.0,0.0,0.0,0.0,0.0,0.3417755378063503,0.0,0.0,0.0,0.0,0.537068856026034,0.0,0.0,0.0,0.0,0.0,0.4118429461436377,0.0,0.0,0.0,0.0,0.0,0.0,0.0,0.0,0.0,0.3759239780622885,0.0,0.0,0.0,0.0,0.0,0.0,0.0,0.0,0.0,0.0
4992,2.089905111439398,123.00000000000003,2,1,0,0,0,1,0,0,0,0,1,0,0,0.0,8.89209164818921e-06,0.0,0.0,0.0,0.0,0.0,0.0,0.0,0.0,0.0,0.0,0.0,0.0,0.0,0.0,1.0,1.0,1,0.16094331555107,5,0.0,1.0,0.0,0.0,0.0,0.0,0.0,0.0,0.0,0.0,0.0,1.0,0.0,0.0,0.0,0.0,0.0,0.0,0.0,0.0,1.0,1.0,1.0,0.0,0.0,0.0,0.0,0.0,0.0,0.0,0.0,0.0,0.0,0.0,0.0,0.0,0.25,8.89209164818921e-06,1,0,0,0,0,0,0,0,0,0,0,0,0,0,0,0,0,0,0,0,0,0,0,0,0,0,0,0,0,0,0,0,0,0,0,0,0.0,0.0,0.0,0.0,0.0,0.0,0.0,0.0,0.0,0.365444330088324,0.0,0.0,0.0,0.0,0.0,0.0,0.0,0.4150909601183273,0.0,0.0,0.0,0.0,0.0,0.7368260850576658,0.0,0.0,0.3888923460457081,0.0,0.0,0.0,0.0,0.0,0.0,0.0,0.0,0.0,0.0,0.0,0.0,0.0,0.0,0.0,0.0,0.0,0.0,0.0,0.0,0.0,0.0,0.0
4997,2.9779140435650424,950.4166666666664,3,1,0,0,0,1,0,0,0,0,1,0,1,0.0,0.0001533658536585,0.0,0.0,0.0,0.0,0.0,0.0,0.0,0.0,0.0,0.0,0.0,0.0,0.0,0.0,1.0,1.0,1,0.16094331555107,5,0.0,1.0,0.0,0.0,0.0,0.0,0.0,0.0,0.0,0.0,0.0,1.0,0.0,0.0,0.0,0.0,0.0,0.0,0.0,0.0,1.0,1.0,1.0,0.0,0.0,0.0,0.0,0.0,0.0,0.0,0.0,0.0,0.0,0.0,0.0,0.0,0.25,0.0001533658536585,1,0,0,0,0,0,0,0,0,0,0,0,0,0,0,0,0,0,0,0,0,0,0,0,0,0,0,0,0,0,0,0,0,0,0,0,0.0,0.0,0.0,0.0,0.0,0.0,0.0,0.0,0.0,0.3180259485011579,0.0,0.0,0.0,0.0,0.0,0.0,0.0,0.0,0.4080537066361507,0.0,0.0,0.0,0.0,0.6412189088396144,0.0,0.5667362521728879,0.0,0.0,0.0,0.0,0.0,0.0,0.0,0.0,0.0,0.0,0.0,0.0,0.0,0.0,0.0,0.0,0.0,0.0,0.0,0.0,0.0,0.0,0.0,0.0
5012,2.53959877845859,346.4166666666666,10,1,1,0,1,1,1,1,1,1,1,1,1,0.0,3.919068736141907e-05,0.0,0.0,0.0,0.0,0.0,0.0,0.0,0.0,0.0,0.0,0.0,0.0,0.0,0.0,1.0,1.0,1,0.16094331555107,5,0.0,1.0,0.0,0.0,0.0,0.0,0.0,0.0,0.0,0.0,0.0,1.0,0.0,0.0,0.0,0.0,0.0,0.0,0.0,0.0,1.0,1.0,1.0,0.0,0.0,0.0,0.0,0.0,0.0,0.0,0.0,0.0,0.0,0.0,0.0,0.0,0.25,3.919068736141907e-05,1,0,0,0,0,0,0,0,0,0,0,0,0,0,0,0,0,0,0,0,0,0,0,0,0,0,0,0,0,0,0,0,0,0,0,0,0.0,0.0,0.0,0.0,0.0,0.0,0.0,0.0,0.0,0.4205419600329504,0.0,0.0,0.0,0.0,0.0,0.0,0.0,0.0,0.5395902642417638,0.0,0.0,0.0,0.0,0.4239582619036184,0.0,0.0,0.0,0.0,0.0,0.0,0.0,0.0,0.0,0.0,0.0,0.0,0.0,0.0,0.0,0.5935033266552183,0.0,0.0,0.0,0.0,0.0,0.0,0.0,0.0,0.0,0.0
5014,2.2836780569110555,192.1666666666667,6,1,0,0,1,1,0,1,0,1,1,1,0,0.0,1.5971914264597193e-05,0.0,0.0,0.0,0.0,0.0,0.0,0.0,0.0,0.0,0.0,0.0,0.0,0.0,0.0,1.0,1.0,1,0.16094331555107,5,0.0,1.0,0.0,0.0,0.0,0.0,0.0,0.0,0.0,0.0,0.0,1.0,0.0,0.0,0.0,0.0,0.0,0.0,0.0,0.0,1.0,1.0,1.0,0.0,0.0,0.0,0.0,0.0,0.0,0.0,0.0,0.0,0.0,0.0,0.0,0.0,0.25,1.5971914264597193e-05,1,0,0,0,0,0,0,0,0,0,0,0,0,0,0,0,0,0,0,0,0,0,0,0,0,0,0,0,0,0,0,0,0,0,0,0,0.0,0.0,0.0,0.0,0.0,0.0,0.0,0.447964697928719,0.0,0.3943309494815093,0.0,0.0,0.0,0.0,0.0,0.0,0.0,0.0,0.0,0.0,0.0,0.0,0.0,0.3975343243843857,0.0,0.0,0.4196324185006021,0.0,0.0,0.0,0.0,0.0,0.0,0.0,0.0,0.0,0.0,0.0,0.0,0.5565121975035484,0.0,0.0,0.0,0.0,0.0,0.0,0.0,0.0,0.0,0.0
5016,2.0089548426529262,102.08333333333329,8,1,0,0,1,1,1,1,1,1,1,0,1,0.0,6.840354767184035e-06,0.0,0.0,0.0,0.0,0.0,0.0,0.0,0.0,0.0,0.0,0.0,0.0,0.0,0.0,1.0,1.0,1,0.16094331555107,5,0.0,1.0,0.0,0.0,0.0,0.0,0.0,0.0,0.0,0.0,0.0,1.0,0.0,0.0,0.0,0.0,0.0,0.0,0.0,0.0,1.0,1.0,1.0,0.0,0.0,0.0,0.0,0.0,0.0,0.0,0.0,0.0,0.0,0.0,0.0,0.0,0.25,6.840354767184035e-06,1,0,0,0,0,0,0,0,0,0,0,0,0,0,0,0,0,0,0,0,0,0,0,0,0,0,0,0,0,0,0,0,0,0,0,0,0.0,0.0,0.0,0.0,0.0,0.0,0.0,0.4506077329462029,0.0,0.396657540198984,0.0,0.0,0.0,0.0,0.0,0.0,0.0,0.0,0.0,0.0,0.0,0.0,0.0,0.7997596306468431,0.0,0.0,0.0,0.0,0.0,0.0,0.0,0.0,0.0,0.0,0.0,0.0,0.0,0.0,0.0,0.0,0.0,0.0,0.0,0.0,0.0,0.0,0.0,0.0,0.0,0.0
5018,2.32871929409501,213.16666666666657,9,1,0,0,1,1,1,1,1,1,1,1,1,0.0,1.8123429416112344e-05,0.0,0.0,0.0,0.0,0.0,0.0,0.0,0.0,0.0,0.0,0.0,0.0,0.0,0.0,1.0,1.0,1,0.16094331555107,5,0.0,1.0,0.0,0.0,0.0,0.0,0.0,0.0,0.0,0.0,0.0,1.0,0.0,0.0,0.0,0.0,0.0,0.0,0.0,0.0,1.0,1.0,1.0,0.0,0.0,0.0,0.0,0.0,0.0,0.0,0.0,0.0,0.0,0.0,0.0,0.0,0.25,1.8123429416112344e-05,1,0,0,0,0,0,0,0,0,0,0,0,0,0,0,0,0,0,0,0,0,0,0,0,0,0,0,0,0,0,0,0,0,0,0,0,0.0,0.0,0.0,0.0,0.0,0.0,0.0,0.5391712004702657,0.0,0.4746175142764403,0.0,0.0,0.0,0.0,0.0,0.0,0.0,0.0,0.0,0.0,0.0,0.0,0.0,0.4784731026742007,0.0,0.0,0.505070412658304,0.0,0.0,0.0,0.0,0.0,0.0,0.0,0.0,0.0,0.0,0.0,0.0,0.0,0.0,0.0,0.0,0.0,0.0,0.0,0.0,0.0,0.0,0.0
5019,2.4704349934714607,295.41666666666674,7,1,0,0,1,1,1,1,1,1,1,0,0,0.0,3.095713229859571e-05,0.0,0.0,0.0,0.0,0.0,0.0,0.0,0.0,0.0,0.0,0.0,0.0,0.0,0.0,1.0,1.0,1,0.16094331555107,5,0.0,1.0,0.0,0.0,0.0,0.0,0.0,0.0,0.0,0.0,0.0,1.0,0.0,0.0,0.0,0.0,0.0,0.0,0.0,0.0,1.0,1.0,1.0,0.0,0.0,0.0,0.0,0.0,0.0,0.0,0.0,0.0,0.0,0.0,0.0,0.0,0.25,3.095713229859571e-05,1,0,0,0,0,0,0,0,0,0,0,0,0,0,0,0,0,0,0,0,0,0,0,0,0,0,0,0,0,0,0,0,0,0,0,0,0.0,0.0,0.0,0.0,0.0,0.0,0.0,0.0,0.0,0.4994988666351123,0.0,0.0,0.0,0.0,0.0,0.0,0.0,0.0,0.0,0.0,0.0,0.0,0.0,0.5035565804298271,0.0,0.0,0.0,0.0,0.0,0.0,0.0,0.0,0.0,0.0,0.0,0.0,0.0,0.0,0.0,0.7049337930160942,0.0,0.0,0.0,0.0,0.0,0.0,0.0,0.0,0.0,0.0
5021,1.3832167518513312,24.166666666666664,9,1,0,0,1,1,1,1,1,1,1,1,1,0.0,7.413155949741315e-07,0.0,0.0,0.0,0.0,0.0,0.0,0.0,0.0,0.0,0.0,0.0,0.0,0.0,0.0,1.0,1.0,1,0.16094331555107,5,0.0,1.0,0.0,0.0,0.0,0.0,0.0,0.0,0.0,0.0,0.0,1.0,0.0,0.0,0.0,0.0,0.0,0.0,0.0,0.0,1.0,1.0,1.0,0.0,0.0,0.0,0.0,0.0,0.0,0.0,0.0,0.0,0.0,0.0,0.0,0.0,0.25,7.413155949741315e-07,1,0,0,0,0,0,0,0,0,0,0,0,0,0,0,0,0,0,0,0,0,0,0,0,0,0,0,0,0,0,0,0,0,0,0,0,0.0,0.0,0.0,0.0,0.0,0.0,0.0,0.0,0.0,0.4994988666351123,0.0,0.0,0.0,0.0,0.0,0.0,0.0,0.0,0.0,0.0,0.0,0.0,0.0,0.5035565804298271,0.0,0.0,0.0,0.0,0.0,0.0,0.0,0.0,0.0,0.0,0.0,0.0,0.0,0.0,0.0,0.7049337930160942,0.0,0.0,0.0,0.0,0.0,0.0,0.0,0.0,0.0,0.0
5028,2.028028723600244,106.66666666666681,9,1,0,0,1,1,1,1,1,1,1,1,1,0.0,7.249076127124908e-06,0.0,0.0,0.0,0.0,0.0,0.0,0.0,0.0,0.0,0.0,0.0,0.0,0.0,0.0,1.0,1.0,1,0.16094331555107,5,0.0,1.0,0.0,0.0,0.0,0.0,0.0,0.0,0.0,0.0,0.0,1.0,0.0,0.0,0.0,0.0,0.0,0.0,0.0,0.0,1.0,1.0,1.0,0.0,0.0,0.0,0.0,0.0,0.0,0.0,0.0,0.0,0.0,0.0,0.0,0.0,0.25,7.249076127124908e-06,1,0,0,0,0,0,0,0,0,0,0,0,0,0,0,0,0,0,0,0,0,0,0,0,0,0,0,0,0,0,0,0,0,0,0,0,0.0,0.0,0.0,0.0,0.0,0.0,0.0,0.0,0.0,0.7042405219590901,0.0,0.0,0.0,0.0,0.0,0.0,0.0,0.0,0.0,0.0,0.0,0.0,0.0,0.7099614688353081,0.0,0.0,0.0,0.0,0.0,0.0,0.0,0.0,0.0,0.0,0.0,0.0,0.0,0.0,0.0,0.0,0.0,0.0,0.0,0.0,0.0,0.0,0.0,0.0,0.0,0.0
5033,3.009344646383631,1021.75,8,1,0,0,1,1,1,1,1,1,1,0,1,0.0,0.0001675129342202,0.0,0.0,0.0,0.0,0.0,0.0,0.0,0.0,0.0,0.0,0.0,0.0,0.0,0.0,1.0,1.0,1,0.16094331555107,5,0.0,1.0,0.0,0.0,0.0,0.0,0.0,0.0,0.0,0.0,0.0,1.0,0.0,0.0,0.0,0.0,0.0,0.0,0.0,0.0,1.0,1.0,1.0,0.0,0.0,0.0,0.0,0.0,0.0,0.0,0.0,0.0,0.0,0.0,0.0,0.0,0.25,0.0001675129342202,1,0,0,0,0,0,0,0,0,0,0,0,0,0,0,0,0,0,0,0,0,0,0,0,0,0,0,0,0,0,0,0,0,0,0,0,0.0,0.0,0.0,0.0,0.0,0.0,0.0,0.0,0.0,0.7042405219590901,0.0,0.0,0.0,0.0,0.0,0.0,0.0,0.0,0.0,0.0,0.0,0.0,0.0,0.7099614688353081,0.0,0.0,0.0,0.0,0.0,0.0,0.0,0.0,0.0,0.0,0.0,0.0,0.0,0.0,0.0,0.0,0.0,0.0,0.0,0.0,0.0,0.0,0.0,0.0,0.0,0.0
5085,2.162862993321926,145.5,2,1,0,0,0,1,0,0,0,0,1,0,0,0.0,1.1195861049519586e-05,0.0,0.0,0.0,0.0,0.0,0.0,0.0,0.0,0.0,0.0,0.0,0.0,0.0,0.0,1.0,1.0,1,0.16094331555107,5,0.0,1.0,0.0,0.0,0.0,0.0,0.0,0.0,0.0,0.0,0.0,1.0,0.0,0.0,0.0,0.0,0.0,0.0,0.0,0.0,1.0,1.0,1.0,0.0,0.0,0.0,0.0,0.0,0.0,0.0,0.0,0.0,0.0,0.0,0.0,0.0,0.25,1.1195861049519586e-05,1,0,0,0,0,0,0,0,0,0,0,0,0,0,0,0,0,0,0,0,0,0,0,0,0,0,0,0,0,0,0,0,0,0,0,0,0.0,0.0,0.0,0.0,0.0,0.0,0.0,0.0,0.0,0.3037491907532896,0.0,0.0,0.0,0.0,0.0,0.0,0.0,0.0,0.0,0.0,0.0,0.0,0.0,0.6124334368741962,0.4895529009470908,0.5412944408447861,0.0,0.0,0.0,0.0,0.0,0.0,0.0,0.0,0.0,0.0,0.0,0.0,0.0,0.0,0.0,0.0,0.0,0.0,0.0,0.0,0.0,0.0,0.0,0.0
5086,2.302294844227405,200.58333333333334,7,1,0,0,0,1,0,1,1,1,1,1,1,0.0,1.6830007390983e-05,0.0,0.0,0.0,0.0,0.0,0.0,0.0,0.0,0.0,0.0,0.0,0.0,0.0,0.0,1.0,1.0,1,0.16094331555107,5,0.0,1.0,0.0,0.0,0.0,0.0,0.0,0.0,0.0,0.0,0.0,1.0,0.0,0.0,0.0,0.0,0.0,0.0,0.0,0.0,1.0,1.0,1.0,0.0,0.0,0.0,0.0,0.0,0.0,0.0,0.0,0.0,0.0,0.0,0.0,0.0,0.25,1.6830007390983e-05,1,0,0,0,0,0,0,0,0,0,0,0,0,0,0,0,0,0,0,0,0,0,0,0,0,0,0,0,0,0,0,0,0,0,0,0,0.0,0.0,0.0,0.0,0.0,0.0,0.0,0.0,0.0,0.4388669762005182,0.0,0.0,0.0,0.0,0.0,0.0,0.0,0.0,0.0,0.0,0.0,0.0,0.0,0.4424321426149488,0.0,0.7820802876826389,0.0,0.0,0.0,0.0,0.0,0.0,0.0,0.0,0.0,0.0,0.0,0.0,0.0,0.0,0.0,0.0,0.0,0.0,0.0,0.0,0.0,0.0,0.0,0.0
5092,2.124395528930348,133.1666666666668,10,1,1,0,1,1,1,1,1,1,1,1,1,0.0,9.93939393939394e-06,0.0,0.0,0.0,0.0,0.0,0.0,0.0,0.0,0.0,0.0,0.0,0.0,0.0,0.0,1.0,1.0,1,0.16094331555107,5,0.0,1.0,0.0,0.0,0.0,0.0,0.0,0.0,0.0,0.0,0.0,1.0,0.0,0.0,0.0,0.0,0.0,0.0,0.0,0.0,1.0,1.0,1.0,0.0,0.0,0.0,0.0,0.0,0.0,0.0,0.0,0.0,0.0,0.0,0.0,0.0,0.25,9.93939393939394e-06,1,0,0,0,0,0,0,0,0,0,0,0,0,0,0,0,0,0,0,0,0,0,0,0,0,0,0,0,0,0,0,0,0,0,0,0,0.0,0.0,0.0,0.0,0.0,0.0,0.0,0.0,0.0,0.7348758267769911,0.0,0.0,0.0,0.0,0.0,0.0,0.0,0.0,0.0,0.0,0.0,0.0,0.0,0.3704228208416427,0.0,0.0,0.0,0.0,0.0,0.5681060226916752,0.0,0.0,0.0,0.0,0.0,0.0,0.0,0.0,0.0,0.0,0.0,0.0,0.0,0.0,0.0,0.0,0.0,0.0,0.0,0.0
5106,1.661181443446619,45.83333333333333,10,1,1,0,1,1,1,1,1,1,1,1,1,0.0,2.158167036215817e-06,0.0,0.0,0.0,0.0,0.0,0.0,0.0,0.0,0.0,0.0,0.0,0.0,0.0,0.0,1.0,1.0,1,0.16094331555107,5,0.0,1.0,0.0,0.0,0.0,0.0,0.0,0.0,0.0,0.0,0.0,1.0,0.0,0.0,0.0,0.0,0.0,0.0,0.0,0.0,1.0,1.0,1.0,0.0,0.0,0.0,0.0,0.0,0.0,0.0,0.0,0.0,0.0,0.0,0.0,0.0,0.25,2.158167036215817e-06,1,0,0,0,0,0,0,0,0,0,0,0,0,0,0,0,0,0,0,0,0,0,0,0,0,0,0,0,0,0,0,0,0,0,0,0,0.0,0.0,0.0,0.0,0.0,0.0,0.0,0.0,0.0,0.4994988666351123,0.0,0.0,0.0,0.0,0.0,0.0,0.0,0.0,0.0,0.0,0.0,0.0,0.0,0.5035565804298271,0.0,0.0,0.0,0.0,0.0,0.0,0.0,0.0,0.0,0.0,0.0,0.0,0.0,0.0,0.0,0.7049337930160942,0.0,0.0,0.0,0.0,0.0,0.0,0.0,0.0,0.0,0.0
5109,2.1709947020363,148.24999999999994,10,1,1,0,1,1,1,1,1,1,1,1,1,0.0,1.147819660014782e-05,0.0,0.0,0.0,0.0,0.0,0.0,0.0,0.0,0.0,0.0,0.0,0.0,0.0,0.0,1.0,1.0,1,0.16094331555107,5,0.0,1.0,0.0,0.0,0.0,0.0,0.0,0.0,0.0,0.0,0.0,1.0,0.0,0.0,0.0,0.0,0.0,0.0,0.0,0.0,1.0,1.0,1.0,0.0,0.0,0.0,0.0,0.0,0.0,0.0,0.0,0.0,0.0,0.0,0.0,0.0,0.25,1.147819660014782e-05,1,0,0,0,0,0,0,0,0,0,0,0,0,0,0,0,0,0,0,0,0,0,0,0,0,0,0,0,0,0,0,0,0,0,0,0,0.0,0.0,0.0,0.0,0.0,0.0,0.0,0.0,0.0,0.7042405219590901,0.0,0.0,0.0,0.0,0.0,0.0,0.0,0.0,0.0,0.0,0.0,0.0,0.0,0.7099614688353081,0.0,0.0,0.0,0.0,0.0,0.0,0.0,0.0,0.0,0.0,0.0,0.0,0.0,0.0,0.0,0.0,0.0,0.0,0.0,0.0,0.0,0.0,0.0,0.0,0.0,0.0
5131,2.2584776449785173,181.3333333333333,3,1,0,0,0,1,0,0,1,0,1,0,0,0.0,1.486178861788618e-05,0.0,0.0,0.0,0.0,0.0,0.0,0.0,0.0,0.0,0.0,0.0,0.0,0.0,0.0,1.0,1.0,1,0.16094331555107,5,0.0,1.0,0.0,0.0,0.0,0.0,0.0,0.0,0.0,0.0,0.0,1.0,0.0,0.0,0.0,0.0,0.0,0.0,0.0,0.0,1.0,1.0,1.0,0.0,0.0,0.0,0.0,0.0,0.0,0.0,0.0,0.0,0.0,0.0,0.0,0.0,0.25,1.486178861788618e-05,1,0,0,0,0,0,0,0,0,0,0,0,0,0,0,0,0,0,0,0,0,0,0,0,0,0,0,0,0,0,0,0,0,0,0,0,0.0,0.0,0.0,0.0,0.0,0.0,0.0,0.0,0.0,0.4443236695004606,0.0,0.0,0.0,0.0,0.0,0.0,0.0,0.0,0.0,0.0,0.0,0.0,0.0,0.8958663274851029,0.0,0.0,0.0,0.0,0.0,0.0,0.0,0.0,0.0,0.0,0.0,0.0,0.0,0.0,0.0,0.0,0.0,0.0,0.0,0.0,0.0,0.0,0.0,0.0,0.0,0.0
5149,1.236789099409293,17.25,10,1,0,1,1,1,1,1,1,1,1,1,1,0.0,5.336289726533629e-07,0.0,0.0,0.0,0.0,0.0,0.0,0.0,0.0,0.0,0.0,0.0,0.0,0.0,0.0,1.0,1.0,1,0.0144917051122692,5,0.0,1.0,0.0,0.0,0.0,0.0,0.0,0.0,0.0,0.0,0.0,1.0,0.0,0.0,0.0,0.0,0.0,0.0,0.0,0.0,1.0,1.0,1.0,0.0,0.0,0.0,0.0,0.0,0.0,0.0,0.0,0.0,0.0,0.0,0.0,0.0,0.25,5.336289726533629e-07,0,1,0,0,0,0,0,0,0,0,0,0,0,0,0,0,0,0,0,0,0,0,0,0,0,0,0,0,0,0,0,0,0,0,0,0,0.0,0.0,0.0,0.0,0.0,0.0,0.0,0.0,0.0,0.5635474511460147,0.0,0.0,0.0,0.0,0.0,0.0,0.0,0.0,0.0,0.0,0.0,0.0,0.0,0.5681254680730522,0.0,0.0,0.5997063638428438,0.0,0.0,0.0,0.0,0.0,0.0,0.0,0.0,0.0,0.0,0.0,0.0,0.0,0.0,0.0,0.0,0.0,0.0,0.0,0.0,0.0,0.0,0.0
5150,2.689604800860389,489.33333333333275,10,1,0,1,1,1,1,1,1,1,1,1,1,0.0,6.37309682187731e-05,0.0,0.0,0.0,0.0,0.0,0.0,0.0,0.0,0.0,0.0,0.0,0.0,0.0,0.0,1.0,1.0,1,0.16094331555107,5,0.0,1.0,0.0,0.0,0.0,0.0,0.0,0.0,0.0,0.0,0.0,1.0,0.0,0.0,0.0,0.0,0.0,0.0,0.0,0.0,1.0,1.0,1.0,0.0,0.0,0.0,0.0,0.0,0.0,0.0,0.0,0.0,0.0,0.0,0.0,0.0,0.25,6.37309682187731e-05,1,0,0,0,0,0,0,0,0,0,0,0,0,0,0,0,0,0,0,0,0,0,0,0,0,0,0,0,0,0,0,0,0,0,0,0,0.0,0.0,0.0,0.0,0.0,0.0,0.0,0.0,0.0,0.4016843236724519,0.0,0.0,0.0,0.0,0.0,0.0,0.0,0.0,0.0,0.0,0.0,0.0,0.0,0.8098948684443286,0.0,0.0,0.4274576074692652,0.0,0.0,0.0,0.0,0.0,0.0,0.0,0.0,0.0,0.0,0.0,0.0,0.0,0.0,0.0,0.0,0.0,0.0,0.0,0.0,0.0,0.0,0.0
5171,1.2730012720637376,18.749999999999996,9,1,0,1,1,1,1,1,1,1,1,0,1,0.0,5.853658536585366e-07,0.0,0.0,0.0,0.0,0.0,0.0,0.0,0.0,0.0,0.0,0.0,0.0,0.0,0.0,1.0,1.0,1,0.16094331555107,5,0.0,1.0,0.0,0.0,0.0,0.0,0.0,0.0,0.0,0.0,0.0,1.0,0.0,0.0,0.0,0.0,0.0,0.0,0.0,0.0,1.0,1.0,1.0,0.0,0.0,0.0,0.0,0.0,0.0,0.0,0.0,0.0,0.0,0.0,0.0,0.0,0.25,5.853658536585366e-07,1,0,0,0,0,0,0,0,0,0,0,0,0,0,0,0,0,0,0,0,0,0,0,0,0,0,0,0,0,0,0,0,0,0,0,0,0.0,0.0,0.0,0.0,0.0,0.0,0.0,0.0,0.0,0.4016843236724519,0.0,0.0,0.0,0.0,0.0,0.0,0.0,0.0,0.0,0.0,0.0,0.0,0.0,0.8098948684443286,0.0,0.0,0.4274576074692652,0.0,0.0,0.0,0.0,0.0,0.0,0.0,0.0,0.0,0.0,0.0,0.0,0.0,0.0,0.0,0.0,0.0,0.0,0.0,0.0,0.0,0.0,0.0
5173,1.4107772333772095,25.749999999999982,9,1,0,1,1,1,1,1,1,0,1,1,1,0.0,9.02439024390244e-07,0.0,0.0,0.0,0.0,0.0,0.0,0.0,0.0,0.0,0.0,0.0,0.0,0.0,0.0,1.0,1.0,1,0.16094331555107,5,0.0,1.0,0.0,0.0,0.0,0.0,0.0,0.0,0.0,0.0,0.0,1.0,0.0,0.0,0.0,0.0,0.0,0.0,0.0,0.0,1.0,1.0,1.0,0.0,0.0,0.0,0.0,0.0,0.0,0.0,0.0,0.0,0.0,0.0,0.0,0.0,0.25,9.02439024390244e-07,1,0,0,0,0,0,0,0,0,0,0,0,0,0,0,0,0,0,0,0,0,0,0,0,0,0,0,0,0,0,0,0,0,0,0,0,0.0,0.0,0.0,0.0,0.0,0.0,0.0,0.0,0.0,0.4443236695004606,0.0,0.0,0.0,0.0,0.0,0.0,0.0,0.0,0.0,0.0,0.0,0.0,0.0,0.8958663274851029,0.0,0.0,0.0,0.0,0.0,0.0,0.0,0.0,0.0,0.0,0.0,0.0,0.0,0.0,0.0,0.0,0.0,0.0,0.0,0.0,0.0,0.0,0.0,0.0,0.0,0.0
5183,1.166331421766525,14.666666666666668,9,1,0,1,1,1,1,1,1,1,1,0,1,0.0,4.449371766444937e-07,0.0,0.0,0.0,0.0,0.0,0.0,0.0,0.0,0.0,0.0,0.0,0.0,0.0,0.0,1.0,1.0,1,0.16094331555107,5,0.0,1.0,0.0,0.0,0.0,0.0,0.0,0.0,0.0,0.0,0.0,1.0,0.0,0.0,0.0,0.0,0.0,0.0,0.0,0.0,1.0,1.0,1.0,0.0,0.0,0.0,0.0,0.0,0.0,0.0,0.0,0.0,0.0,0.0,0.0,0.0,0.25,4.449371766444937e-07,1,0,0,0,0,0,0,0,0,0,0,0,0,0,0,0,0,0,0,0,0,0,0,0,0,0,0,0,0,0,0,0,0,0,0,0,0.0,0.0,0.0,0.0,0.0,0.0,0.0,0.0,0.0,0.4994988666351123,0.0,0.0,0.0,0.0,0.0,0.0,0.0,0.0,0.0,0.0,0.0,0.0,0.0,0.5035565804298271,0.0,0.0,0.0,0.0,0.0,0.0,0.0,0.0,0.0,0.0,0.0,0.0,0.0,0.0,0.0,0.7049337930160942,0.0,0.0,0.0,0.0,0.0,0.0,0.0,0.0,0.0,0.0
5189,2.0390834800418545,109.41666666666666,10,1,1,1,1,1,1,1,1,1,1,0,1,0.0,7.342941611234294e-06,0.0,0.0,0.0,0.0,0.0,0.0,0.0,0.0,0.0,0.0,0.0,0.0,0.0,0.0,1.0,1.0,1,0.16094331555107,5,0.0,1.0,0.0,0.0,0.0,0.0,0.0,0.0,0.0,0.0,0.0,1.0,0.0,0.0,0.0,0.0,0.0,0.0,0.0,0.0,1.0,1.0,1.0,0.0,0.0,0.0,0.0,0.0,0.0,0.0,0.0,0.0,0.0,0.0,0.0,0.0,0.25,7.342941611234294e-06,1,0,0,0,0,0,0,0,0,0,0,0,0,0,0,0,0,0,0,0,0,0,0,0,0,0,0,0,0,0,0,0,0,0,0,0,0.0,0.0,0.0,0.0,0.0,0.0,0.0,0.0,0.0,0.7042405219590901,0.0,0.0,0.0,0.0,0.0,0.0,0.0,0.0,0.0,0.0,0.0,0.0,0.0,0.7099614688353081,0.0,0.0,0.0,0.0,0.0,0.0,0.0,0.0,0.0,0.0,0.0,0.0,0.0,0.0,0.0,0.0,0.0,0.0,0.0,0.0,0.0,0.0,0.0,0.0,0.0,0.0
5203,3.264050048516414,1836.7499999999998,7,1,0,0,1,1,0,0,1,1,1,1,1,0.0,0.0003704316334072,0.0,0.0,0.0,0.0,0.0,0.0,0.0,0.0,0.0,0.0,0.0,0.0,0.0,0.0,1.0,1.0,1,0.0248934068468906,5,0.0,1.0,0.0,0.0,0.0,0.0,0.0,0.0,0.0,0.0,0.0,1.0,0.0,0.0,0.0,0.0,0.0,0.0,0.0,0.0,1.0,1.0,1.0,0.0,0.0,0.0,0.0,0.0,0.0,0.0,0.0,0.0,0.0,0.0,0.0,0.0,0.25,0.0003704316334072,0,0,0,0,0,1,0,0,0,0,0,0,0,0,0,0,0,0,0,0,0,0,0,0,0,0,0,0,0,0,0,0,0,0,0,0,0.0,0.0,0.0,0.0,0.0,0.0,0.0,0.0,0.0,0.7042405219590901,0.0,0.0,0.0,0.0,0.0,0.0,0.0,0.0,0.0,0.0,0.0,0.0,0.0,0.7099614688353081,0.0,0.0,0.0,0.0,0.0,0.0,0.0,0.0,0.0,0.0,0.0,0.0,0.0,0.0,0.0,0.0,0.0,0.0,0.0,0.0,0.0,0.0,0.0,0.0,0.0,0.0
5240,2.039414119176137,109.49999999999991,6,1,0,0,1,1,0,1,0,1,1,0,1,0.0,7.515151515151515e-06,0.0,0.0,0.0,0.0,0.0,0.0,0.0,0.0,0.0,0.0,0.0,0.0,0.0,0.0,1.0,1.0,1,0.0042216928146581,5,0.0,1.0,0.0,0.0,0.0,0.0,0.0,0.0,0.0,0.0,0.0,1.0,0.0,0.0,0.0,0.0,0.0,0.0,0.0,0.0,1.0,1.0,1.0,0.0,0.0,0.0,0.0,0.0,0.0,0.0,0.0,0.0,0.0,0.0,0.0,0.0,0.25,7.515151515151515e-06,0,0,0,0,0,0,0,0,0,0,0,0,0,0,0,0,0,0,0,0,0,0,0,0,0,0,0,0,0,0,0,0,0,0,0,0,0.0,0.0,0.0,0.0,0.0,0.3621465775896105,0.0,0.0,0.0,0.6564374920285565,0.0,0.0,0.0,0.0,0.0,0.0,0.0,0.0,0.0,0.0,0.0,0.0,0.0,0.6617701076653364,0.0,0.0,0.0,0.0,0.0,0.0,0.0,0.0,0.0,0.0,0.0,0.0,0.0,0.0,0.0,0.0,0.0,0.0,0.0,0.0,0.0,0.0,0.0,0.0,0.0,0.0
5245,3.069112851387121,1172.5,6,1,0,0,0,1,0,1,1,1,1,1,0,0.0,0.0002011352549889,0.0,0.0,0.0,0.0,0.0,0.0,0.0,0.0,0.0,0.0,0.0,0.0,0.0,0.0,1.0,1.0,249,1.0,5,0.0,1.0,0.0,0.0,0.0,0.0,0.0,0.0,0.0,0.0,0.0,1.0,0.0,0.0,0.0,0.0,0.0,0.0,0.0,0.0,1.0,1.0,1.0,0.0,0.0,0.0,0.0,0.0,0.0,0.0,0.0,0.0,0.0,0.0,0.0,0.0,0.25,0.0002011352549889,0,0,0,0,0,0,0,0,0,0,0,0,0,0,0,0,0,0,0,0,0,0,0,0,0,0,0,0,0,0,0,0,0,0,0,0,0.0,0.0,0.0,0.0,0.0,0.4051929818961453,0.0,0.0,0.0,0.3672323325458765,0.0,0.0,0.0,0.0,0.0,0.0,0.0,0.0,0.0,0.0,0.0,0.0,0.0,0.7404311398974917,0.0,0.0,0.3907950721607501,0.0,0.0,0.0,0.0,0.0,0.0,0.0,0.0,0.0,0.0,0.0,0.0,0.0,0.0,0.0,0.0,0.0,0.0,0.0,0.0,0.0,0.0,0.0
5250,2.010723865391773,102.49999999999996,4,1,1,0,0,1,0,0,0,1,1,0,0,0.0,9.940872135994087e-06,0.0,0.0,0.0,0.0,0.0,0.0,0.0,0.0,0.0,0.0,0.0,0.0,0.0,0.0,1.0,1.0,1,0.0144917051122692,5,0.0,1.0,0.0,0.0,0.0,0.0,0.0,0.0,0.0,0.0,0.0,1.0,0.0,0.0,0.0,0.0,0.0,0.0,0.0,0.0,1.0,1.0,1.0,0.0,0.0,0.0,0.0,0.0,0.0,0.0,0.0,0.0,0.0,0.0,0.0,0.0,0.25,9.940872135994087e-06,0,1,0,0,0,0,0,0,0,0,0,0,0,0,0,0,0,0,0,0,0,0,0,0,0,0,0,0,0,0,0,0,0,0,0,0,0.0,0.0,0.0,0.0,0.0,0.0,0.0,0.0,0.0,0.3494408112995332,0.0,0.0,0.0,0.0,0.0,0.0,0.0,0.0,0.0,0.0,0.0,0.0,0.0,0.7045590360834989,0.0,0.0,0.3718619929813844,0.0,0.0,0.0,0.0,0.0,0.0,0.0,0.0,0.0,0.0,0.0,0.0,0.4931595504979374,0.0,0.0,0.0,0.0,0.0,0.0,0.0,0.0,0.0,0.0
5253,2.5819686111971616,381.9166666666665,3,1,0,0,0,1,0,0,0,1,1,0,0,0.0,6.621433850702143e-05,0.0,0.0,0.0,0.0,0.0,0.0,0.0,0.0,0.0,0.0,0.0,0.0,0.0,0.0,1.0,1.0,1,0.16094331555107,5,0.0,1.0,0.0,0.0,0.0,0.0,0.0,0.0,0.0,0.0,0.0,1.0,0.0,0.0,0.0,0.0,0.0,0.0,0.0,0.0,1.0,1.0,1.0,0.0,0.0,0.0,0.0,0.0,0.0,0.0,0.0,0.0,0.0,0.0,0.0,0.0,0.25,6.621433850702143e-05,1,0,0,0,0,0,0,0,0,0,0,0,0,0,0,0,0,0,0,0,0,0,0,0,0,0,0,0,0,0,0,0,0,0,0,0,0.0,0.0,0.0,0.0,0.0,0.0,0.0,0.0,0.0,0.8065594108417231,0.0,0.0,0.0,0.0,0.0,0.0,0.0,0.0,0.0,0.0,0.0,0.0,0.0,0.4065557761652025,0.0,0.0,0.4291553537465917,0.0,0.0,0.0,0.0,0.0,0.0,0.0,0.0,0.0,0.0,0.0,0.0,0.0,0.0,0.0,0.0,0.0,0.0,0.0,0.0,0.0,0.0,0.0
5254,2.8766988401777507,752.8333333333335,4,1,1,0,0,1,0,0,0,1,1,0,0,0.0,0.0001634641537324,0.0,0.0,0.0,0.0,0.0,0.0,0.0,0.0,0.0,0.0,0.0,0.0,0.0,0.0,1.0,1.0,1,0.16094331555107,5,0.0,1.0,0.0,0.0,0.0,0.0,0.0,0.0,0.0,0.0,0.0,1.0,0.0,0.0,0.0,0.0,0.0,0.0,0.0,0.0,1.0,1.0,1.0,0.0,0.0,0.0,0.0,0.0,0.0,0.0,0.0,0.0,0.0,0.0,0.0,0.0,0.25,0.0001634641537324,1,0,0,0,0,0,0,0,0,0,0,0,0,0,0,0,0,0,0,0,0,0,0,0,0,0,0,0,0,0,0,0,0,0,0,0,0.0,0.0,0.0,0.0,0.0,0.0,0.0,0.0,0.0,0.4443236695004606,0.0,0.0,0.0,0.0,0.0,0.0,0.0,0.0,0.0,0.0,0.0,0.0,0.0,0.8958663274851029,0.0,0.0,0.0,0.0,0.0,0.0,0.0,0.0,0.0,0.0,0.0,0.0,0.0,0.0,0.0,0.0,0.0,0.0,0.0,0.0,0.0,0.0,0.0,0.0,0.0,0.0
5256,1.8716702128409215,74.41666666666664,4,1,1,0,0,1,0,0,0,1,1,0,0,0.0,6.411677753141167e-06,0.0,0.0,0.0,0.0,0.0,0.0,0.0,0.0,0.0,0.0,0.0,0.0,0.0,0.0,1.0,1.0,1,0.0144917051122692,5,0.0,1.0,0.0,0.0,0.0,0.0,0.0,0.0,0.0,0.0,0.0,1.0,0.0,0.0,0.0,0.0,0.0,0.0,0.0,0.0,1.0,1.0,1.0,0.0,0.0,0.0,0.0,0.0,0.0,0.0,0.0,0.0,0.0,0.0,0.0,0.0,0.25,6.411677753141167e-06,0,1,0,0,0,0,0,0,0,0,0,0,0,0,0,0,0,0,0,0,0,0,0,0,0,0,0,0,0,0,0,0,0,0,0,0,0.0,0.0,0.0,0.0,0.0,0.0,0.0,0.0,0.0,0.4655498766658807,0.0,0.0,0.0,0.0,0.0,0.0,0.0,0.0,0.0,0.0,0.0,0.0,0.0,0.4693318034786495,0.7503272423282135,0.0,0.0,0.0,0.0,0.0,0.0,0.0,0.0,0.0,0.0,0.0,0.0,0.0,0.0,0.0,0.0,0.0,0.0,0.0,0.0,0.0,0.0,0.0,0.0,0.0
5264,2.619788758288394,416.66666666666674,9,1,1,0,1,1,1,1,1,1,0,1,1,365.0,0.0,0.0,0.0,0.0,0.0,0.0,0.0,0.0,0.0,0.0,0.0,0.0,0.0,0.0,0.0,0.0,0.0,249,1.0,2,0.0,1.0,0.0,0.0,0.0,0.0,0.0,0.0,0.0,0.0,0.0,0.0,0.0,0.0,0.0,0.0,0.0,0.0,0.0,0.0,0.0,0.0,0.0,0.0,0.0,0.0,1.0,0.0,0.0,0.0,0.0,0.0,0.0,0.0,0.0,0.0,1.0,0.0,0,0,0,0,0,0,0,0,0,0,0,0,0,0,0,0,0,0,0,0,0,0,0,0,0,0,0,0,0,0,0,0,0,0,0,0,0.0,0.0,0.0,0.0,0.0,0.227551303582011,0.0,0.0,0.0,0.0,0.0,0.0,0.0,0.0,0.0,0.0,0.0,0.0,0.0,0.0,0.7083511473706852,0.0,0.0,0.0,0.0,0.0,0.4389312356174881,0.0,0.0,0.0,0.0,0.0,0.0,0.0,0.0,0.0,0.0,0.0,0.3757806976619553,0.0,0.0,0.3355403014851723,0.0,0.0,0.0,0.0,0.0,0.0,0.0,0.0
5500,2.619788758288394,416.66666666666674,9,1,1,0,1,1,1,1,1,1,0,1,1,0.0,0.0,0.0,0.0,0.0,0.0,0.0,0.0,0.0,0.0,0.0,0.0,0.0,0.0,0.0,0.0,0.0,0.0,0,0.0,0,0.0,0.0,0.0,0.0,0.0,0.0,0.0,0.0,0.0,0.0,0.0,0.0,0.0,0.0,0.0,0.0,0.0,0.0,0.0,0.0,0.0,0.0,0.0,0.0,0.0,0.0,0.0,0.0,0.0,0.0,0.0,0.0,0.0,0.0,0.0,0.0,1.0,0.0,0,0,0,0,0,0,0,0,0,0,0,0,0,0,0,0,0,0,0,0,0,0,0,0,0,0,0,0,0,0,0,0,0,0,0,0,0.0,0.5547197647481168,0.0,0.0,0.0,0.0,0.0,0.0,0.0,0.0,0.0,0.0,0.0,0.0,0.0,0.0,0.4909737631553997,0.0,0.0,0.3850418141569608,0.0,0.0,0.0,0.0,0.0,0.0,0.0,0.0,0.0,0.0,0.0,0.0,0.0,0.0,0.0,0.0,0.0,0.0,0.0,0.0,0.0,0.0,0.0,0.550430329688995,0.0,0.0,0.0,0.0,0.0,0.0
5515,3.397940008672037,2499.999999999997,9,1,1,0,1,1,1,1,1,1,0,1,1,0.0,0.0,0.0,0.0,0.0,0.0,0.0,0.0,0.0,0.0,0.0,0.0,0.0,0.0,0.0,0.0,0.0,0.0,0,0.0,0,0.0,0.0,0.0,0.0,0.0,0.0,0.0,0.0,0.0,0.0,0.0,0.0,0.0,0.0,0.0,0.0,0.0,0.0,0.0,0.0,0.0,0.0,0.0,0.0,0.0,0.0,0.0,0.0,0.0,0.0,0.0,0.0,0.0,0.0,0.0,0.0,1.0,0.0,0,0,0,0,0,0,0,0,0,0,0,0,0,0,0,0,0,0,0,0,0,0,0,0,0,0,0,0,0,0,0,0,0,0,0,0,0.0,0.0,0.0,0.0,0.0,0.0,0.0,0.2830545999889908,0.0,0.0,0.0,0.0,0.0,0.0,0.0,0.0,0.0,0.2830149245355033,0.0,0.0,0.0,0.0,0.0,0.0,0.0,0.0,0.0,0.0,0.788260985724107,0.0,0.0,0.0,0.2548413617893804,0.0,0.0,0.0,0.0,0.0,0.0,0.0,0.0,0.0,0.0,0.391769249203953,0.0,0.0,0.0,0.0,0.0,0.0
5535,3.397940008672037,2499.999999999997,2,1,0,0,0,1,0,0,0,0,1,0,0,0.0,0.0,0.0,0.0,0.0,0.0,0.0,0.0,0.0,0.0,0.0,0.0,0.0,0.0,0.0,0.0,0.0,0.0,0,0.0,0,0.0,0.0,0.0,0.0,0.0,0.0,0.0,0.0,0.0,0.0,0.0,0.0,0.0,0.0,0.0,0.0,0.0,0.0,0.0,0.0,0.0,0.0,0.0,0.0,0.0,0.0,0.0,0.0,0.0,0.0,0.0,0.0,0.0,0.0,0.0,0.0,1.0,0.0,0,0,0,0,0,0,0,0,0,0,0,0,0,0,0,0,0,0,0,0,0,0,0,0,0,0,0,0,0,0,0,0,0,0,0,0,0.0,0.0,0.0,0.0,0.0,1.0,0.0,0.0,0.0,0.0,0.0,0.0,0.0,0.0,0.0,0.0,0.0,0.0,0.0,0.0,0.0,0.0,0.0,0.0,0.0,0.0,0.0,0.0,0.0,0.0,0.0,0.0,0.0,0.0,0.0,0.0,0.0,0.0,0.0,0.0,0.0,0.0,0.0,0.0,0.0,0.0,0.0,0.0,0.0,0.0
5552,3.795880017344075,6249.999999999996,5,1,1,0,0,1,0,0,0,1,0,1,1,0.0,0.0,0.0,0.0,0.0,0.0,0.0,0.0,0.0,0.0,0.0,0.0,0.0,0.0,0.0,0.0,0.0,0.0,0,0.0,0,0.0,0.0,0.0,0.0,0.0,0.0,0.0,0.0,0.0,0.0,0.0,0.0,0.0,0.0,0.0,0.0,0.0,0.0,0.0,0.0,0.0,0.0,0.0,0.0,0.0,0.0,0.0,0.0,0.0,0.0,0.0,0.0,0.0,0.0,0.0,0.0,1.0,0.0,0,0,0,0,0,0,0,0,0,0,0,0,0,0,0,0,0,0,0,0,0,0,0,0,0,0,0,0,0,0,0,0,0,0,0,0,0.0,0.0,0.0,0.0,0.0,0.0,0.0,0.7085677190765525,0.0,0.0,0.0,0.0,0.0,0.0,0.0,0.0,0.0,0.0,0.0,0.0,0.3570569276497716,0.0,0.0,0.0,0.0,0.0,0.0,0.0,0.0,0.3214567942223315,0.0,0.0,0.2126472683556306,0.0,0.3144687936484833,0.0,0.3507109699316734,0.0,0.0,0.0,0.0,0.0,0.0,0.0,0.0,0.0,0.0,0.0,0.0,0.0
5557,3.795880017344075,6249.999999999996,2,1,0,0,0,1,0,0,0,0,1,0,0,0.0,0.0,0.0,0.0,0.0,0.0,0.0,0.0,0.0,0.0,0.0,0.0,0.0,0.0,0.0,0.0,0.0,0.0,0,0.0,0,0.0,0.0,0.0,0.0,0.0,0.0,0.0,0.0,0.0,0.0,0.0,0.0,0.0,0.0,0.0,0.0,0.0,0.0,0.0,0.0,0.0,0.0,0.0,0.0,0.0,0.0,0.0,0.0,0.0,0.0,0.0,0.0,0.0,0.0,0.0,0.0,1.0,0.0,0,0,0,0,0,0,0,0,0,0,0,0,0,0,0,0,0,0,0,0,0,0,0,0,0,0,0,0,0,0,0,0,0,0,0,0,0.0,0.0,0.0,0.0,0.0,0.0,0.0,0.0,0.0,0.0,0.0,0.0,0.0,0.0,0.0,0.0,0.0,1.0,0.0,0.0,0.0,0.0,0.0,0.0,0.0,0.0,0.0,0.0,0.0,0.0,0.0,0.0,0.0,0.0,0.0,0.0,0.0,0.0,0.0,0.0,0.0,0.0,0.0,0.0,0.0,0.0,0.0,0.0,0.0,0.0
5570,3.397940008672037,2499.999999999997,4,1,0,0,0,1,0,1,0,1,1,0,0,0.0,0.0,0.0,0.0,0.0,0.0,0.0,0.0,0.0,0.0,0.0,0.0,0.0,0.0,0.0,0.0,0.0,0.0,0,0.0,0,0.0,0.0,0.0,0.0,0.0,0.0,0.0,0.0,0.0,0.0,0.0,0.0,0.0,0.0,0.0,0.0,0.0,0.0,0.0,0.0,0.0,0.0,0.0,0.0,0.0,0.0,0.0,0.0,0.0,0.0,0.0,0.0,0.0,0.0,0.0,0.0,1.0,0.0,0,0,0,0,0,0,0,0,0,0,0,0,0,0,0,0,0,0,0,0,0,0,0,0,0,0,0,0,0,0,0,0,0,0,0,0,0.0,0.0,0.0,0.0,0.0,0.0,0.0,0.0,0.0,0.0,0.0,0.0,0.0,0.0,0.0,0.0,0.0,0.0,0.0,0.0,0.0,0.0,0.0,0.0,0.0,0.0,0.0,0.0,0.0,0.0,0.0,0.0,0.0,0.0,0.0,0.0,0.0,0.0,0.0,0.0,0.0,0.0,0.0,0.0,0.0,0.0,0.0,0.0,0.0,0.0
6146,-2.0,0.01,6,1,0,0,1,1,0,1,0,1,1,0,1,0.0,0.0,0.0,0.0,0.0,0.0,0.0,0.0,0.0,0.0,1.6666666666666667e-08,0.0,0.0,0.0,0.0,0.0,0.0,1.0,1,0.0144917051122692,4,0.0,0.0,1.0,0.0,1.0,0.0,0.0,0.0,0.0,0.0,0.0,0.0,0.0,0.0,0.0,0.0,0.0,0.0,0.0,0.0,0.0,1.0,0.0,0.0,0.0,0.0,0.0,0.0,0.0,0.0,0.0,0.0,0.0,0.0,0.0,1.0,0.0625,1.6666666666666667e-08,0,0,0,0,0,0,0,0,0,0,0,0,0,0,0,0,0,0,0,0,0,0,0,0,0,0,0,0,0,0,0,0,0,0,0,0,0.0,0.1973149104646616,0.2263482078065221,0.0,0.1908347022146284,0.4579787383121069,0.1919468844804677,0.0471527730874281,0.0,0.0,0.1629105501183388,0.1256302208805241,0.1350370166462033,0.1420553421433718,0.0570988233712993,0.0,0.0582134441411719,0.1414384912044945,0.0532572924496582,0.1826135066475822,0.0,0.0,0.0,0.0418444709568246,0.4682813392764651,0.0,0.0,0.0681956703820652,0.0,0.0,0.1225957539358798,0.1209994738116179,0.212264292935236,0.1797939171914849,0.0627804877534177,0.128157532970835,0.0,0.0,0.0,0.0585784850694783,0.0,0.0675321659371023,0.0938072274712421,0.1957891499844686,0.0,0.0562269716209266,0.0,0.0706803547088947,0.2542414154068104,0.0
6147,-1.3010299956639813,0.049999999999999996,6,1,0,0,1,1,0,1,0,1,1,0,1,0.0,0.0,0.0,0.0,0.0,0.0,0.0,0.0,0.0,0.0,8.333333333333335e-08,0.0,0.0,0.0,0.0,0.0,0.0,1.0,1,0.0144917051122692,4,0.0,0.0,1.0,0.0,1.0,0.0,0.0,0.0,0.0,0.0,0.0,0.0,0.0,0.0,0.0,0.0,0.0,0.0,0.0,0.0,0.0,1.0,0.0,0.0,0.0,0.0,0.0,0.0,0.0,0.0,0.0,0.0,0.0,0.0,0.0,1.0,0.0625,8.333333333333335e-08,0,0,0,0,0,0,0,0,0,0,0,0,0,0,0,0,0,0,0,0,0,0,0,0,0,0,0,0,0,0,0,0,0,0,0,0,0.0,0.1973149104646616,0.2263482078065221,0.0,0.1908347022146284,0.4579787383121069,0.1919468844804677,0.0471527730874281,0.0,0.0,0.1629105501183388,0.1256302208805241,0.1350370166462033,0.1420553421433718,0.0570988233712993,0.0,0.0582134441411719,0.1414384912044945,0.0532572924496582,0.1826135066475822,0.0,0.0,0.0,0.0418444709568246,0.4682813392764651,0.0,0.0,0.0681956703820652,0.0,0.0,0.1225957539358798,0.1209994738116179,0.212264292935236,0.1797939171914849,0.0627804877534177,0.128157532970835,0.0,0.0,0.0,0.0585784850694783,0.0,0.0675321659371023,0.0938072274712421,0.1957891499844686,0.0,0.0562269716209266,0.0,0.0706803547088947,0.2542414154068104,0.0
6148,-1.0,0.1,6,1,0,0,1,1,0,1,0,1,1,0,1,0.0,0.0,0.0,0.0,0.0,0.0,0.0,0.0,0.0,0.0,1.666666666666667e-07,0.0,0.0,0.0,0.0,0.0,0.0,1.0,1,0.0144917051122692,4,0.0,0.0,1.0,0.0,1.0,0.0,0.0,0.0,0.0,0.0,0.0,0.0,0.0,0.0,0.0,0.0,0.0,0.0,0.0,0.0,0.0,1.0,0.0,0.0,0.0,0.0,0.0,0.0,0.0,0.0,0.0,0.0,0.0,0.0,0.0,1.0,0.0625,1.666666666666667e-07,0,0,0,0,0,0,0,0,0,0,0,0,0,0,0,0,0,0,0,0,0,0,0,0,0,0,0,0,0,0,0,0,0,0,0,0,0.0,0.1973149104646616,0.2263482078065221,0.0,0.1908347022146284,0.4579787383121069,0.1919468844804677,0.0471527730874281,0.0,0.0,0.1629105501183388,0.1256302208805241,0.1350370166462033,0.1420553421433718,0.0570988233712993,0.0,0.0582134441411719,0.1414384912044945,0.0532572924496582,0.1826135066475822,0.0,0.0,0.0,0.0418444709568246,0.4682813392764651,0.0,0.0,0.0681956703820652,0.0,0.0,0.1225957539358798,0.1209994738116179,0.212264292935236,0.1797939171914849,0.0627804877534177,0.128157532970835,0.0,0.0,0.0,0.0585784850694783,0.0,0.0675321659371023,0.0938072274712421,0.1957891499844686,0.0,0.0562269716209266,0.0,0.0706803547088947,0.2542414154068104,0.0
6149,-0.8239087409443188,0.15,6,1,0,0,1,1,0,1,0,1,1,0,1,0.0,0.0,0.0,0.0,0.0,0.0,0.0,0.0,0.0,0.0,2.5e-07,0.0,0.0,0.0,0.0,0.0,0.0,1.0,1,0.0144917051122692,4,0.0,0.0,1.0,0.0,1.0,0.0,0.0,0.0,0.0,0.0,0.0,0.0,0.0,0.0,0.0,0.0,0.0,0.0,0.0,0.0,0.0,1.0,0.0,0.0,0.0,0.0,0.0,0.0,0.0,0.0,0.0,0.0,0.0,0.0,0.0,1.0,0.0625,2.5e-07,0,0,0,0,0,0,0,0,0,0,0,0,0,0,0,0,0,0,0,0,0,0,0,0,0,0,0,0,0,0,0,0,0,0,0,0,0.0,0.1973149104646616,0.2263482078065221,0.0,0.1908347022146284,0.4579787383121069,0.1919468844804677,0.0471527730874281,0.0,0.0,0.1629105501183388,0.1256302208805241,0.1350370166462033,0.1420553421433718,0.0570988233712993,0.0,0.0582134441411719,0.1414384912044945,0.0532572924496582,0.1826135066475822,0.0,0.0,0.0,0.0418444709568246,0.4682813392764651,0.0,0.0,0.0681956703820652,0.0,0.0,0.1225957539358798,0.1209994738116179,0.212264292935236,0.1797939171914849,0.0627804877534177,0.128157532970835,0.0,0.0,0.0,0.0585784850694783,0.0,0.0675321659371023,0.0938072274712421,0.1957891499844686,0.0,0.0562269716209266,0.0,0.0706803547088947,0.2542414154068104,0.0
6150,-0.6989700043360187,0.20000000000000004,6,1,0,0,1,1,0,1,0,1,1,0,1,0.0,0.0,0.0,0.0,0.0,0.0,0.0,0.0,0.0,0.0,3.3333333333333335e-07,0.0,0.0,0.0,0.0,0.0,0.0,1.0,1,0.0144917051122692,4,0.0,0.0,1.0,0.0,1.0,0.0,0.0,0.0,0.0,0.0,0.0,0.0,0.0,0.0,0.0,0.0,0.0,0.0,0.0,0.0,0.0,1.0,0.0,0.0,0.0,0.0,0.0,0.0,0.0,0.0,0.0,0.0,0.0,0.0,0.0,1.0,0.0625,3.3333333333333335e-07,0,0,0,0,0,0,0,0,0,0,0,0,0,0,0,0,0,0,0,0,0,0,0,0,0,0,0,0,0,0,0,0,0,0,0,0,0.0,0.1973149104646616,0.2263482078065221,0.0,0.1908347022146284,0.4579787383121069,0.1919468844804677,0.0471527730874281,0.0,0.0,0.1629105501183388,0.1256302208805241,0.1350370166462033,0.1420553421433718,0.0570988233712993,0.0,0.0582134441411719,0.1414384912044945,0.0532572924496582,0.1826135066475822,0.0,0.0,0.0,0.0418444709568246,0.4682813392764651,0.0,0.0,0.0681956703820652,0.0,0.0,0.1225957539358798,0.1209994738116179,0.212264292935236,0.1797939171914849,0.0627804877534177,0.128157532970835,0.0,0.0,0.0,0.0585784850694783,0.0,0.0675321659371023,0.0938072274712421,0.1957891499844686,0.0,0.0562269716209266,0.0,0.0706803547088947,0.2542414154068104,0.0
6151,-0.3010299956639812,0.5,6,1,0,0,1,1,0,1,0,1,1,0,1,0.0,0.0,0.0,0.0,0.0,0.0,0.0,0.0,0.0,0.0,8.333333333333333e-07,0.0,0.0,0.0,0.0,0.0,0.0,1.0,1,0.0144917051122692,4,0.0,0.0,1.0,0.0,1.0,0.0,0.0,0.0,0.0,0.0,0.0,0.0,0.0,0.0,0.0,0.0,0.0,0.0,0.0,0.0,0.0,1.0,0.0,0.0,0.0,0.0,0.0,0.0,0.0,0.0,0.0,0.0,0.0,0.0,0.0,1.0,0.0625,8.333333333333333e-07,0,0,0,0,0,0,0,0,0,0,0,0,0,0,0,0,0,0,0,0,0,0,0,0,0,0,0,0,0,0,0,0,0,0,0,0,0.0,0.1973149104646616,0.2263482078065221,0.0,0.1908347022146284,0.4579787383121069,0.1919468844804677,0.0471527730874281,0.0,0.0,0.1629105501183388,0.1256302208805241,0.1350370166462033,0.1420553421433718,0.0570988233712993,0.0,0.0582134441411719,0.1414384912044945,0.0532572924496582,0.1826135066475822,0.0,0.0,0.0,0.0418444709568246,0.4682813392764651,0.0,0.0,0.0681956703820652,0.0,0.0,0.1225957539358798,0.1209994738116179,0.212264292935236,0.1797939171914849,0.0627804877534177,0.128157532970835,0.0,0.0,0.0,0.0585784850694783,0.0,0.0675321659371023,0.0938072274712421,0.1957891499844686,0.0,0.0562269716209266,0.0,0.0706803547088947,0.2542414154068104,0.0
6152,0.0,1.0,6,1,0,0,1,1,0,1,0,1,1,0,1,0.0,0.0,0.0,0.0,0.0,0.0,0.0,0.0,0.0,0.0,1.6666666666666669e-06,0.0,0.0,0.0,0.0,0.0,0.0,1.0,1,0.0144917051122692,4,0.0,0.0,1.0,0.0,1.0,0.0,0.0,0.0,0.0,0.0,0.0,0.0,0.0,0.0,0.0,0.0,0.0,0.0,0.0,0.0,0.0,1.0,0.0,0.0,0.0,0.0,0.0,0.0,0.0,0.0,0.0,0.0,0.0,0.0,0.0,1.0,0.0625,1.6666666666666669e-06,0,0,0,0,0,0,0,0,0,0,0,0,0,0,0,0,0,0,0,0,0,0,0,0,0,0,0,0,0,0,0,0,0,0,0,0,0.0,0.1973149104646616,0.2263482078065221,0.0,0.1908347022146284,0.4579787383121069,0.1919468844804677,0.0471527730874281,0.0,0.0,0.1629105501183388,0.1256302208805241,0.1350370166462033,0.1420553421433718,0.0570988233712993,0.0,0.0582134441411719,0.1414384912044945,0.0532572924496582,0.1826135066475822,0.0,0.0,0.0,0.0418444709568246,0.4682813392764651,0.0,0.0,0.0681956703820652,0.0,0.0,0.1225957539358798,0.1209994738116179,0.212264292935236,0.1797939171914849,0.0627804877534177,0.128157532970835,0.0,0.0,0.0,0.0585784850694783,0.0,0.0675321659371023,0.0938072274712421,0.1957891499844686,0.0,0.0562269716209266,0.0,0.0706803547088947,0.2542414154068104,0.0
6153,0.3010299956639812,2.0,6,1,0,0,1,1,0,1,0,1,1,0,1,0.0,0.0,0.0,0.0,0.0,0.0,0.0,0.0,0.0,0.0,3.3333333333333333e-06,0.0,0.0,0.0,0.0,0.0,0.0,1.0,1,0.0144917051122692,4,0.0,0.0,1.0,0.0,1.0,0.0,0.0,0.0,0.0,0.0,0.0,0.0,0.0,0.0,0.0,0.0,0.0,0.0,0.0,0.0,0.0,1.0,0.0,0.0,0.0,0.0,0.0,0.0,0.0,0.0,0.0,0.0,0.0,0.0,0.0,1.0,0.0625,3.3333333333333333e-06,0,0,0,0,0,0,0,0,0,0,0,0,0,0,0,0,0,0,0,0,0,0,0,0,0,0,0,0,0,0,0,0,0,0,0,0,0.0,0.1973149104646616,0.2263482078065221,0.0,0.1908347022146284,0.4579787383121069,0.1919468844804677,0.0471527730874281,0.0,0.0,0.1629105501183388,0.1256302208805241,0.1350370166462033,0.1420553421433718,0.0570988233712993,0.0,0.0582134441411719,0.1414384912044945,0.0532572924496582,0.1826135066475822,0.0,0.0,0.0,0.0418444709568246,0.4682813392764651,0.0,0.0,0.0681956703820652,0.0,0.0,0.1225957539358798,0.1209994738116179,0.212264292935236,0.1797939171914849,0.0627804877534177,0.128157532970835,0.0,0.0,0.0,0.0585784850694783,0.0,0.0675321659371023,0.0938072274712421,0.1957891499844686,0.0,0.0562269716209266,0.0,0.0706803547088947,0.2542414154068104,0.0
6154,0.6989700043360189,5.000000000000001,6,1,0,0,1,1,0,1,0,1,1,0,1,0.0,0.0,0.0,0.0,0.0,0.0,0.0,0.0,0.0,0.0,8.333333333333334e-06,0.0,0.0,0.0,0.0,0.0,0.0,1.0,1,0.0144917051122692,4,0.0,0.0,1.0,0.0,1.0,0.0,0.0,0.0,0.0,0.0,0.0,0.0,0.0,0.0,0.0,0.0,0.0,0.0,0.0,0.0,0.0,1.0,0.0,0.0,0.0,0.0,0.0,0.0,0.0,0.0,0.0,0.0,0.0,0.0,0.0,1.0,0.0625,8.333333333333334e-06,0,0,0,0,0,0,0,0,0,0,0,0,0,0,0,0,0,0,0,0,0,0,0,0,0,0,0,0,0,0,0,0,0,0,0,0,0.0,0.1973149104646616,0.2263482078065221,0.0,0.1908347022146284,0.4579787383121069,0.1919468844804677,0.0471527730874281,0.0,0.0,0.1629105501183388,0.1256302208805241,0.1350370166462033,0.1420553421433718,0.0570988233712993,0.0,0.0582134441411719,0.1414384912044945,0.0532572924496582,0.1826135066475822,0.0,0.0,0.0,0.0418444709568246,0.4682813392764651,0.0,0.0,0.0681956703820652,0.0,0.0,0.1225957539358798,0.1209994738116179,0.212264292935236,0.1797939171914849,0.0627804877534177,0.128157532970835,0.0,0.0,0.0,0.0585784850694783,0.0,0.0675321659371023,0.0938072274712421,0.1957891499844686,0.0,0.0562269716209266,0.0,0.0706803547088947,0.2542414154068104,0.0
6155,1.0,10.0,6,1,0,0,1,1,0,1,0,1,1,0,1,0.0,0.0,0.0,0.0,0.0,0.0,0.0,0.0,0.0,0.0,1.6666666666666667e-05,0.0,0.0,0.0,0.0,0.0,0.0,1.0,1,0.0144917051122692,4,0.0,0.0,1.0,0.0,1.0,0.0,0.0,0.0,0.0,0.0,0.0,0.0,0.0,0.0,0.0,0.0,0.0,0.0,0.0,0.0,0.0,1.0,0.0,0.0,0.0,0.0,0.0,0.0,0.0,0.0,0.0,0.0,0.0,0.0,0.0,1.0,0.0625,1.6666666666666667e-05,0,0,0,0,0,0,0,0,0,0,0,0,0,0,0,0,0,0,0,0,0,0,0,0,0,0,0,0,0,0,0,0,0,0,0,0,0.0,0.1973149104646616,0.2263482078065221,0.0,0.1908347022146284,0.4579787383121069,0.1919468844804677,0.0471527730874281,0.0,0.0,0.1629105501183388,0.1256302208805241,0.1350370166462033,0.1420553421433718,0.0570988233712993,0.0,0.0582134441411719,0.1414384912044945,0.0532572924496582,0.1826135066475822,0.0,0.0,0.0,0.0418444709568246,0.4682813392764651,0.0,0.0,0.0681956703820652,0.0,0.0,0.1225957539358798,0.1209994738116179,0.212264292935236,0.1797939171914849,0.0627804877534177,0.128157532970835,0.0,0.0,0.0,0.0585784850694783,0.0,0.0675321659371023,0.0938072274712421,0.1957891499844686,0.0,0.0562269716209266,0.0,0.0706803547088947,0.2542414154068104,0.0
6156,1.3010299956639813,20.000000000000004,6,1,0,0,1,1,0,1,0,1,1,0,1,0.0,0.0,0.0,0.0,0.0,0.0,0.0,0.0,0.0,0.0,3.3333333333333335e-05,0.0,0.0,0.0,0.0,0.0,0.0,1.0,1,0.0144917051122692,4,0.0,0.0,1.0,0.0,1.0,0.0,0.0,0.0,0.0,0.0,0.0,0.0,0.0,0.0,0.0,0.0,0.0,0.0,0.0,0.0,0.0,1.0,0.0,0.0,0.0,0.0,0.0,0.0,0.0,0.0,0.0,0.0,0.0,0.0,0.0,1.0,0.0625,3.3333333333333335e-05,0,0,0,0,0,0,0,0,0,0,0,0,0,0,0,0,0,0,0,0,0,0,0,0,0,0,0,0,0,0,0,0,0,0,0,0,0.0,0.1973149104646616,0.2263482078065221,0.0,0.1908347022146284,0.4579787383121069,0.1919468844804677,0.0471527730874281,0.0,0.0,0.1629105501183388,0.1256302208805241,0.1350370166462033,0.1420553421433718,0.0570988233712993,0.0,0.0582134441411719,0.1414384912044945,0.0532572924496582,0.1826135066475822,0.0,0.0,0.0,0.0418444709568246,0.4682813392764651,0.0,0.0,0.0681956703820652,0.0,0.0,0.1225957539358798,0.1209994738116179,0.212264292935236,0.1797939171914849,0.0627804877534177,0.128157532970835,0.0,0.0,0.0,0.0585784850694783,0.0,0.0675321659371023,0.0938072274712421,0.1957891499844686,0.0,0.0562269716209266,0.0,0.0706803547088947,0.2542414154068104,0.0
6157,1.6989700043360187,49.99999999999999,6,1,0,0,1,1,0,1,0,1,1,0,1,0.0,0.0,0.0,0.0,0.0,0.0,0.0,0.0,0.0,0.0,8.333333333333333e-05,0.0,0.0,0.0,0.0,0.0,0.0,1.0,1,0.0144917051122692,4,0.0,0.0,1.0,0.0,1.0,0.0,0.0,0.0,0.0,0.0,0.0,0.0,0.0,0.0,0.0,0.0,0.0,0.0,0.0,0.0,0.0,1.0,0.0,0.0,0.0,0.0,0.0,0.0,0.0,0.0,0.0,0.0,0.0,0.0,0.0,1.0,0.0625,8.333333333333333e-05,0,0,0,0,0,0,0,0,0,0,0,0,0,0,0,0,0,0,0,0,0,0,0,0,0,0,0,0,0,0,0,0,0,0,0,0,0.0,0.1973149104646616,0.2263482078065221,0.0,0.1908347022146284,0.4579787383121069,0.1919468844804677,0.0471527730874281,0.0,0.0,0.1629105501183388,0.1256302208805241,0.1350370166462033,0.1420553421433718,0.0570988233712993,0.0,0.0582134441411719,0.1414384912044945,0.0532572924496582,0.1826135066475822,0.0,0.0,0.0,0.0418444709568246,0.4682813392764651,0.0,0.0,0.0681956703820652,0.0,0.0,0.1225957539358798,0.1209994738116179,0.212264292935236,0.1797939171914849,0.0627804877534177,0.128157532970835,0.0,0.0,0.0,0.0585784850694783,0.0,0.0675321659371023,0.0938072274712421,0.1957891499844686,0.0,0.0562269716209266,0.0,0.0706803547088947,0.2542414154068104,0.0
6170,-2.0,0.01,5,1,0,0,1,1,0,1,0,0,1,0,1,0.0,0.0,0.0,0.0,0.0,0.0,0.0,0.0,0.0,0.0,1.6666666666666667e-08,0.0,0.0,0.0,0.0,0.0,0.0,1.0,1,0.1766382333307339,5,1.0,0.0,1.0,0.0,1.0,0.0,0.0,0.0,0.0,0.0,0.0,0.0,0.0,0.0,0.0,0.0,0.0,0.0,0.0,0.0,0.0,1.0,0.0,0.0,0.0,0.0,0.0,0.0,0.0,0.0,0.0,0.0,0.0,0.0,0.0,1.0,0.0625,1.6666666666666667e-08,0,0,0,0,0,0,0,0,0,0,0,0,0,0,0,0,0,0,0,0,0,0,0,0,0,0,0,0,0,0,0,0,0,0,0,0,0.0,0.1810873029477678,0.2077328387511035,0.0,0.1751400411226228,0.4623449275392475,0.1761607550992447,0.0432748264426763,0.0,0.0,0.1495124320467949,0.1152981181929528,0.1239312786093442,0.1303724017484868,0.0524028919124761,0.0,0.0534258438452544,0.1298062819728499,0.0488772968515036,0.1675949745651252,0.0,0.0,0.0,0.0384030906280885,0.5525599668902142,0.0,0.0,0.0625871100826659,0.0,0.0,0.1125132124116525,0.1110482138376928,0.1948072156799372,0.1650072742802243,0.0576172838547235,0.1176175786385112,0.0,0.0,0.0,0.0537608630134301,0.0,0.0619781736867837,0.0860923169960709,0.1796870243289255,0.0,0.0516027431468634,0.0,0.0648674485647531,0.2333320482736044,0.0
6171,-1.3010299956639813,0.049999999999999996,5,1,0,0,1,1,0,1,0,0,1,0,1,0.0,0.0,0.0,0.0,0.0,0.0,0.0,0.0,0.0,0.0,8.333333333333335e-08,0.0,0.0,0.0,0.0,0.0,0.0,1.0,1,0.1766382333307339,5,1.0,0.0,1.0,0.0,1.0,0.0,0.0,0.0,0.0,0.0,0.0,0.0,0.0,0.0,0.0,0.0,0.0,0.0,0.0,0.0,0.0,1.0,0.0,0.0,0.0,0.0,0.0,0.0,0.0,0.0,0.0,0.0,0.0,0.0,0.0,1.0,0.0625,8.333333333333335e-08,0,0,0,0,0,0,0,0,0,0,0,0,0,0,0,0,0,0,0,0,0,0,0,0,0,0,0,0,0,0,0,0,0,0,0,0,0.0,0.1810873029477678,0.2077328387511035,0.0,0.1751400411226228,0.4623449275392475,0.1761607550992447,0.0432748264426763,0.0,0.0,0.1495124320467949,0.1152981181929528,0.1239312786093442,0.1303724017484868,0.0524028919124761,0.0,0.0534258438452544,0.1298062819728499,0.0488772968515036,0.1675949745651252,0.0,0.0,0.0,0.0384030906280885,0.5525599668902142,0.0,0.0,0.0625871100826659,0.0,0.0,0.1125132124116525,0.1110482138376928,0.1948072156799372,0.1650072742802243,0.0576172838547235,0.1176175786385112,0.0,0.0,0.0,0.0537608630134301,0.0,0.0619781736867837,0.0860923169960709,0.1796870243289255,0.0,0.0516027431468634,0.0,0.0648674485647531,0.2333320482736044,0.0
6172,-1.0,0.1,5,1,0,0,1,1,0,1,0,0,1,0,1,0.0,0.0,0.0,0.0,0.0,0.0,0.0,0.0,0.0,0.0,1.666666666666667e-07,0.0,0.0,0.0,0.0,0.0,0.0,1.0,1,0.1766382333307339,5,1.0,0.0,1.0,0.0,1.0,0.0,0.0,0.0,0.0,0.0,0.0,0.0,0.0,0.0,0.0,0.0,0.0,0.0,0.0,0.0,0.0,1.0,0.0,0.0,0.0,0.0,0.0,0.0,0.0,0.0,0.0,0.0,0.0,0.0,0.0,1.0,0.0625,1.666666666666667e-07,0,0,0,0,0,0,0,0,0,0,0,0,0,0,0,0,0,0,0,0,0,0,0,0,0,0,0,0,0,0,0,0,0,0,0,0,0.0,0.1810873029477678,0.2077328387511035,0.0,0.1751400411226228,0.4623449275392475,0.1761607550992447,0.0432748264426763,0.0,0.0,0.1495124320467949,0.1152981181929528,0.1239312786093442,0.1303724017484868,0.0524028919124761,0.0,0.0534258438452544,0.1298062819728499,0.0488772968515036,0.1675949745651252,0.0,0.0,0.0,0.0384030906280885,0.5525599668902142,0.0,0.0,0.0625871100826659,0.0,0.0,0.1125132124116525,0.1110482138376928,0.1948072156799372,0.1650072742802243,0.0576172838547235,0.1176175786385112,0.0,0.0,0.0,0.0537608630134301,0.0,0.0619781736867837,0.0860923169960709,0.1796870243289255,0.0,0.0516027431468634,0.0,0.0648674485647531,0.2333320482736044,0.0
6173,-0.8239087409443188,0.15,5,1,0,0,1,1,0,1,0,0,1,0,1,0.0,0.0,0.0,0.0,0.0,0.0,0.0,0.0,0.0,0.0,2.5e-07,0.0,0.0,0.0,0.0,0.0,0.0,1.0,1,0.1766382333307339,5,1.0,0.0,1.0,0.0,1.0,0.0,0.0,0.0,0.0,0.0,0.0,0.0,0.0,0.0,0.0,0.0,0.0,0.0,0.0,0.0,0.0,1.0,0.0,0.0,0.0,0.0,0.0,0.0,0.0,0.0,0.0,0.0,0.0,0.0,0.0,1.0,0.0625,2.5e-07,0,0,0,0,0,0,0,0,0,0,0,0,0,0,0,0,0,0,0,0,0,0,0,0,0,0,0,0,0,0,0,0,0,0,0,0,0.0,0.1810873029477678,0.2077328387511035,0.0,0.1751400411226228,0.4623449275392475,0.1761607550992447,0.0432748264426763,0.0,0.0,0.1495124320467949,0.1152981181929528,0.1239312786093442,0.1303724017484868,0.0524028919124761,0.0,0.0534258438452544,0.1298062819728499,0.0488772968515036,0.1675949745651252,0.0,0.0,0.0,0.0384030906280885,0.5525599668902142,0.0,0.0,0.0625871100826659,0.0,0.0,0.1125132124116525,0.1110482138376928,0.1948072156799372,0.1650072742802243,0.0576172838547235,0.1176175786385112,0.0,0.0,0.0,0.0537608630134301,0.0,0.0619781736867837,0.0860923169960709,0.1796870243289255,0.0,0.0516027431468634,0.0,0.0648674485647531,0.2333320482736044,0.0
6174,-0.6989700043360187,0.20000000000000004,5,1,0,0,1,1,0,1,0,0,1,0,1,0.0,0.0,0.0,0.0,0.0,0.0,0.0,0.0,0.0,0.0,3.3333333333333335e-07,0.0,0.0,0.0,0.0,0.0,0.0,1.0,1,0.1766382333307339,5,1.0,0.0,1.0,0.0,1.0,0.0,0.0,0.0,0.0,0.0,0.0,0.0,0.0,0.0,0.0,0.0,0.0,0.0,0.0,0.0,0.0,1.0,0.0,0.0,0.0,0.0,0.0,0.0,0.0,0.0,0.0,0.0,0.0,0.0,0.0,1.0,0.0625,3.3333333333333335e-07,0,0,0,0,0,0,0,0,0,0,0,0,0,0,0,0,0,0,0,0,0,0,0,0,0,0,0,0,0,0,0,0,0,0,0,0,0.0,0.1810873029477678,0.2077328387511035,0.0,0.1751400411226228,0.4623449275392475,0.1761607550992447,0.0432748264426763,0.0,0.0,0.1495124320467949,0.1152981181929528,0.1239312786093442,0.1303724017484868,0.0524028919124761,0.0,0.0534258438452544,0.1298062819728499,0.0488772968515036,0.1675949745651252,0.0,0.0,0.0,0.0384030906280885,0.5525599668902142,0.0,0.0,0.0625871100826659,0.0,0.0,0.1125132124116525,0.1110482138376928,0.1948072156799372,0.1650072742802243,0.0576172838547235,0.1176175786385112,0.0,0.0,0.0,0.0537608630134301,0.0,0.0619781736867837,0.0860923169960709,0.1796870243289255,0.0,0.0516027431468634,0.0,0.0648674485647531,0.2333320482736044,0.0
6175,-0.3010299956639812,0.5,5,1,0,0,1,1,0,1,0,0,1,0,1,0.0,0.0,0.0,0.0,0.0,0.0,0.0,0.0,0.0,0.0,8.333333333333333e-07,0.0,0.0,0.0,0.0,0.0,0.0,1.0,1,0.1766382333307339,5,1.0,0.0,1.0,0.0,1.0,0.0,0.0,0.0,0.0,0.0,0.0,0.0,0.0,0.0,0.0,0.0,0.0,0.0,0.0,0.0,0.0,1.0,0.0,0.0,0.0,0.0,0.0,0.0,0.0,0.0,0.0,0.0,0.0,0.0,0.0,1.0,0.0625,8.333333333333333e-07,0,0,0,0,0,0,0,0,0,0,0,0,0,0,0,0,0,0,0,0,0,0,0,0,0,0,0,0,0,0,0,0,0,0,0,0,0.0,0.1810873029477678,0.2077328387511035,0.0,0.1751400411226228,0.4623449275392475,0.1761607550992447,0.0432748264426763,0.0,0.0,0.1495124320467949,0.1152981181929528,0.1239312786093442,0.1303724017484868,0.0524028919124761,0.0,0.0534258438452544,0.1298062819728499,0.0488772968515036,0.1675949745651252,0.0,0.0,0.0,0.0384030906280885,0.5525599668902142,0.0,0.0,0.0625871100826659,0.0,0.0,0.1125132124116525,0.1110482138376928,0.1948072156799372,0.1650072742802243,0.0576172838547235,0.1176175786385112,0.0,0.0,0.0,0.0537608630134301,0.0,0.0619781736867837,0.0860923169960709,0.1796870243289255,0.0,0.0516027431468634,0.0,0.0648674485647531,0.2333320482736044,0.0
6176,0.0,1.0,5,1,0,0,1,1,0,1,0,0,1,0,1,0.0,0.0,0.0,0.0,0.0,0.0,0.0,0.0,0.0,0.0,1.6666666666666669e-06,0.0,0.0,0.0,0.0,0.0,0.0,1.0,1,0.1766382333307339,5,1.0,0.0,1.0,0.0,1.0,0.0,0.0,0.0,0.0,0.0,0.0,0.0,0.0,0.0,0.0,0.0,0.0,0.0,0.0,0.0,0.0,1.0,0.0,0.0,0.0,0.0,0.0,0.0,0.0,0.0,0.0,0.0,0.0,0.0,0.0,1.0,0.0625,1.6666666666666669e-06,0,0,0,0,0,0,0,0,0,0,0,0,0,0,0,0,0,0,0,0,0,0,0,0,0,0,0,0,0,0,0,0,0,0,0,0,0.0,0.1810873029477678,0.2077328387511035,0.0,0.1751400411226228,0.4623449275392475,0.1761607550992447,0.0432748264426763,0.0,0.0,0.1495124320467949,0.1152981181929528,0.1239312786093442,0.1303724017484868,0.0524028919124761,0.0,0.0534258438452544,0.1298062819728499,0.0488772968515036,0.1675949745651252,0.0,0.0,0.0,0.0384030906280885,0.5525599668902142,0.0,0.0,0.0625871100826659,0.0,0.0,0.1125132124116525,0.1110482138376928,0.1948072156799372,0.1650072742802243,0.0576172838547235,0.1176175786385112,0.0,0.0,0.0,0.0537608630134301,0.0,0.0619781736867837,0.0860923169960709,0.1796870243289255,0.0,0.0516027431468634,0.0,0.0648674485647531,0.2333320482736044,0.0
6177,0.3010299956639812,2.0,5,1,0,0,1,1,0,1,0,0,1,0,1,0.0,0.0,0.0,0.0,0.0,0.0,0.0,0.0,0.0,0.0,3.3333333333333333e-06,0.0,0.0,0.0,0.0,0.0,0.0,1.0,1,0.1766382333307339,5,1.0,0.0,1.0,0.0,1.0,0.0,0.0,0.0,0.0,0.0,0.0,0.0,0.0,0.0,0.0,0.0,0.0,0.0,0.0,0.0,0.0,1.0,0.0,0.0,0.0,0.0,0.0,0.0,0.0,0.0,0.0,0.0,0.0,0.0,0.0,1.0,0.0625,3.3333333333333333e-06,0,0,0,0,0,0,0,0,0,0,0,0,0,0,0,0,0,0,0,0,0,0,0,0,0,0,0,0,0,0,0,0,0,0,0,0,0.0,0.1810873029477678,0.2077328387511035,0.0,0.1751400411226228,0.4623449275392475,0.1761607550992447,0.0432748264426763,0.0,0.0,0.1495124320467949,0.1152981181929528,0.1239312786093442,0.1303724017484868,0.0524028919124761,0.0,0.0534258438452544,0.1298062819728499,0.0488772968515036,0.1675949745651252,0.0,0.0,0.0,0.0384030906280885,0.5525599668902142,0.0,0.0,0.0625871100826659,0.0,0.0,0.1125132124116525,0.1110482138376928,0.1948072156799372,0.1650072742802243,0.0576172838547235,0.1176175786385112,0.0,0.0,0.0,0.0537608630134301,0.0,0.0619781736867837,0.0860923169960709,0.1796870243289255,0.0,0.0516027431468634,0.0,0.0648674485647531,0.2333320482736044,0.0
6178,0.6989700043360189,5.000000000000001,5,1,0,0,1,1,0,1,0,0,1,0,1,0.0,0.0,0.0,0.0,0.0,0.0,0.0,0.0,0.0,0.0,8.333333333333334e-06,0.0,0.0,0.0,0.0,0.0,0.0,1.0,1,0.1766382333307339,5,1.0,0.0,1.0,0.0,1.0,0.0,0.0,0.0,0.0,0.0,0.0,0.0,0.0,0.0,0.0,0.0,0.0,0.0,0.0,0.0,0.0,1.0,0.0,0.0,0.0,0.0,0.0,0.0,0.0,0.0,0.0,0.0,0.0,0.0,0.0,1.0,0.0625,8.333333333333334e-06,0,0,0,0,0,0,0,0,0,0,0,0,0,0,0,0,0,0,0,0,0,0,0,0,0,0,0,0,0,0,0,0,0,0,0,0,0.0,0.1810873029477678,0.2077328387511035,0.0,0.1751400411226228,0.4623449275392475,0.1761607550992447,0.0432748264426763,0.0,0.0,0.1495124320467949,0.1152981181929528,0.1239312786093442,0.1303724017484868,0.0524028919124761,0.0,0.0534258438452544,0.1298062819728499,0.0488772968515036,0.1675949745651252,0.0,0.0,0.0,0.0384030906280885,0.5525599668902142,0.0,0.0,0.0625871100826659,0.0,0.0,0.1125132124116525,0.1110482138376928,0.1948072156799372,0.1650072742802243,0.0576172838547235,0.1176175786385112,0.0,0.0,0.0,0.0537608630134301,0.0,0.0619781736867837,0.0860923169960709,0.1796870243289255,0.0,0.0516027431468634,0.0,0.0648674485647531,0.2333320482736044,0.0
6179,1.0,10.0,5,1,0,0,1,1,0,1,0,0,1,0,1,0.0,0.0,0.0,0.0,0.0,0.0,0.0,0.0,0.0,0.0,1.6666666666666667e-05,0.0,0.0,0.0,0.0,0.0,0.0,1.0,1,0.1766382333307339,5,1.0,0.0,1.0,0.0,1.0,0.0,0.0,0.0,0.0,0.0,0.0,0.0,0.0,0.0,0.0,0.0,0.0,0.0,0.0,0.0,0.0,1.0,0.0,0.0,0.0,0.0,0.0,0.0,0.0,0.0,0.0,0.0,0.0,0.0,0.0,1.0,0.0625,1.6666666666666667e-05,0,0,0,0,0,0,0,0,0,0,0,0,0,0,0,0,0,0,0,0,0,0,0,0,0,0,0,0,0,0,0,0,0,0,0,0,0.0,0.1810873029477678,0.2077328387511035,0.0,0.1751400411226228,0.4623449275392475,0.1761607550992447,0.0432748264426763,0.0,0.0,0.1495124320467949,0.1152981181929528,0.1239312786093442,0.1303724017484868,0.0524028919124761,0.0,0.0534258438452544,0.1298062819728499,0.0488772968515036,0.1675949745651252,0.0,0.0,0.0,0.0384030906280885,0.5525599668902142,0.0,0.0,0.0625871100826659,0.0,0.0,0.1125132124116525,0.1110482138376928,0.1948072156799372,0.1650072742802243,0.0576172838547235,0.1176175786385112,0.0,0.0,0.0,0.0537608630134301,0.0,0.0619781736867837,0.0860923169960709,0.1796870243289255,0.0,0.0516027431468634,0.0,0.0648674485647531,0.2333320482736044,0.0
6180,1.3010299956639813,20.000000000000004,5,1,0,0,1,1,0,1,0,0,1,0,1,0.0,0.0,0.0,0.0,0.0,0.0,0.0,0.0,0.0,0.0,3.3333333333333335e-05,0.0,0.0,0.0,0.0,0.0,0.0,1.0,1,0.1766382333307339,5,1.0,0.0,1.0,0.0,1.0,0.0,0.0,0.0,0.0,0.0,0.0,0.0,0.0,0.0,0.0,0.0,0.0,0.0,0.0,0.0,0.0,1.0,0.0,0.0,0.0,0.0,0.0,0.0,0.0,0.0,0.0,0.0,0.0,0.0,0.0,1.0,0.0625,3.3333333333333335e-05,0,0,0,0,0,0,0,0,0,0,0,0,0,0,0,0,0,0,0,0,0,0,0,0,0,0,0,0,0,0,0,0,0,0,0,0,0.0,0.1810873029477678,0.2077328387511035,0.0,0.1751400411226228,0.4623449275392475,0.1761607550992447,0.0432748264426763,0.0,0.0,0.1495124320467949,0.1152981181929528,0.1239312786093442,0.1303724017484868,0.0524028919124761,0.0,0.0534258438452544,0.1298062819728499,0.0488772968515036,0.1675949745651252,0.0,0.0,0.0,0.0384030906280885,0.5525599668902142,0.0,0.0,0.0625871100826659,0.0,0.0,0.1125132124116525,0.1110482138376928,0.1948072156799372,0.1650072742802243,0.0576172838547235,0.1176175786385112,0.0,0.0,0.0,0.0537608630134301,0.0,0.0619781736867837,0.0860923169960709,0.1796870243289255,0.0,0.0516027431468634,0.0,0.0648674485647531,0.2333320482736044,0.0
6181,1.6989700043360187,49.99999999999999,5,1,0,0,1,1,0,1,0,0,1,0,1,0.0,0.0,0.0,0.0,0.0,0.0,0.0,0.0,0.0,0.0,8.333333333333333e-05,0.0,0.0,0.0,0.0,0.0,0.0,1.0,1,0.1766382333307339,5,1.0,0.0,1.0,0.0,1.0,0.0,0.0,0.0,0.0,0.0,0.0,0.0,0.0,0.0,0.0,0.0,0.0,0.0,0.0,0.0,0.0,1.0,0.0,0.0,0.0,0.0,0.0,0.0,0.0,0.0,0.0,0.0,0.0,0.0,0.0,1.0,0.0625,8.333333333333333e-05,0,0,0,0,0,0,0,0,0,0,0,0,0,0,0,0,0,0,0,0,0,0,0,0,0,0,0,0,0,0,0,0,0,0,0,0,0.0,0.1810873029477678,0.2077328387511035,0.0,0.1751400411226228,0.4623449275392475,0.1761607550992447,0.0432748264426763,0.0,0.0,0.1495124320467949,0.1152981181929528,0.1239312786093442,0.1303724017484868,0.0524028919124761,0.0,0.0534258438452544,0.1298062819728499,0.0488772968515036,0.1675949745651252,0.0,0.0,0.0,0.0384030906280885,0.5525599668902142,0.0,0.0,0.0625871100826659,0.0,0.0,0.1125132124116525,0.1110482138376928,0.1948072156799372,0.1650072742802243,0.0576172838547235,0.1176175786385112,0.0,0.0,0.0,0.0537608630134301,0.0,0.0619781736867837,0.0860923169960709,0.1796870243289255,0.0,0.0516027431468634,0.0,0.0648674485647531,0.2333320482736044,0.0
6240,-0.8538719643217619,0.14,3,1,1,0,0,1,0,0,0,0,1,0,0,0.0,7.390983000739099e-10,0.0,0.0,0.0,0.0,0.0,0.0,0.0,0.0,0.0,0.0,0.0,0.0,0.0,0.0,1.0,1.0,1,0.16094331555107,3,0.0,0.0,0.0,0.0,1.0,0.0,0.0,0.0,0.0,0.0,0.0,0.0,0.0,0.0,0.0,1.0,0.0,0.0,0.0,0.0,0.0,1.0,0.0,0.0,0.0,0.0,0.0,0.0,0.0,0.0,0.0,0.0,0.0,0.0,0.0,0.0,0.1428571428571428,7.390983000739099e-10,0,0,0,0,0,0,0,0,0,0,0,0,0,0,0,0,0,0,0,0,0,0,0,0,0,0,0,0,0,0,0,0,0,0,0,0,0.0,0.0925880576514027,0.0,0.0,0.3581891377377837,0.3223529463087813,0.2702074946758914,0.1327558164589149,0.0,0.0584306390609455,0.152888308043805,0.1768521918528957,0.0,0.0666580552736071,0.0,0.0,0.0819482376096688,0.1327372082214183,0.0,0.0642671776866526,0.0,0.0,0.0,0.4712424353803873,0.0,0.0,0.1243594519573973,0.0,0.0,0.180682486758787,0.0862902558136781,0.1703333959508232,0.3585704636472978,0.253099517888864,0.0883773568729514,0.1804099399769946,0.0,0.0,0.0,0.0,0.0,0.0950663899405872,0.0,0.091872109733581,0.0,0.0791518402396838,0.0,0.0,0.1193002534457519,0.0
6241,0.146128035678238,1.4,3,1,1,0,0,1,0,0,0,0,1,0,0,0.0,7.390983000739097e-09,0.0,0.0,0.0,0.0,0.0,0.0,0.0,0.0,0.0,0.0,0.0,0.0,0.0,0.0,1.0,1.0,1,0.16094331555107,3,0.0,0.0,0.0,0.0,1.0,0.0,0.0,0.0,0.0,0.0,0.0,0.0,0.0,0.0,0.0,1.0,0.0,0.0,0.0,0.0,0.0,1.0,0.0,0.0,0.0,0.0,0.0,0.0,0.0,0.0,0.0,0.0,0.0,0.0,0.0,0.0,0.1428571428571428,7.390983000739097e-09,0,0,0,0,0,0,0,0,0,0,0,0,0,0,0,0,0,0,0,0,0,0,0,0,0,0,0,0,0,0,0,0,0,0,0,0,0.0,0.0925880576514027,0.0,0.0,0.3581891377377837,0.3223529463087813,0.2702074946758914,0.1327558164589149,0.0,0.0584306390609455,0.152888308043805,0.1768521918528957,0.0,0.0666580552736071,0.0,0.0,0.0819482376096688,0.1327372082214183,0.0,0.0642671776866526,0.0,0.0,0.0,0.4712424353803873,0.0,0.0,0.1243594519573973,0.0,0.0,0.180682486758787,0.0862902558136781,0.1703333959508232,0.3585704636472978,0.253099517888864,0.0883773568729514,0.1804099399769946,0.0,0.0,0.0,0.0,0.0,0.0950663899405872,0.0,0.091872109733581,0.0,0.0791518402396838,0.0,0.0,0.1193002534457519,0.0
6242,1.146128035678238,13.999999999999998,3,1,1,0,0,1,0,0,0,0,1,0,0,0.0,7.390983000739098e-08,0.0,0.0,0.0,0.0,0.0,0.0,0.0,0.0,0.0,0.0,0.0,0.0,0.0,0.0,1.0,1.0,1,0.16094331555107,3,0.0,0.0,0.0,0.0,1.0,0.0,0.0,0.0,0.0,0.0,0.0,0.0,0.0,0.0,0.0,1.0,0.0,0.0,0.0,0.0,0.0,1.0,0.0,0.0,0.0,0.0,0.0,0.0,0.0,0.0,0.0,0.0,0.0,0.0,0.0,0.0,0.1428571428571428,7.390983000739098e-08,0,0,0,0,0,0,0,0,0,0,0,0,0,0,0,0,0,0,0,0,0,0,0,0,0,0,0,0,0,0,0,0,0,0,0,0,0.0,0.0925880576514027,0.0,0.0,0.3581891377377837,0.3223529463087813,0.2702074946758914,0.1327558164589149,0.0,0.0584306390609455,0.152888308043805,0.1768521918528957,0.0,0.0666580552736071,0.0,0.0,0.0819482376096688,0.1327372082214183,0.0,0.0642671776866526,0.0,0.0,0.0,0.4712424353803873,0.0,0.0,0.1243594519573973,0.0,0.0,0.180682486758787,0.0862902558136781,0.1703333959508232,0.3585704636472978,0.253099517888864,0.0883773568729514,0.1804099399769946,0.0,0.0,0.0,0.0,0.0,0.0950663899405872,0.0,0.091872109733581,0.0,0.0791518402396838,0.0,0.0,0.1193002534457519,0.0
6243,1.845098040014257,70.00000000000001,3,1,1,0,0,1,0,0,0,0,1,0,0,0.0,3.695491500369549e-07,0.0,0.0,0.0,0.0,0.0,0.0,0.0,0.0,0.0,0.0,0.0,0.0,0.0,0.0,1.0,1.0,1,0.16094331555107,3,0.0,0.0,0.0,0.0,1.0,0.0,0.0,0.0,0.0,0.0,0.0,0.0,0.0,0.0,0.0,1.0,0.0,0.0,0.0,0.0,0.0,1.0,0.0,0.0,0.0,0.0,0.0,0.0,0.0,0.0,0.0,0.0,0.0,0.0,0.0,0.0,0.1428571428571428,3.695491500369549e-07,0,0,0,0,0,0,0,0,0,0,0,0,0,0,0,0,0,0,0,0,0,0,0,0,0,0,0,0,0,0,0,0,0,0,0,0,0.0,0.0925880576514027,0.0,0.0,0.3581891377377837,0.3223529463087813,0.2702074946758914,0.1327558164589149,0.0,0.0584306390609455,0.152888308043805,0.1768521918528957,0.0,0.0666580552736071,0.0,0.0,0.0819482376096688,0.1327372082214183,0.0,0.0642671776866526,0.0,0.0,0.0,0.4712424353803873,0.0,0.0,0.1243594519573973,0.0,0.0,0.180682486758787,0.0862902558136781,0.1703333959508232,0.3585704636472978,0.253099517888864,0.0883773568729514,0.1804099399769946,0.0,0.0,0.0,0.0,0.0,0.0950663899405872,0.0,0.091872109733581,0.0,0.0791518402396838,0.0,0.0,0.1193002534457519,0.0
6244,2.146128035678238,140.00000000000006,3,1,1,0,0,1,0,0,0,0,1,0,0,0.0,7.390983000739098e-07,0.0,0.0,0.0,0.0,0.0,0.0,0.0,0.0,0.0,0.0,0.0,0.0,0.0,0.0,1.0,1.0,1,0.16094331555107,3,0.0,0.0,0.0,0.0,1.0,0.0,0.0,0.0,0.0,0.0,0.0,0.0,0.0,0.0,0.0,1.0,0.0,0.0,0.0,0.0,0.0,1.0,0.0,0.0,0.0,0.0,0.0,0.0,0.0,0.0,0.0,0.0,0.0,0.0,0.0,0.0,0.1428571428571428,7.390983000739098e-07,0,0,0,0,0,0,0,0,0,0,0,0,0,0,0,0,0,0,0,0,0,0,0,0,0,0,0,0,0,0,0,0,0,0,0,0,0.0,0.0925880576514027,0.0,0.0,0.3581891377377837,0.3223529463087813,0.2702074946758914,0.1327558164589149,0.0,0.0584306390609455,0.152888308043805,0.1768521918528957,0.0,0.0666580552736071,0.0,0.0,0.0819482376096688,0.1327372082214183,0.0,0.0642671776866526,0.0,0.0,0.0,0.4712424353803873,0.0,0.0,0.1243594519573973,0.0,0.0,0.180682486758787,0.0862902558136781,0.1703333959508232,0.3585704636472978,0.253099517888864,0.0883773568729514,0.1804099399769946,0.0,0.0,0.0,0.0,0.0,0.0950663899405872,0.0,0.091872109733581,0.0,0.0791518402396838,0.0,0.0,0.1193002534457519,0.0
6245,2.845098040014257,700.0000000000001,3,1,1,0,0,1,0,0,0,0,1,0,0,0.0,3.695491500369549e-06,0.0,0.0,0.0,0.0,0.0,0.0,0.0,0.0,0.0,0.0,0.0,0.0,0.0,0.0,1.0,1.0,1,0.16094331555107,3,0.0,0.0,0.0,0.0,1.0,0.0,0.0,0.0,0.0,0.0,0.0,0.0,0.0,0.0,0.0,1.0,0.0,0.0,0.0,0.0,0.0,1.0,0.0,0.0,0.0,0.0,0.0,0.0,0.0,0.0,0.0,0.0,0.0,0.0,0.0,0.0,0.1428571428571428,3.695491500369549e-06,0,0,0,0,0,0,0,0,0,0,0,0,0,0,0,0,0,0,0,0,0,0,0,0,0,0,0,0,0,0,0,0,0,0,0,0,0.0,0.0925880576514027,0.0,0.0,0.3581891377377837,0.3223529463087813,0.2702074946758914,0.1327558164589149,0.0,0.0584306390609455,0.152888308043805,0.1768521918528957,0.0,0.0666580552736071,0.0,0.0,0.0819482376096688,0.1327372082214183,0.0,0.0642671776866526,0.0,0.0,0.0,0.4712424353803873,0.0,0.0,0.1243594519573973,0.0,0.0,0.180682486758787,0.0862902558136781,0.1703333959508232,0.3585704636472978,0.253099517888864,0.0883773568729514,0.1804099399769946,0.0,0.0,0.0,0.0,0.0,0.0950663899405872,0.0,0.091872109733581,0.0,0.0791518402396838,0.0,0.0,0.1193002534457519,0.0
6246,3.146128035678238,1400.0000000000005,3,1,1,0,0,1,0,0,0,0,1,0,0,0.0,7.390983000739098e-06,0.0,0.0,0.0,0.0,0.0,0.0,0.0,0.0,0.0,0.0,0.0,0.0,0.0,0.0,1.0,1.0,1,0.16094331555107,3,0.0,0.0,0.0,0.0,1.0,0.0,0.0,0.0,0.0,0.0,0.0,0.0,0.0,0.0,0.0,1.0,0.0,0.0,0.0,0.0,0.0,1.0,0.0,0.0,0.0,0.0,0.0,0.0,0.0,0.0,0.0,0.0,0.0,0.0,0.0,0.0,0.1428571428571428,7.390983000739098e-06,0,0,0,0,0,0,0,0,0,0,0,0,0,0,0,0,0,0,0,0,0,0,0,0,0,0,0,0,0,0,0,0,0,0,0,0,0.0,0.0925880576514027,0.0,0.0,0.3581891377377837,0.3223529463087813,0.2702074946758914,0.1327558164589149,0.0,0.0584306390609455,0.152888308043805,0.1768521918528957,0.0,0.0666580552736071,0.0,0.0,0.0819482376096688,0.1327372082214183,0.0,0.0642671776866526,0.0,0.0,0.0,0.4712424353803873,0.0,0.0,0.1243594519573973,0.0,0.0,0.180682486758787,0.0862902558136781,0.1703333959508232,0.3585704636472978,0.253099517888864,0.0883773568729514,0.1804099399769946,0.0,0.0,0.0,0.0,0.0,0.0950663899405872,0.0,0.091872109733581,0.0,0.0791518402396838,0.0,0.0,0.1193002534457519,0.0
6326,0.1760912590556812,1.4999999999999998,2,1,0,0,0,1,0,0,0,0,1,0,0,1825.0,0.0,0.0,0.0,0.0,0.0,0.0,0.0,0.0,0.0,0.0,0.0,0.0,0.0,0.0,0.0,1.0,0.0,2,0.1754350206633393,7,1.0,1.0,0.0,1.0,1.0,0.0,0.0,0.0,0.0,0.0,0.0,0.0,0.0,0.0,0.0,0.0,0.0,1.0,0.0,0.0,0.0,1.0,1.0,0.0,0.0,0.0,0.0,0.0,0.0,0.0,0.0,0.0,0.0,0.0,0.0,0.0,0.2,0.0,0,0,0,0,0,0,0,0,0,0,0,0,0,0,0,0,0,0,0,0,0,0,0,0,0,0,0,0,0,0,0,0,0,0,0,0,0.0,0.0558655262172032,0.3845141264080065,0.0523459987777845,0.1080615857627531,0.1945004294291198,0.1630370510064601,0.0,0.0,0.0,0.0922493245671369,0.1067085865190749,0.0573492949111856,0.1608798123186057,0.0484989574256032,0.0,0.0494457010198139,0.1201359145119673,0.0,0.0387773519720765,0.060546610887928,0.0,0.0,0.0,0.0568216781158238,0.0,0.075035662264784,0.1158489341527385,0.0,0.0545098496342609,0.0520655759579505,0.1027752934723305,0.2163532548984124,0.1527144872767251,0.0533248852242036,0.1088552507449232,0.0,0.0,0.1927200747678844,0.1492672853326599,0.0,0.0573608955011951,0.0,0.0554335395421635,0.0615625986591751,0.1432752555204818,0.6641230819141138,0.0,0.0,0.205478356688141
6327,0.8750612633917001,7.500000000000001,2,1,0,0,0,1,0,0,0,0,1,0,0,1825.0,0.0,0.0,0.0,0.0,0.0,0.0,0.0,0.0,0.0,0.0,0.0,0.0,0.0,0.0,0.0,1.0,0.0,2,0.1754350206633393,7,1.0,1.0,0.0,1.0,1.0,0.0,0.0,0.0,0.0,0.0,0.0,0.0,0.0,0.0,0.0,0.0,0.0,1.0,0.0,0.0,0.0,1.0,1.0,0.0,0.0,0.0,0.0,0.0,0.0,0.0,0.0,0.0,0.0,0.0,0.0,0.0,0.2,0.0,0,0,0,0,0,0,0,0,0,0,0,0,0,0,0,0,0,0,0,0,0,0,0,0,0,0,0,0,0,0,0,0,0,0,0,0,0.0,0.0558655262172032,0.3845141264080065,0.0523459987777845,0.1080615857627531,0.1945004294291198,0.1630370510064601,0.0,0.0,0.0,0.0922493245671369,0.1067085865190749,0.0573492949111856,0.1608798123186057,0.0484989574256032,0.0,0.0494457010198139,0.1201359145119673,0.0,0.0387773519720765,0.060546610887928,0.0,0.0,0.0,0.0568216781158238,0.0,0.075035662264784,0.1158489341527385,0.0,0.0545098496342609,0.0520655759579505,0.1027752934723305,0.2163532548984124,0.1527144872767251,0.0533248852242036,0.1088552507449232,0.0,0.0,0.1927200747678844,0.1492672853326599,0.0,0.0573608955011951,0.0,0.0554335395421635,0.0615625986591751,0.1432752555204818,0.6641230819141138,0.0,0.0,0.205478356688141
6328,1.1760912590556811,14.999999999999996,2,1,0,0,0,1,0,0,0,0,1,0,0,1825.0,0.0,0.0,0.0,0.0,0.0,0.0,0.0,0.0,0.0,0.0,0.0,0.0,0.0,0.0,0.0,1.0,0.0,2,0.1754350206633393,7,1.0,1.0,0.0,1.0,1.0,0.0,0.0,0.0,0.0,0.0,0.0,0.0,0.0,0.0,0.0,0.0,0.0,1.0,0.0,0.0,0.0,1.0,1.0,0.0,0.0,0.0,0.0,0.0,0.0,0.0,0.0,0.0,0.0,0.0,0.0,0.0,0.2,0.0,0,0,0,0,0,0,0,0,0,0,0,0,0,0,0,0,0,0,0,0,0,0,0,0,0,0,0,0,0,0,0,0,0,0,0,0,0.0,0.0558655262172032,0.3845141264080065,0.0523459987777845,0.1080615857627531,0.1945004294291198,0.1630370510064601,0.0,0.0,0.0,0.0922493245671369,0.1067085865190749,0.0573492949111856,0.1608798123186057,0.0484989574256032,0.0,0.0494457010198139,0.1201359145119673,0.0,0.0387773519720765,0.060546610887928,0.0,0.0,0.0,0.0568216781158238,0.0,0.075035662264784,0.1158489341527385,0.0,0.0545098496342609,0.0520655759579505,0.1027752934723305,0.2163532548984124,0.1527144872767251,0.0533248852242036,0.1088552507449232,0.0,0.0,0.1927200747678844,0.1492672853326599,0.0,0.0573608955011951,0.0,0.0554335395421635,0.0615625986591751,0.1432752555204818,0.6641230819141138,0.0,0.0,0.205478356688141
6329,1.8750612633917,75.00000000000001,2,1,0,0,0,1,0,0,0,0,1,0,0,1825.0,0.0,0.0,0.0,0.0,0.0,0.0,0.0,0.0,0.0,0.0,0.0,0.0,0.0,0.0,0.0,1.0,0.0,2,0.1754350206633393,7,1.0,1.0,0.0,1.0,1.0,0.0,0.0,0.0,0.0,0.0,0.0,0.0,0.0,0.0,0.0,0.0,0.0,1.0,0.0,0.0,0.0,1.0,1.0,0.0,0.0,0.0,0.0,0.0,0.0,0.0,0.0,0.0,0.0,0.0,0.0,0.0,0.2,0.0,0,0,0,0,0,0,0,0,0,0,0,0,0,0,0,0,0,0,0,0,0,0,0,0,0,0,0,0,0,0,0,0,0,0,0,0,0.0,0.0558655262172032,0.3845141264080065,0.0523459987777845,0.1080615857627531,0.1945004294291198,0.1630370510064601,0.0,0.0,0.0,0.0922493245671369,0.1067085865190749,0.0573492949111856,0.1608798123186057,0.0484989574256032,0.0,0.0494457010198139,0.1201359145119673,0.0,0.0387773519720765,0.060546610887928,0.0,0.0,0.0,0.0568216781158238,0.0,0.075035662264784,0.1158489341527385,0.0,0.0545098496342609,0.0520655759579505,0.1027752934723305,0.2163532548984124,0.1527144872767251,0.0533248852242036,0.1088552507449232,0.0,0.0,0.1927200747678844,0.1492672853326599,0.0,0.0573608955011951,0.0,0.0554335395421635,0.0615625986591751,0.1432752555204818,0.6641230819141138,0.0,0.0,0.205478356688141
6330,2.1760912590556813,150.00000000000003,2,1,0,0,0,1,0,0,0,0,1,0,0,1825.0,0.0,0.0,0.0,0.0,0.0,0.0,0.0,0.0,0.0,0.0,0.0,0.0,0.0,0.0,0.0,1.0,0.0,2,0.1754350206633393,7,1.0,1.0,0.0,1.0,1.0,0.0,0.0,0.0,0.0,0.0,0.0,0.0,0.0,0.0,0.0,0.0,0.0,1.0,0.0,0.0,0.0,1.0,1.0,0.0,0.0,0.0,0.0,0.0,0.0,0.0,0.0,0.0,0.0,0.0,0.0,0.0,0.2,0.0,0,0,0,0,0,0,0,0,0,0,0,0,0,0,0,0,0,0,0,0,0,0,0,0,0,0,0,0,0,0,0,0,0,0,0,0,0.0,0.0558655262172032,0.3845141264080065,0.0523459987777845,0.1080615857627531,0.1945004294291198,0.1630370510064601,0.0,0.0,0.0,0.0922493245671369,0.1067085865190749,0.0573492949111856,0.1608798123186057,0.0484989574256032,0.0,0.0494457010198139,0.1201359145119673,0.0,0.0387773519720765,0.060546610887928,0.0,0.0,0.0,0.0568216781158238,0.0,0.075035662264784,0.1158489341527385,0.0,0.0545098496342609,0.0520655759579505,0.1027752934723305,0.2163532548984124,0.1527144872767251,0.0533248852242036,0.1088552507449232,0.0,0.0,0.1927200747678844,0.1492672853326599,0.0,0.0573608955011951,0.0,0.0554335395421635,0.0615625986591751,0.1432752555204818,0.6641230819141138,0.0,0.0,0.205478356688141
6830,2.5548524343720547,358.8000000000002,2,1,0,0,0,1,0,0,0,0,1,0,0,0.0,0.0,0.0,0.0,0.0,0.0,0.0,0.0237931034482758,0.0,0.0,0.0,0.0,0.0,0.0,1.0,0.0,0.0,1.0,249,1.0,1,0.0,0.0,0.0,1.0,0.0,0.0,0.0,0.0,0.0,0.0,0.0,0.0,0.0,0.0,0.0,0.0,0.0,0.0,0.0,0.0,0.0,0.0,0.0,0.0,0.0,0.0,0.0,0.0,0.0,0.0,0.0,0.0,0.0,0.0,0.0,0.0,1.0,0.0237931034482758,0,0,0,0,0,0,0,0,0,0,0,0,0,0,0,0,0,0,0,0,0,0,0,0,0,0,0,0,0,0,0,0,0,0,0,0,0.0,0.0,0.0,0.1156159466796019,0.0,0.0,0.0,0.0,0.0,0.1557377160511208,0.1018749593035732,0.0,0.0,0.3553332105059798,0.1071190350104567,0.0,0.0,0.088447559258439,0.0999122125053214,0.0,0.0,0.2324013367543341,0.0,0.0785014311112964,0.0,0.0,0.2485954799802862,0.0,0.123173292645919,0.2407904334992826,0.0,0.0,0.0,0.1124328533886072,0.0,0.0,0.1313517835065483,0.0,0.1418861320743952,0.1098949229165905,0.0,0.0,0.7039402278665344,0.1224353589884759,0.0,0.1054834160491902,0.0,0.1325983784530883,0.0,0.0
6831,2.9536630637470918,898.800000000001,2,1,0,0,0,1,0,0,0,0,1,0,0,0.0,0.0,0.0,0.0,0.0,0.0,0.0,2.586206896551724e-06,0.0,0.0,0.0,0.0,0.0,0.0,1.0,0.0,0.0,1.0,249,1.0,4,0.0,1.0,0.0,1.0,0.0,0.0,0.0,0.0,0.0,0.0,0.0,0.0,0.0,0.0,0.0,0.0,0.0,0.0,0.0,0.0,0.0,1.0,1.0,0.0,0.0,0.0,0.0,0.0,0.0,0.0,0.0,0.0,0.0,0.0,0.0,0.0,1.0,2.586206896551724e-06,0,0,0,0,0,0,0,0,0,0,0,0,0,0,0,0,0,0,0,0,0,0,0,0,0,0,0,0,0,0,0,0,0,0,0,0,0.124726690983344,0.0,0.0,0.0976823365016253,0.0,0.0,0.0,0.0,0.0,0.1315806722359706,0.0860727636764379,0.0,0.1070189365843729,0.4503242749251105,0.0905034117189554,0.0,0.0,0.0747281365102085,0.0844144656758547,0.0,0.0,0.1963527197781414,0.0,0.0663247884906668,0.0,0.0,0.3500582175385686,0.0,0.1040674350364041,0.2034405532018098,0.0,0.0,0.0672891018150362,0.0949929843932291,0.0,0.0,0.1109773304207958,0.0,0.1198776578512452,0.0928487215514234,0.0,0.0,0.5947494977145863,0.1034439649536655,0.0,0.2673644986987558,0.0,0.1120305614892279,0.0,0.0
6832,3.13950127473591,1378.8000000000004,2,1,0,0,0,1,0,0,0,0,1,0,0,0.0,0.0,0.0,0.0,0.0,0.0,0.0,6.0344827586206896e-06,0.0,0.0,0.0,0.0,0.0,0.0,1.0,0.0,0.0,1.0,249,1.0,4,0.0,1.0,0.0,1.0,0.0,0.0,0.0,0.0,0.0,0.0,0.0,0.0,0.0,0.0,0.0,0.0,0.0,0.0,0.0,0.0,0.0,1.0,1.0,0.0,0.0,0.0,0.0,0.0,0.0,0.0,0.0,0.0,0.0,0.0,0.0,0.0,1.0,6.0344827586206896e-06,0,0,0,0,0,0,0,0,0,0,0,0,0,0,0,0,0,0,0,0,0,0,0,0,0,0,0,0,0,0,0,0,0,0,0,0,0.116638133876926,0.0,0.0,0.091347612547574,0.0,0.0,0.0,0.0698917948232009,0.0,0.1845714490965435,0.0804909234238406,0.0,0.1000787317797218,0.421120633062885,0.0846342428326247,0.0,0.0,0.0698819981668146,0.0789401664633622,0.0676693272890506,0.0,0.1836191967895608,0.0,0.0620236093681525,0.0991580017197051,0.0,0.3273568545760112,0.0,0.0973186358453567,0.2853710736643851,0.0,0.0,0.1887761601967388,0.0888326655960575,0.0,0.0,0.1037804227857949,0.1017512541716482,0.1121035617562648,0.0868274587358574,0.0,0.0,0.556179844031396,0.0967355979534237,0.0,0.2500258440859872,0.0,0.1047653515560091,0.0,0.0
6833,1.9768083373380665,94.80000000000005,3,1,0,0,1,1,0,0,0,0,1,0,0,0.0,0.0,0.0,0.0,0.0,0.0,0.0,8.620689655172414e-06,0.0,0.0,0.0,0.0,0.0,0.0,1.0,0.0,0.0,1.0,249,1.0,4,0.0,0.0,1.0,0.0,0.0,0.0,0.0,0.0,0.0,0.0,0.0,0.0,0.0,0.0,0.0,0.0,0.0,1.0,1.0,0.0,0.0,0.0,0.0,1.0,0.0,0.0,0.0,0.0,0.0,0.0,0.0,0.0,0.0,0.0,0.0,0.0,1.0,8.620689655172414e-06,0,0,0,0,0,0,0,0,0,0,0,0,0,0,0,0,0,0,0,0,0,0,0,0,0,0,0,0,0,0,0,0,0,0,0,0,0.2559249206902634,0.0,0.0,0.3006494924012275,0.0,0.0,0.0,0.0,0.0,0.0,0.4415286945363162,0.0510734394237147,0.0,0.0385005818978031,0.1392769960689389,0.0,0.0,0.0383333997296942,0.0,0.0,0.0579582911623151,0.0,0.0,0.1360908888101516,0.0543925963199518,0.0,0.0359139735265232,0.0,0.0533836219179572,0.0,0.0,0.0,0.0,0.0,0.0,0.0,0.0,0.0,0.0,0.0,0.0,0.0,0.7627237644221727,0.0,0.0,0.0457167838905792,0.0577938495869061,0.0574684783544949,0.0689058383021185,0.0
6834,2.475380593143361,298.7999999999999,2,1,0,0,0,1,0,0,0,0,1,0,0,0.0,0.0,0.0,0.0,0.0,0.0,0.0,4.310344827586207e-05,0.0,0.0,0.0,0.0,0.0,0.0,1.0,0.0,0.0,1.0,249,1.0,4,0.0,0.0,1.0,0.0,0.0,0.0,0.0,0.0,0.0,0.0,0.0,0.0,0.0,0.0,0.0,0.0,0.0,1.0,1.0,0.0,0.0,0.0,0.0,1.0,0.0,0.0,0.0,0.0,0.0,0.0,0.0,0.0,0.0,0.0,0.0,0.0,1.0,4.310344827586207e-05,0,0,0,0,0,0,0,0,0,0,0,0,0,0,0,0,0,0,0,0,0,0,0,0,0,0,0,0,0,0,0,0,0,0,0,0,0.2559249206902634,0.0,0.0,0.3006494924012275,0.0,0.0,0.0,0.0,0.0,0.0,0.4415286945363162,0.0510734394237147,0.0,0.0385005818978031,0.1392769960689389,0.0,0.0,0.0383333997296942,0.0,0.0,0.0579582911623151,0.0,0.0,0.1360908888101516,0.0543925963199518,0.0,0.0359139735265232,0.0,0.0533836219179572,0.0,0.0,0.0,0.0,0.0,0.0,0.0,0.0,0.0,0.0,0.0,0.0,0.0,0.7627237644221727,0.0,0.0,0.0457167838905792,0.0577938495869061,0.0574684783544949,0.0689058383021185,0.0
6835,2.923658421793306,838.7999999999998,3,1,0,0,1,1,0,0,0,0,1,0,0,0.0,0.0,0.0,0.0,0.0,0.0,0.0,0.0001724137931034,0.0,0.0,0.0,0.0,0.0,0.0,1.0,0.0,0.0,1.0,249,1.0,4,0.0,0.0,1.0,0.0,0.0,0.0,0.0,0.0,0.0,0.0,0.0,0.0,0.0,0.0,0.0,0.0,0.0,1.0,1.0,0.0,0.0,0.0,0.0,1.0,0.0,0.0,0.0,0.0,0.0,0.0,0.0,0.0,0.0,0.0,0.0,0.0,1.0,0.0001724137931034,0,0,0,0,0,0,0,0,0,0,0,0,0,0,0,0,0,0,0,0,0,0,0,0,0,0,0,0,0,0,0,0,0,0,0,0,0.2559249206902634,0.0,0.0,0.3006494924012275,0.0,0.0,0.0,0.0,0.0,0.0,0.4415286945363162,0.0510734394237147,0.0,0.0385005818978031,0.1392769960689389,0.0,0.0,0.0383333997296942,0.0,0.0,0.0579582911623151,0.0,0.0,0.1360908888101516,0.0543925963199518,0.0,0.0359139735265232,0.0,0.0533836219179572,0.0,0.0,0.0,0.0,0.0,0.0,0.0,0.0,0.0,0.0,0.0,0.0,0.0,0.7627237644221727,0.0,0.0,0.0457167838905792,0.0577938495869061,0.0574684783544949,0.0689058383021185,0.0
6836,3.078746734273607,1198.7999999999997,2,1,0,0,0,1,0,0,0,0,1,0,0,0.0,0.0,0.0,0.0,0.0,0.0,0.0,0.0003448275862068,0.0,0.0,0.0,0.0,0.0,0.0,1.0,0.0,0.0,1.0,249,1.0,4,0.0,0.0,1.0,0.0,0.0,0.0,0.0,0.0,0.0,0.0,0.0,0.0,0.0,0.0,0.0,0.0,0.0,1.0,1.0,0.0,0.0,0.0,0.0,1.0,0.0,0.0,0.0,0.0,0.0,0.0,0.0,0.0,0.0,0.0,0.0,0.0,1.0,0.0003448275862068,0,0,0,0,0,0,0,0,0,0,0,0,0,0,0,0,0,0,0,0,0,0,0,0,0,0,0,0,0,0,0,0,0,0,0,0,0.2559249206902634,0.0,0.0,0.3006494924012275,0.0,0.0,0.0,0.0,0.0,0.0,0.4415286945363162,0.0510734394237147,0.0,0.0385005818978031,0.1392769960689389,0.0,0.0,0.0383333997296942,0.0,0.0,0.0579582911623151,0.0,0.0,0.1360908888101516,0.0543925963199518,0.0,0.0359139735265232,0.0,0.0533836219179572,0.0,0.0,0.0,0.0,0.0,0.0,0.0,0.0,0.0,0.0,0.0,0.0,0.0,0.7627237644221727,0.0,0.0,0.0457167838905792,0.0577938495869061,0.0574684783544949,0.0689058383021185,0.0
6837,2.818753590497717,658.8000000000004,2,1,0,0,0,1,0,0,0,0,1,0,0,0.0,0.0,0.0,0.0,0.0,0.0,0.0,0.0237931034482758,0.0,0.0,0.0,0.0,0.0,0.0,0.0,0.0,0.0,1.0,249,1.0,1,0.0,0.0,0.0,1.0,0.0,0.0,0.0,0.0,0.0,0.0,0.0,0.0,0.0,0.0,0.0,0.0,0.0,0.0,0.0,0.0,0.0,0.0,0.0,0.0,0.0,0.0,0.0,0.0,0.0,0.0,0.0,0.0,0.0,0.0,0.0,0.0,1.0,0.0237931034482758,0,0,0,0,0,0,0,0,0,0,0,0,0,0,0,0,0,0,0,0,0,0,0,0,0,0,0,0,0,0,0,0,0,0,0,0,0.0,0.0,0.0,0.1146015151611746,0.0,0.0,0.0,0.0,0.0,0.1543712501585917,0.1009810932528766,0.0,0.0,0.352215464047698,0.1061791566592526,0.0,0.0,0.0876715072135738,0.0990355678870657,0.0,0.0,0.2303622128471316,0.0,0.0778126478746583,0.0,0.0,0.2464142662509257,0.0,0.1220925518495412,0.2386777024090433,0.0,0.0,0.0,0.111446350804321,0.0,0.0,0.1301992834144984,0.0,0.1406412020406268,0.1089306885118794,0.0,0.0,0.6977637515694054,0.1213610929318042,0.0,0.1045578888621127,0.132179090210819,0.1314349405514991,0.0,0.0
6838,3.078746734273607,1198.7999999999997,2,1,0,0,0,1,0,0,0,0,1,0,0,0.0,0.0,0.0,0.0,0.0,0.0,0.0,2.586206896551724e-06,0.0,0.0,0.0,0.0,0.0,0.0,0.0,0.0,0.0,1.0,249,1.0,4,0.0,1.0,0.0,1.0,0.0,0.0,0.0,0.0,0.0,0.0,0.0,0.0,0.0,0.0,0.0,0.0,0.0,0.0,0.0,0.0,0.0,1.0,1.0,0.0,0.0,0.0,0.0,0.0,0.0,0.0,0.0,0.0,0.0,0.0,0.0,0.0,1.0,2.586206896551724e-06,0,0,0,0,0,0,0,0,0,0,0,0,0,0,0,0,0,0,0,0,0,0,0,0,0,0,0,0,0,0,0,0,0,0,0,0,0.1239425473024168,0.0,0.0,0.0970682178530661,0.0,0.0,0.0,0.0,0.0,0.1307534382906736,0.0855316331998358,0.0,0.1063461197061203,0.4474931332362976,0.0899344262208054,0.0,0.0,0.0742583285198741,0.0838837607456052,0.0,0.0,0.1951182707341316,0.0,0.0659078114717645,0.0,0.0,0.3478574380816987,0.0,0.1034131739401565,0.2021615436892522,0.0,0.0,0.0668660622589673,0.0943957734205247,0.0,0.0,0.1102796275338712,0.0,0.119123999535232,0.0922649913352787,0.0,0.0,0.5910103697325108,0.1027936235487188,0.0,0.2656836060164759,0.1119565365794624,0.1113262370485656,0.0,0.0
6839,3.224998960539452,1678.7999999999975,2,1,0,0,0,1,0,0,0,0,1,0,0,0.0,0.0,0.0,0.0,0.0,0.0,0.0,6.0344827586206896e-06,0.0,0.0,0.0,0.0,0.0,0.0,0.0,0.0,0.0,1.0,249,1.0,4,0.0,1.0,0.0,1.0,0.0,0.0,0.0,0.0,0.0,0.0,0.0,0.0,0.0,0.0,0.0,0.0,0.0,0.0,0.0,0.0,0.0,1.0,1.0,0.0,0.0,0.0,0.0,0.0,0.0,0.0,0.0,0.0,0.0,0.0,0.0,0.0,1.0,6.0344827586206896e-06,0,0,0,0,0,0,0,0,0,0,0,0,0,0,0,0,0,0,0,0,0,0,0,0,0,0,0,0,0,0,0,0,0,0,0,0,0.1159961082012868,0.0,0.0,0.0908447966098143,0.0,0.0,0.0,0.069507080790993,0.0,0.1835554896896917,0.0800478672999443,0.0,0.0995278560647881,0.4188026067881072,0.084168380124343,0.0,0.0,0.0694973380595516,0.078505646362396,0.0672968466591853,0.0,0.1826084789826082,0.0,0.0616822051602269,0.0986121940928762,0.0,0.3255549438393731,0.0,0.0967829528671224,0.2838002704434543,0.0,0.0,0.1877370562796377,0.0883436929911947,0.0,0.0,0.1032091713961981,0.1011911721852919,0.1114864962856009,0.0863495236385955,0.0,0.0,0.5531183946728363,0.0962031242626157,0.0,0.2486495959744911,0.1047785672762223,0.1041886787014238,0.0,0.0
6840,2.596377143997599,394.8,3,1,0,0,1,1,0,0,0,0,1,0,0,0.0,0.0,0.0,0.0,0.0,0.0,0.0,8.620689655172414e-06,0.0,0.0,0.0,0.0,0.0,0.0,0.0,0.0,0.0,1.0,249,1.0,4,0.0,0.0,1.0,0.0,0.0,0.0,0.0,0.0,0.0,0.0,0.0,0.0,0.0,0.0,0.0,0.0,0.0,1.0,1.0,0.0,0.0,0.0,0.0,1.0,0.0,0.0,0.0,0.0,0.0,0.0,0.0,0.0,0.0,0.0,0.0,0.0,1.0,8.620689655172414e-06,0,0,0,0,0,0,0,0,0,0,0,0,0,0,0,0,0,0,0,0,0,0,0,0,0,0,0,0,0,0,0,0,0,0,0,0,0.2546522438857045,0.0,0.0,0.2991544069118995,0.0,0.0,0.0,0.0,0.0,0.0,0.4393330375968984,0.0508194587581809,0.0,0.0383091241944611,0.1385843921528079,0.0,0.0,0.0381427733985644,0.0,0.0,0.0576700731466752,0.0,0.0,0.1354141289345078,0.0541221099777486,0.0,0.0357353786443074,0.0,0.0531181530563274,0.0,0.0,0.0,0.0,0.0,0.0,0.0,0.0,0.0,0.0,0.0,0.0,0.0,0.7589308518732585,0.0,0.0,0.045489441081291,0.115012898629832,0.0571826961055533,0.0685631797526139,0.0
6841,2.777281791671015,598.8000000000002,3,1,0,0,1,1,0,0,0,0,1,0,0,0.0,0.0,0.0,0.0,0.0,0.0,0.0,4.310344827586207e-05,0.0,0.0,0.0,0.0,0.0,0.0,0.0,0.0,0.0,1.0,249,1.0,4,0.0,0.0,1.0,0.0,0.0,0.0,0.0,0.0,0.0,0.0,0.0,0.0,0.0,0.0,0.0,0.0,0.0,1.0,1.0,0.0,0.0,0.0,0.0,1.0,0.0,0.0,0.0,0.0,0.0,0.0,0.0,0.0,0.0,0.0,0.0,0.0,1.0,4.310344827586207e-05,0,0,0,0,0,0,0,0,0,0,0,0,0,0,0,0,0,0,0,0,0,0,0,0,0,0,0,0,0,0,0,0,0,0,0,0,0.2546522438857045,0.0,0.0,0.2991544069118995,0.0,0.0,0.0,0.0,0.0,0.0,0.4393330375968984,0.0508194587581809,0.0,0.0383091241944611,0.1385843921528079,0.0,0.0,0.0381427733985644,0.0,0.0,0.0576700731466752,0.0,0.0,0.1354141289345078,0.0541221099777486,0.0,0.0357353786443074,0.0,0.0531181530563274,0.0,0.0,0.0,0.0,0.0,0.0,0.0,0.0,0.0,0.0,0.0,0.0,0.0,0.7589308518732585,0.0,0.0,0.045489441081291,0.115012898629832,0.0571826961055533,0.0685631797526139,0.0
6842,3.056447458474917,1138.7999999999988,3,1,0,0,1,1,0,0,0,0,1,0,0,0.0,0.0,0.0,0.0,0.0,0.0,0.0,0.0001724137931034,0.0,0.0,0.0,0.0,0.0,0.0,0.0,0.0,0.0,1.0,249,1.0,4,0.0,0.0,1.0,0.0,0.0,0.0,0.0,0.0,0.0,0.0,0.0,0.0,0.0,0.0,0.0,0.0,0.0,1.0,1.0,0.0,0.0,0.0,0.0,1.0,0.0,0.0,0.0,0.0,0.0,0.0,0.0,0.0,0.0,0.0,0.0,0.0,1.0,0.0001724137931034,0,0,0,0,0,0,0,0,0,0,0,0,0,0,0,0,0,0,0,0,0,0,0,0,0,0,0,0,0,0,0,0,0,0,0,0,0.2546522438857045,0.0,0.0,0.2991544069118995,0.0,0.0,0.0,0.0,0.0,0.0,0.4393330375968984,0.0508194587581809,0.0,0.0383091241944611,0.1385843921528079,0.0,0.0,0.0381427733985644,0.0,0.0,0.0576700731466752,0.0,0.0,0.1354141289345078,0.0541221099777486,0.0,0.0357353786443074,0.0,0.0531181530563274,0.0,0.0,0.0,0.0,0.0,0.0,0.0,0.0,0.0,0.0,0.0,0.0,0.0,0.7589308518732585,0.0,0.0,0.045489441081291,0.115012898629832,0.0571826961055533,0.0685631797526139,0.0
6843,3.1757436844217604,1498.8000000000002,3,1,0,0,1,1,0,0,0,0,1,0,0,0.0,0.0,0.0,0.0,0.0,0.0,0.0,0.0003448275862068,0.0,0.0,0.0,0.0,0.0,0.0,0.0,0.0,0.0,1.0,249,1.0,4,0.0,0.0,1.0,0.0,0.0,0.0,0.0,0.0,0.0,0.0,0.0,0.0,0.0,0.0,0.0,0.0,0.0,1.0,1.0,0.0,0.0,0.0,0.0,1.0,0.0,0.0,0.0,0.0,0.0,0.0,0.0,0.0,0.0,0.0,0.0,0.0,1.0,0.0003448275862068,0,0,0,0,0,0,0,0,0,0,0,0,0,0,0,0,0,0,0,0,0,0,0,0,0,0,0,0,0,0,0,0,0,0,0,0,0.2546522438857045,0.0,0.0,0.2991544069118995,0.0,0.0,0.0,0.0,0.0,0.0,0.4393330375968984,0.0508194587581809,0.0,0.0383091241944611,0.1385843921528079,0.0,0.0,0.0381427733985644,0.0,0.0,0.0576700731466752,0.0,0.0,0.1354141289345078,0.0541221099777486,0.0,0.0357353786443074,0.0,0.0531181530563274,0.0,0.0,0.0,0.0,0.0,0.0,0.0,0.0,0.0,0.0,0.0,0.0,0.0,0.7589308518732585,0.0,0.0,0.045489441081291,0.115012898629832,0.0571826961055533,0.0685631797526139,0.0
6844,2.9536630637470918,898.800000000001,2,1,0,0,0,1,0,0,0,0,1,0,0,0.0,0.0,0.0,0.0,0.0,0.0,0.0,0.0237931034482758,0.0,0.0,0.0,0.0,0.0,0.0,1.0,1.0,0.0,1.0,249,1.0,1,0.0,0.0,0.0,1.0,0.0,0.0,0.0,0.0,0.0,0.0,0.0,0.0,0.0,0.0,0.0,0.0,0.0,0.0,0.0,0.0,0.0,0.0,0.0,0.0,0.0,0.0,0.0,0.0,0.0,0.0,0.0,0.0,0.0,0.0,0.0,0.0,1.0,0.0237931034482758,0,0,0,0,0,0,0,0,0,0,0,0,0,0,0,0,0,0,0,0,0,0,0,0,0,0,0,0,0,0,0,0,0,0,0,0,0.0,0.0,0.0,0.1156159466796019,0.0,0.0,0.0,0.0,0.0,0.1557377160511208,0.1018749593035732,0.0,0.0,0.3553332105059798,0.1071190350104567,0.0,0.0,0.088447559258439,0.0999122125053214,0.0,0.0,0.2324013367543341,0.0,0.0785014311112964,0.0,0.0,0.2485954799802862,0.0,0.123173292645919,0.2407904334992826,0.0,0.0,0.0,0.1124328533886072,0.0,0.0,0.1313517835065483,0.0,0.1418861320743952,0.1098949229165905,0.0,0.0,0.7039402278665344,0.1224353589884759,0.0,0.1054834160491902,0.0,0.1325983784530883,0.0,0.0
6845,3.1580004291464734,1438.7999999999995,2,1,0,0,0,1,0,0,0,0,1,0,0,0.0,0.0,0.0,0.0,0.0,0.0,0.0,2.586206896551724e-06,0.0,0.0,0.0,0.0,0.0,0.0,1.0,1.0,0.0,1.0,249,1.0,4,0.0,1.0,0.0,1.0,0.0,0.0,0.0,0.0,0.0,0.0,0.0,0.0,0.0,0.0,0.0,0.0,0.0,0.0,0.0,0.0,0.0,1.0,1.0,0.0,0.0,0.0,0.0,0.0,0.0,0.0,0.0,0.0,0.0,0.0,0.0,0.0,1.0,2.586206896551724e-06,0,0,0,0,0,0,0,0,0,0,0,0,0,0,0,0,0,0,0,0,0,0,0,0,0,0,0,0,0,0,0,0,0,0,0,0,0.124726690983344,0.0,0.0,0.0976823365016253,0.0,0.0,0.0,0.0,0.0,0.1315806722359706,0.0860727636764379,0.0,0.1070189365843729,0.4503242749251105,0.0905034117189554,0.0,0.0,0.0747281365102085,0.0844144656758547,0.0,0.0,0.1963527197781414,0.0,0.0663247884906668,0.0,0.0,0.3500582175385686,0.0,0.1040674350364041,0.2034405532018098,0.0,0.0,0.0672891018150362,0.0949929843932291,0.0,0.0,0.1109773304207958,0.0,0.1198776578512452,0.0928487215514234,0.0,0.0,0.5947494977145863,0.1034439649536655,0.0,0.2673644986987558,0.0,0.1120305614892279,0.0,0.0
6846,3.28302970979386,1918.8000000000025,2,1,0,0,0,1,0,0,0,0,1,0,0,0.0,0.0,0.0,0.0,0.0,0.0,0.0,6.0344827586206896e-06,0.0,0.0,0.0,0.0,0.0,0.0,1.0,1.0,0.0,1.0,249,1.0,4,0.0,1.0,0.0,1.0,0.0,0.0,0.0,0.0,0.0,0.0,0.0,0.0,0.0,0.0,0.0,0.0,0.0,0.0,0.0,0.0,0.0,1.0,1.0,0.0,0.0,0.0,0.0,0.0,0.0,0.0,0.0,0.0,0.0,0.0,0.0,0.0,1.0,6.0344827586206896e-06,0,0,0,0,0,0,0,0,0,0,0,0,0,0,0,0,0,0,0,0,0,0,0,0,0,0,0,0,0,0,0,0,0,0,0,0,0.116638133876926,0.0,0.0,0.091347612547574,0.0,0.0,0.0,0.0698917948232009,0.0,0.1845714490965435,0.0804909234238406,0.0,0.1000787317797218,0.421120633062885,0.0846342428326247,0.0,0.0,0.0698819981668146,0.0789401664633622,0.0676693272890506,0.0,0.1836191967895608,0.0,0.0620236093681525,0.0991580017197051,0.0,0.3273568545760112,0.0,0.0973186358453567,0.2853710736643851,0.0,0.0,0.1887761601967388,0.0888326655960575,0.0,0.0,0.1037804227857949,0.1017512541716482,0.1121035617562648,0.0868274587358574,0.0,0.0,0.556179844031396,0.0967355979534237,0.0,0.2500258440859872,0.0,0.1047653515560091,0.0,0.0
6847,2.8026369180828103,634.7999999999996,3,1,0,0,1,1,0,0,0,0,1,0,0,0.0,0.0,0.0,0.0,0.0,0.0,0.0,8.620689655172414e-06,0.0,0.0,0.0,0.0,0.0,0.0,1.0,1.0,0.0,1.0,249,1.0,4,0.0,0.0,1.0,0.0,0.0,0.0,0.0,0.0,0.0,0.0,0.0,0.0,0.0,0.0,0.0,0.0,0.0,1.0,1.0,0.0,0.0,0.0,0.0,1.0,0.0,0.0,0.0,0.0,0.0,0.0,0.0,0.0,0.0,0.0,0.0,0.0,1.0,8.620689655172414e-06,0,0,0,0,0,0,0,0,0,0,0,0,0,0,0,0,0,0,0,0,0,0,0,0,0,0,0,0,0,0,0,0,0,0,0,0,0.2559249206902634,0.0,0.0,0.3006494924012275,0.0,0.0,0.0,0.0,0.0,0.0,0.4415286945363162,0.0510734394237147,0.0,0.0385005818978031,0.1392769960689389,0.0,0.0,0.0383333997296942,0.0,0.0,0.0579582911623151,0.0,0.0,0.1360908888101516,0.0543925963199518,0.0,0.0359139735265232,0.0,0.0533836219179572,0.0,0.0,0.0,0.0,0.0,0.0,0.0,0.0,0.0,0.0,0.0,0.0,0.0,0.7627237644221727,0.0,0.0,0.0457167838905792,0.0577938495869061,0.0574684783544949,0.0689058383021185,0.0
6848,2.923658421793306,838.7999999999998,2,1,0,0,0,1,0,0,0,0,1,0,0,0.0,0.0,0.0,0.0,0.0,0.0,0.0,4.310344827586207e-05,0.0,0.0,0.0,0.0,0.0,0.0,1.0,1.0,0.0,1.0,249,1.0,4,0.0,0.0,1.0,0.0,0.0,0.0,0.0,0.0,0.0,0.0,0.0,0.0,0.0,0.0,0.0,0.0,0.0,1.0,1.0,0.0,0.0,0.0,0.0,1.0,0.0,0.0,0.0,0.0,0.0,0.0,0.0,0.0,0.0,0.0,0.0,0.0,1.0,4.310344827586207e-05,0,0,0,0,0,0,0,0,0,0,0,0,0,0,0,0,0,0,0,0,0,0,0,0,0,0,0,0,0,0,0,0,0,0,0,0,0.2559249206902634,0.0,0.0,0.3006494924012275,0.0,0.0,0.0,0.0,0.0,0.0,0.4415286945363162,0.0510734394237147,0.0,0.0385005818978031,0.1392769960689389,0.0,0.0,0.0383333997296942,0.0,0.0,0.0579582911623151,0.0,0.0,0.1360908888101516,0.0543925963199518,0.0,0.0359139735265232,0.0,0.0533836219179572,0.0,0.0,0.0,0.0,0.0,0.0,0.0,0.0,0.0,0.0,0.0,0.0,0.0,0.7627237644221727,0.0,0.0,0.0457167838905792,0.0577938495869061,0.0574684783544949,0.0689058383021185,0.0
6849,3.13950127473591,1378.8000000000004,3,1,0,0,1,1,0,0,0,0,1,0,0,0.0,0.0,0.0,0.0,0.0,0.0,0.0,0.0001724137931034,0.0,0.0,0.0,0.0,0.0,0.0,1.0,1.0,0.0,1.0,249,1.0,4,0.0,0.0,1.0,0.0,0.0,0.0,0.0,0.0,0.0,0.0,0.0,0.0,0.0,0.0,0.0,0.0,0.0,1.0,1.0,0.0,0.0,0.0,0.0,1.0,0.0,0.0,0.0,0.0,0.0,0.0,0.0,0.0,0.0,0.0,0.0,0.0,1.0,0.0001724137931034,0,0,0,0,0,0,0,0,0,0,0,0,0,0,0,0,0,0,0,0,0,0,0,0,0,0,0,0,0,0,0,0,0,0,0,0,0.2559249206902634,0.0,0.0,0.3006494924012275,0.0,0.0,0.0,0.0,0.0,0.0,0.4415286945363162,0.0510734394237147,0.0,0.0385005818978031,0.1392769960689389,0.0,0.0,0.0383333997296942,0.0,0.0,0.0579582911623151,0.0,0.0,0.1360908888101516,0.0543925963199518,0.0,0.0359139735265232,0.0,0.0533836219179572,0.0,0.0,0.0,0.0,0.0,0.0,0.0,0.0,0.0,0.0,0.0,0.0,0.0,0.7627237644221727,0.0,0.0,0.0457167838905792,0.0577938495869061,0.0574684783544949,0.0689058383021185,0.0
6850,3.2402496315187994,1738.8,3,1,0,0,1,1,0,0,0,0,1,0,0,0.0,0.0,0.0,0.0,0.0,0.0,0.0,0.0003448275862068,0.0,0.0,0.0,0.0,0.0,0.0,1.0,1.0,0.0,1.0,249,1.0,4,0.0,0.0,1.0,0.0,0.0,0.0,0.0,0.0,0.0,0.0,0.0,0.0,0.0,0.0,0.0,0.0,0.0,1.0,1.0,0.0,0.0,0.0,0.0,1.0,0.0,0.0,0.0,0.0,0.0,0.0,0.0,0.0,0.0,0.0,0.0,0.0,1.0,0.0003448275862068,0,0,0,0,0,0,0,0,0,0,0,0,0,0,0,0,0,0,0,0,0,0,0,0,0,0,0,0,0,0,0,0,0,0,0,0,0.2559249206902634,0.0,0.0,0.3006494924012275,0.0,0.0,0.0,0.0,0.0,0.0,0.4415286945363162,0.0510734394237147,0.0,0.0385005818978031,0.1392769960689389,0.0,0.0,0.0383333997296942,0.0,0.0,0.0579582911623151,0.0,0.0,0.1360908888101516,0.0543925963199518,0.0,0.0359139735265232,0.0,0.0533836219179572,0.0,0.0,0.0,0.0,0.0,0.0,0.0,0.0,0.0,0.0,0.0,0.0,0.0,0.7627237644221727,0.0,0.0,0.0457167838905792,0.0577938495869061,0.0574684783544949,0.0689058383021185,0.0
6851,3.078746734273607,1198.7999999999997,2,1,0,0,0,1,0,0,0,0,1,0,0,0.0,0.0,0.0,0.0,0.0,0.0,0.0,0.0237931034482758,0.0,0.0,0.0,0.0,0.0,0.0,0.0,1.0,0.0,1.0,249,1.0,1,0.0,0.0,0.0,1.0,0.0,0.0,0.0,0.0,0.0,0.0,0.0,0.0,0.0,0.0,0.0,0.0,0.0,0.0,0.0,0.0,0.0,0.0,0.0,0.0,0.0,0.0,0.0,0.0,0.0,0.0,0.0,0.0,0.0,0.0,0.0,0.0,1.0,0.0237931034482758,0,0,0,0,0,0,0,0,0,0,0,0,0,0,0,0,0,0,0,0,0,0,0,0,0,0,0,0,0,0,0,0,0,0,0,0,0.0,0.0,0.0,0.1156159466796019,0.0,0.0,0.0,0.0,0.0,0.1557377160511208,0.1018749593035732,0.0,0.0,0.3553332105059798,0.1071190350104567,0.0,0.0,0.088447559258439,0.0999122125053214,0.0,0.0,0.2324013367543341,0.0,0.0785014311112964,0.0,0.0,0.2485954799802862,0.0,0.123173292645919,0.2407904334992826,0.0,0.0,0.0,0.1124328533886072,0.0,0.0,0.1313517835065483,0.0,0.1418861320743952,0.1098949229165905,0.0,0.0,0.7039402278665344,0.1224353589884759,0.0,0.1054834160491902,0.0,0.1325983784530883,0.0,0.0
6852,3.2402496315187994,1738.8,2,1,0,0,0,1,0,0,0,0,1,0,0,0.0,0.0,0.0,0.0,0.0,0.0,0.0,2.586206896551724e-06,0.0,0.0,0.0,0.0,0.0,0.0,0.0,1.0,0.0,1.0,249,1.0,4,0.0,1.0,0.0,1.0,0.0,0.0,0.0,0.0,0.0,0.0,0.0,0.0,0.0,0.0,0.0,0.0,0.0,0.0,0.0,0.0,0.0,1.0,1.0,0.0,0.0,0.0,0.0,0.0,0.0,0.0,0.0,0.0,0.0,0.0,0.0,0.0,1.0,2.586206896551724e-06,0,0,0,0,0,0,0,0,0,0,0,0,0,0,0,0,0,0,0,0,0,0,0,0,0,0,0,0,0,0,0,0,0,0,0,0,0.124726690983344,0.0,0.0,0.0976823365016253,0.0,0.0,0.0,0.0,0.0,0.1315806722359706,0.0860727636764379,0.0,0.1070189365843729,0.4503242749251105,0.0905034117189554,0.0,0.0,0.0747281365102085,0.0844144656758547,0.0,0.0,0.1963527197781414,0.0,0.0663247884906668,0.0,0.0,0.3500582175385686,0.0,0.1040674350364041,0.2034405532018098,0.0,0.0,0.0672891018150362,0.0949929843932291,0.0,0.0,0.1109773304207958,0.0,0.1198776578512452,0.0928487215514234,0.0,0.0,0.5947494977145863,0.1034439649536655,0.0,0.2673644986987558,0.0,0.1120305614892279,0.0,0.0
6853,3.346118157206798,2218.8,3,1,0,0,1,1,0,0,0,0,1,0,0,0.0,0.0,0.0,0.0,0.0,0.0,0.0,6.0344827586206896e-06,0.0,0.0,0.0,0.0,0.0,0.0,0.0,1.0,0.0,1.0,249,1.0,4,0.0,1.0,0.0,1.0,0.0,0.0,0.0,0.0,0.0,0.0,0.0,0.0,0.0,0.0,0.0,0.0,0.0,0.0,0.0,0.0,0.0,1.0,1.0,0.0,0.0,0.0,0.0,0.0,0.0,0.0,0.0,0.0,0.0,0.0,0.0,0.0,1.0,6.0344827586206896e-06,0,0,0,0,0,0,0,0,0,0,0,0,0,0,0,0,0,0,0,0,0,0,0,0,0,0,0,0,0,0,0,0,0,0,0,0,0.116638133876926,0.0,0.0,0.091347612547574,0.0,0.0,0.0,0.0698917948232009,0.0,0.1845714490965435,0.0804909234238406,0.0,0.1000787317797218,0.421120633062885,0.0846342428326247,0.0,0.0,0.0698819981668146,0.0789401664633622,0.0676693272890506,0.0,0.1836191967895608,0.0,0.0620236093681525,0.0991580017197051,0.0,0.3273568545760112,0.0,0.0973186358453567,0.2853710736643851,0.0,0.0,0.1887761601967388,0.0888326655960575,0.0,0.0,0.1037804227857949,0.1017512541716482,0.1121035617562648,0.0868274587358574,0.0,0.0,0.556179844031396,0.0967355979534237,0.0,0.2500258440859872,0.0,0.1047653515560091,0.0,0.0
6854,2.970718703720189,934.7999999999994,3,1,0,0,1,1,0,0,0,0,1,0,0,0.0,0.0,0.0,0.0,0.0,0.0,0.0,8.620689655172414e-06,0.0,0.0,0.0,0.0,0.0,0.0,0.0,1.0,0.0,1.0,249,1.0,4,0.0,0.0,1.0,0.0,0.0,0.0,0.0,0.0,0.0,0.0,0.0,0.0,0.0,0.0,0.0,0.0,0.0,1.0,1.0,0.0,0.0,0.0,0.0,1.0,0.0,0.0,0.0,0.0,0.0,0.0,0.0,0.0,0.0,0.0,0.0,0.0,1.0,8.620689655172414e-06,0,0,0,0,0,0,0,0,0,0,0,0,0,0,0,0,0,0,0,0,0,0,0,0,0,0,0,0,0,0,0,0,0,0,0,0,0.2559249206902634,0.0,0.0,0.3006494924012275,0.0,0.0,0.0,0.0,0.0,0.0,0.4415286945363162,0.0510734394237147,0.0,0.0385005818978031,0.1392769960689389,0.0,0.0,0.0383333997296942,0.0,0.0,0.0579582911623151,0.0,0.0,0.1360908888101516,0.0543925963199518,0.0,0.0359139735265232,0.0,0.0533836219179572,0.0,0.0,0.0,0.0,0.0,0.0,0.0,0.0,0.0,0.0,0.0,0.0,0.0,0.7627237644221727,0.0,0.0,0.0457167838905792,0.0577938495869061,0.0574684783544949,0.0689058383021185,0.0
6855,3.056447458474917,1138.7999999999988,3,1,0,0,1,1,0,0,0,0,1,0,0,0.0,0.0,0.0,0.0,0.0,0.0,0.0,4.310344827586207e-05,0.0,0.0,0.0,0.0,0.0,0.0,0.0,1.0,0.0,1.0,249,1.0,4,0.0,0.0,1.0,0.0,0.0,0.0,0.0,0.0,0.0,0.0,0.0,0.0,0.0,0.0,0.0,0.0,0.0,1.0,1.0,0.0,0.0,0.0,0.0,1.0,0.0,0.0,0.0,0.0,0.0,0.0,0.0,0.0,0.0,0.0,0.0,0.0,1.0,4.310344827586207e-05,0,0,0,0,0,0,0,0,0,0,0,0,0,0,0,0,0,0,0,0,0,0,0,0,0,0,0,0,0,0,0,0,0,0,0,0,0.2559249206902634,0.0,0.0,0.3006494924012275,0.0,0.0,0.0,0.0,0.0,0.0,0.4415286945363162,0.0510734394237147,0.0,0.0385005818978031,0.1392769960689389,0.0,0.0,0.0383333997296942,0.0,0.0,0.0579582911623151,0.0,0.0,0.1360908888101516,0.0543925963199518,0.0,0.0359139735265232,0.0,0.0533836219179572,0.0,0.0,0.0,0.0,0.0,0.0,0.0,0.0,0.0,0.0,0.0,0.0,0.0,0.7627237644221727,0.0,0.0,0.0457167838905792,0.0577938495869061,0.0574684783544949,0.0689058383021185,0.0
6856,3.224998960539452,1678.7999999999975,3,1,0,0,1,1,0,0,0,0,1,0,0,0.0,0.0,0.0,0.0,0.0,0.0,0.0,0.0001724137931034,0.0,0.0,0.0,0.0,0.0,0.0,0.0,1.0,0.0,1.0,249,1.0,4,0.0,0.0,1.0,0.0,0.0,0.0,0.0,0.0,0.0,0.0,0.0,0.0,0.0,0.0,0.0,0.0,0.0,1.0,1.0,0.0,0.0,0.0,0.0,1.0,0.0,0.0,0.0,0.0,0.0,0.0,0.0,0.0,0.0,0.0,0.0,0.0,1.0,0.0001724137931034,0,0,0,0,0,0,0,0,0,0,0,0,0,0,0,0,0,0,0,0,0,0,0,0,0,0,0,0,0,0,0,0,0,0,0,0,0.2559249206902634,0.0,0.0,0.3006494924012275,0.0,0.0,0.0,0.0,0.0,0.0,0.4415286945363162,0.0510734394237147,0.0,0.0385005818978031,0.1392769960689389,0.0,0.0,0.0383333997296942,0.0,0.0,0.0579582911623151,0.0,0.0,0.1360908888101516,0.0543925963199518,0.0,0.0359139735265232,0.0,0.0533836219179572,0.0,0.0,0.0,0.0,0.0,0.0,0.0,0.0,0.0,0.0,0.0,0.0,0.0,0.7627237644221727,0.0,0.0,0.0457167838905792,0.0577938495869061,0.0574684783544949,0.0689058383021185,0.0
6858,1.611014833980889,40.83333333333334,2,1,0,0,0,1,0,0,0,0,1,0,0,0.0,0.0,0.0,0.0,1.388888888888889e-05,0.0,0.0,0.0,0.0,0.0,0.0,0.0,0.0,0.0,1.0,0.0,0.0,0.0,249,1.0,6,0.0,0.0,1.0,0.0,0.0,0.0,0.0,0.0,0.0,0.0,0.0,0.0,0.0,1.0,0.0,0.0,0.0,1.0,1.0,0.0,0.0,0.0,0.0,1.0,0.0,0.0,0.0,0.0,0.0,0.0,0.0,0.0,0.0,0.0,0.0,1.0,1.0,1.388888888888889e-05,0,0,0,0,0,0,0,0,0,0,0,0,0,0,0,0,0,0,0,0,0,0,0,0,0,0,0,0,0,0,0,0,0,0,0,0,0.0,0.0,0.0,0.0,0.0,0.0490151741486772,0.0,0.1513957652046041,0.0,0.0,0.0581183383762635,0.0,0.0,0.5067824297964234,0.0611100153151981,0.0,0.0623029381863862,0.0,0.0,0.0,0.1525807776103385,0.0,0.0,0.0,0.5727749715395147,0.0,0.0945469905661575,0.0729864157511338,0.2108062810483884,0.0686839042073985,0.0656040523977385,0.0,0.2271758580346172,0.0,0.0,0.0,0.0,0.0734693250941819,0.0,0.062693623237362,0.0692602061962447,0.0,0.1003971845473325,0.0,0.0,0.0601769159854379,0.4564436080268055,0.0,0.0,0.0
6859,2.618919299575765,415.8333333333333,2,1,0,0,0,1,0,0,0,0,1,0,0,0.0,0.0,0.0,0.0,5.555555555555556e-05,0.0,0.0,0.0,0.0,0.0,0.0,0.0,0.0,0.0,0.0,1.0,0.0,1.0,249,1.0,6,0.0,0.0,1.0,0.0,0.0,0.0,0.0,0.0,0.0,0.0,0.0,0.0,0.0,1.0,0.0,0.0,0.0,1.0,1.0,0.0,0.0,0.0,0.0,1.0,0.0,0.0,0.0,0.0,0.0,0.0,0.0,0.0,0.0,0.0,0.0,1.0,1.0,5.555555555555556e-05,0,0,0,0,0,0,0,0,0,0,0,0,0,0,0,0,0,0,0,0,0,0,0,0,0,0,0,0,0,0,0,0,0,0,0,0,0.0,0.0,0.0,0.0,0.0,0.0976789715617175,0.0,0.1508531072349977,0.0,0.0,0.057910020927902,0.0,0.0,0.5049659356295367,0.0608909745990411,0.0,0.0620796215969754,0.0,0.0,0.0,0.1520338721214889,0.0,0.0,0.0,0.5707219358903541,0.0,0.0942080994626733,0.0727248056583625,0.2100506739922769,0.0684377158945917,0.0653689034038153,0.0,0.2263615764085886,0.0,0.0,0.0,0.0,0.0732059840771457,0.0,0.0624689062893861,0.0690119522056646,0.0,0.1000373242021833,0.0,0.0,0.0599612198396329,0.454807546666457,0.0,0.0,0.0
6860,3.0966203868006548,1249.166666666667,2,1,0,0,0,1,0,0,0,0,1,0,0,0.0,0.0,0.0,0.0,0.0001388888888888,0.0,0.0,0.0,0.0,0.0,0.0,0.0,0.0,0.0,0.0,1.0,0.0,1.0,249,1.0,6,0.0,0.0,1.0,0.0,0.0,0.0,0.0,0.0,0.0,0.0,0.0,0.0,0.0,1.0,0.0,0.0,0.0,1.0,1.0,0.0,0.0,0.0,0.0,1.0,0.0,0.0,0.0,0.0,0.0,0.0,0.0,0.0,0.0,0.0,0.0,1.0,1.0,0.0001388888888888,0,0,0,0,0,0,0,0,0,0,0,0,0,0,0,0,0,0,0,0,0,0,0,0,0,0,0,0,0,0,0,0,0,0,0,0,0.0,0.0,0.0,0.0,0.0,0.0490151741486772,0.0,0.1513957652046041,0.0,0.0,0.0581183383762635,0.0,0.0,0.5067824297964234,0.0611100153151981,0.0,0.0623029381863862,0.0,0.0,0.0,0.1525807776103385,0.0,0.0,0.0,0.5727749715395147,0.0,0.0945469905661575,0.0729864157511338,0.2108062810483884,0.0686839042073985,0.0656040523977385,0.0,0.2271758580346172,0.0,0.0,0.0,0.0,0.0734693250941819,0.0,0.062693623237362,0.0692602061962447,0.0,0.1003971845473325,0.0,0.0,0.0601769159854379,0.4564436080268055,0.0,0.0,0.0
6861,3.0,1000.0,2,1,0,0,0,1,0,0,0,0,1,0,0,0.0,0.0,0.0,0.0,0.0036111111111111,0.0,0.0,0.0,0.0,0.0,0.0,0.0,0.0,0.0,0.0,0.0,0.0,1.0,249,1.0,11,0.0,1.0,0.0,0.0,0.0,0.0,0.0,0.0,0.0,0.0,0.0,1.0,0.0,0.0,0.0,0.0,0.0,0.0,0.0,1.0,1.0,1.0,1.0,1.0,1.0,0.0,0.0,0.0,1.0,0.0,1.0,0.0,0.0,0.0,0.0,1.0,1.0,0.0036111111111111,0,0,0,0,0,0,0,0,0,0,0,0,0,0,0,0,0,0,0,0,0,0,0,0,0,0,0,0,0,0,0,0,0,0,0,0,0.0,0.0,0.0,0.3890456795143806,0.0,0.0,0.0,0.0,0.0,0.0,0.3428074924438699,0.0,0.0,0.2989225411923975,0.0,0.0,0.0,0.1488122606842729,0.0,0.2882008482021229,0.4499942292663552,0.0,0.0,0.0,0.0,0.0,0.0,0.0,0.0,0.2025639207039817,0.0,0.0,0.1339983014181254,0.1891673125660126,0.0,0.2022583673231007,0.0,0.0,0.0,0.0,0.4085271237206775,0.0,0.0,0.0,0.0,0.1774749437812441,0.0,0.0,0.0,0.0
6862,3.0,1000.0,2,1,0,0,0,1,0,0,0,0,1,0,0,0.0,0.0,0.0,0.0,0.0006111111111111,0.0,0.0,0.0,0.0,0.0,0.0,0.0,0.0,0.0,0.0,0.0,0.0,0.0,249,1.0,10,0.0,1.0,0.0,0.0,0.0,0.0,0.0,0.0,0.0,0.0,0.0,1.0,0.0,0.0,0.0,0.0,0.0,0.0,0.0,1.0,1.0,1.0,1.0,1.0,1.0,0.0,0.0,0.0,1.0,0.0,1.0,0.0,0.0,0.0,0.0,0.0,1.0,0.0006111111111111,0,0,0,0,0,0,0,0,0,0,0,0,0,0,0,0,0,0,0,0,0,0,0,0,0,0,0,0,0,0,0,0,0,0,0,0,0.0,0.0,0.0,0.4045994306982433,0.0,0.0,0.0,0.0,0.0,0.0,0.0,0.0,0.0,0.3108732376626885,0.0,0.0,0.0,0.1547616619954003,0.0,0.2997228995188457,0.2339923286205421,0.0,0.0,0.0,0.0,0.0,0.0,0.0,0.0,0.2106622726131718,0.0,0.0,0.4180663556216241,0.1967300782428976,0.0,0.2103445034398791,0.0,0.0,0.0,0.0,0.4248597282676345,0.0,0.0,0.0,0.0,0.1845702574225345,0.2333284362527663,0.0,0.0,0.0
6863,3.0,1000.0,2,1,0,0,0,1,0,0,0,0,1,0,0,0.0,0.0,0.0,0.0,0.001,0.0,0.0,0.0,0.0,0.0,0.0,0.0,0.0,0.0,0.0,0.0,0.0,1.0,249,1.0,10,0.0,1.0,0.0,0.0,0.0,0.0,0.0,0.0,0.0,0.0,0.0,1.0,0.0,0.0,0.0,0.0,0.0,0.0,0.0,1.0,1.0,1.0,1.0,1.0,1.0,0.0,0.0,0.0,1.0,0.0,1.0,0.0,0.0,0.0,0.0,0.0,1.0,0.001,0,0,0,0,0,0,0,0,0,0,0,0,0,0,0,0,0,0,0,0,0,0,0,0,0,0,0,0,0,0,0,0,0,0,0,0,0.0,0.0,0.0,0.3104739071392005,0.0,0.0,0.0,0.4750989765480594,0.0,0.0,0.1367869985196765,0.0,0.0,0.2385520626056759,0.0,0.0,0.0,0.1187580956111238,0.0,0.2299957256788845,0.3591132710297948,0.0,0.0,0.0,0.0,0.0,0.0,0.0,0.165384164214631,0.161654055598054,0.0,0.0,0.1069359676304125,0.1509630301220743,0.0,0.1614102118619659,0.0,0.0,0.0,0.0,0.4890313102778331,0.0,0.0,0.0,0.1825696422423439,0.1416320553510633,0.0,0.0,0.0,0.0
6864,3.0,1000.0,2,1,0,0,0,1,0,0,0,0,1,0,0,0.0,0.0,0.0,0.0,6.111111111111111e-05,0.0,0.0,0.0,0.0,0.0,0.0,0.0,0.0,0.0,0.0,0.0,0.0,0.0,249,1.0,10,0.0,1.0,0.0,0.0,0.0,0.0,0.0,0.0,0.0,0.0,0.0,1.0,0.0,0.0,0.0,0.0,0.0,0.0,0.0,1.0,1.0,1.0,1.0,1.0,1.0,0.0,0.0,0.0,1.0,0.0,1.0,0.0,0.0,0.0,0.0,0.0,1.0,6.111111111111111e-05,0,0,0,0,0,0,0,0,0,0,0,0,0,0,0,0,0,0,0,0,0,0,0,0,0,0,0,0,0,0,0,0,0,0,0,0,0.0,0.0,0.0,0.2945974853612421,0.0,0.0,0.0,0.2254021361705056,0.0,0.0,0.6489612309987373,0.0,0.0,0.3395301641557652,0.0,0.0,0.0,0.1126852708998865,0.1272916384212712,0.2182346434621801,0.1703748111718052,0.0,0.0,0.0,0.0,0.0,0.0,0.0,0.0,0.1533876991997317,0.0,0.0,0.1014676803241515,0.1432433709688105,0.0,0.1531563246789723,0.0,0.0,0.0,0.0,0.3093494406625945,0.0,0.0,0.0,0.0,0.1343895457670793,0.169891416961982,0.0,0.0,0.0
6865,3.0,1000.0,2,1,0,0,0,1,0,0,0,0,1,0,0,0.0,0.0,0.0,0.0,5.555555555555555e-07,0.0,0.0,0.0,0.0,0.0,0.0,0.0,0.0,0.0,0.0,0.0,0.0,1.0,249,1.0,10,0.0,1.0,0.0,0.0,0.0,0.0,0.0,0.0,0.0,0.0,0.0,1.0,0.0,0.0,0.0,0.0,0.0,0.0,0.0,1.0,1.0,1.0,1.0,1.0,1.0,0.0,0.0,0.0,1.0,0.0,1.0,0.0,0.0,0.0,0.0,0.0,1.0,5.555555555555555e-07,0,0,0,0,0,0,0,0,0,0,0,0,0,0,0,0,0,0,0,0,0,0,0,0,0,0,0,0,0,0,0,0,0,0,0,0,0.0,0.0,0.0,0.3092402168241352,0.0,0.0,0.0,0.0,0.0,0.0,0.0,0.0,0.0,0.2376041588929702,0.0,0.0,0.0,0.1182862018093514,0.0,0.2290818211840078,0.7153726174347274,0.0,0.0,0.0,0.0,0.0,0.0,0.0,0.0,0.1610117116258344,0.0,0.0,0.1065110499012114,0.1503631677055814,0.0,0.1607688368203027,0.0,0.0,0.0,0.0,0.324725406218662,0.0,0.0,0.1637401156497086,0.0,0.1410692702313751,0.1783357334278007,0.0,0.0,0.0
6866,3.3010299956639813,2000.0000000000002,2,1,0,0,0,1,0,0,0,0,1,0,0,0.0,0.0,0.0,0.0,0.0,0.0,0.0,0.0120689655172413,0.0,0.0,0.0,0.0,0.0,0.0,1.0,0.0,0.0,1.0,59,0.9196241552503472,4,0.0,0.0,1.0,1.0,0.0,0.0,0.0,0.0,0.0,0.0,0.0,0.0,0.0,1.0,0.0,0.0,0.0,0.0,0.0,0.0,0.0,0.0,0.0,1.0,0.0,0.0,0.0,0.0,0.0,0.0,0.0,0.0,0.0,0.0,0.0,0.0,1.0,0.0120689655172413,0,0,0,0,0,0,0,0,0,0,0,0,0,0,0,0,0,0,0,0,0,0,0,0,0,0,0,0,0,0,0,0,0,0,0,0,0.0,0.0,0.0,0.0,0.0,0.0,0.0,0.0,0.0,0.0,0.2095191110528591,0.0,0.0,0.0,0.0,0.0,0.1123023867293167,0.0909519577593256,0.1027412334225348,0.0,0.4125452023641551,0.1194908980016554,0.1263659500038237,0.0,0.0,0.0,0.4260574624462005,0.131559584929199,0.0,0.0,0.0,0.0,0.0818978745055161,0.0,0.0,0.0,0.0,0.0,0.0,0.0,0.0,0.0,0.1809680855153116,0.1259021242907305,0.0,0.0,0.6856245211020623,0.0,0.0,0.0
6867,3.5563025007672877,3600.0000000000036,2,1,0,0,0,1,0,0,0,0,1,0,0,0.0,0.0,0.0,0.0,0.0,0.0,0.0,0.0120689655172413,0.0,0.0,0.0,0.0,0.0,0.0,0.0,0.0,0.0,1.0,59,0.9196241552503472,4,0.0,0.0,1.0,1.0,0.0,0.0,0.0,0.0,0.0,0.0,0.0,0.0,0.0,1.0,0.0,0.0,0.0,0.0,0.0,0.0,0.0,0.0,0.0,1.0,0.0,0.0,0.0,0.0,0.0,0.0,0.0,0.0,0.0,0.0,0.0,0.0,1.0,0.0120689655172413,0,0,0,0,0,0,0,0,0,0,0,0,0,0,0,0,0,0,0,0,0,0,0,0,0,0,0,0,0,0,0,0,0,0,0,0,0.0,0.0,0.0,0.0,0.0,0.0,0.0,0.0,0.0,0.0,0.1832184101608394,0.0,0.0,0.0,0.0,0.0,0.0982051930748318,0.0795348596981939,0.0898442407045696,0.0,0.4810118161652112,0.1044913385253482,0.2210067457982253,0.0,0.0,0.0,0.4470899318784934,0.1150450566109294,0.0,0.0,0.0,0.0,0.0716173254413387,0.0,0.0,0.0,0.0,0.0,0.0,0.0,0.0,0.0,0.1582513630921296,0.2201955414234301,0.0,0.0,0.5995588378184489,0.0,0.0,0.0
6868,3.3010299956639813,2000.0000000000002,2,1,0,0,0,1,0,0,0,0,1,0,0,0.0,0.0,0.0,0.0,0.0,0.0,0.0,0.0120689655172413,0.0,0.0,0.0,0.0,0.0,0.0,1.0,0.0,0.0,1.0,59,0.9196241552503472,4,0.0,0.0,1.0,1.0,0.0,0.0,0.0,0.0,0.0,0.0,0.0,0.0,0.0,1.0,0.0,0.0,0.0,0.0,0.0,0.0,0.0,0.0,0.0,1.0,0.0,0.0,0.0,0.0,0.0,0.0,0.0,0.0,0.0,0.0,0.0,0.0,1.0,0.0120689655172413,0,0,0,0,0,0,0,0,0,0,0,0,0,0,0,0,0,0,0,0,0,0,0,0,0,0,0,0,0,0,0,0,0,0,0,0,0.0,0.0,0.0,0.0,0.0459763270088498,0.0,0.0,0.0,0.0,0.0300000852708016,0.156995109139185,0.0,0.0,0.0684485870540694,0.0412691320500016,0.0,0.0420747429018825,0.0340756804071334,0.0769852023197824,0.0,0.1030416409980338,0.3133757234614132,0.0473437387468725,0.0907313791520792,0.0483511700444652,0.0,0.0,0.0985791286077701,0.0,0.0927679398483097,0.0,0.0,0.03068351541215,0.0,0.7713860543323823,0.0,0.0,0.1984627405702665,0.0,0.0,0.0,0.0,0.2712029866241455,0.0471699637435263,0.104770706351948,0.0,0.3082478614328318,0.0,0.0,0.0
6869,3.5563025007672877,3600.0000000000036,2,1,0,0,0,1,0,0,0,0,1,0,0,0.0,0.0,0.0,0.0,0.0,0.0,0.0,0.0120689655172413,0.0,0.0,0.0,0.0,0.0,0.0,0.0,0.0,0.0,1.0,59,0.9196241552503472,4,0.0,0.0,1.0,1.0,0.0,0.0,0.0,0.0,0.0,0.0,0.0,0.0,0.0,1.0,0.0,0.0,0.0,0.0,0.0,0.0,0.0,0.0,0.0,1.0,0.0,0.0,0.0,0.0,0.0,0.0,0.0,0.0,0.0,0.0,0.0,0.0,1.0,0.0120689655172413,0,0,0,0,0,0,0,0,0,0,0,0,0,0,0,0,0,0,0,0,0,0,0,0,0,0,0,0,0,0,0,0,0,0,0,0,0.0,0.0,0.0,0.0,0.0435781071102122,0.0,0.0,0.0646055011683288,0.0,0.0568704380841404,0.148805920936876,0.0,0.0,0.0648781677929767,0.0391164491342314,0.0,0.0398800376650346,0.0322982227429692,0.0729694956264574,0.0,0.1465001652054552,0.2970294003719145,0.0897483836719706,0.0859986435668407,0.0916581468848615,0.0,0.0,0.0934370382495734,0.0,0.0879289730631421,0.0,0.0,0.0290830000598165,0.0,0.7741577320687367,0.0,0.0,0.1881105153156884,0.0,0.0,0.0,0.0,0.2570564803369693,0.0894189625893581,0.099305650547921,0.0,0.2921690181868631,0.0,0.0,0.0
6870,3.7781512503836434,5999.999999999997,2,1,0,0,0,1,0,0,0,0,1,0,0,0.0,0.0,0.0,0.0,0.0,0.0,0.0,0.0120689655172413,0.0,0.0,0.0,0.0,0.0,0.0,0.0,0.0,0.0,1.0,59,0.9196241552503472,3,0.0,0.0,1.0,0.0,0.0,0.0,0.0,0.0,0.0,0.0,0.0,0.0,0.0,1.0,0.0,0.0,0.0,0.0,0.0,0.0,0.0,0.0,0.0,1.0,0.0,0.0,0.0,0.0,0.0,0.0,0.0,0.0,0.0,0.0,0.0,0.0,1.0,0.0120689655172413,0,0,0,0,0,0,0,0,0,0,0,0,0,0,0,0,0,0,0,0,0,0,0,0,0,0,0,0,0,0,0,0,0,0,0,0,0.0532131740941651,0.0,0.0,0.0,0.0430163595284792,0.0,0.0,0.0637726980372481,0.0,0.0561373444923269,0.1836096557268509,0.0,0.0,0.064041849827793,0.0386122149633538,0.0,0.0787319207725023,0.0318818795439806,0.1080433134879295,0.0,0.1446116914055376,0.2932005156766586,0.0,0.0848900701739256,0.0904766191459793,0.0,0.1194785733581949,0.0922325795485968,0.0,0.0433977582905123,0.0,0.0,0.0574162059667194,0.0,0.7217240264110202,0.0,0.0,0.1392642446144286,0.0,0.0,0.0,0.0,0.2537428702291948,0.1323994488911408,0.0980255419625107,0.0,0.3845370489245403,0.0,0.0,0.0
6871,2.6981005456233897,498.99999999999983,2,1,1,0,0,1,0,0,0,0,0,0,0,0.0,0.0,0.0,0.0,0.0,0.0,0.0125,0.0,0.0,0.0,0.0,0.0,0.0,0.0,0.0,0.0,0.0,1.0,59,0.9196241552503472,4,0.0,0.0,1.0,1.0,0.0,0.0,0.0,0.0,0.0,0.0,0.0,0.0,0.0,1.0,0.0,0.0,0.0,0.0,0.0,0.0,0.0,0.0,1.0,0.0,0.0,0.0,0.0,0.0,0.0,0.0,0.0,0.0,0.0,0.0,0.0,0.0,1.0,0.0125,0,0,0,0,0,0,0,0,0,0,0,0,0,0,0,0,0,0,0,0,0,0,0,0,0,0,0,0,0,0,0,0,0,0,0,0,0.285871313015563,0.0,0.0,0.0,0.0,0.0,0.0,0.7708479483470126,0.0,0.0,0.1972772128649465,0.0,0.0,0.0,0.1037160889000931,0.0,0.0,0.0,0.0967382119657383,0.0,0.1294802612424111,0.1125092179039889,0.0,0.0,0.1215144104479676,0.0,0.1604654168096253,0.0,0.0,0.0,0.0,0.1098936146293541,0.0,0.0,0.1140364418139235,0.0,0.0,0.1246923440224196,0.0,0.1064037926944856,0.0,0.0,0.0,0.3556375365813553,0.0,0.0,0.1291128946807669,0.0,0.0,0.0
6872,3.9208187539523753,8333.333333333336,2,1,1,0,0,1,0,0,0,0,0,0,0,0.0,0.0,0.0,0.0,0.0,0.0,0.0,0.0120689655172413,0.0,0.0,0.0,0.0,0.0,0.0,0.0,0.0,0.0,1.0,59,0.9196241552503472,5,1.0,1.0,1.0,0.0,0.0,0.0,0.0,0.0,0.0,0.0,0.0,0.0,0.0,1.0,0.0,0.0,0.0,0.0,0.0,0.0,0.0,0.0,0.0,1.0,0.0,0.0,0.0,0.0,0.0,0.0,0.0,0.0,0.0,0.0,0.0,0.0,1.0,0.0120689655172413,0,0,0,0,0,0,0,0,0,0,0,0,0,0,0,0,0,0,0,0,0,0,0,0,0,0,0,0,0,0,0,0,0,0,0,0,0.5063674131547367,0.0,0.0,0.0,0.1364454264604034,0.0,0.0,0.2022833423284454,0.0,0.0,0.2329597209295381,0.0,0.0,0.3047056145679111,0.0,0.0,0.0,0.0,0.0,0.0,0.152899998367097,0.0,0.0,0.0,0.0,0.0,0.189489592720491,0.0,0.0,0.1376552014694348,0.1314826108712859,0.1297706178235522,0.1821209138741905,0.0,0.134662778711071,0.0,0.0,0.0,0.0,0.1256495744844145,0.0,0.0,0.4024289191277044,0.279975641284627,0.1554656998371962,0.0,0.304932368786327,0.0,0.0,0.0
6873,3.397940008672037,2499.999999999997,2,1,1,0,0,1,0,0,0,0,0,0,0,0.0,0.0,0.0,0.0,0.0,0.0,0.0,0.0120689655172413,0.0,0.0,0.0,0.0,0.0,0.0,1.0,0.0,0.0,1.0,59,0.9196241552503472,5,1.0,1.0,1.0,0.0,0.0,0.0,0.0,0.0,0.0,0.0,0.0,0.0,0.0,1.0,0.0,0.0,0.0,0.0,0.0,0.0,0.0,0.0,0.0,1.0,0.0,0.0,0.0,0.0,0.0,0.0,0.0,0.0,0.0,0.0,0.0,0.0,1.0,0.0120689655172413,0,0,0,0,0,0,0,0,0,0,0,0,0,0,0,0,0,0,0,0,0,0,0,0,0,0,0,0,0,0,0,0,0,0,0,0,0.5063674131547367,0.0,0.0,0.0,0.1364454264604034,0.0,0.0,0.2022833423284454,0.0,0.0,0.2329597209295381,0.0,0.0,0.3047056145679111,0.0,0.0,0.0,0.0,0.0,0.0,0.152899998367097,0.0,0.0,0.0,0.0,0.0,0.189489592720491,0.0,0.0,0.1376552014694348,0.1314826108712859,0.1297706178235522,0.1821209138741905,0.0,0.134662778711071,0.0,0.0,0.0,0.0,0.1256495744844145,0.0,0.0,0.4024289191277044,0.279975641284627,0.1554656998371962,0.0,0.304932368786327,0.0,0.0,0.0
6874,3.4771212547196626,3000.0000000000014,2,1,0,0,0,1,0,0,0,0,1,0,0,0.0,0.0,0.0,0.0,0.0,0.0,0.0,0.0120689655172413,0.0,0.0,0.0,0.0,0.0,0.0,0.0,0.0,0.0,1.0,59,0.9196241552503472,4,0.0,0.0,1.0,1.0,0.0,0.0,0.0,0.0,0.0,0.0,0.0,0.0,0.0,1.0,0.0,0.0,0.0,0.0,0.0,0.0,0.0,0.0,0.0,1.0,0.0,0.0,0.0,0.0,0.0,0.0,0.0,0.0,0.0,0.0,0.0,0.0,1.0,0.0120689655172413,0,0,0,0,0,0,0,0,0,0,0,0,0,0,0,0,0,0,0,0,0,0,0,0,0,0,0,0,0,0,0,0,0,0,0,0,0.5373582431058372,0.0,0.0,0.0,0.0,0.0,0.0,0.0,0.0,0.0,0.1483304293693194,0.0,0.0,0.0,0.0,0.0,0.0795052115248634,0.0643900352508529,0.0727363303085668,0.0,0.3894187770806876,0.0845943652454668,0.0894616034190802,0.0,0.0,0.0,0.3619562111908943,0.0931384713410431,0.0,0.0,0.0,0.0,0.0579801376055526,0.0,0.0,0.0,0.0,0.0,0.0,0.0,0.0,0.0,0.1281175435106619,0.0891332349622368,0.0,0.0,0.5824708538910066,0.0,0.0,0.0
6875,3.662757831681574,4599.999999999998,2,1,0,0,0,1,0,0,0,0,1,0,0,0.0,0.0,0.0,0.0,0.0,0.0,0.0,0.0120689655172413,0.0,0.0,0.0,0.0,0.0,0.0,0.0,0.0,0.0,1.0,59,0.9196241552503472,4,0.0,0.0,1.0,1.0,0.0,0.0,0.0,0.0,0.0,0.0,0.0,0.0,0.0,1.0,0.0,0.0,0.0,0.0,0.0,0.0,0.0,0.0,0.0,1.0,0.0,0.0,0.0,0.0,0.0,0.0,0.0,0.0,0.0,0.0,0.0,0.0,1.0,0.0120689655172413,0,0,0,0,0,0,0,0,0,0,0,0,0,0,0,0,0,0,0,0,0,0,0,0,0,0,0,0,0,0,0,0,0,0,0,0,0.4945828550689599,0.0,0.0,0.0,0.0,0.0,0.0,0.0,0.0,0.0,0.1365228656902421,0.0,0.0,0.0,0.0,0.0,0.073176349322483,0.0592643881078148,0.066946292111061,0.0,0.4480247885303566,0.0778603905730145,0.1646803628890869,0.0,0.0,0.0,0.3886672657277102,0.0857243592400587,0.0,0.0,0.0,0.0,0.0533647382582301,0.0,0.0,0.0,0.0,0.0,0.0,0.0,0.0,0.0,0.1179189884343965,0.1640759042770387,0.0,0.0,0.5361043616765161,0.0,0.0,0.0
6876,3.4771212547196626,3000.0000000000014,2,1,0,0,0,1,0,0,0,0,1,0,0,0.0,0.0,0.0,0.0,0.0,0.0,0.0,0.0120689655172413,0.0,0.0,0.0,0.0,0.0,0.0,0.0,0.0,0.0,1.0,59,0.9196241552503472,4,0.0,0.0,1.0,1.0,0.0,0.0,0.0,0.0,0.0,0.0,0.0,0.0,0.0,1.0,0.0,0.0,0.0,0.0,0.0,0.0,0.0,0.0,0.0,1.0,0.0,0.0,0.0,0.0,0.0,0.0,0.0,0.0,0.0,0.0,0.0,0.0,1.0,0.0120689655172413,0,0,0,0,0,0,0,0,0,0,0,0,0,0,0,0,0,0,0,0,0,0,0,0,0,0,0,0,0,0,0,0,0,0,0,0,0.267579098202337,0.0,0.0,0.0,0.0432610115315038,0.0,0.0,0.0,0.0,0.0282283105085021,0.1477231364208946,0.0,0.0,0.0644060825757407,0.0388318187567837,0.0,0.0395898510447134,0.0320632051088615,0.0724385339583607,0.0,0.1454341584936627,0.2948680694686208,0.0445476653121664,0.0853728754585335,0.0454955987339459,0.0,0.0300395244766963,0.0927571447507206,0.0,0.0872891589351861,0.0,0.0,0.028871377955368,0.0,0.7258287723873853,0.0,0.0,0.1867417313856221,0.0,0.0,0.0,0.0,0.2551860119114581,0.0443841532851573,0.0985830541613945,0.0,0.3383835627629343,0.0,0.0,0.0
6877,3.662757831681574,4599.999999999998,2,1,0,0,0,1,0,0,0,0,1,0,0,0.0,0.0,0.0,0.0,0.0,0.0,0.0,0.0120689655172413,0.0,0.0,0.0,0.0,0.0,0.0,0.0,0.0,0.0,1.0,59,0.9196241552503472,4,0.0,0.0,1.0,1.0,0.0,0.0,0.0,0.0,0.0,0.0,0.0,0.0,0.0,1.0,0.0,0.0,0.0,0.0,0.0,0.0,0.0,0.0,0.0,1.0,0.0,0.0,0.0,0.0,0.0,0.0,0.0,0.0,0.0,0.0,0.0,0.0,1.0,0.0120689655172413,0,0,0,0,0,0,0,0,0,0,0,0,0,0,0,0,0,0,0,0,0,0,0,0,0,0,0,0,0,0,0,0,0,0,0,0,0.2545683519831418,0.0,0.0,0.0,0.0411574913163469,0.0,0.0,0.0610168850748594,0.0,0.0537114784652117,0.1405402575952008,0.0,0.0,0.0612744059948897,0.0369436632825013,0.0,0.0376648370647014,0.0305041662024296,0.0689162880574118,0.0,0.1844834383478433,0.2805304263351529,0.0847631658780718,0.0812217110960839,0.0865668482328847,0.0,0.0285788848671852,0.0882469282260494,0.0,0.0830448173471376,0.0,0.0,0.0274675382156447,0.0,0.7311559002441185,0.0,0.0,0.1776616152931678,0.0,0.0,0.0,0.0,0.2427778662006227,0.0844520430173942,0.0937895590497651,0.0,0.3219300255119547,0.0,0.0,0.0
6878,3.4771212547196626,3000.0000000000014,2,1,0,0,0,1,0,0,0,0,1,0,0,0.0,0.0,0.0,0.0,0.0,0.0,0.0,0.0120689655172413,0.0,0.0,0.0,0.0,0.0,0.0,0.0,0.0,0.0,1.0,59,0.9196241552503472,4,0.0,0.0,1.0,1.0,0.0,0.0,0.0,0.0,0.0,0.0,0.0,0.0,0.0,1.0,0.0,0.0,0.0,0.0,0.0,0.0,0.0,0.0,0.0,1.0,0.0,0.0,0.0,0.0,0.0,0.0,0.0,0.0,0.0,0.0,0.0,0.0,1.0,0.0120689655172413,0,0,0,0,0,0,0,0,0,0,0,0,0,0,0,0,0,0,0,0,0,0,0,0,0,0,0,0,0,0,0,0,0,0,0,0,0.0,0.0,0.0,0.0,0.0,0.0,0.0,0.0,0.0,0.0,0.29186277316327,0.0,0.0,0.0,0.0,0.0,0.1042924306012453,0.0844648187711725,0.0954132255660142,0.0,0.3831204584382044,0.1109682220499496,0.1173529116785352,0.07496655880259,0.0,0.0,0.4748027495595157,0.1221761111295716,0.0,0.0,0.0,0.0,0.0760565170697864,0.0,0.0,0.0,0.1254370915621658,0.0,0.0,0.0,0.0,0.0,0.1680605555172843,0.1169221682864964,0.0,0.0,0.6367224229873136,0.0,0.0,0.0
6879,3.662757831681574,4599.999999999998,2,1,0,0,0,1,0,0,0,0,1,0,0,0.0,0.0,0.0,0.0,0.0,0.0,0.0,0.0120689655172413,0.0,0.0,0.0,0.0,0.0,0.0,0.0,0.0,0.0,1.0,59,0.9196241552503472,4,0.0,0.0,1.0,1.0,0.0,0.0,0.0,0.0,0.0,0.0,0.0,0.0,0.0,1.0,0.0,0.0,0.0,0.0,0.0,0.0,0.0,0.0,0.0,1.0,0.0,0.0,0.0,0.0,0.0,0.0,0.0,0.0,0.0,0.0,0.0,0.0,1.0,0.0120689655172413,0,0,0,0,0,0,0,0,0,0,0,0,0,0,0,0,0,0,0,0,0,0,0,0,0,0,0,0,0,0,0,0,0,0,0,0,0.0,0.0,0.0,0.0,0.0,0.0,0.0,0.0,0.0,0.0,0.2668234758560691,0.0,0.0,0.0,0.0,0.0,0.0953450436206716,0.077218469103868,0.0872275974501257,0.0,0.4670027231592921,0.1014481100005591,0.2145700971489135,0.0685350775499064,0.0,0.0,0.4340687872263116,0.1116944592996563,0.0,0.0,0.0,0.0,0.0695315268409187,0.0,0.0,0.0,0.1146756758634989,0.0,0.0,0.0,0.0,0.0,0.1536424158909039,0.2137825184671915,0.0,0.0,0.5820971555078535,0.0,0.0,0.0
6880,3.4771212547196626,3000.0000000000014,2,1,0,0,0,1,0,0,0,0,1,0,0,0.0,0.0,0.0,0.0,0.0,0.0,0.0,0.0120689655172413,0.0,0.0,0.0,0.0,0.0,0.0,0.0,0.0,0.0,1.0,59,0.9196241552503472,4,0.0,0.0,1.0,1.0,0.0,0.0,0.0,0.0,0.0,0.0,0.0,0.0,0.0,1.0,0.0,0.0,0.0,0.0,0.0,0.0,0.0,0.0,0.0,1.0,0.0,0.0,0.0,0.0,0.0,0.0,0.0,0.0,0.0,0.0,0.0,0.0,1.0,0.0120689655172413,0,0,0,0,0,0,0,0,0,0,0,0,0,0,0,0,0,0,0,0,0,0,0,0,0,0,0,0,0,0,0,0,0,0,0,0,0.0,0.0,0.0,0.0,0.0454377400238124,0.0,0.0,0.0,0.0,0.0296486510321823,0.1939449989312773,0.0,0.0,0.067646750097315,0.0407856872241102,0.0,0.0415818607949367,0.0336765028484293,0.0760833636843925,0.0,0.1018345657406355,0.3097047019365641,0.0467891332972644,0.1195580156463443,0.0477847631000334,0.0,0.0315509983537278,0.0974243291899251,0.0,0.09168121526021,0.0,0.0,0.0303240751712409,0.0,0.7623496976607677,0.0,0.0500123321490355,0.1961378604408594,0.0,0.0,0.0,0.0,0.2680259951504483,0.0466173939709984,0.1035433760599159,0.0,0.3046369099468339,0.0,0.0,0.0
6881,3.662757831681574,4599.999999999998,2,1,0,0,0,1,0,0,0,0,1,0,0,0.0,0.0,0.0,0.0,0.0,0.0,0.0,0.0120689655172413,0.0,0.0,0.0,0.0,0.0,0.0,0.0,0.0,0.0,1.0,59,0.9196241552503472,4,0.0,0.0,1.0,1.0,0.0,0.0,0.0,0.0,0.0,0.0,0.0,0.0,0.0,1.0,0.0,0.0,0.0,0.0,0.0,0.0,0.0,0.0,0.0,1.0,0.0,0.0,0.0,0.0,0.0,0.0,0.0,0.0,0.0,0.0,0.0,0.0,1.0,0.0120689655172413,0,0,0,0,0,0,0,0,0,0,0,0,0,0,0,0,0,0,0,0,0,0,0,0,0,0,0,0,0,0,0,0,0,0,0,0,0.0,0.0,0.0,0.0,0.0445537624941542,0.0,0.0,0.0660519317094199,0.0,0.0581436909347886,0.1901718574644044,0.0,0.0,0.0663307029741726,0.0399922139787664,0.0,0.0407728982328719,0.0330213366412218,0.0746031847881144,0.0,0.1497801074610837,0.303679490356984,0.0917577296380125,0.1172320505066497,0.0937102498884223,0.0,0.0309371831954835,0.0955289682454595,0.0,0.0898975848653156,0.0,0.0,0.0297341294335128,0.0,0.7475184141919885,0.0,0.0490393573091253,0.1923220575146114,0.0,0.0,0.0,0.0,0.262811630242486,0.0914209332590839,0.1015289709038948,0.0,0.2987102907321373,0.0,0.0,0.0
6882,3.397940008672037,2499.999999999997,2,1,0,0,0,1,0,0,0,0,1,0,0,0.0,0.0,0.0,0.0,0.0,0.0,0.0,0.0120689655172413,0.0,0.0,0.0,0.0,0.0,0.0,0.0,0.0,0.0,1.0,59,0.9196241552503472,4,0.0,0.0,1.0,1.0,0.0,0.0,0.0,0.0,0.0,0.0,0.0,0.0,0.0,1.0,0.0,0.0,0.0,0.0,0.0,0.0,0.0,0.0,0.0,1.0,0.0,0.0,0.0,0.0,0.0,0.0,0.0,0.0,0.0,0.0,0.0,0.0,1.0,0.0120689655172413,0,0,0,0,0,0,0,0,0,0,0,0,0,0,0,0,0,0,0,0,0,0,0,0,0,0,0,0,0,0,0,0,0,0,0,0,0.0,0.0,0.0,0.0,0.0437555862743143,0.0,0.0,0.0,0.0,0.0285510262498932,0.1494119580553431,0.0,0.0,0.0977135925502298,0.0392757574464862,0.0,0.040042455819895,0.032429762682506,0.0732666761592415,0.0,0.0980645411641635,0.2982391025179584,0.0450569495229281,0.0863488874940392,0.0460157200451748,0.0,0.0303829466382746,0.0938175762890704,0.0,0.0882870785815882,0.0,0.0,0.0292014454646879,0.0,0.7773106195225964,0.0,0.0,0.2360957837494185,0.0520232963994687,0.0,0.0,0.0,0.2581033860490934,0.0448915681702643,0.0997100894971688,0.0,0.2933589256097164,0.0,0.0,0.0
6883,3.612783856719736,4100.000000000004,2,1,0,0,0,1,0,0,0,0,1,0,0,0.0,0.0,0.0,0.0,0.0,0.0,0.0,0.0120689655172413,0.0,0.0,0.0,0.0,0.0,0.0,0.0,0.0,0.0,1.0,59,0.9196241552503472,4,0.0,0.0,1.0,1.0,0.0,0.0,0.0,0.0,0.0,0.0,0.0,0.0,0.0,1.0,0.0,0.0,0.0,0.0,0.0,0.0,0.0,0.0,0.0,1.0,0.0,0.0,0.0,0.0,0.0,0.0,0.0,0.0,0.0,0.0,0.0,0.0,1.0,0.0120689655172413,0,0,0,0,0,0,0,0,0,0,0,0,0,0,0,0,0,0,0,0,0,0,0,0,0,0,0,0,0,0,0,0,0,0,0,0,0.0,0.0,0.0,0.0,0.0429645292430154,0.0,0.0,0.0636958585003766,0.0,0.0560697047705533,0.1467107399928349,0.0,0.0,0.0959470289860773,0.0385656912187627,0.0,0.0393185284560101,0.0318434651608017,0.0719420882775408,0.0,0.1444374492025917,0.2928472392350388,0.0884847303035823,0.0847877863772866,0.0903676041328648,0.0,0.0298336534938723,0.0921214487839419,0.0,0.0866909369175969,0.0,0.0,0.0286735126742526,0.0,0.7632576246153473,0.0,0.0,0.2318274092240694,0.0510827674770553,0.0,0.0,0.0,0.2534371361888774,0.0881599474555946,0.0979074312744294,0.0,0.2880552910213695,0.0,0.0,0.0
6884,3.439332693830263,2750.0000000000014,2,1,0,0,0,1,0,0,0,0,1,0,0,0.0,0.0,0.0,0.0,0.0,0.0,0.0,0.0120689655172413,0.0,0.0,0.0,0.0,0.0,0.0,0.0,0.0,0.0,1.0,59,0.9196241552503472,4,0.0,0.0,1.0,1.0,0.0,0.0,0.0,0.0,0.0,0.0,0.0,0.0,0.0,1.0,0.0,0.0,0.0,0.0,0.0,0.0,0.0,0.0,0.0,1.0,0.0,0.0,0.0,0.0,0.0,0.0,0.0,0.0,0.0,0.0,0.0,0.0,1.0,0.0120689655172413,0,0,0,0,0,0,0,0,0,0,0,0,0,0,0,0,0,0,0,0,0,0,0,0,0,0,0,0,0,0,0,0,0,0,0,0,0.0,0.0,0.0,0.0,0.0,0.0,0.0,0.0,0.0,0.0,0.2081074828488623,0.0,0.0,0.0,0.0,0.0,0.1115457530471355,0.0903391718987107,0.1020490177001414,0.0,0.4097656924657291,0.1186858319583125,0.1255145635209684,0.0,0.0,0.0,0.4231869141344493,0.1306732064997615,0.0,0.0,0.0,0.0,0.0813460902366805,0.0,0.0,0.0,0.0,0.0,0.0,0.0,0.0,0.0,0.1797488189183267,0.1250538628185488,0.0,0.0,0.6810051481652645,0.0,0.0,0.1158858988695598
6885,3.638489256954637,4349.999999999996,2,1,0,0,0,1,0,0,0,0,1,0,0,0.0,0.0,0.0,0.0,0.0,0.0,0.0,0.0120689655172413,0.0,0.0,0.0,0.0,0.0,0.0,0.0,0.0,0.0,1.0,59,0.9196241552503472,4,0.0,0.0,1.0,1.0,0.0,0.0,0.0,0.0,0.0,0.0,0.0,0.0,0.0,1.0,0.0,0.0,0.0,0.0,0.0,0.0,0.0,0.0,0.0,1.0,0.0,0.0,0.0,0.0,0.0,0.0,0.0,0.0,0.0,0.0,0.0,0.0,1.0,0.0120689655172413,0,0,0,0,0,0,0,0,0,0,0,0,0,0,0,0,0,0,0,0,0,0,0,0,0,0,0,0,0,0,0,0,0,0,0,0,0.0,0.0,0.0,0.0,0.0,0.0,0.0,0.0,0.0,0.0,0.1822721977188375,0.0,0.0,0.0,0.0,0.0,0.0976980225591886,0.0791241101793369,0.0893802494586994,0.0,0.4785276806200664,0.1039517038646865,0.2198653794232139,0.0,0.0,0.0,0.4447809823801004,0.1144509183697968,0.0,0.0,0.0,0.0,0.0712474652054813,0.0,0.0,0.0,0.0,0.0,0.0,0.0,0.0,0.0,0.1574340903705177,0.2190583644291243,0.0,0.0,0.5964624784975814,0.0,0.0,0.101499365531791
6886,3.439332693830263,2750.0000000000014,2,1,0,0,0,1,0,0,0,0,1,0,0,0.0,0.0,0.0,0.0,0.0,0.0,0.0,0.0120689655172413,0.0,0.0,0.0,0.0,0.0,0.0,0.0,0.0,0.0,1.0,59,0.9196241552503472,4,0.0,0.0,1.0,1.0,0.0,0.0,0.0,0.0,0.0,0.0,0.0,0.0,0.0,1.0,0.0,0.0,0.0,0.0,0.0,0.0,0.0,0.0,0.0,1.0,0.0,0.0,0.0,0.0,0.0,0.0,0.0,0.0,0.0,0.0,0.0,0.0,1.0,0.0120689655172413,0,0,0,0,0,0,0,0,0,0,0,0,0,0,0,0,0,0,0,0,0,0,0,0,0,0,0,0,0,0,0,0,0,0,0,0,0.0,0.0,0.0,0.0,0.0459324658089188,0.0,0.0,0.0,0.0,0.0299714653304188,0.1568453365427612,0.0,0.0,0.0683832874236488,0.041229761491943,0.0,0.0420346037948566,0.0340431723681412,0.0769117587985106,0.0,0.1029433397566979,0.3130767644937336,0.0472985730425687,0.0906448218427004,0.0483050432554372,0.0,0.0,0.098485084582286,0.0,0.0926794396695962,0.0,0.0,0.0306542434826238,0.0,0.7706501556611695,0.0,0.0,0.1982734080483073,0.0,0.0,0.0,0.0,0.2709442602492457,0.0471249638197591,0.1046707555903891,0.0,0.3079537944214325,0.0,0.0,0.0436701327600913
6887,3.638489256954637,4349.999999999996,2,1,0,0,0,1,0,0,0,0,1,0,0,0.0,0.0,0.0,0.0,0.0,0.0,0.0,0.0120689655172413,0.0,0.0,0.0,0.0,0.0,0.0,0.0,0.0,0.0,1.0,59,0.9196241552503472,4,0.0,0.0,1.0,1.0,0.0,0.0,0.0,0.0,0.0,0.0,0.0,0.0,0.0,1.0,0.0,0.0,0.0,0.0,0.0,0.0,0.0,0.0,0.0,1.0,0.0,0.0,0.0,0.0,0.0,0.0,0.0,0.0,0.0,0.0,0.0,0.0,1.0,0.0120689655172413,0,0,0,0,0,0,0,0,0,0,0,0,0,0,0,0,0,0,0,0,0,0,0,0,0,0,0,0,0,0,0,0,0,0,0,0,0.0,0.0,0.0,0.0,0.0435407523541587,0.0,0.0,0.0645501219218243,0.0,0.0568216892631804,0.1486783658583166,0.0,0.0,0.0648225548191278,0.0390829188707118,0.0,0.0398458528603891,0.0322705370009411,0.0729069468401693,0.0,0.146374586599684,0.29677478947834,0.089671452175846,0.0859249263137428,0.0915795783571248,0.0,0.0,0.0933569448723795,0.0,0.0878536011492014,0.0,0.0,0.0290580703773548,0.0,0.773494131119865,0.0,0.0,0.1879492686972212,0.0,0.0,0.0,0.0,0.2568361338659609,0.0893423134699818,0.0992205266497771,0.0,0.2919185735685789,0.0,0.0,0.0413962194777526
6888,3.728353782021229,5350.0000000000055,2,1,0,0,0,1,0,0,0,0,1,0,0,0.0,0.0,0.0,0.0,0.0,0.0,0.0,0.0120689655172413,0.0,0.0,0.0,0.0,0.0,0.0,0.0,0.0,0.0,1.0,59,0.9196241552503472,4,0.0,0.0,1.0,1.0,0.0,0.0,0.0,0.0,0.0,0.0,0.0,0.0,0.0,1.0,0.0,0.0,0.0,0.0,0.0,0.0,0.0,0.0,0.0,1.0,0.0,0.0,0.0,0.0,0.0,0.0,0.0,0.0,0.0,0.0,0.0,0.0,1.0,0.0120689655172413,0,0,0,0,0,0,0,0,0,0,0,0,0,0,0,0,0,0,0,0,0,0,0,0,0,0,0,0,0,0,0,0,0,0,0,0,0.535534494820447,0.0,0.0,0.0,0.0,0.0,0.0,0.0,0.0,0.0,0.1478270084770112,0.0,0.0,0.0,0.0,0.0,0.0792353775825012,0.0641715009343303,0.0724894693747527,0.0,0.3880971227911864,0.0843072591471619,0.0891579783273708,0.0,0.0,0.0,0.3607277625199846,0.0928223672715673,0.0,0.0,0.0,0.0,0.0577833579377957,0.0,0.0,0.0,0.0,0.0,0.0,0.0,0.0,0.0,0.1276827234380126,0.0888307243252098,0.0,0.0,0.5804939972321532,0.0,0.0,0.0823183554961255
6889,3.574031267727719,3750.0,2,1,0,0,0,1,0,0,0,0,1,0,0,0.0,0.0,0.0,0.0,0.0,0.0,0.0,0.0120689655172413,0.0,0.0,0.0,0.0,0.0,0.0,0.0,0.0,0.0,1.0,59,0.9196241552503472,4,0.0,0.0,1.0,1.0,0.0,0.0,0.0,0.0,0.0,0.0,0.0,0.0,0.0,1.0,0.0,0.0,0.0,0.0,0.0,0.0,0.0,0.0,0.0,1.0,0.0,0.0,0.0,0.0,0.0,0.0,0.0,0.0,0.0,0.0,0.0,0.0,1.0,0.0120689655172413,0,0,0,0,0,0,0,0,0,0,0,0,0,0,0,0,0,0,0,0,0,0,0,0,0,0,0,0,0,0,0,0,0,0,0,0,0.4931597790981075,0.0,0.0,0.0,0.0,0.0,0.0,0.0,0.0,0.0,0.136130044937067,0.0,0.0,0.0,0.0,0.0,0.0729657971302907,0.0590938651594773,0.0667536658227364,0.0,0.4467356752819507,0.0776363608684462,0.1642065238449372,0.0,0.0,0.0,0.3875489434064949,0.0854777023361629,0.0,0.0,0.0,0.0,0.0532111905241593,0.0,0.0,0.0,0.0,0.0,0.0,0.0,0.0,0.0,0.1175796970957899,0.1636038044572016,0.0,0.0,0.5345618148066602,0.0,0.0,0.0758048312570411
6890,3.728353782021229,5350.0000000000055,2,1,0,0,0,1,0,0,0,0,1,0,0,0.0,0.0,0.0,0.0,0.0,0.0,0.0,0.0120689655172413,0.0,0.0,0.0,0.0,0.0,0.0,0.0,0.0,0.0,1.0,59,0.9196241552503472,4,0.0,0.0,1.0,1.0,0.0,0.0,0.0,0.0,0.0,0.0,0.0,0.0,0.0,1.0,0.0,0.0,0.0,0.0,0.0,0.0,0.0,0.0,0.0,1.0,0.0,0.0,0.0,0.0,0.0,0.0,0.0,0.0,0.0,0.0,0.0,0.0,1.0,0.0120689655172413,0,0,0,0,0,0,0,0,0,0,0,0,0,0,0,0,0,0,0,0,0,0,0,0,0,0,0,0,0,0,0,0,0,0,0,0,0.2673530534449821,0.0,0.0,0.0,0.0432244656094932,0.0,0.0,0.0,0.0,0.0282044638715925,0.1475983432634608,0.0,0.0,0.064351673776975,0.0387990145164394,0.0,0.0395564064358735,0.0320361188399132,0.0723773395267262,0.0,0.145311299012901,0.2946189716068575,0.0445100324542045,0.0853007543883626,0.0454571650833147,0.0,0.0300141477672784,0.0926787856172196,0.0,0.0872154190321676,0.0,0.0,0.0288469880696547,0.0,0.7252156086917237,0.0,0.0,0.1865839762035369,0.0,0.0,0.0,0.0,0.2549704365525065,0.0443466585584498,0.0984997734316703,0.0,0.3380977039987352,0.0,0.0,0.0410955109508632
6891,3.574031267727719,3750.0,2,1,0,0,0,1,0,0,0,0,1,0,0,0.0,0.0,0.0,0.0,0.0,0.0,0.0,0.0120689655172413,0.0,0.0,0.0,0.0,0.0,0.0,0.0,0.0,0.0,1.0,59,0.9196241552503472,4,0.0,0.0,1.0,1.0,0.0,0.0,0.0,0.0,0.0,0.0,0.0,0.0,0.0,1.0,0.0,0.0,0.0,0.0,0.0,0.0,0.0,0.0,0.0,1.0,0.0,0.0,0.0,0.0,0.0,0.0,0.0,0.0,0.0,0.0,0.0,0.0,1.0,0.0120689655172413,0,0,0,0,0,0,0,0,0,0,0,0,0,0,0,0,0,0,0,0,0,0,0,0,0,0,0,0,0,0,0,0,0,0,0,0,0.2543736800593936,0.0,0.0,0.0,0.0411260176160664,0.0,0.0,0.0609702246227407,0.0,0.0536704045581108,0.1404327845252101,0.0,0.0,0.0612275486129779,0.0369154119545358,0.0,0.0376360342452153,0.0304808392465425,0.0688635868230706,0.0,0.1843423613225058,0.2803159008556929,0.0846983463180757,0.0811595997353196,0.0865006493721582,0.0,0.0285570302004431,0.0881794445850202,0.0,0.082981311831922,0.0,0.0,0.0274465334109885,0.0,0.7305967752603901,0.0,0.0,0.1775257550098455,0.0,0.0,0.0,0.0,0.2425922106236881,0.0843874613773334,0.0937178368826321,0.0,0.3216838411889999,0.0,0.0,0.0391004187900304
6892,3.728353782021229,5350.0000000000055,2,1,0,0,0,1,0,0,0,0,1,0,0,0.0,0.0,0.0,0.0,0.0,0.0,0.0,0.0120689655172413,0.0,0.0,0.0,0.0,0.0,0.0,0.0,0.0,0.0,1.0,59,0.9196241552503472,4,0.0,0.0,1.0,1.0,0.0,0.0,0.0,0.0,0.0,0.0,0.0,0.0,0.0,1.0,0.0,0.0,0.0,0.0,0.0,0.0,0.0,0.0,0.0,1.0,0.0,0.0,0.0,0.0,0.0,0.0,0.0,0.0,0.0,0.0,0.0,0.0,1.0,0.0120689655172413,0,0,0,0,0,0,0,0,0,0,0,0,0,0,0,0,0,0,0,0,0,0,0,0,0,0,0,0,0,0,0,0,0,0,0,0,0.0,0.0,0.0,0.0,0.0,0.0,0.0,0.0,0.0,0.0,0.2901645063598079,0.0,0.0,0.0,0.0,0.0,0.1036855824896385,0.0839733419163998,0.0948580430333678,0.0,0.3808911890139439,0.1103225293988994,0.1166700683270751,0.0745303496320803,0.0,0.0,0.4720400068533113,0.121465202946734,0.0,0.0,0.0,0.0,0.0756139657408634,0.0,0.0,0.0,0.1247072086579021,0.0,0.0,0.0,0.0,0.0,0.167082658749865,0.1162418313088214,0.0,0.0,0.6330175155670913,0.0,0.0,0.107719896081998
6893,3.574031267727719,3750.0,2,1,0,0,0,1,0,0,0,0,1,0,0,0.0,0.0,0.0,0.0,0.0,0.0,0.0,0.0120689655172413,0.0,0.0,0.0,0.0,0.0,0.0,0.0,0.0,0.0,1.0,59,0.9196241552503472,4,0.0,0.0,1.0,1.0,0.0,0.0,0.0,0.0,0.0,0.0,0.0,0.0,0.0,1.0,0.0,0.0,0.0,0.0,0.0,0.0,0.0,0.0,0.0,1.0,0.0,0.0,0.0,0.0,0.0,0.0,0.0,0.0,0.0,0.0,0.0,0.0,1.0,0.0120689655172413,0,0,0,0,0,0,0,0,0,0,0,0,0,0,0,0,0,0,0,0,0,0,0,0,0,0,0,0,0,0,0,0,0,0,0,0,0.0,0.0,0.0,0.0,0.0,0.0,0.0,0.0,0.0,0.0,0.2655240133626902,0.0,0.0,0.0,0.0,0.0,0.0948807017642546,0.0768424058505329,0.0868027885351293,0.0,0.4647283635996457,0.1009540454751385,0.2135251149090595,0.0682013034602347,0.0,0.0,0.431954819904893,0.1111504938179367,0.0,0.0,0.0,0.0,0.0691928999230762,0.0,0.0,0.0,0.1141171914977234,0.0,0.0,0.0,0.0,0.0,0.1528941588036975,0.2127413718304613,0.0,0.0,0.5792622721878676,0.0,0.0,0.098572425296004
6894,3.728353782021229,5350.0000000000055,2,1,0,0,0,1,0,0,0,0,1,0,0,0.0,0.0,0.0,0.0,0.0,0.0,0.0,0.0120689655172413,0.0,0.0,0.0,0.0,0.0,0.0,0.0,0.0,0.0,1.0,59,0.9196241552503472,4,0.0,0.0,1.0,1.0,0.0,0.0,0.0,0.0,0.0,0.0,0.0,0.0,0.0,1.0,0.0,0.0,0.0,0.0,0.0,0.0,0.0,0.0,0.0,1.0,0.0,0.0,0.0,0.0,0.0,0.0,0.0,0.0,0.0,0.0,0.0,0.0,1.0,0.0120689655172413,0,0,0,0,0,0,0,0,0,0,0,0,0,0,0,0,0,0,0,0,0,0,0,0,0,0,0,0,0,0,0,0,0,0,0,0,0.0,0.0,0.0,0.0,0.0453954008550483,0.0,0.0,0.0,0.0,0.0296210242347442,0.1937642797749899,0.0,0.0,0.0675837164348306,0.0407476828670793,0.0,0.0415431145584206,0.0336451228736168,0.0760124687328943,0.0,0.1017396756588961,0.3094161171690235,0.0467455348918427,0.1194466107437478,0.0477402369605691,0.0,0.0315215989372235,0.0973335485940341,0.0,0.0915957861335992,0.0,0.0,0.0302958190093891,0.0,0.761639335470887,0.0,0.0499657303468764,0.1959550979625784,0.0,0.0,0.0,0.0,0.2677762468611209,0.0465739555933492,0.1034468936980926,0.0,0.3043530473793897,0.0,0.0,0.0431595201155648
6895,3.5118833609788744,3250.0000000000005,2,1,0,0,0,1,0,0,0,0,1,0,0,0.0,0.0,0.0,0.0,0.0,0.0,0.0,0.0120689655172413,0.0,0.0,0.0,0.0,0.0,0.0,0.0,0.0,0.0,1.0,59,0.9196241552503472,4,0.0,0.0,1.0,1.0,0.0,0.0,0.0,0.0,0.0,0.0,0.0,0.0,0.0,1.0,0.0,0.0,0.0,0.0,0.0,0.0,0.0,0.0,0.0,1.0,0.0,0.0,0.0,0.0,0.0,0.0,0.0,0.0,0.0,0.0,0.0,0.0,1.0,0.0120689655172413,0,0,0,0,0,0,0,0,0,0,0,0,0,0,0,0,0,0,0,0,0,0,0,0,0,0,0,0,0,0,0,0,0,0,0,0,0.0,0.0,0.0,0.0,0.0445138445010404,0.0,0.0,0.0659927524076611,0.0,0.058091597030157,0.1900014727769676,0.0,0.0,0.0662712739069888,0.0399563829101239,0.0,0.0407363677093027,0.0329917511378914,0.0745363439816386,0.0,0.1496459118070355,0.3034074083794751,0.0916755191979782,0.1171270163204695,0.0936262900856957,0.0,0.0309094649917534,0.0954433789599959,0.0,0.0898170410240615,0.0,0.0,0.0297074891071402,0.0,0.7468486742364894,0.0,0.0489954204423426,0.1921497463530455,0.0,0.0,0.0,0.0,0.2625761638697499,0.0913390245721403,0.1014380059093688,0.0,0.2984426609145651,0.0,0.0,0.0423213834656584
6896,3.685741738602264,4850.000000000004,2,1,0,0,0,1,0,0,0,0,1,0,0,0.0,0.0,0.0,0.0,0.0,0.0,0.0,0.0120689655172413,0.0,0.0,0.0,0.0,0.0,0.0,0.0,0.0,0.0,1.0,59,0.9196241552503472,4,0.0,0.0,1.0,1.0,0.0,0.0,0.0,0.0,0.0,0.0,0.0,0.0,0.0,1.0,0.0,0.0,0.0,0.0,0.0,0.0,0.0,0.0,0.0,1.0,0.0,0.0,0.0,0.0,0.0,0.0,0.0,0.0,0.0,0.0,0.0,0.0,1.0,0.0120689655172413,0,0,0,0,0,0,0,0,0,0,0,0,0,0,0,0,0,0,0,0,0,0,0,0,0,0,0,0,0,0,0,0,0,0,0,0,0.0,0.0,0.0,0.0,0.0437177736531162,0.0,0.0,0.0,0.0,0.0285263530771094,0.149282839507211,0.0,0.0,0.0976291505994846,0.0392418161954359,0.0,0.0400078520048698,0.032401737590483,0.0732033606992524,0.0,0.0979797959312976,0.2979813708048176,0.0450180122920573,0.0862742666729807,0.0459759542657766,0.0,0.0303566903599354,0.0937365011904145,0.0,0.0882107828181591,0.0,0.0,0.0291762102138363,0.0,0.7766388846765594,0.0,0.0,0.2358917549339569,0.0519783390039056,0.0,0.0,0.0,0.257880338744792,0.0448527738583434,0.0996239222174038,0.0,0.2931054112387831,0.0,0.0,0.0415645218645437
6897,3.544068044350276,3500.0000000000036,2,1,0,0,0,1,0,0,0,0,1,0,0,0.0,0.0,0.0,0.0,0.0,0.0,0.0,0.0120689655172413,0.0,0.0,0.0,0.0,0.0,0.0,0.0,0.0,0.0,1.0,59,0.9196241552503472,4,0.0,0.0,1.0,1.0,0.0,0.0,0.0,0.0,0.0,0.0,0.0,0.0,0.0,1.0,0.0,0.0,0.0,0.0,0.0,0.0,0.0,0.0,0.0,1.0,0.0,0.0,0.0,0.0,0.0,0.0,0.0,0.0,0.0,0.0,0.0,0.0,1.0,0.0120689655172413,0,0,0,0,0,0,0,0,0,0,0,0,0,0,0,0,0,0,0,0,0,0,0,0,0,0,0,0,0,0,0,0,0,0,0,0,0.0,0.0,0.0,0.0,0.0429287289483312,0.0,0.0,0.0636427837770023,0.0,0.0560229845576472,0.1465884929249017,0.0,0.0,0.0958670808993113,0.0385335562661713,0.0,0.0392857662000265,0.0318169315188275,0.0718821423638786,0.0,0.1443170963595371,0.2926032235866236,0.0884110001946823,0.0847171367555774,0.0902923051149338,0.0,0.0298087945321798,0.0920446883708451,0.0,0.0866187014912397,0.0,0.0,0.0286496204026169,0.0,0.762621638410851,0.0,0.0,0.2316342384920182,0.0510402026413365,0.0,0.0,0.0,0.2532259591011878,0.0880864879727638,0.0978258496778622,0.0,0.2878152682750339,0.0,0.0,0.0408143403446802
6898,3.5118833609788744,3250.0000000000005,2,1,0,0,0,1,0,0,0,0,1,0,0,0.0,0.0,0.0,0.0,0.0,0.0,0.0,0.0120689655172413,0.0,0.0,0.0,0.0,0.0,0.0,0.0,0.0,0.0,1.0,59,0.9196241552503472,4,0.0,0.0,1.0,1.0,0.0,0.0,0.0,0.0,0.0,0.0,0.0,0.0,0.0,1.0,0.0,0.0,0.0,0.0,0.0,0.0,0.0,0.0,0.0,1.0,0.0,0.0,0.0,0.0,0.0,0.0,0.0,0.0,0.0,0.0,0.0,0.0,1.0,0.0120689655172413,0,0,0,0,0,0,0,0,0,0,0,0,0,0,0,0,0,0,0,0,0,0,0,0,0,0,0,0,0,0,0,0,0,0,0,0,0.0,0.0,0.0,0.0,0.0,0.0,0.0,0.0,0.0,0.0,0.2081074828488623,0.0,0.0,0.0,0.0,0.0,0.1115457530471355,0.0903391718987107,0.1020490177001414,0.0,0.4097656924657291,0.1186858319583125,0.1255145635209684,0.0,0.0,0.0,0.4231869141344493,0.1306732064997615,0.0,0.0,0.0,0.0,0.0813460902366805,0.0,0.0,0.0,0.0,0.0,0.0,0.0,0.0,0.0,0.1797488189183267,0.1250538628185488,0.0,0.0,0.6810051481652645,0.0,0.0,0.1158858988695598
6899,3.685741738602264,4850.000000000004,2,1,0,0,0,1,0,0,0,0,1,0,0,0.0,0.0,0.0,0.0,0.0,0.0,0.0,0.0120689655172413,0.0,0.0,0.0,0.0,0.0,0.0,0.0,0.0,0.0,1.0,59,0.9196241552503472,4,0.0,0.0,1.0,1.0,0.0,0.0,0.0,0.0,0.0,0.0,0.0,0.0,0.0,1.0,0.0,0.0,0.0,0.0,0.0,0.0,0.0,0.0,0.0,1.0,0.0,0.0,0.0,0.0,0.0,0.0,0.0,0.0,0.0,0.0,0.0,0.0,1.0,0.0120689655172413,0,0,0,0,0,0,0,0,0,0,0,0,0,0,0,0,0,0,0,0,0,0,0,0,0,0,0,0,0,0,0,0,0,0,0,0,0.0,0.0,0.0,0.0,0.0,0.0,0.0,0.0,0.0,0.0,0.2081074828488623,0.0,0.0,0.0,0.0,0.0,0.1115457530471355,0.0903391718987107,0.1020490177001414,0.0,0.4097656924657291,0.1186858319583125,0.1255145635209684,0.0,0.0,0.0,0.4231869141344493,0.1306732064997615,0.0,0.0,0.0,0.0,0.0813460902366805,0.0,0.0,0.0,0.0,0.0,0.0,0.0,0.0,0.0,0.1797488189183267,0.1250538628185488,0.0,0.0,0.6810051481652645,0.0,0.0,0.1158858988695598
6900,3.5118833609788744,3250.0000000000005,2,1,0,0,0,1,0,0,0,0,1,0,0,0.0,0.0,0.0,0.0,0.0,0.0,0.0,0.0120689655172413,0.0,0.0,0.0,0.0,0.0,0.0,0.0,0.0,0.0,1.0,59,0.9196241552503472,4,0.0,0.0,1.0,1.0,0.0,0.0,0.0,0.0,0.0,0.0,0.0,0.0,0.0,1.0,0.0,0.0,0.0,0.0,0.0,0.0,0.0,0.0,0.0,1.0,0.0,0.0,0.0,0.0,0.0,0.0,0.0,0.0,0.0,0.0,0.0,0.0,1.0,0.0120689655172413,0,0,0,0,0,0,0,0,0,0,0,0,0,0,0,0,0,0,0,0,0,0,0,0,0,0,0,0,0,0,0,0,0,0,0,0,0.0,0.0,0.0,0.0,0.0,0.0,0.0,0.0,0.0,0.0,0.1810744652091014,0.0,0.0,0.0,0.0,0.0,0.0970560371153275,0.0786041761452287,0.0887929211011946,0.0,0.4753832177394939,0.1032686247296379,0.2184206175999826,0.0,0.0,0.0,0.4418582731080547,0.1136988476348396,0.0,0.0,0.0,0.0,0.0707792895518113,0.0,0.0,0.0,0.0,0.1144511278400204,0.0,0.0,0.0,0.0,0.1563995720482645,0.2176189055983755,0.0,0.0,0.5925430518912467,0.0,0.0,0.1008324010065564
6901,3.685741738602264,4850.000000000004,2,1,0,0,0,1,0,0,0,0,1,0,0,0.0,0.0,0.0,0.0,0.0,0.0,0.0,0.0120689655172413,0.0,0.0,0.0,0.0,0.0,0.0,0.0,0.0,0.0,1.0,59,0.9196241552503472,4,0.0,0.0,1.0,1.0,0.0,0.0,0.0,0.0,0.0,0.0,0.0,0.0,0.0,1.0,0.0,0.0,0.0,0.0,0.0,0.0,0.0,0.0,0.0,1.0,0.0,0.0,0.0,0.0,0.0,0.0,0.0,0.0,0.0,0.0,0.0,0.0,1.0,0.0120689655172413,0,0,0,0,0,0,0,0,0,0,0,0,0,0,0,0,0,0,0,0,0,0,0,0,0,0,0,0,0,0,0,0,0,0,0,0,0.0,0.0,0.0,0.0,0.0459324658089188,0.0,0.0,0.0,0.0,0.0299714653304188,0.1568453365427612,0.0,0.0,0.0683832874236488,0.041229761491943,0.0,0.0420346037948566,0.0340431723681412,0.0769117587985106,0.0,0.1029433397566979,0.3130767644937336,0.0472985730425687,0.0906448218427004,0.0483050432554372,0.0,0.0,0.098485084582286,0.0,0.0926794396695962,0.0,0.0,0.0306542434826238,0.0,0.7706501556611695,0.0,0.0,0.1982734080483073,0.0,0.0,0.0,0.0,0.2709442602492457,0.0471249638197591,0.1046707555903891,0.0,0.3079537944214325,0.0,0.0,0.0436701327600913
6902,3.767155866082181,5850.000000000006,2,1,0,0,0,1,0,0,0,0,1,0,0,0.0,0.0,0.0,0.0,0.0,0.0,0.0,0.0120689655172413,0.0,0.0,0.0,0.0,0.0,0.0,0.0,0.0,0.0,1.0,59,0.9196241552503472,4,0.0,0.0,1.0,1.0,0.0,0.0,0.0,0.0,0.0,0.0,0.0,0.0,0.0,1.0,0.0,0.0,0.0,0.0,0.0,0.0,0.0,0.0,0.0,1.0,0.0,0.0,0.0,0.0,0.0,0.0,0.0,0.0,0.0,0.0,0.0,0.0,1.0,0.0120689655172413,0,0,0,0,0,0,0,0,0,0,0,0,0,0,0,0,0,0,0,0,0,0,0,0,0,0,0,0,0,0,0,0,0,0,0,0,0.054203167349103,0.0,0.0,0.0,0.0438166483011395,0.0,0.0,0.0649591437244447,0.0,0.0571817398576396,0.149620466220074,0.0,0.0,0.0652333028926124,0.0393305677589282,0.0,0.0400983360792999,0.0324750192361821,0.0733689216580672,0.0,0.1473020890657729,0.298655302725267,0.0902396552701327,0.0864693895495124,0.0921598722916308,0.0,0.0,0.093948501088572,0.0,0.0884102854317232,0.0,0.0,0.0292421968200719,0.0,0.778395376143231,0.0,0.0,0.1418551568306089,0.0,0.0,0.0,0.0,0.2584635758494037,0.0899084309770879,0.0998492374478202,0.0,0.2937683154067744,0.0,0.0,0.041658526593655
6903,3.628388930050312,4250.000000000005,2,1,0,0,0,1,0,0,0,0,1,0,0,0.0,0.0,0.0,0.0,0.0,0.0,0.0,0.0120689655172413,0.0,0.0,0.0,0.0,0.0,0.0,0.0,0.0,0.0,1.0,59,0.9196241552503472,4,0.0,0.0,1.0,1.0,0.0,0.0,0.0,0.0,0.0,0.0,0.0,0.0,0.0,1.0,0.0,0.0,0.0,0.0,0.0,0.0,0.0,0.0,0.0,1.0,0.0,0.0,0.0,0.0,0.0,0.0,0.0,0.0,0.0,0.0,0.0,0.0,1.0,0.0120689655172413,0,0,0,0,0,0,0,0,0,0,0,0,0,0,0,0,0,0,0,0,0,0,0,0,0,0,0,0,0,0,0,0,0,0,0,0,0.535534494820447,0.0,0.0,0.0,0.0,0.0,0.0,0.0,0.0,0.0,0.1478270084770112,0.0,0.0,0.0,0.0,0.0,0.0792353775825012,0.0641715009343303,0.0724894693747527,0.0,0.3880971227911864,0.0843072591471619,0.0891579783273708,0.0,0.0,0.0,0.3607277625199846,0.0928223672715673,0.0,0.0,0.0,0.0,0.0577833579377957,0.0,0.0,0.0,0.0,0.0,0.0,0.0,0.0,0.0,0.1276827234380126,0.0888307243252098,0.0,0.0,0.5804939972321532,0.0,0.0,0.0823183554961255
6904,3.767155866082181,5850.000000000006,2,1,0,0,0,1,0,0,0,0,1,0,0,0.0,0.0,0.0,0.0,0.0,0.0,0.0,0.0120689655172413,0.0,0.0,0.0,0.0,0.0,0.0,0.0,0.0,0.0,1.0,59,0.9196241552503472,4,0.0,0.0,1.0,1.0,0.0,0.0,0.0,0.0,0.0,0.0,0.0,0.0,0.0,1.0,0.0,0.0,0.0,0.0,0.0,0.0,0.0,0.0,0.0,1.0,0.0,0.0,0.0,0.0,0.0,0.0,0.0,0.0,0.0,0.0,0.0,0.0,1.0,0.0120689655172413,0,0,0,0,0,0,0,0,0,0,0,0,0,0,0,0,0,0,0,0,0,0,0,0,0,0,0,0,0,0,0,0,0,0,0,0,0.4913443133938459,0.0,0.0,0.0,0.0,0.0,0.0,0.0,0.0,0.0,0.1356289103385504,0.0,0.0,0.0,0.0,0.0,0.0726971886429635,0.0588763233199431,0.0665079260116825,0.0,0.4450911103118963,0.0773505586669405,0.1636020314976463,0.0,0.0,0.0,0.3861222621455777,0.0851630338582222,0.0,0.0,0.0,0.0,0.053015304534316,0.0,0.0,0.0,0.0,0.0857265089146312,0.0,0.0,0.0,0.0,0.1171468517652456,0.163001530896649,0.0,0.0,0.5325939360729887,0.0,0.0,0.0755257714529018
6905,3.628388930050312,4250.000000000005,2,1,0,0,0,1,0,0,0,0,1,0,0,0.0,0.0,0.0,0.0,0.0,0.0,0.0,0.0120689655172413,0.0,0.0,0.0,0.0,0.0,0.0,0.0,0.0,0.0,1.0,59,0.9196241552503472,4,0.0,0.0,1.0,1.0,0.0,0.0,0.0,0.0,0.0,0.0,0.0,0.0,0.0,1.0,0.0,0.0,0.0,0.0,0.0,0.0,0.0,0.0,0.0,1.0,0.0,0.0,0.0,0.0,0.0,0.0,0.0,0.0,0.0,0.0,0.0,0.0,1.0,0.0120689655172413,0,0,0,0,0,0,0,0,0,0,0,0,0,0,0,0,0,0,0,0,0,0,0,0,0,0,0,0,0,0,0,0,0,0,0,0,0.2673530534449821,0.0,0.0,0.0,0.0432244656094932,0.0,0.0,0.0,0.0,0.0282044638715925,0.1475983432634608,0.0,0.0,0.064351673776975,0.0387990145164394,0.0,0.0395564064358735,0.0320361188399132,0.0723773395267262,0.0,0.145311299012901,0.2946189716068575,0.0445100324542045,0.0853007543883626,0.0454571650833147,0.0,0.0300141477672784,0.0926787856172196,0.0,0.0872154190321676,0.0,0.0,0.0288469880696547,0.0,0.7252156086917237,0.0,0.0,0.1865839762035369,0.0,0.0,0.0,0.0,0.2549704365525065,0.0443466585584498,0.0984997734316703,0.0,0.3380977039987352,0.0,0.0,0.0410955109508632
6906,3.767155866082181,5850.000000000006,2,1,0,0,0,1,0,0,0,0,1,0,0,0.0,0.0,0.0,0.0,0.0,0.0,0.0,0.0120689655172413,0.0,0.0,0.0,0.0,0.0,0.0,0.0,0.0,0.0,1.0,59,0.9196241552503472,4,0.0,0.0,1.0,1.0,0.0,0.0,0.0,0.0,0.0,0.0,0.0,0.0,0.0,1.0,0.0,0.0,0.0,0.0,0.0,0.0,0.0,0.0,0.0,1.0,0.0,0.0,0.0,0.0,0.0,0.0,0.0,0.0,0.0,0.0,0.0,0.0,1.0,0.0120689655172413,0,0,0,0,0,0,0,0,0,0,0,0,0,0,0,0,0,0,0,0,0,0,0,0,0,0,0,0,0,0,0,0,0,0,0,0,0.2073803187134122,0.0,0.0,0.0,0.0419104220936001,0.0,0.0,0.0621331214934464,0.0,0.0546940705507543,0.1431112861492298,0.0,0.0,0.0623953534738518,0.0376195067370033,0.0,0.038353873595822,0.0310622061809046,0.0701770353156361,0.0,0.1878583587859708,0.2856624201760851,0.0863138142369934,0.082707572457151,0.0881504929653435,0.0,0.0291017039532828,0.0898613081635618,0.0,0.0845640304204378,0.0,0.0,0.027970026444069,0.0,0.744531588670625,0.0,0.0,0.1356838035183546,0.0,0.0,0.0,0.0,0.2472192187139067,0.0859969997277284,0.0955053352872136,0.0,0.3278193792256395,0.0,0.0,0.0398461886299081
6907,3.628388930050312,4250.000000000005,2,1,0,0,0,1,0,0,0,0,1,0,0,0.0,0.0,0.0,0.0,0.0,0.0,0.0,0.0120689655172413,0.0,0.0,0.0,0.0,0.0,0.0,0.0,0.0,0.0,1.0,59,0.9196241552503472,4,0.0,0.0,1.0,1.0,0.0,0.0,0.0,0.0,0.0,0.0,0.0,0.0,0.0,1.0,0.0,0.0,0.0,0.0,0.0,0.0,0.0,0.0,0.0,1.0,0.0,0.0,0.0,0.0,0.0,0.0,0.0,0.0,0.0,0.0,0.0,0.0,1.0,0.0120689655172413,0,0,0,0,0,0,0,0,0,0,0,0,0,0,0,0,0,0,0,0,0,0,0,0,0,0,0,0,0,0,0,0,0,0,0,0,0.0,0.0,0.0,0.0,0.0,0.0,0.0,0.0,0.0,0.0,0.2901645063598079,0.0,0.0,0.0,0.0,0.0,0.1036855824896385,0.0839733419163998,0.0948580430333678,0.0,0.3808911890139439,0.1103225293988994,0.1166700683270751,0.0745303496320803,0.0,0.0,0.4720400068533113,0.121465202946734,0.0,0.0,0.0,0.0,0.0756139657408634,0.0,0.0,0.0,0.1247072086579021,0.0,0.0,0.0,0.0,0.0,0.167082658749865,0.1162418313088214,0.0,0.0,0.6330175155670913,0.0,0.0,0.107719896081998
6908,3.767155866082181,5850.000000000006,2,1,0,0,0,1,0,0,0,0,1,0,0,0.0,0.0,0.0,0.0,0.0,0.0,0.0,0.0120689655172413,0.0,0.0,0.0,0.0,0.0,0.0,0.0,0.0,0.0,1.0,59,0.9196241552503472,4,0.0,0.0,1.0,1.0,0.0,0.0,0.0,0.0,0.0,0.0,0.0,0.0,0.0,1.0,0.0,0.0,0.0,0.0,0.0,0.0,0.0,0.0,0.0,1.0,0.0,0.0,0.0,0.0,0.0,0.0,0.0,0.0,0.0,0.0,0.0,0.0,1.0,0.0120689655172413,0,0,0,0,0,0,0,0,0,0,0,0,0,0,0,0,0,0,0,0,0,0,0,0,0,0,0,0,0,0,0,0,0,0,0,0,0.0,0.0,0.0,0.0,0.0,0.0,0.0,0.0,0.0,0.0,0.2638774808289356,0.0,0.0,0.0,0.0,0.0,0.0942923400552632,0.0763659008459477,0.0862645185175377,0.0,0.4618465512907147,0.1003280225471787,0.2122010310944961,0.0677783825214857,0.0,0.0,0.4292762385778097,0.1104612420177082,0.0,0.0,0.0,0.0,0.0687638300269665,0.0,0.0,0.0,0.113409543002651,0.1111921008393956,0.0,0.0,0.0,0.0,0.1519460516871202,0.2114221480602331,0.0,0.0,0.5756702272927374,0.0,0.0,0.0979611709573643
6909,3.574031267727719,3750.0,2,1,0,0,0,1,0,0,0,0,1,0,0,0.0,0.0,0.0,0.0,0.0,0.0,0.0,0.0120689655172413,0.0,0.0,0.0,0.0,0.0,0.0,0.0,0.0,0.0,1.0,59,0.9196241552503472,4,0.0,0.0,1.0,1.0,0.0,0.0,0.0,0.0,0.0,0.0,0.0,0.0,0.0,1.0,0.0,0.0,0.0,0.0,0.0,0.0,0.0,0.0,0.0,1.0,0.0,0.0,0.0,0.0,0.0,0.0,0.0,0.0,0.0,0.0,0.0,0.0,1.0,0.0120689655172413,0,0,0,0,0,0,0,0,0,0,0,0,0,0,0,0,0,0,0,0,0,0,0,0,0,0,0,0,0,0,0,0,0,0,0,0,0.0,0.0,0.0,0.0,0.0453954008550483,0.0,0.0,0.0,0.0,0.0296210242347442,0.1937642797749899,0.0,0.0,0.0675837164348306,0.0407476828670793,0.0,0.0415431145584206,0.0336451228736168,0.0760124687328943,0.0,0.1017396756588961,0.3094161171690235,0.0467455348918427,0.1194466107437478,0.0477402369605691,0.0,0.0315215989372235,0.0973335485940341,0.0,0.0915957861335992,0.0,0.0,0.0302958190093891,0.0,0.761639335470887,0.0,0.0499657303468764,0.1959550979625784,0.0,0.0,0.0,0.0,0.2677762468611209,0.0465739555933492,0.1034468936980926,0.0,0.3043530473793897,0.0,0.0,0.0431595201155648
6910,3.728353782021229,5350.0000000000055,2,1,0,0,0,1,0,0,0,0,1,0,0,0.0,0.0,0.0,0.0,0.0,0.0,0.0,0.0120689655172413,0.0,0.0,0.0,0.0,0.0,0.0,0.0,0.0,0.0,1.0,59,0.9196241552503472,4,0.0,0.0,1.0,1.0,0.0,0.0,0.0,0.0,0.0,0.0,0.0,0.0,0.0,1.0,0.0,0.0,0.0,0.0,0.0,0.0,0.0,0.0,0.0,1.0,0.0,0.0,0.0,0.0,0.0,0.0,0.0,0.0,0.0,0.0,0.0,0.0,1.0,0.0120689655172413,0,0,0,0,0,0,0,0,0,0,0,0,0,0,0,0,0,0,0,0,0,0,0,0,0,0,0,0,0,0,0,0,0,0,0,0,0.0,0.0,0.0,0.0,0.0445138445010404,0.0,0.0,0.0659927524076611,0.0,0.058091597030157,0.1900014727769676,0.0,0.0,0.0662712739069888,0.0399563829101239,0.0,0.0407363677093027,0.0329917511378914,0.0745363439816386,0.0,0.1496459118070355,0.3034074083794751,0.0916755191979782,0.1171270163204695,0.0936262900856957,0.0,0.0309094649917534,0.0954433789599959,0.0,0.0898170410240615,0.0,0.0,0.0297074891071402,0.0,0.7468486742364894,0.0,0.0489954204423426,0.1921497463530455,0.0,0.0,0.0,0.0,0.2625761638697499,0.0913390245721403,0.1014380059093688,0.0,0.2984426609145651,0.0,0.0,0.0423213834656584
6911,3.6020599913279625,4000.000000000001,2,1,0,0,0,1,0,0,0,0,1,0,0,0.0,0.0,0.0,0.0,0.0,0.0,0.0,0.0120689655172413,0.0,0.0,0.0,0.0,0.0,0.0,0.0,0.0,0.0,1.0,59,0.9196241552503472,4,0.0,0.0,1.0,1.0,0.0,0.0,0.0,0.0,0.0,0.0,0.0,0.0,0.0,1.0,0.0,0.0,0.0,0.0,0.0,0.0,0.0,0.0,0.0,1.0,0.0,0.0,0.0,0.0,0.0,0.0,0.0,0.0,0.0,0.0,0.0,0.0,1.0,0.0120689655172413,0,0,0,0,0,0,0,0,0,0,0,0,0,0,0,0,0,0,0,0,0,0,0,0,0,0,0,0,0,0,0,0,0,0,0,0,0.0,0.0,0.0,0.0,0.0437177736531162,0.0,0.0,0.0,0.0,0.0285263530771094,0.149282839507211,0.0,0.0,0.0976291505994846,0.0392418161954359,0.0,0.0400078520048698,0.032401737590483,0.0732033606992524,0.0,0.0979797959312976,0.2979813708048176,0.0450180122920573,0.0862742666729807,0.0459759542657766,0.0,0.0303566903599354,0.0937365011904145,0.0,0.0882107828181591,0.0,0.0,0.0291762102138363,0.0,0.7766388846765594,0.0,0.0,0.2358917549339569,0.0519783390039056,0.0,0.0,0.0,0.257880338744792,0.0448527738583434,0.0996239222174038,0.0,0.2931054112387831,0.0,0.0,0.0415645218645437
6912,2.3906407699305383,245.83333333333343,1,0,0,0,0,1,0,0,0,0,0,0,0,0.0,0.0,0.0,1.0,0.0,0.0,0.0,0.0,0.0,0.0,0.0,0.0,0.0,0.0,1.0,0.0,0.0,1.0,249,1.0,4,0.0,0.0,0.0,1.0,0.0,0.0,0.0,0.0,0.0,0.0,0.0,0.0,0.0,0.0,0.0,0.0,0.0,0.0,0.0,0.0,0.0,1.0,1.0,1.0,0.0,0.0,0.0,0.0,0.0,0.0,0.0,0.0,0.0,0.0,0.0,0.0,1.0,1.0,0,0,0,0,0,0,0,0,0,0,0,0,0,0,0,0,0,0,0,0,0,0,0,0,0,0,0,0,0,0,0,0,0,0,0,0,0.0,0.1715455476573645,0.0,0.0535793934473646,0.0,0.1592666530758703,0.0,0.0,0.0,0.1082592748129416,0.0472114676540847,0.0546114457151603,0.0,0.0,0.0,0.0,0.0,0.0819777325371863,0.0463018804737581,0.1587641498238509,0.0,0.2154014738842395,0.0,0.1818978776063343,0.1744815909061971,0.0,0.1152055180416576,0.1185786071210029,0.0570816612968791,0.0,0.0,0.0,0.0,0.0,0.4912321028170242,0.0557100680534633,0.0,0.1790447608530408,0.0,0.0,0.0562623790683718,0.0,0.0,0.0567396839234657,0.0,0.0,0.0,0.6759443643392691,0.0,0.1051599546762701
6913,2.615423952885944,412.5000000000003,1,0,0,0,0,1,0,0,0,0,0,0,0,0.0,0.0,0.0,1.0,0.0,0.0,0.0,0.0,0.0,0.0,0.0,0.0,0.0,0.0,1.0,0.0,0.0,1.0,249,1.0,5,0.0,0.0,0.0,1.0,0.0,0.0,0.0,0.0,0.0,0.0,0.0,1.0,0.0,0.0,0.0,0.0,0.0,0.0,0.0,0.0,0.0,1.0,1.0,1.0,0.0,0.0,0.0,0.0,0.0,0.0,0.0,0.0,0.0,0.0,0.0,0.0,1.0,1.0,0,0,0,0,0,0,0,0,0,0,0,0,0,0,0,0,0,0,0,0,0,0,0,0,0,0,0,0,0,0,0,0,0,0,0,0,0.0,0.171812374295852,0.0,0.0536627323019195,0.0,0.1595143807857627,0.0,0.0,0.0,0.1084276642510699,0.0472849016626277,0.0546963898520505,0.0,0.0,0.0,0.0,0.0,0.082105242945369,0.0463738996855137,0.159011095926436,0.0,0.2157365152303232,0.0,0.1821808065420747,0.1747529843466869,0.0,0.1153847118565601,0.1187630475309506,0.0571704476746728,0.0,0.0,0.0,0.0,0.0,0.4919961786703573,0.0,0.0,0.179323251972919,0.0,0.0,0.0563498911121709,0.0,0.0,0.0568279383802959,0.0,0.0,0.0,0.6769957466980898,0.0,0.1053235233470572
6914,2.9186418346981005,829.1666666666663,1,0,0,0,0,1,0,0,0,0,0,0,0,0.0,0.0,0.0,1.0,0.0,0.0,0.0,0.0,0.0,0.0,0.0,0.0,0.0,0.0,0.0,0.0,0.0,1.0,249,1.0,5,0.0,0.0,0.0,1.0,0.0,0.0,0.0,0.0,0.0,0.0,0.0,1.0,0.0,0.0,0.0,0.0,0.0,0.0,0.0,0.0,0.0,1.0,1.0,1.0,0.0,0.0,0.0,0.0,0.0,0.0,0.0,0.0,0.0,0.0,0.0,0.0,1.0,1.0,0,0,0,0,0,0,0,0,0,0,0,0,0,0,0,0,0,0,0,0,0,0,0,0,0,0,0,0,0,0,0,0,0,0,0,0,0.0,0.171812374295852,0.0,0.0536627323019195,0.0,0.1595143807857627,0.0,0.0,0.0,0.1084276642510699,0.0472849016626277,0.0546963898520505,0.0,0.0,0.0,0.0,0.0,0.082105242945369,0.0463738996855137,0.159011095926436,0.0,0.2157365152303232,0.0,0.1821808065420747,0.1747529843466869,0.0,0.1153847118565601,0.1187630475309506,0.0571704476746728,0.0,0.0,0.0,0.0,0.0,0.4919961786703573,0.0,0.0,0.179323251972919,0.0,0.0,0.0563498911121709,0.0,0.0,0.0568279383802959,0.0,0.0,0.0,0.6769957466980898,0.0,0.1053235233470572
6915,1.390640769930538,24.58333333333333,2,1,0,0,1,1,0,0,0,0,0,0,0,0.0,0.0,0.0,0.4320175378900446,0.0,0.0,0.0,0.0,0.0,0.0,0.0,0.0,0.0,0.0,0.0,0.0,0.0,1.0,249,1.0,3,0.0,1.0,0.0,0.0,0.0,0.0,0.0,0.0,1.0,0.0,0.0,0.0,0.0,0.0,0.0,0.0,0.0,0.0,0.0,0.0,0.0,0.0,0.0,1.0,0.0,0.0,0.0,0.0,0.0,0.0,0.0,0.0,0.0,0.0,0.0,0.0,0.3333333333333333,0.4320175378900446,0,0,0,0,0,0,0,0,0,0,0,0,0,0,0,0,0,0,0,0,0,0,0,0,0,0,0,0,0,0,0,0,0,0,0,0,0.0,0.0,0.0,0.0,0.0,0.0,0.0,0.0,0.0,0.0,0.0,0.0,0.0,0.0,0.0,0.0,0.0,0.0,0.0,0.0,0.0,0.0,0.0,0.0,0.0,0.0,0.0,0.0,0.0,0.0,0.0,0.0,0.0,0.0,0.0,0.0,0.0,0.0,0.0,0.0,0.0,0.0,0.0,0.0,0.715933927387797,0.0,0.0,0.6981680396688784,0.0,0.0
6916,1.390640769930538,24.58333333333333,2,1,1,0,0,1,0,0,0,0,0,0,0,0.0,0.0,0.0,0.2670136582466567,0.0,0.0,0.0,0.0,0.0,0.0,0.0,0.0,0.0,0.0,0.0,0.0,0.0,1.0,1,0.16094331555107,3,0.0,1.0,0.0,0.0,0.0,0.0,0.0,0.0,1.0,0.0,0.0,0.0,0.0,0.0,0.0,0.0,0.0,0.0,0.0,0.0,0.0,0.0,0.0,1.0,0.0,0.0,0.0,0.0,0.0,0.0,0.0,0.0,0.0,0.0,0.0,0.0,0.3333333333333333,0.2670136582466567,0,0,0,0,0,0,0,0,0,0,0,0,0,0,0,0,0,0,0,0,0,0,0,0,0,0,0,0,0,0,0,0,0,0,0,0,0.0,0.0,0.0,0.0,0.0,0.0,0.0,0.3707615607552861,0.0,0.0,0.0,0.0,0.0,0.0,0.0,0.0,0.0,0.0,0.0,0.0,0.0,0.0,0.0,0.3290224592340669,0.0,0.0,0.3473121233574424,0.0,0.0,0.0,0.0,0.0,0.0,0.0,0.0,0.0,0.0,0.0,0.0,0.0,0.0,0.0,0.0,0.0,0.5699006636143186,0.0,0.0,0.5557585887476459,0.0,0.0
6917,1.390640769930538,24.58333333333333,2,1,1,0,0,1,0,0,0,0,0,0,0,0.0,0.0,0.0,0.193314573551263,0.0,0.0,0.0,0.0,0.0,0.0,0.0,0.0,0.0,0.0,0.0,0.0,0.0,1.0,1,0.16094331555107,3,0.0,1.0,0.0,0.0,0.0,0.0,0.0,0.0,1.0,0.0,0.0,0.0,0.0,0.0,0.0,0.0,0.0,0.0,0.0,0.0,0.0,0.0,0.0,1.0,0.0,0.0,0.0,0.0,0.0,0.0,0.0,0.0,0.0,0.0,0.0,0.0,0.3333333333333333,0.193314573551263,0,0,0,0,0,0,0,0,0,0,0,0,0,0,0,0,0,0,0,0,0,0,0,0,0,0,0,0,0,0,0,0,0,0,0,0,0.0,0.0,0.0,0.0,0.0,0.0,0.0,0.3489590858807984,0.0,0.0,0.0,0.0,0.0,0.0,0.0,0.0,0.0,0.0,0.0,0.3378626440011945,0.0,0.0,0.0,0.3096744343579724,0.0,0.0,0.3268885826115246,0.0,0.0,0.0,0.0,0.0,0.0,0.0,0.0,0.0,0.0,0.0,0.0,0.0,0.0,0.0,0.0,0.0,0.5363878990383648,0.0,0.0,0.5230774428306644,0.0,0.0
6918,1.390640769930538,24.58333333333333,1,0,0,0,0,1,0,0,0,0,0,0,0,0.0,0.0,0.0,8.647845468053492e-06,0.0,0.0,0.0,0.0,0.0,0.0,0.0,0.0,0.0,0.0,0.0,0.0,0.0,1.0,1,0.0409931052378499,3,0.0,1.0,0.0,0.0,0.0,0.0,0.0,0.0,1.0,0.0,0.0,0.0,0.0,0.0,0.0,0.0,0.0,0.0,0.0,0.0,0.0,0.0,0.0,1.0,0.0,0.0,0.0,0.0,0.0,0.0,0.0,0.0,0.0,0.0,0.0,0.0,0.3333333333333333,8.647845468053492e-06,0,0,0,0,0,0,0,0,0,0,0,0,0,0,0,0,0,0,0,0,0,0,0,0,0,0,0,0,0,0,0,0,0,0,0,0,0.0,0.0,0.0,0.0,0.0,0.0,0.0,0.3489590858807984,0.0,0.0,0.0,0.0,0.0,0.0,0.0,0.0,0.0,0.0,0.0,0.3378626440011945,0.0,0.0,0.0,0.3096744343579724,0.0,0.0,0.3268885826115246,0.0,0.0,0.0,0.0,0.0,0.0,0.0,0.0,0.0,0.0,0.0,0.0,0.0,0.0,0.0,0.0,0.0,0.5363878990383648,0.0,0.0,0.5230774428306644,0.0,0.0
6919,1.390640769930538,24.58333333333333,1,0,0,0,0,1,0,0,0,0,0,0,0,0.0,0.0,0.0,0.023598323922734,0.0,0.0,0.0,0.0,0.0,0.0,0.0,0.0,0.0,0.0,0.0,0.0,0.0,1.0,1,0.16094331555107,3,0.0,1.0,0.0,0.0,0.0,0.0,0.0,0.0,1.0,0.0,0.0,0.0,0.0,0.0,0.0,0.0,0.0,0.0,0.0,0.0,0.0,0.0,0.0,1.0,0.0,0.0,0.0,0.0,0.0,0.0,0.0,0.0,0.0,0.0,0.0,0.0,0.3333333333333333,0.023598323922734,0,0,0,0,0,0,0,0,0,0,0,0,0,0,0,0,0,0,0,0,0,0,0,0,0,0,0,0,0,0,0,0,0,0,0,0,0.0,0.0,0.0,0.2447968716783418,0.0,0.0,0.0,0.0,0.0,0.0,0.4314053909705697,0.0,0.0,0.0,0.0,0.0,0.0,0.1872724865026826,0.0,0.181342885347006,0.0,0.0,0.0,0.0,0.0,0.0,0.0,0.0,0.0,0.0,0.0,0.0,0.0,0.0,0.0,0.0,0.0,0.0,0.0,0.0,0.0,0.5364982273036736,0.0,0.0,0.2878984433582179,0.0,0.0,0.5615084971779887,0.0,0.0
6920,1.390640769930538,24.58333333333333,1,0,0,0,0,1,0,0,0,0,0,0,0,0.0,0.0,0.0,0.019579323922734,0.0,0.0,0.0,0.0,0.0,0.0,0.0,0.0,0.0,0.0,0.0,0.0,0.0,1.0,1,0.0351316369426522,3,0.0,1.0,0.0,0.0,0.0,0.0,0.0,0.0,1.0,0.0,0.0,0.0,0.0,0.0,0.0,0.0,0.0,0.0,0.0,0.0,0.0,0.0,0.0,1.0,0.0,0.0,0.0,0.0,0.0,0.0,0.0,0.0,0.0,0.0,0.0,0.0,0.3333333333333333,0.019579323922734,0,0,0,0,0,0,0,0,0,0,0,0,0,0,0,0,0,0,0,0,0,0,0,0,0,0,0,0,0,0,0,0,0,0,0,0,0.0,0.0,0.0,0.0,0.0,0.0,0.0,0.0,0.0,0.0,0.6991843005822037,0.0,0.0,0.0,0.0,0.0,0.0,0.0,0.0,0.2939047613003864,0.0,0.0,0.0,0.0,0.0,0.0,0.0,0.0,0.0,0.0,0.0,0.0,0.0,0.0,0.0,0.0,0.0,0.0,0.0,0.0,0.0,0.0,0.0,0.0,0.4666007332575335,0.0,0.0,0.455022044331777,0.0,0.0
6921,1.390640769930538,24.58333333333333,1,0,0,0,0,1,0,0,0,0,0,0,0,0.0,0.0,0.0,0.0031220178306092,0.0,0.0,0.0,0.0,0.0,0.0,0.0,0.0,0.0,0.0,0.0,0.0,0.0,1.0,1,0.0717882338393952,3,0.0,1.0,0.0,0.0,0.0,0.0,0.0,0.0,1.0,0.0,0.0,0.0,0.0,0.0,0.0,0.0,0.0,0.0,0.0,0.0,0.0,0.0,0.0,1.0,0.0,0.0,0.0,0.0,0.0,0.0,0.0,0.0,0.0,0.0,0.0,0.0,0.3333333333333333,0.0031220178306092,0,0,0,0,0,0,0,0,0,0,0,0,0,0,0,0,0,0,0,0,0,0,0,0,0,0,0,0,0,0,0,0,0,0,0,0,0.0,0.0,0.0,0.0,0.0,0.0,0.0,0.0,0.0,0.0,0.6991843005822037,0.0,0.0,0.0,0.0,0.0,0.0,0.0,0.0,0.2939047613003864,0.0,0.0,0.0,0.0,0.0,0.0,0.0,0.0,0.0,0.0,0.0,0.0,0.0,0.0,0.0,0.0,0.0,0.0,0.0,0.0,0.0,0.0,0.0,0.0,0.4666007332575335,0.0,0.0,0.455022044331777,0.0,0.0
6922,1.390640769930538,24.58333333333333,1,0,0,0,0,1,0,0,0,0,0,0,0,0.0,0.0,0.0,0.0044070802377414,0.0,0.0,0.0,0.0,0.0,0.0,0.0,0.0,0.0,0.0,0.0,0.0,0.0,1.0,249,1.0,3,0.0,1.0,0.0,0.0,0.0,0.0,0.0,0.0,1.0,0.0,0.0,0.0,0.0,0.0,0.0,0.0,0.0,0.0,0.0,0.0,0.0,0.0,0.0,1.0,0.0,0.0,0.0,0.0,0.0,0.0,0.0,0.0,0.0,0.0,0.0,0.0,0.3333333333333333,0.0044070802377414,0,0,0,0,0,0,0,0,0,0,0,0,0,0,0,0,0,0,0,0,0,0,0,0,0,0,0,0,0,0,0,0,0,0,0,0,0.0,0.9172914543895156,0.0,0.0,0.0,0.0,0.0,0.0,0.0,0.0,0.0,0.0,0.0,0.0,0.0,0.0,0.0,0.0,0.0,0.2122366331939351,0.0,0.0,0.0,0.0,0.0,0.0,0.0,0.0,0.0,0.0,0.0,0.0,0.0,0.0,0.0,0.0,0.0,0.0,0.0,0.0,0.0,0.0,0.0,0.0,0.3369450982496557,0.0,0.0,0.0,0.0,0.0
6923,1.390640769930538,24.58333333333333,1,0,0,0,0,1,0,0,0,0,0,0,0,0.0,0.0,0.0,0.2225856508172362,0.0,0.0,0.0,0.0,0.0,0.0,0.0,0.0,0.0,0.0,0.0,0.0,0.0,1.0,249,1.0,3,0.0,1.0,0.0,0.0,0.0,0.0,0.0,0.0,1.0,0.0,0.0,0.0,0.0,0.0,0.0,0.0,0.0,0.0,0.0,0.0,0.0,0.0,0.0,1.0,0.0,0.0,0.0,0.0,0.0,0.0,0.0,0.0,0.0,0.0,0.0,0.0,0.3333333333333333,0.2225856508172362,0,0,0,0,0,0,0,0,0,0,0,0,0,0,0,0,0,0,0,0,0,0,0,0,0,0,0,0,0,0,0,0,0,0,0,0,0.0,0.0,0.0,0.0,0.0,0.0,0.0,0.0,0.0,0.0,0.0,0.0,0.0,0.0,0.0,0.0,0.0,0.0,0.0,0.0,0.0,0.0,0.0,0.0,0.0,0.0,0.0,0.0,0.0,0.0,0.0,0.0,0.0,0.0,0.0,0.0,0.0,0.0,0.0,0.0,0.0,0.0,0.0,0.0,0.715933927387797,0.0,0.0,0.6981680396688784,0.0,0.0
6924,1.390640769930538,24.58333333333333,1,0,0,0,0,1,0,0,0,0,0,0,0,0.0,0.0,0.0,0.018499251114413,0.0,0.0,0.0,0.0,0.0,0.0,0.0,0.0,0.0,0.0,0.0,0.0,0.0,1.0,249,1.0,3,0.0,1.0,0.0,0.0,0.0,0.0,0.0,0.0,1.0,0.0,0.0,0.0,0.0,0.0,0.0,0.0,0.0,0.0,0.0,0.0,0.0,0.0,0.0,1.0,0.0,0.0,0.0,0.0,0.0,0.0,0.0,0.0,0.0,0.0,0.0,0.0,0.3333333333333333,0.018499251114413,0,0,0,0,0,0,0,0,0,0,0,0,0,0,0,0,0,0,0,0,0,0,0,0,0,0,0,0,0,0,0,0,0,0,0,0,0.0,0.0,0.0,0.0,0.0,0.0,0.0,0.0,0.0,0.0,0.0,0.0,0.0,0.0,0.0,0.0,0.0,0.0,0.0,0.411089258699715,0.0,0.0,0.0,0.0,0.0,0.0,0.0,0.0,0.0,0.0,0.0,0.0,0.0,0.0,0.0,0.0,0.0,0.0,0.0,0.0,0.0,0.0,0.0,0.0,0.6526418581818693,0.0,0.0,0.6364465620385075,0.0,0.0
6925,1.390640769930538,24.58333333333333,2,1,1,0,0,1,0,0,0,0,0,0,0,0.0,0.0,0.0,0.009239323922734,0.0,0.0,0.0,0.0,0.0,0.0,0.0,0.0,0.0,0.0,0.0,0.0,0.0,1.0,249,1.0,3,0.0,1.0,0.0,0.0,0.0,0.0,0.0,0.0,1.0,0.0,0.0,0.0,0.0,0.0,0.0,0.0,0.0,0.0,0.0,0.0,0.0,0.0,0.0,1.0,0.0,0.0,0.0,0.0,0.0,0.0,0.0,0.0,0.0,0.0,0.0,0.0,0.3333333333333333,0.009239323922734,0,0,0,0,0,0,0,0,0,0,0,0,0,0,0,0,0,0,0,0,0,0,0,0,0,0,0,0,0,0,0,0,0,0,0,0,0.0,0.0,0.0,0.0,0.0,0.0,0.0,0.0,0.0,0.0,0.0,0.0,0.0,0.0,0.0,0.0,0.0,0.0,0.0,0.429874009475885,0.0,0.0,0.0,0.0,0.0,0.0,0.0,0.0,0.0,0.0,0.0,0.0,0.0,0.0,0.5911435683559978,0.0,0.0,0.0,0.0,0.0,0.0,0.0,0.0,0.0,0.6824643709150423,0.0,0.0,0.0,0.0,0.0
6926,1.390640769930538,24.58333333333333,1,0,0,0,0,1,0,0,0,0,0,0,0,0.0,0.0,0.0,0.060282809806835,0.0,0.0,0.0,0.0,0.0,0.0,0.0,0.0,0.0,0.0,0.0,0.0,0.0,1.0,249,1.0,3,0.0,1.0,0.0,0.0,0.0,0.0,0.0,0.0,1.0,0.0,0.0,0.0,0.0,0.0,0.0,0.0,0.0,0.0,0.0,0.0,0.0,0.0,0.0,1.0,0.0,0.0,0.0,0.0,0.0,0.0,0.0,0.0,0.0,0.0,0.0,0.0,0.3333333333333333,0.060282809806835,0,0,0,0,0,0,0,0,0,0,0,0,0,0,0,0,0,0,0,0,0,0,0,0,0,0,0,0,0,0,0,0,0,0,0,0,0.0,0.0,0.0,0.0,0.0,0.0,0.0,0.0,0.0,0.0,0.0,0.0,0.0,0.0,0.0,0.0,0.0,0.0,0.0,0.411089258699715,0.0,0.0,0.0,0.0,0.0,0.0,0.0,0.0,0.0,0.0,0.0,0.0,0.0,0.0,0.0,0.0,0.0,0.0,0.0,0.0,0.0,0.0,0.0,0.0,0.6526418581818693,0.0,0.0,0.6364465620385075,0.0,0.0
6927,1.9927007612585008,98.33333333333339,2,1,0,0,1,1,0,0,0,0,0,0,0,0.0,0.0,0.0,0.4320175378900446,0.0,0.0,0.0,0.0,0.0,0.0,0.0,0.0,0.0,0.0,0.0,0.0,0.0,1.0,249,1.0,3,0.0,1.0,0.0,0.0,0.0,0.0,0.0,0.0,0.0,0.0,1.0,0.0,0.0,0.0,0.0,0.0,0.0,0.0,0.0,0.0,0.0,0.0,0.0,1.0,0.0,0.0,0.0,0.0,0.0,0.0,0.0,0.0,0.0,0.0,0.0,0.0,0.3333333333333333,0.4320175378900446,0,0,0,0,0,0,0,0,0,0,0,0,0,0,0,0,0,0,0,0,0,0,0,0,0,0,0,0,0,0,0,0,0,0,0,0,0.0,0.0,0.0,0.0,0.0,0.0,0.0,0.0,0.0,0.0,0.0,0.0,0.0,0.0,0.0,0.0,0.0,0.0,0.0,0.0,0.0,0.0,0.0,0.0,0.0,0.0,0.0,0.0,0.0,0.0,0.0,0.0,0.0,0.0,0.0,0.0,0.0,0.0,0.0,0.0,0.0,0.0,0.0,0.0,0.715933927387797,0.0,0.0,0.6981680396688784,0.0,0.0
6928,1.9927007612585008,98.33333333333339,2,1,1,0,0,1,0,0,0,0,0,0,0,0.0,0.0,0.0,0.2670136582466567,0.0,0.0,0.0,0.0,0.0,0.0,0.0,0.0,0.0,0.0,0.0,0.0,0.0,1.0,1,0.16094331555107,3,0.0,1.0,0.0,0.0,0.0,0.0,0.0,0.0,0.0,0.0,1.0,0.0,0.0,0.0,0.0,0.0,0.0,0.0,0.0,0.0,0.0,0.0,0.0,1.0,0.0,0.0,0.0,0.0,0.0,0.0,0.0,0.0,0.0,0.0,0.0,0.0,0.3333333333333333,0.2670136582466567,0,0,0,0,0,0,0,0,0,0,0,0,0,0,0,0,0,0,0,0,0,0,0,0,0,0,0,0,0,0,0,0,0,0,0,0,0.0,0.0,0.0,0.0,0.0,0.0,0.0,0.3707615607552861,0.0,0.0,0.0,0.0,0.0,0.0,0.0,0.0,0.0,0.0,0.0,0.0,0.0,0.0,0.0,0.3290224592340669,0.0,0.0,0.3473121233574424,0.0,0.0,0.0,0.0,0.0,0.0,0.0,0.0,0.0,0.0,0.0,0.0,0.0,0.0,0.0,0.0,0.0,0.5699006636143186,0.0,0.0,0.5557585887476459,0.0,0.0
6929,1.9927007612585008,98.33333333333339,2,1,1,0,0,1,0,0,0,0,0,0,0,0.0,0.0,0.0,0.193314573551263,0.0,0.0,0.0,0.0,0.0,0.0,0.0,0.0,0.0,0.0,0.0,0.0,0.0,1.0,1,0.16094331555107,3,0.0,1.0,0.0,0.0,0.0,0.0,0.0,0.0,0.0,0.0,1.0,0.0,0.0,0.0,0.0,0.0,0.0,0.0,0.0,0.0,0.0,0.0,0.0,1.0,0.0,0.0,0.0,0.0,0.0,0.0,0.0,0.0,0.0,0.0,0.0,0.0,0.3333333333333333,0.193314573551263,0,0,0,0,0,0,0,0,0,0,0,0,0,0,0,0,0,0,0,0,0,0,0,0,0,0,0,0,0,0,0,0,0,0,0,0,0.0,0.0,0.0,0.0,0.0,0.0,0.0,0.3489590858807984,0.0,0.0,0.0,0.0,0.0,0.0,0.0,0.0,0.0,0.0,0.0,0.3378626440011945,0.0,0.0,0.0,0.3096744343579724,0.0,0.0,0.3268885826115246,0.0,0.0,0.0,0.0,0.0,0.0,0.0,0.0,0.0,0.0,0.0,0.0,0.0,0.0,0.0,0.0,0.0,0.5363878990383648,0.0,0.0,0.5230774428306644,0.0,0.0
6930,1.9927007612585008,98.33333333333339,1,0,0,0,0,1,0,0,0,0,0,0,0,0.0,0.0,0.0,8.647845468053492e-06,0.0,0.0,0.0,0.0,0.0,0.0,0.0,0.0,0.0,0.0,0.0,0.0,0.0,1.0,1,0.0409931052378499,3,0.0,1.0,0.0,0.0,0.0,0.0,0.0,0.0,0.0,0.0,1.0,0.0,0.0,0.0,0.0,0.0,0.0,0.0,0.0,0.0,0.0,0.0,0.0,1.0,0.0,0.0,0.0,0.0,0.0,0.0,0.0,0.0,0.0,0.0,0.0,0.0,0.3333333333333333,8.647845468053492e-06,0,0,0,0,0,0,0,0,0,0,0,0,0,0,0,0,0,0,0,0,0,0,0,0,0,0,0,0,0,0,0,0,0,0,0,0,0.0,0.0,0.0,0.0,0.0,0.0,0.0,0.3489590858807984,0.0,0.0,0.0,0.0,0.0,0.0,0.0,0.0,0.0,0.0,0.0,0.3378626440011945,0.0,0.0,0.0,0.3096744343579724,0.0,0.0,0.3268885826115246,0.0,0.0,0.0,0.0,0.0,0.0,0.0,0.0,0.0,0.0,0.0,0.0,0.0,0.0,0.0,0.0,0.0,0.5363878990383648,0.0,0.0,0.5230774428306644,0.0,0.0
6931,1.9927007612585008,98.33333333333339,1,0,0,0,0,1,0,0,0,0,0,0,0,0.0,0.0,0.0,0.023598323922734,0.0,0.0,0.0,0.0,0.0,0.0,0.0,0.0,0.0,0.0,0.0,0.0,0.0,1.0,1,0.16094331555107,3,0.0,1.0,0.0,0.0,0.0,0.0,0.0,0.0,0.0,0.0,1.0,0.0,0.0,0.0,0.0,0.0,0.0,0.0,0.0,0.0,0.0,0.0,0.0,1.0,0.0,0.0,0.0,0.0,0.0,0.0,0.0,0.0,0.0,0.0,0.0,0.0,0.3333333333333333,0.023598323922734,0,0,0,0,0,0,0,0,0,0,0,0,0,0,0,0,0,0,0,0,0,0,0,0,0,0,0,0,0,0,0,0,0,0,0,0,0.0,0.0,0.0,0.2447968716783418,0.0,0.0,0.0,0.0,0.0,0.0,0.4314053909705697,0.0,0.0,0.0,0.0,0.0,0.0,0.1872724865026826,0.0,0.181342885347006,0.0,0.0,0.0,0.0,0.0,0.0,0.0,0.0,0.0,0.0,0.0,0.0,0.0,0.0,0.0,0.0,0.0,0.0,0.0,0.0,0.0,0.5364982273036736,0.0,0.0,0.2878984433582179,0.0,0.0,0.5615084971779887,0.0,0.0
6932,1.9927007612585008,98.33333333333339,1,0,0,0,0,1,0,0,0,0,0,0,0,0.0,0.0,0.0,0.019579323922734,0.0,0.0,0.0,0.0,0.0,0.0,0.0,0.0,0.0,0.0,0.0,0.0,0.0,1.0,1,0.0351316369426522,3,0.0,1.0,0.0,0.0,0.0,0.0,0.0,0.0,0.0,0.0,1.0,0.0,0.0,0.0,0.0,0.0,0.0,0.0,0.0,0.0,0.0,0.0,0.0,1.0,0.0,0.0,0.0,0.0,0.0,0.0,0.0,0.0,0.0,0.0,0.0,0.0,0.3333333333333333,0.019579323922734,0,0,0,0,0,0,0,0,0,0,0,0,0,0,0,0,0,0,0,0,0,0,0,0,0,0,0,0,0,0,0,0,0,0,0,0,0.0,0.0,0.0,0.0,0.0,0.0,0.0,0.0,0.0,0.0,0.6991843005822037,0.0,0.0,0.0,0.0,0.0,0.0,0.0,0.0,0.2939047613003864,0.0,0.0,0.0,0.0,0.0,0.0,0.0,0.0,0.0,0.0,0.0,0.0,0.0,0.0,0.0,0.0,0.0,0.0,0.0,0.0,0.0,0.0,0.0,0.0,0.4666007332575335,0.0,0.0,0.455022044331777,0.0,0.0
6933,1.9927007612585008,98.33333333333339,1,0,0,0,0,1,0,0,0,0,0,0,0,0.0,0.0,0.0,0.0031220178306092,0.0,0.0,0.0,0.0,0.0,0.0,0.0,0.0,0.0,0.0,0.0,0.0,0.0,1.0,1,0.0717882338393952,3,0.0,1.0,0.0,0.0,0.0,0.0,0.0,0.0,0.0,0.0,1.0,0.0,0.0,0.0,0.0,0.0,0.0,0.0,0.0,0.0,0.0,0.0,0.0,1.0,0.0,0.0,0.0,0.0,0.0,0.0,0.0,0.0,0.0,0.0,0.0,0.0,0.3333333333333333,0.0031220178306092,0,0,0,0,0,0,0,0,0,0,0,0,0,0,0,0,0,0,0,0,0,0,0,0,0,0,0,0,0,0,0,0,0,0,0,0,0.0,0.0,0.0,0.0,0.0,0.0,0.0,0.0,0.0,0.0,0.6991843005822037,0.0,0.0,0.0,0.0,0.0,0.0,0.0,0.0,0.2939047613003864,0.0,0.0,0.0,0.0,0.0,0.0,0.0,0.0,0.0,0.0,0.0,0.0,0.0,0.0,0.0,0.0,0.0,0.0,0.0,0.0,0.0,0.0,0.0,0.0,0.4666007332575335,0.0,0.0,0.455022044331777,0.0,0.0
6934,1.9927007612585008,98.33333333333339,1,0,0,0,0,1,0,0,0,0,0,0,0,0.0,0.0,0.0,0.0044070802377414,0.0,0.0,0.0,0.0,0.0,0.0,0.0,0.0,0.0,0.0,0.0,0.0,0.0,1.0,249,1.0,3,0.0,1.0,0.0,0.0,0.0,0.0,0.0,0.0,0.0,0.0,1.0,0.0,0.0,0.0,0.0,0.0,0.0,0.0,0.0,0.0,0.0,0.0,0.0,1.0,0.0,0.0,0.0,0.0,0.0,0.0,0.0,0.0,0.0,0.0,0.0,0.0,0.3333333333333333,0.0044070802377414,0,0,0,0,0,0,0,0,0,0,0,0,0,0,0,0,0,0,0,0,0,0,0,0,0,0,0,0,0,0,0,0,0,0,0,0,0.0,0.9172914543895156,0.0,0.0,0.0,0.0,0.0,0.0,0.0,0.0,0.0,0.0,0.0,0.0,0.0,0.0,0.0,0.0,0.0,0.2122366331939351,0.0,0.0,0.0,0.0,0.0,0.0,0.0,0.0,0.0,0.0,0.0,0.0,0.0,0.0,0.0,0.0,0.0,0.0,0.0,0.0,0.0,0.0,0.0,0.0,0.3369450982496557,0.0,0.0,0.0,0.0,0.0
6935,1.9927007612585008,98.33333333333339,1,0,0,0,0,1,0,0,0,0,0,0,0,0.0,0.0,0.0,0.2225856508172362,0.0,0.0,0.0,0.0,0.0,0.0,0.0,0.0,0.0,0.0,0.0,0.0,0.0,1.0,249,1.0,3,0.0,1.0,0.0,0.0,0.0,0.0,0.0,0.0,0.0,0.0,1.0,0.0,0.0,0.0,0.0,0.0,0.0,0.0,0.0,0.0,0.0,0.0,0.0,1.0,0.0,0.0,0.0,0.0,0.0,0.0,0.0,0.0,0.0,0.0,0.0,0.0,0.3333333333333333,0.2225856508172362,0,0,0,0,0,0,0,0,0,0,0,0,0,0,0,0,0,0,0,0,0,0,0,0,0,0,0,0,0,0,0,0,0,0,0,0,0.0,0.0,0.0,0.0,0.0,0.0,0.0,0.0,0.0,0.0,0.0,0.0,0.0,0.0,0.0,0.0,0.0,0.0,0.0,0.0,0.0,0.0,0.0,0.0,0.0,0.0,0.0,0.0,0.0,0.0,0.0,0.0,0.0,0.0,0.0,0.0,0.0,0.0,0.0,0.0,0.0,0.0,0.0,0.0,0.715933927387797,0.0,0.0,0.6981680396688784,0.0,0.0
6936,1.9927007612585008,98.33333333333339,1,0,0,0,0,1,0,0,0,0,0,0,0,0.0,0.0,0.0,0.018499251114413,0.0,0.0,0.0,0.0,0.0,0.0,0.0,0.0,0.0,0.0,0.0,0.0,0.0,1.0,249,1.0,3,0.0,1.0,0.0,0.0,0.0,0.0,0.0,0.0,0.0,0.0,1.0,0.0,0.0,0.0,0.0,0.0,0.0,0.0,0.0,0.0,0.0,0.0,0.0,1.0,0.0,0.0,0.0,0.0,0.0,0.0,0.0,0.0,0.0,0.0,0.0,0.0,0.3333333333333333,0.018499251114413,0,0,0,0,0,0,0,0,0,0,0,0,0,0,0,0,0,0,0,0,0,0,0,0,0,0,0,0,0,0,0,0,0,0,0,0,0.0,0.0,0.0,0.0,0.0,0.0,0.0,0.0,0.0,0.0,0.0,0.0,0.0,0.0,0.0,0.0,0.0,0.0,0.0,0.411089258699715,0.0,0.0,0.0,0.0,0.0,0.0,0.0,0.0,0.0,0.0,0.0,0.0,0.0,0.0,0.0,0.0,0.0,0.0,0.0,0.0,0.0,0.0,0.0,0.0,0.6526418581818693,0.0,0.0,0.6364465620385075,0.0,0.0
6937,1.9927007612585008,98.33333333333339,2,1,1,0,0,1,0,0,0,0,0,0,0,0.0,0.0,0.0,0.009239323922734,0.0,0.0,0.0,0.0,0.0,0.0,0.0,0.0,0.0,0.0,0.0,0.0,0.0,1.0,249,1.0,3,0.0,1.0,0.0,0.0,0.0,0.0,0.0,0.0,0.0,0.0,1.0,0.0,0.0,0.0,0.0,0.0,0.0,0.0,0.0,0.0,0.0,0.0,0.0,1.0,0.0,0.0,0.0,0.0,0.0,0.0,0.0,0.0,0.0,0.0,0.0,0.0,0.3333333333333333,0.009239323922734,0,0,0,0,0,0,0,0,0,0,0,0,0,0,0,0,0,0,0,0,0,0,0,0,0,0,0,0,0,0,0,0,0,0,0,0,0.0,0.0,0.0,0.0,0.0,0.0,0.0,0.0,0.0,0.0,0.0,0.0,0.0,0.0,0.0,0.0,0.0,0.0,0.0,0.429874009475885,0.0,0.0,0.0,0.0,0.0,0.0,0.0,0.0,0.0,0.0,0.0,0.0,0.0,0.0,0.5911435683559978,0.0,0.0,0.0,0.0,0.0,0.0,0.0,0.0,0.0,0.6824643709150423,0.0,0.0,0.0,0.0,0.0
6938,1.9927007612585008,98.33333333333339,1,0,0,0,0,1,0,0,0,0,0,0,0,0.0,0.0,0.0,0.060282809806835,0.0,0.0,0.0,0.0,0.0,0.0,0.0,0.0,0.0,0.0,0.0,0.0,0.0,1.0,249,1.0,3,0.0,1.0,0.0,0.0,0.0,0.0,0.0,0.0,0.0,0.0,1.0,0.0,0.0,0.0,0.0,0.0,0.0,0.0,0.0,0.0,0.0,0.0,0.0,1.0,0.0,0.0,0.0,0.0,0.0,0.0,0.0,0.0,0.0,0.0,0.0,0.0,0.3333333333333333,0.060282809806835,0,0,0,0,0,0,0,0,0,0,0,0,0,0,0,0,0,0,0,0,0,0,0,0,0,0,0,0,0,0,0,0,0,0,0,0,0.0,0.0,0.0,0.0,0.0,0.0,0.0,0.0,0.0,0.0,0.0,0.0,0.0,0.0,0.0,0.0,0.0,0.0,0.0,0.411089258699715,0.0,0.0,0.0,0.0,0.0,0.0,0.0,0.0,0.0,0.0,0.0,0.0,0.0,0.0,0.0,0.0,0.0,0.0,0.0,0.0,0.0,0.0,0.0,0.0,0.6526418581818693,0.0,0.0,0.6364465620385075,0.0,0.0
6939,1.6916707655945191,49.166666666666636,2,1,0,0,1,1,0,0,0,0,0,0,0,0.0,0.0,0.0,0.4320175378900446,0.0,0.0,0.0,0.0,0.0,0.0,0.0,0.0,0.0,0.0,0.0,0.0,0.0,1.0,249,1.0,3,0.0,1.0,0.0,0.0,0.0,0.0,0.0,0.0,0.0,1.0,0.0,0.0,0.0,0.0,0.0,0.0,0.0,0.0,0.0,0.0,0.0,0.0,0.0,1.0,0.0,0.0,0.0,0.0,0.0,0.0,0.0,0.0,0.0,0.0,0.0,0.0,0.3333333333333333,0.4320175378900446,0,0,0,0,0,0,0,0,0,0,0,0,0,0,0,0,0,0,0,0,0,0,0,0,0,0,0,0,0,0,0,0,0,0,0,0,0.0,0.0,0.0,0.0,0.0,0.0,0.0,0.0,0.0,0.0,0.0,0.0,0.0,0.0,0.0,0.0,0.0,0.0,0.0,0.0,0.0,0.0,0.0,0.0,0.0,0.0,0.0,0.0,0.0,0.0,0.0,0.0,0.0,0.0,0.0,0.0,0.0,0.0,0.0,0.0,0.0,0.0,0.0,0.0,0.715933927387797,0.0,0.0,0.6981680396688784,0.0,0.0
6940,1.6916707655945191,49.166666666666636,2,1,1,0,0,1,0,0,0,0,0,0,0,0.0,0.0,0.0,0.2670136582466567,0.0,0.0,0.0,0.0,0.0,0.0,0.0,0.0,0.0,0.0,0.0,0.0,0.0,1.0,1,0.16094331555107,3,0.0,1.0,0.0,0.0,0.0,0.0,0.0,0.0,0.0,1.0,0.0,0.0,0.0,0.0,0.0,0.0,0.0,0.0,0.0,0.0,0.0,0.0,0.0,1.0,0.0,0.0,0.0,0.0,0.0,0.0,0.0,0.0,0.0,0.0,0.0,0.0,0.3333333333333333,0.2670136582466567,0,0,0,0,0,0,0,0,0,0,0,0,0,0,0,0,0,0,0,0,0,0,0,0,0,0,0,0,0,0,0,0,0,0,0,0,0.0,0.0,0.0,0.0,0.0,0.0,0.0,0.3707615607552861,0.0,0.0,0.0,0.0,0.0,0.0,0.0,0.0,0.0,0.0,0.0,0.0,0.0,0.0,0.0,0.3290224592340669,0.0,0.0,0.3473121233574424,0.0,0.0,0.0,0.0,0.0,0.0,0.0,0.0,0.0,0.0,0.0,0.0,0.0,0.0,0.0,0.0,0.0,0.5699006636143186,0.0,0.0,0.5557585887476459,0.0,0.0
6941,1.6916707655945191,49.166666666666636,2,1,1,0,0,1,0,0,0,0,0,0,0,0.0,0.0,0.0,0.193314573551263,0.0,0.0,0.0,0.0,0.0,0.0,0.0,0.0,0.0,0.0,0.0,0.0,0.0,1.0,1,0.16094331555107,3,0.0,1.0,0.0,0.0,0.0,0.0,0.0,0.0,0.0,1.0,0.0,0.0,0.0,0.0,0.0,0.0,0.0,0.0,0.0,0.0,0.0,0.0,0.0,1.0,0.0,0.0,0.0,0.0,0.0,0.0,0.0,0.0,0.0,0.0,0.0,0.0,0.3333333333333333,0.193314573551263,0,0,0,0,0,0,0,0,0,0,0,0,0,0,0,0,0,0,0,0,0,0,0,0,0,0,0,0,0,0,0,0,0,0,0,0,0.0,0.0,0.0,0.0,0.0,0.0,0.0,0.3489590858807984,0.0,0.0,0.0,0.0,0.0,0.0,0.0,0.0,0.0,0.0,0.0,0.3378626440011945,0.0,0.0,0.0,0.3096744343579724,0.0,0.0,0.3268885826115246,0.0,0.0,0.0,0.0,0.0,0.0,0.0,0.0,0.0,0.0,0.0,0.0,0.0,0.0,0.0,0.0,0.0,0.5363878990383648,0.0,0.0,0.5230774428306644,0.0,0.0
6942,1.6916707655945191,49.166666666666636,1,0,0,0,0,1,0,0,0,0,0,0,0,0.0,0.0,0.0,8.647845468053492e-06,0.0,0.0,0.0,0.0,0.0,0.0,0.0,0.0,0.0,0.0,0.0,0.0,0.0,1.0,1,0.0409931052378499,3,0.0,1.0,0.0,0.0,0.0,0.0,0.0,0.0,0.0,1.0,0.0,0.0,0.0,0.0,0.0,0.0,0.0,0.0,0.0,0.0,0.0,0.0,0.0,1.0,0.0,0.0,0.0,0.0,0.0,0.0,0.0,0.0,0.0,0.0,0.0,0.0,0.3333333333333333,8.647845468053492e-06,0,0,0,0,0,0,0,0,0,0,0,0,0,0,0,0,0,0,0,0,0,0,0,0,0,0,0,0,0,0,0,0,0,0,0,0,0.0,0.0,0.0,0.0,0.0,0.0,0.0,0.3489590858807984,0.0,0.0,0.0,0.0,0.0,0.0,0.0,0.0,0.0,0.0,0.0,0.3378626440011945,0.0,0.0,0.0,0.3096744343579724,0.0,0.0,0.3268885826115246,0.0,0.0,0.0,0.0,0.0,0.0,0.0,0.0,0.0,0.0,0.0,0.0,0.0,0.0,0.0,0.0,0.0,0.5363878990383648,0.0,0.0,0.5230774428306644,0.0,0.0
6943,1.6916707655945191,49.166666666666636,1,0,0,0,0,1,0,0,0,0,0,0,0,0.0,0.0,0.0,0.023598323922734,0.0,0.0,0.0,0.0,0.0,0.0,0.0,0.0,0.0,0.0,0.0,0.0,0.0,1.0,1,0.16094331555107,3,0.0,1.0,0.0,0.0,0.0,0.0,0.0,0.0,0.0,1.0,0.0,0.0,0.0,0.0,0.0,0.0,0.0,0.0,0.0,0.0,0.0,0.0,0.0,1.0,0.0,0.0,0.0,0.0,0.0,0.0,0.0,0.0,0.0,0.0,0.0,0.0,0.3333333333333333,0.023598323922734,0,0,0,0,0,0,0,0,0,0,0,0,0,0,0,0,0,0,0,0,0,0,0,0,0,0,0,0,0,0,0,0,0,0,0,0,0.0,0.0,0.0,0.2447968716783418,0.0,0.0,0.0,0.0,0.0,0.0,0.4314053909705697,0.0,0.0,0.0,0.0,0.0,0.0,0.1872724865026826,0.0,0.181342885347006,0.0,0.0,0.0,0.0,0.0,0.0,0.0,0.0,0.0,0.0,0.0,0.0,0.0,0.0,0.0,0.0,0.0,0.0,0.0,0.0,0.0,0.5364982273036736,0.0,0.0,0.2878984433582179,0.0,0.0,0.5615084971779887,0.0,0.0
6944,1.6916707655945191,49.166666666666636,1,0,0,0,0,1,0,0,0,0,0,0,0,0.0,0.0,0.0,0.019579323922734,0.0,0.0,0.0,0.0,0.0,0.0,0.0,0.0,0.0,0.0,0.0,0.0,0.0,1.0,1,0.0351316369426522,3,0.0,1.0,0.0,0.0,0.0,0.0,0.0,0.0,0.0,1.0,0.0,0.0,0.0,0.0,0.0,0.0,0.0,0.0,0.0,0.0,0.0,0.0,0.0,1.0,0.0,0.0,0.0,0.0,0.0,0.0,0.0,0.0,0.0,0.0,0.0,0.0,0.3333333333333333,0.019579323922734,0,0,0,0,0,0,0,0,0,0,0,0,0,0,0,0,0,0,0,0,0,0,0,0,0,0,0,0,0,0,0,0,0,0,0,0,0.0,0.0,0.0,0.0,0.0,0.0,0.0,0.0,0.0,0.0,0.6991843005822037,0.0,0.0,0.0,0.0,0.0,0.0,0.0,0.0,0.2939047613003864,0.0,0.0,0.0,0.0,0.0,0.0,0.0,0.0,0.0,0.0,0.0,0.0,0.0,0.0,0.0,0.0,0.0,0.0,0.0,0.0,0.0,0.0,0.0,0.0,0.4666007332575335,0.0,0.0,0.455022044331777,0.0,0.0
6945,1.6916707655945191,49.166666666666636,1,0,0,0,0,1,0,0,0,0,0,0,0,0.0,0.0,0.0,0.0031220178306092,0.0,0.0,0.0,0.0,0.0,0.0,0.0,0.0,0.0,0.0,0.0,0.0,0.0,1.0,1,0.0717882338393952,3,0.0,1.0,0.0,0.0,0.0,0.0,0.0,0.0,0.0,1.0,0.0,0.0,0.0,0.0,0.0,0.0,0.0,0.0,0.0,0.0,0.0,0.0,0.0,1.0,0.0,0.0,0.0,0.0,0.0,0.0,0.0,0.0,0.0,0.0,0.0,0.0,0.3333333333333333,0.0031220178306092,0,0,0,0,0,0,0,0,0,0,0,0,0,0,0,0,0,0,0,0,0,0,0,0,0,0,0,0,0,0,0,0,0,0,0,0,0.0,0.0,0.0,0.0,0.0,0.0,0.0,0.0,0.0,0.0,0.6991843005822037,0.0,0.0,0.0,0.0,0.0,0.0,0.0,0.0,0.2939047613003864,0.0,0.0,0.0,0.0,0.0,0.0,0.0,0.0,0.0,0.0,0.0,0.0,0.0,0.0,0.0,0.0,0.0,0.0,0.0,0.0,0.0,0.0,0.0,0.0,0.4666007332575335,0.0,0.0,0.455022044331777,0.0,0.0
6946,1.6916707655945191,49.166666666666636,1,0,0,0,0,1,0,0,0,0,0,0,0,0.0,0.0,0.0,0.0044070802377414,0.0,0.0,0.0,0.0,0.0,0.0,0.0,0.0,0.0,0.0,0.0,0.0,0.0,1.0,249,1.0,3,0.0,1.0,0.0,0.0,0.0,0.0,0.0,0.0,0.0,1.0,0.0,0.0,0.0,0.0,0.0,0.0,0.0,0.0,0.0,0.0,0.0,0.0,0.0,1.0,0.0,0.0,0.0,0.0,0.0,0.0,0.0,0.0,0.0,0.0,0.0,0.0,0.3333333333333333,0.0044070802377414,0,0,0,0,0,0,0,0,0,0,0,0,0,0,0,0,0,0,0,0,0,0,0,0,0,0,0,0,0,0,0,0,0,0,0,0,0.0,0.9172914543895156,0.0,0.0,0.0,0.0,0.0,0.0,0.0,0.0,0.0,0.0,0.0,0.0,0.0,0.0,0.0,0.0,0.0,0.2122366331939351,0.0,0.0,0.0,0.0,0.0,0.0,0.0,0.0,0.0,0.0,0.0,0.0,0.0,0.0,0.0,0.0,0.0,0.0,0.0,0.0,0.0,0.0,0.0,0.0,0.3369450982496557,0.0,0.0,0.0,0.0,0.0
6947,1.6916707655945191,49.166666666666636,1,0,0,0,0,1,0,0,0,0,0,0,0,0.0,0.0,0.0,0.2225856508172362,0.0,0.0,0.0,0.0,0.0,0.0,0.0,0.0,0.0,0.0,0.0,0.0,0.0,1.0,249,1.0,3,0.0,1.0,0.0,0.0,0.0,0.0,0.0,0.0,0.0,1.0,0.0,0.0,0.0,0.0,0.0,0.0,0.0,0.0,0.0,0.0,0.0,0.0,0.0,1.0,0.0,0.0,0.0,0.0,0.0,0.0,0.0,0.0,0.0,0.0,0.0,0.0,0.3333333333333333,0.2225856508172362,0,0,0,0,0,0,0,0,0,0,0,0,0,0,0,0,0,0,0,0,0,0,0,0,0,0,0,0,0,0,0,0,0,0,0,0,0.0,0.0,0.0,0.0,0.0,0.0,0.0,0.0,0.0,0.0,0.0,0.0,0.0,0.0,0.0,0.0,0.0,0.0,0.0,0.0,0.0,0.0,0.0,0.0,0.0,0.0,0.0,0.0,0.0,0.0,0.0,0.0,0.0,0.0,0.0,0.0,0.0,0.0,0.0,0.0,0.0,0.0,0.0,0.0,0.715933927387797,0.0,0.0,0.6981680396688784,0.0,0.0
6948,1.6916707655945191,49.166666666666636,1,0,0,0,0,1,0,0,0,0,0,0,0,0.0,0.0,0.0,0.018499251114413,0.0,0.0,0.0,0.0,0.0,0.0,0.0,0.0,0.0,0.0,0.0,0.0,0.0,1.0,249,1.0,3,0.0,1.0,0.0,0.0,0.0,0.0,0.0,0.0,0.0,1.0,0.0,0.0,0.0,0.0,0.0,0.0,0.0,0.0,0.0,0.0,0.0,0.0,0.0,1.0,0.0,0.0,0.0,0.0,0.0,0.0,0.0,0.0,0.0,0.0,0.0,0.0,0.3333333333333333,0.018499251114413,0,0,0,0,0,0,0,0,0,0,0,0,0,0,0,0,0,0,0,0,0,0,0,0,0,0,0,0,0,0,0,0,0,0,0,0,0.0,0.0,0.0,0.0,0.0,0.0,0.0,0.0,0.0,0.0,0.0,0.0,0.0,0.0,0.0,0.0,0.0,0.0,0.0,0.411089258699715,0.0,0.0,0.0,0.0,0.0,0.0,0.0,0.0,0.0,0.0,0.0,0.0,0.0,0.0,0.0,0.0,0.0,0.0,0.0,0.0,0.0,0.0,0.0,0.0,0.6526418581818693,0.0,0.0,0.6364465620385075,0.0,0.0
6949,1.6916707655945191,49.166666666666636,2,1,1,0,0,1,0,0,0,0,0,0,0,0.0,0.0,0.0,0.009239323922734,0.0,0.0,0.0,0.0,0.0,0.0,0.0,0.0,0.0,0.0,0.0,0.0,0.0,1.0,249,1.0,3,0.0,1.0,0.0,0.0,0.0,0.0,0.0,0.0,0.0,1.0,0.0,0.0,0.0,0.0,0.0,0.0,0.0,0.0,0.0,0.0,0.0,0.0,0.0,1.0,0.0,0.0,0.0,0.0,0.0,0.0,0.0,0.0,0.0,0.0,0.0,0.0,0.3333333333333333,0.009239323922734,0,0,0,0,0,0,0,0,0,0,0,0,0,0,0,0,0,0,0,0,0,0,0,0,0,0,0,0,0,0,0,0,0,0,0,0,0.0,0.0,0.0,0.0,0.0,0.0,0.0,0.0,0.0,0.0,0.0,0.0,0.0,0.0,0.0,0.0,0.0,0.0,0.0,0.429874009475885,0.0,0.0,0.0,0.0,0.0,0.0,0.0,0.0,0.0,0.0,0.0,0.0,0.0,0.0,0.5911435683559978,0.0,0.0,0.0,0.0,0.0,0.0,0.0,0.0,0.0,0.6824643709150423,0.0,0.0,0.0,0.0,0.0
6950,1.6916707655945191,49.166666666666636,1,0,0,0,0,1,0,0,0,0,0,0,0,0.0,0.0,0.0,0.060282809806835,0.0,0.0,0.0,0.0,0.0,0.0,0.0,0.0,0.0,0.0,0.0,0.0,0.0,1.0,249,1.0,3,0.0,1.0,0.0,0.0,0.0,0.0,0.0,0.0,0.0,1.0,0.0,0.0,0.0,0.0,0.0,0.0,0.0,0.0,0.0,0.0,0.0,0.0,0.0,1.0,0.0,0.0,0.0,0.0,0.0,0.0,0.0,0.0,0.0,0.0,0.0,0.0,0.3333333333333333,0.060282809806835,0,0,0,0,0,0,0,0,0,0,0,0,0,0,0,0,0,0,0,0,0,0,0,0,0,0,0,0,0,0,0,0,0,0,0,0,0.0,0.0,0.0,0.0,0.0,0.0,0.0,0.0,0.0,0.0,0.0,0.0,0.0,0.0,0.0,0.0,0.0,0.0,0.0,0.411089258699715,0.0,0.0,0.0,0.0,0.0,0.0,0.0,0.0,0.0,0.0,0.0,0.0,0.0,0.0,0.0,0.0,0.0,0.0,0.0,0.0,0.0,0.0,0.0,0.0,0.6526418581818693,0.0,0.0,0.6364465620385075,0.0,0.0
